report_id,user_id,item_id,split,category_reported,group_reported,description,language,style,place_reported,handed_to_security,latitude,longitude,found_time,report_time,has_image,image_file,image_caption,hidden_details_json
F0001,U0443,I0001,train,power bank,electronics,dark grey power bank found,en,brief,Gym,False,12.901797,77.501843,2026-07-29 10:33,2026-07-29 12:06,True,f0001_item.jpg,,"{""capacity"": ""5000 mAh"", ""cable"": ""a type-C cable"", ""damage"": ""a loose port""}"
F0002,U0476,I0002,test,keys,accessories,Found a keys.,en,brief,Mechanical Block,False,12.898203,77.502396,2026-07-24 19:42,2026-07-24 20:13,True,f0002_item.jpg,,"{""charm"": ""a bell charm"", ""key_count"": ""four keys"", ""ring_type"": ""a plastic ring""}"
F0003,U0586,I0003,test,keys,accessories,Found a brown key bunch. Features: small padlock key.,en,medium,Girls Hostel,False,12.897305,77.503225,2026-09-20 03:19,2026-09-20 06:08,True,f0003_item.jpg,,"{""ring_type"": ""a carabiner"", ""tag_text"": ""a hostel name"", ""charm"": ""a plastic football""}"
F0004,U0266,I0005,train,wallet,accessories,Found a grey purse. Features: zip coin pocket.,en,medium,Mechanical Block,False,12.898203,77.502396,2026-08-21 18:26,2026-08-21 20:38,True,f0004_item.jpg,"a silver-grey Puma wallet on a table, zipper coin section","{""cash_range"": ""no cash"", ""other_item"": ""a coin"", ""card_in_first_slot"": ""a bus pass""}"
F0005,U0014,I0006,train,backpack,bags,Found a maroon Nike rucksack. Features: logo in white on the front.,en,medium,Library,False,12.9,77.5,2026-08-20 17:10,2026-08-20 18:16,True,f0005_item.jpg,"a maroon backpack on a desk, one side pocket","{""front_pocket_contents"": ""two notebooks"", ""tag_or_sticker"": ""a yellow ribbon on the zip"", ""inner_lining_color"": ""blue""}"
F0006,U0578,I0007,val,charger,electronics,Found a white Samsung charger. Features: fast charging type.,en,medium,Stationery Shop,False,12.899461,77.500276,2026-08-24 18:30,2026-08-24 20:50,True,f0006_item.jpg,"a white Samsung charger on the floor, fast charging type","{""damage"": ""a bent pin"", ""type"": ""a USB cable with adapter"", ""marking"": ""initials""}"
F0007,U0255,I0008,val,charger,electronics,Found a white adapter with cable. Details: braided cable.,en,medium,Library,False,12.9,77.5,2026-07-23 00:55,2026-07-23 02:32,True,f0007_item.jpg,"a white Samsung charger on a desk, braided cable","{""type"": ""a 65W laptop charger"", ""damage"": ""a frayed cable near the pin"", ""marking"": ""a name written in marker""}"
F0008,U0474,I0009,test,spectacles case,accessories,Found a specs box.,en,brief,Bus Stop,False,12.898383,77.497696,2026-07-23 17:38,2026-07-23 18:12,True,f0008_item.jpg,,"{""case_inside"": ""a cleaning cloth"", ""case_print"": ""a floral print"", ""frame_color"": ""brown frame""}"
F0009,U0239,I0010,val,umbrella,accessories,"Found a pink Fastrack umbrella. It has folding type, pattern on the border.",en,detailed,Stationery Shop,False,12.899461,77.500276,2026-09-18 21:39,2026-09-18 21:54,True,f0009_item.jpg,"a pink umbrella on a desk, foldable umbrella","{""handle"": ""a black plastic handle"", ""strap_color"": ""a blue strap"", ""damage"": ""a bent rib""}"
F0010,U0759,I0011,train,wallet,accessories,Found a brown wallet. Details: zipper coin section.,en,medium,Security Desk,True,12.898293,77.499816,2026-07-21 17:13,2026-07-21 19:48,True,f0010_item.jpg,"a dark brown wallet on a desk, zip coin pocket","{""other_item"": ""a library slip"", ""card_in_first_slot"": ""a debit card"", ""cash_range"": ""100 to 500 rupees""}"
F0011,U0123,I0012,train,other,accessories,Found a dark brown wallet. It has zipper coin section.,en,medium,Gym,False,12.901797,77.501843,2026-09-15 04:11,2026-09-15 06:35,True,f0011_item.jpg,"a brown wallet on a bench, zipper coin section","{""card_in_first_slot"": ""a bus pass"", ""photo_inside"": ""no photo"", ""other_item"": ""a library slip""}"
F0012,U0742,I0013,train,calculator,stationery,Found a silver-grey calculator. It has slide cover.,en,medium,Parking Lot,False,12.899461,77.498894,2026-09-09 16:03,2026-09-09 18:57,True,f0012_item.jpg,"a grey calculator on the floor, scientific calculator","{""name_marking"": ""initials on the cover"", ""cover"": ""no cover"", ""model"": ""fx-991ES Plus""}"
F0013,U0472,I0014,train,keys,accessories,brown keys found,en,brief,Auditorium,False,12.901437,77.499447,2026-08-31 17:10,2026-08-31 19:09,True,f0013_item.jpg,"a brown keys on the floor, steel ring","{""ring_type"": ""a steel ring"", ""key_count"": ""one key"", ""charm"": ""a plastic football""}"
F0014,U0529,I0015,train,charger,electronics,"Ye mila hai, owner ko batao: found a black adapter with cable. It has two-pin plug, fast charging type.",hinglish,detailed,Admin Block,False,12.898203,77.499816,2026-09-23 11:04,2026-09-23 12:37,True,f0014_item.jpg,"a black Samsung charger on a table, two-pin plug","{""marking"": ""initials"", ""damage"": ""no damage"", ""type"": ""a 20W phone charger""}"
F0015,U0667,I0016,train,charger,electronics,Found a black adapter with cable. Details: long cable.,en,medium,Main Gate,False,12.898653,77.498157,2026-08-24 16:49,2026-08-24 18:47,True,f0015_item.jpg,"a black charger on the floor, fast charger","{""damage"": ""no damage"", ""type"": ""a USB cable with adapter"", ""cable_wrap"": ""no wrap""}"
F0016,U0269,I0017,train,charger,electronics,"Found a black charger. Details: two-pin adapter, about 1.5 m cable. Kept safely with me.",en,detailed,ECE Block,False,12.899192,77.501382,2026-08-14 11:57,2026-08-14 12:33,True,f0016_item.jpg,"a black charger on a bench, two-pin adapter","{""cable_wrap"": ""a rubber band around the cable"", ""damage"": ""a bent pin"", ""type"": ""a 33W fast charger""}"
F0017,U0465,I0018,train,keys,accessories,red keychain found,en,brief,Library,False,12.9,77.5,2026-08-31 14:26,2026-08-31 16:20,True,f0017_item.jpg,"a maroon-ish red keys on a desk, steel ring","{""charm"": ""a bell charm"", ""ring_type"": ""a carabiner"", ""tag_text"": ""a cycle lock key attached""}"
F0018,U0292,I0019,train,keys,accessories,Found a key bunch.,en,brief,Main Gate,False,12.898653,77.498157,2026-08-27 13:27,2026-08-27 14:49,True,f0018_item.jpg,"a red keys on the floor, tiny lock key","{""charm"": ""a bell charm"", ""tag_text"": ""a cycle lock key attached"", ""ring_type"": ""a steel ring""}"
F0019,U0546,I0020,train,charger,electronics,Found a pink OnePlus charging case. It has lanyard hook.,en,medium,Auditorium,False,12.901437,77.499447,2026-08-26 09:07,2026-08-26 10:48,True,f0019_item.jpg,"a light pink OnePlus earbuds case on the floor, rubber cover","{""buds_present"": ""only the right bud"", ""cover"": ""a silicone cover with a hook"", ""engraved"": ""no marking""}"
F0020,U0351,I0022,train,power bank,electronics,Found a grey Acer notebook computer. Features: keyboard lights up.,en,medium,Boys Hostel,False,12.902695,77.503686,2026-09-14 23:12,2026-09-15 00:29,True,f0020_item.jpg,"a grey Acer laptop on a desk, sticker on the lid","{""wallpaper"": ""a mountain sunset"", ""charger_included"": ""no charger"", ""scratch"": ""no visible scratch""}"
F0021,U0369,I0023,train,laptop,electronics,silver notebook computer found,en,brief,Girls Hostel,False,12.897305,77.503225,2026-10-04 07:57,2026-10-04 10:38,True,f0021_item.jpg,"a silver laptop on the floor, black sleeve","{""scratch"": ""worn keys near the touchpad"", ""wallpaper"": ""an anime character"", ""lid_sticker"": ""no sticker""}"
F0022,U0449,I0024,train,laptop,electronics,"Mujhe mila hai: found a silver Dell laptop. Features: in a black laptop sleeve, backlit keyboard.",hinglish,detailed,Mechanical Block,False,12.898203,77.502396,2026-07-23 09:51,2026-07-23 12:40,True,f0022_item.jpg,"a silver laptop on a table, keyboard lights up","{""wallpaper"": ""a cricket player photo"", ""scratch"": ""no visible scratch"", ""charger_included"": ""yes, with a black adapter""}"
F0023,U0375,I0025,train,notebook,stationery,Found a black Camlin book. Details: about two hundred pages.,en,medium,ECE Block,False,12.899192,77.501382,2026-09-05 19:36,2026-09-05 20:51,True,f0023_item.jpg,"a black notebook on the floor, sticky notes inside","{""cover_doodle"": ""subject name only"", ""subject"": ""Machine Learning"", ""loose_item"": ""a pen clipped inside""}"
F0024,U0376,I0026,train,smartwatch,electronics,"Found a pink Apple Watch fitness band. Features: scratch on the glass, circular screen, square dial. Kept safely with me.",en,detailed,ECE Block,False,12.899192,77.501382,2026-08-08 01:44,2026-08-08 03:37,True,f0024_item.jpg,,"{""damage"": ""a loose strap"", ""strap_color"": ""a blue strap"", ""extras"": ""the charging dock in a pouch""}"
F0025,U0023,I0027,train,spectacles case,accessories,Found a navy blue wallet. Details: metal logo.,en,medium,Gym,False,12.901797,77.501843,2026-10-01 12:41,2026-10-01 13:05,True,f0025_item.jpg,"a navy blue Woodland wallet on a table, frayed at the edges","{""other_item"": ""a library slip"", ""photo_inside"": ""no photo"", ""card_in_first_slot"": ""a college ID""}"
F0026,U0170,I0028,train,notebook,stationery,"Found a orange record book. It has sticky notes inside, spiral bound. Kept safely with me.",en,detailed,Admin Block,False,12.898203,77.499816,2026-07-31 19:07,2026-07-31 22:05,True,f0026_item.jpg,"a orange notebook on a desk, sticky notes inside","{""cover_doodle"": ""a coffee stain"", ""subject"": ""Machine Learning"", ""loose_item"": ""nothing inside""}"
F0027,U0115,I0029,train,notebook,stationery,Fonud a dark yellow book. Features: sticky notes inside.,en,medium,Admin Block,False,12.898203,77.499816,2026-08-20 04:37,2026-08-20 06:27,True,f0027_item.jpg,"a orange notebook on a bench, thick cover","{""cover_doodle"": ""subject name only"", ""loose_item"": ""a sticky note inside"", ""subject"": ""Data Structures""}"
F0028,U0612,I0030,train,earbuds case,electronics,black charging case foudn,en,brief,Bus Stop,False,12.898383,77.497696,2026-09-08 16:13,2026-09-08 17:25,True,f0028_item.jpg,"a black Noise earbuds case on a bench, tiny indicator light","{""engraved"": ""initial R"", ""buds_present"": ""only the right bud"", ""charm"": ""a metal ring""}"
F0029,U0025,I0031,train,earbuds case,electronics,Found light blue laptop,en,brief,Parking Lot,False,12.899461,77.498894,2026-08-17 06:48,2026-08-17 08:52,True,f0029_item.jpg,"a blue Dell laptop on a bench, keyboard lights up","{""charger_included"": ""only the cable"", ""wallpaper"": ""a cricket player photo"", ""scratch"": ""scratch on the left corner""}"
F0030,U0410,I0032,train,laptop,electronics,"Ye mila hai, owner ko batao: found a blue laptop. Details: sticker on the lid, 15 inch screen.",hinglish,detailed,Bus Stop,False,12.898383,77.497696,2026-08-18 13:14,2026-08-18 15:25,True,f0030_item.jpg,"a blue Dell laptop on a desk, sticker on the lid","{""charger_included"": ""yes, with an extension cord"", ""lid_sticker"": ""a cartoon sticker"", ""wallpaper"": ""a beach photo""}"
F0031,U0745,I0034,val,charger,electronics,"Found a black Realme adapter with cable. Features: cloth braided cable, fast charger, long cable.",en,detailed,Admin Block,False,12.898203,77.499816,2026-09-15 02:33,2026-09-15 03:47,True,f0031_item.jpg,"a black charger on a desk, fast charger","{""type"": ""a 65W laptop charger"", ""cable_wrap"": ""tape on the cable"", ""damage"": ""no damage""}"
F0032,U0600,I0036,train,notebook,stationery,Found a sky blue book. Features: about two hundred pages.,en,medium,Canteen,False,12.900359,77.501106,2026-08-15 23:45,2026-08-16 02:05,True,f0032_item.jpg,"a blue Navneet notebook on a desk, hard cover","{""subject"": ""Physics"", ""loose_item"": ""nothing inside"", ""first_page"": ""a cartoon""}"
F0033,U0416,I0037,test,calculator,stationery,"Found a blue Citizen calculator. It has hard slide-on cover, scientific type. Kept safely with me.",en,detailed,ECE Block,False,12.899192,77.501382,2026-09-29 09:51,2026-09-29 11:10,True,f0033_item.jpg,"a light blue calculator on the floor, slide cover","{""name_marking"": ""name written on the back"", ""model"": ""fx-570ES"", ""damage"": ""a cracked corner""}"
F0034,U0495,I0038,train,spectacles case,accessories,Found brown specs box,en,brief,Main Gate,False,12.898653,77.498157,2026-08-28 01:59,2026-08-28 04:27,True,f0034_item.jpg,"a dark brown Lenskart spectacles case on a desk, tiny logo on the front","{""frame_color"": ""brown frame"", ""lens_condition"": ""an anti-glare coating"", ""case_print"": ""a logo of an optical shop""}"
F0035,U0209,I0039,train,wallet,accessories,Found a grey purse. It has zip coin pocket.,en,medium,Auditorium,False,12.901437,77.499447,2026-09-29 00:44,2026-09-29 03:43,True,f0035_item.jpg,"a grey wallet on the floor, zipper coin section","{""cash_range"": ""over 2000 rupees"", ""other_item"": ""a coin"", ""photo_inside"": ""a family photo""}"
F0036,U0631,I0040,train,smartwatch,electronics,Found a off-white boAt smartwatch. It has rectangular screen.,en,medium,ECE Block,False,12.899192,77.501382,2026-09-11 09:28,2026-09-11 09:40,True,f0036_item.jpg,"a white smartwatch on the floor, rectangular screen","{""damage"": ""a scratch on the glass"", ""watch_face"": ""a cricket watch face"", ""extras"": ""a spare strap in a pouch""}"
F0037,U0184,I0041,train,notebook,stationery,Found a dark green book. Details: spiral bound.,en,medium,Gym,False,12.901797,77.501843,2026-09-09 13:54,2026-09-09 15:38,True,f0037_item.jpg,,"{""cover_doodle"": ""subject name only"", ""first_page"": ""a timetable"", ""subject"": ""Data Structures""}"
F0038,U0008,I0043,train,smartwatch,electronics,Found a blue fitness band. Features: round dial.,en,medium,ECE Block,False,12.899192,77.501382,2026-08-28 19:07,2026-08-28 19:33,True,f0038_item.jpg,"a blue Apple Watch smartwatch on a table, glass slightly scratched","{""damage"": ""no damage"", ""watch_face"": ""an analog face"", ""extras"": ""no dock""}"
F0039,U0331,I0044,test,notebook,stationery,Found red notebook,en,brief,Mechanical Block,False,12.898203,77.502396,2026-08-16 09:09,2026-08-16 09:43,True,f0039_item.jpg,"a red notebook on a desk, sticky notes inside","{""first_page"": ""a cartoon"", ""subject"": ""DBMS"", ""cover_doodle"": ""a doodle of a cat""}"
F0040,U0665,I0045,train,phone,electronics,Found a mobile.,en,brief,Boys Hostel,False,12.902695,77.503686,2026-09-26 15:40,2026-09-26 17:07,True,f0040_item.jpg,"a blue phone on a table, ring holder on the back","{""case_type"": ""green case with raised corners"", ""screen_damage"": ""a dead pixel line"", ""wallpaper"": ""a mountain sunset""}"
F0041,U0361,I0046,train,phone,electronics,Found a light blue iPhone phone. It has dual camera.,en,medium,Gym,False,12.901797,77.501843,2026-09-30 16:54,2026-09-30 17:43,True,f0041_item.jpg,"a blue phone on the floor, pop socket on the back","{""back_sticker"": ""a metro card in the cover"", ""screen_damage"": ""no cracks"", ""case_type"": ""flip cover""}"
F0042,U0067,I0047,train,spectacles case,accessories,Found a brown Titan specs box. Details: hard case.,en,medium,Auditorium,False,12.901437,77.499447,2026-09-13 05:59,2026-09-13 08:49,True,f0042_item.jpg,,"{""case_print"": ""a floral print"", ""frame_color"": ""silver frame"", ""case_inside"": ""a cleaning cloth""}"
F0043,U0573,I0048,test,charger,electronics,Found a black charger. Details: fast charger.,en,medium,CS Block,False,12.899012,77.500737,2026-09-03 03:55,2026-09-03 05:19,True,f0043_item.jpg,"a black Dell charger on a table, long cable","{""marking"": ""initials"", ""damage"": ""a cracked adapter body"", ""type"": ""a USB cable with adapter""}"
F0044,U0400,I0049,train,backpack,bags,Found a gray Skybags sports bag. It has slightly torn near the strap.,en,medium,Auditorium,False,12.901437,77.499447,2026-08-24 16:18,2026-08-24 16:49,True,f0044_item.jpg,"a grey backpack on a table, slightly torn near the strap","{""front_pocket_contents"": ""a lunch box"", ""inner_lining_color"": ""blue"", ""tag_or_sticker"": ""a name tag with initials""}"
F0045,U0360,I0050,train,calculator,stationery,"Found a blue calculator. It has slide cover, scientific type, solar strip on top. Kept safely with me.",en,detailed,Playground,False,12.901976,77.498341,2026-09-29 23:25,2026-09-29 23:50,True,f0045_item.jpg,,"{""cover"": ""no cover"", ""damage"": ""no damage"", ""model"": ""fx-82MS""}"
F0046,U0582,I0051,train,calculator,stationery,"Found a light blue Casio calculator. Details: some keys faded, solar panel.",en,detailed,Playground,False,12.901976,77.498341,2026-10-04 01:48,2026-10-04 02:24,True,f0046_item.jpg,"a blue calculator on a bench, solar strip on top","{""name_marking"": ""no marking"", ""model"": ""fx-991ES Plus"", ""cover"": ""a blue flip cover""}"
F0047,U0326,I0053,train,spectacles case,accessories,"Ye mila hai, owner ko batao: found a brown spectacle case. It has soft pouch.",hinglish,medium,Admin Block,False,12.898203,77.499816,2026-08-11 22:33,2026-08-11 23:47,True,f0047_item.jpg,"a brown spectacles case on a desk, zippered","{""case_inside"": ""a visiting card"", ""frame_color"": ""brown frame"", ""case_print"": ""a floral print""}"
F0048,U0620,I0054,train,spectacles case,accessories,Found brown specs box,en,brief,Main Gate,False,12.898653,77.498157,2026-08-02 19:13,2026-08-02 21:46,True,f0048_item.jpg,"a brown spectacles case on a desk, small logo","{""lens_condition"": ""no scratches"", ""case_print"": ""a logo of an optical shop"", ""case_inside"": ""a spare nose pad""}"
F0049,U0269,I0055,train,backpack,bags,red sports bag found,en,brief,Auditorium,False,12.901437,77.499447,2026-09-01 15:14,2026-09-01 17:28,True,f0049_item.jpg,"a red backpack on a table, laptop compartment","{""front_pocket_contents"": ""a calculator and a ruler"", ""keychain"": ""a football keychain"", ""inner_lining_color"": ""red""}"
F0050,U0457,I0056,train,laptop,electronics,Found a grey notebook computer. It has backlit keyboard.,en,medium,CS Block,False,12.899012,77.500737,2026-09-07 09:36,2026-09-07 10:26,True,f0050_item.jpg,"a grey Acer laptop on the floor, black sleeve","{""charger_included"": ""no charger"", ""scratch"": ""worn keys near the touchpad"", ""lid_sticker"": ""a college club sticker""}"
F0051,U0236,I0057,train,smartwatch,electronics,Found off-white watch,en,brief,Auditorium,False,12.901437,77.499447,2026-08-25 16:56,2026-08-25 18:42,True,f0051_item.jpg,"a white smartwatch on a desk, circular screen","{""strap_color"": ""a white strap"", ""damage"": ""a scratch on the glass"", ""watch_face"": ""a family photo face""}"
F0052,U0463,I0058,train,smartwatch,electronics,Found a white Fire-Boltt watch. Features: silicone strap.,en,medium,Auditorium,False,12.901437,77.499447,2026-08-25 17:47,2026-08-25 19:55,True,f0052_item.jpg,"a white Fire-Boltt smartwatch on a desk, rubber strap","{""extras"": ""no dock"", ""damage"": ""a loose strap"", ""strap_color"": ""an olive strap""}"
F0053,U0321,I0059,train,wallet,accessories,"Found a grey Woodland purse. It has frayed at the edges, small metal logo, zipper coin section.",en,detailed,Parking Lot,False,12.899461,77.498894,2026-08-15 12:12,2026-08-15 14:51,True,f0053_item.jpg,"a grey Woodland wallet on a bench, worn edges","{""photo_inside"": ""no photo"", ""other_item"": ""a small key"", ""cash_range"": ""no cash""}"
F0054,U0296,I0061,train,spectacles case,accessories,"Found a blue spectacle case. Features: zippered, cloth pouch type, tiny logo on the front.",en,detailed,Mechanical Block,False,12.898203,77.502396,2026-10-04 05:46,2026-10-04 06:42,True,f0054_item.jpg,,"{""case_inside"": ""a screwdriver kit"", ""lens_condition"": ""an anti-glare coating"", ""frame_color"": ""silver frame""}"
F0055,U0426,I0062,val,smartwatch,electronics,Found a watch.,en,brief,Canteen,False,12.900359,77.501106,2026-09-27 13:02,2026-09-27 14:13,True,f0055_item.jpg,"a black Amazfit smartwatch on a table, rectangular screen","{""strap_color"": ""a white strap"", ""watch_face"": ""a digital face with steps"", ""damage"": ""no damage""}"
F0056,U0211,I0063,val,umbrella,accessories,Found a grey Popy umbrella. Features: bent rib.,en,medium,ECE Block,False,12.899192,77.501382,2026-09-04 05:32,2026-09-04 07:41,True,f0056_item.jpg,"a grey umbrella on a table, bent rib","{""damage"": ""a missing button"", ""strap_color"": ""a black Velcro strap"", ""print"": ""a checked pattern""}"
F0057,U0184,I0065,train,smartwatch,electronics,Found a black smartwatch. It has round dial.,en,medium,Auditorium,False,12.901437,77.499447,2026-08-06 04:42,2026-08-06 05:41,True,f0057_item.jpg,,"{""strap_color"": ""an olive strap"", ""watch_face"": ""a digital face with steps"", ""extras"": ""a spare strap in a pouch""}"
F0058,U0391,I0066,train,power bank,electronics,Found a white charger bank. It has type-C input.,en,medium,Bus Stop,False,12.898383,77.497696,2026-09-16 18:28,2026-09-16 18:31,True,f0058_item.jpg,,"{""damage"": ""a dent on one corner"", ""capacity"": ""5000 mAh"", ""sticker"": ""a cartoon sticker""}"
F0059,U0200,I0068,test,backpack,bags,"Ye mila hai, owner ko batao: blue rucksack found",hinglish,brief,Main Gate,False,12.898653,77.498157,2026-09-10 15:02,2026-09-10 17:43,True,f0059_item.jpg,"a navy blue American Tourister backpack on a bench, padded laptop section","{""inner_lining_color"": ""orange"", ""tag_or_sticker"": ""no sticker"", ""keychain"": ""a brass ring with a bell""}"
F0060,U0034,I0069,test,backpack,bags,"Found a navy blue American Tourister sports bag. Details: white logo, two front zips.",en,detailed,Main Gate,False,12.898653,77.498157,2026-09-19 16:58,2026-09-19 18:40,True,f0060_item.jpg,"a navy blue American Tourister backpack on a table, two front zips","{""tag_or_sticker"": ""a Spiderman sticker"", ""keychain"": ""a small panda keychain"", ""inner_lining_color"": ""blue""}"
F0061,U0202,I0070,val,charger,electronics,Found a white charger. Details: fast charger.,en,medium,Boys Hostel,False,12.902695,77.503686,2026-10-01 23:39,2026-10-02 01:09,True,,"a white Apple charger on a bench, about 1.5 m cable","{""damage"": ""a frayed cable near the pin"", ""marking"": ""no marking"", ""type"": ""a 20W phone charger""}"
F0062,U0213,I0072,test,smartwatch,electronics,white smartwatch found,en,brief,Canteen,False,12.900359,77.501106,2026-08-20 16:32,2026-08-20 17:36,False,,,"{""watch_face"": ""a cricket watch face"", ""strap_color"": ""a black strap"", ""extras"": ""no dock""}"
F0063,U0006,I0074,train,water bottle,drinkware,Found a rose Decathlon water bottle. It has scratched paint.,en,medium,CS Block,False,12.899012,77.500737,2026-09-03 05:21,2026-09-03 06:25,True,,"a pink water bottle on a bench, paint worn off in places","{""content"": ""half filled with water"", ""dent_location"": ""dent on the cap"", ""strap"": ""a black strap""}"
F0064,U0244,I0076,train,power bank,electronics,"Found a cream power bank. It has thin power bank, matte rubber finish, USB-C port.",en,detailed,Playground,False,12.901976,77.498341,2026-07-28 12:50,2026-07-28 15:03,True,,"a white power bank on the floor, thin power bank","{""capacity"": ""20000 mAh"", ""cable"": ""a type-C cable"", ""sticker"": ""a price sticker""}"
F0065,U0106,I0077,train,power bank,electronics,Found a battery pack.,en,brief,Playground,False,12.901976,77.498341,2026-09-01 11:08,2026-09-01 12:44,False,,,"{""damage"": ""a loose port"", ""cable"": ""no cable"", ""sticker"": ""a price sticker""}"
F0066,U0121,I0078,train,backpack,bags,Found green rucksack,en,brief,Boys Hostel,False,12.902695,77.503686,2026-08-09 05:26,2026-08-09 05:33,True,,"a green backpack on a bench, reflective strip on the straps","{""tag_or_sticker"": ""no sticker"", ""keychain"": ""a red heart keychain"", ""inner_lining_color"": ""grey""}"
F0067,U0152,I0079,val,charger,electronics,white adapter with cable found,en,brief,Security Desk,True,12.898293,77.499816,2026-09-20 04:38,2026-09-20 07:19,True,,"a white charger on a desk, about 1.5 m cable","{""marking"": ""coloured tape on the cable"", ""cable_wrap"": ""no wrap"", ""type"": ""a USB cable with adapter""}"
F0068,U0680,I0080,val,umbrella,accessories,Found a navy blue umbrella. Details: automatic open button.,en,medium,Admin Block,False,12.898203,77.499816,2026-09-20 15:13,2026-09-20 17:27,True,,"a dark blue umbrella on a bench, automatic open button","{""handle"": ""a straight handle"", ""damage"": ""a missing button"", ""print"": ""a polka dot pattern""}"
F0069,U0174,I0082,train,umbrella,accessories,Found a black umbrella. Details: pattern on the border.,en,medium,Canteen,False,12.900359,77.501106,2026-07-29 04:38,2026-07-29 06:19,True,,"a black Fastrack umbrella on a bench, pattern on the border","{""strap_color"": ""a black Velcro strap"", ""print"": ""plain inside"", ""damage"": ""a bent rib""}"
F0070,U0223,I0083,train,smartwatch,electronics,Found a fitness band.,en,brief,Gym,False,12.901797,77.501843,2026-09-30 16:42,2026-09-30 18:48,True,,"a dark green smartwatch on a desk, silicone strap","{""watch_face"": ""a digital face with steps"", ""strap_color"": ""a metal strap"", ""damage"": ""a loose strap""}"
F0071,U0724,I0084,train,power bank,electronics,Found a silver Ambrane charger bank. Details: rubber finish.,en,medium,ECE Block,False,12.899192,77.501382,2026-09-24 20:42,2026-09-24 23:39,True,,"a silver Ambrane power bank on a desk, matte rubber finish","{""sticker"": ""a price sticker"", ""capacity"": ""5000 mAh"", ""damage"": ""a loose port""}"
F0072,U0052,I0085,train,laptop,electronics,Found a silver Ambrane charger bank. Features: thin power bank.,en,medium,Gym,False,12.901797,77.501843,2026-08-21 03:10,2026-08-21 05:36,False,,,"{""capacity"": ""10000 mAh slim"", ""sticker"": ""a cartoon sticker"", ""cable"": ""a short white cable attached""}"
F0073,U0434,I0086,train,power bank,electronics,Found a battery pack.,en,brief,Library,False,12.9,77.5,2026-09-14 00:56,2026-09-14 00:59,False,,,"{""cable"": ""a type-C cable"", ""damage"": ""no damage"", ""capacity"": ""10000 mAh slim""}"
F0074,U0750,I0087,train,earbuds case,electronics,Found blue small case,en,brief,Playground,False,12.901976,77.498341,2026-09-04 12:48,2026-09-04 13:04,False,,,"{""cover"": ""a glitter cover"", ""buds_present"": ""only the right bud"", ""charm"": ""no charm""}"
F0075,U0322,I0088,train,smartwatch,electronics,Found a pink watch. Features: square dial.,en,medium,Playground,False,12.901976,77.498341,2026-08-03 18:19,2026-08-03 20:14,True,,"a pink smartwatch on a table, square dial","{""strap_color"": ""an olive strap"", ""watch_face"": ""a cricket watch face"", ""damage"": ""a scuffed corner""}"
F0076,U0278,I0089,train,keys,accessories,silver keys found,en,brief,Canteen,False,12.900359,77.501106,2026-08-11 15:08,2026-08-11 16:17,True,,"a metallic keys on a desk, tiny lock key","{""key_count"": ""three keys"", ""ring_type"": ""a steel ring"", ""charm"": ""a plastic football""}"
F0077,U0011,I0090,train,keys,accessories,"Found a silver keys. It has steel ring, small padlock key.",en,detailed,Canteen,False,12.900359,77.501106,2026-08-04 08:28,2026-08-04 10:06,True,,"a silver keys on a bench, metal ring","{""charm"": ""a leather tag"", ""key_count"": ""four keys"", ""tag_text"": ""a room number""}"
F0078,U0595,I0092,train,laptop,electronics,Found a black Dell laptop. Details: sticekrs on the top cover.,en,medium,Library,False,12.9,77.5,2026-08-06 10:00,2026-08-06 12:35,True,,"a black Dell laptop on a desk, in a black laptop sleeve","{""lid_sticker"": ""a GitHub sticker"", ""scratch"": ""no visible scratch"", ""wallpaper"": ""an anime character""}"
F0079,U0609,I0093,train,power bank,electronics,"Found a white Syska battery pack. Details: type-C input, matte rubber finish.",en,detailed,Boys Hostel,False,12.902695,77.503686,2026-09-04 15:00,2026-09-04 17:39,True,,"a white power bank on a table, type-C input","{""sticker"": ""a name sticker"", ""cable"": ""a type-C cable"", ""damage"": ""a scratched back""}"
F0080,U0481,I0094,test,spectacles case,accessories,"Found a grey spectacle case. It has cloth pouch type, small logo. Kept safely with me.",en,detailed,Mechanical Block,False,12.898203,77.502396,2026-08-04 11:16,2026-08-04 13:51,True,,"a grey spectacles case on the floor, cloth pouch type","{""lens_condition"": ""a slightly loose screw"", ""frame_color"": ""silver frame"", ""case_inside"": ""a spare nose pad""}"
F0081,U0572,I0095,train,wallet,accessories,Found a grey purse. It has frayed at the edges.,en,medium,Security Desk,True,12.898293,77.499816,2026-10-04 08:46,2026-10-04 09:36,True,,"a grey wallet on a desk, frayed at the edges","{""other_item"": ""a folded receipt"", ""card_in_first_slot"": ""a library card"", ""photo_inside"": ""a passport-size photo""}"
F0082,U0263,I0096,train,smartwatch,electronics,blue watch found,en,brief,Library,False,12.9,77.5,2026-08-14 12:14,2026-08-14 13:04,True,,"a blue Apple Watch smartwatch on the floor, circular screen","{""strap_color"": ""a black strap"", ""extras"": ""the charging dock in a pouch"", ""damage"": ""no damage""}"
F0083,U0294,I0097,train,calculator,stationery,Found grey calculator,en,brief,Security Desk,True,12.898293,77.499816,2026-08-29 08:32,2026-08-29 10:12,True,,"a grey calculator on the floor, slide cover","{""model"": ""fx-570ES"", ""name_marking"": ""initials on the cover"", ""damage"": ""a faded 7 key""}"
F0084,U0678,I0098,train,umbrella,accessories,Found a red Popy umbrella. It has push-button opening.,en,medium,Mechanical Block,False,12.898203,77.502396,2026-08-20 22:47,2026-08-21 00:10,True,,"a maroon-ish red umbrella on a desk, automatic open button","{""damage"": ""no damage"", ""strap_color"": ""no strap"", ""handle"": ""a curved wooden handle""}"
F0085,U0592,I0100,train,backpack,bags,Found a grey backpack. Features: laptop compartment.,en,medium,Parking Lot,False,12.899461,77.498894,2026-10-02 12:45,2026-10-02 15:10,True,,"a gray Puma backpack on a bench, slightly torn near the strap","{""front_pocket_contents"": ""an umbrella"", ""keychain"": ""a metal bottle-opener keychain"", ""tag_or_sticker"": ""a college fest tag""}"
F0086,U0260,I0102,val,smartwatch,electronics,pink watch found,en,brief,Girls Hostel,False,12.897305,77.503225,2026-09-14 07:03,2026-09-14 08:31,True,,"a pink boAt smartwatch on a bench, glass slightly scratched","{""extras"": ""the charging dock in a pouch"", ""watch_face"": ""a plain black face"", ""strap_color"": ""a blue strap""}"
F0087,U0075,I0103,val,notebook,stationery,Found a book.,en,brief,Girls Hostel,False,12.897305,77.503225,2026-07-23 05:11,2026-07-23 06:12,True,,"a green Camlin notebook on a table, about two hundred pages","{""loose_item"": ""nothing inside"", ""first_page"": ""a cartoon"", ""cover_doodle"": ""no marking""}"
F0088,U0073,I0104,train,smartwatch,electronics,white fitness band found,en,brief,CS Block,False,12.899012,77.500737,2026-07-31 00:28,2026-07-31 01:35,True,,"a off-white smartwatch on the floor, rubber strap","{""strap_color"": ""a blue strap"", ""watch_face"": ""a plain black face"", ""damage"": ""a scratch on the glass""}"
F0089,U0104,I0105,val,other,electronics,"Found a black Asus notebook computer. Details: backlit keyboard, sticker on the lid. Kept safely with me.",en,detailed,Library,False,12.9,77.5,2026-08-15 14:14,2026-08-15 15:11,True,,"a black Asus laptop on a bench, sticker on the lid","{""lid_sticker"": ""a college club sticker"", ""charger_included"": ""yes, with an extension cord"", ""scratch"": ""scratch on the left corner""}"
F0090,U0670,I0106,train,notebook,stationery,Found light blue record book,en,brief,Canteen,False,12.900359,77.501106,2026-10-01 03:16,2026-10-01 04:10,True,,"a blue notebook on a bench, hard cover","{""loose_item"": ""nothing inside"", ""cover_doodle"": ""subject name only"", ""first_page"": ""a timetable""}"
F0091,U0056,I0107,train,laptop,electronics,Found a notebook computer.,en,brief,Parking Lot,False,12.899461,77.498894,2026-09-01 01:14,2026-09-01 02:27,False,,,"{""scratch"": ""scratch on the left corner"", ""lid_sticker"": ""a band sticker"", ""charger_included"": ""no charger""}"
F0092,U0681,I0108,test,water bottle,drinkware,Found a bottle.,en,brief,ECE Block,False,12.899192,77.501382,2026-09-21 16:18,2026-09-21 18:12,True,,"a black water bottle on a table, scratched paint","{""strap"": ""a black strap"", ""content"": ""a tea bag inside"", ""dent_location"": ""dent near the neck""}"
F0093,U0622,I0109,val,other,electronics,Found a cream Realme earbuds case. Features: hook for a lanyard.,en,medium,Parking Lot,False,12.899461,77.498894,2026-09-26 10:19,2026-09-26 11:09,True,,"a white Realme earbuds case on a desk, scuffed lid","{""engraved"": ""a name label"", ""cover"": ""a leather pouch"", ""charm"": ""a metal ring""}"
F0094,U0234,I0110,train,other,electronics,black fitness band found,en,brief,Security Desk,True,12.898293,77.499816,2026-09-24 14:34,2026-09-24 16:19,True,,"a black smartwatch on the floor, rubber strap","{""damage"": ""a scratch on the glass"", ""watch_face"": ""a cricket watch face"", ""strap_color"": ""a pink strap""}"
F0095,U0098,I0111,train,calculator,stationery,Found a calculator.,en,brief,CS Block,False,12.899012,77.500737,2026-07-23 03:26,2026-07-23 05:39,False,,,"{""model"": ""fx-570ES"", ""damage"": ""no damage"", ""cover"": ""a blue flip cover""}"
F0096,U0453,I0112,train,phone,electronics,"Found a green Motorola mobile. It has dual camera, transparent case. Kept safely with me.",en,detailed,Bus Stop,False,12.898383,77.497696,2026-09-23 06:39,2026-09-23 07:12,True,,"a green phone on the floor, clear back cover","{""case_type"": ""flip cover"", ""back_sticker"": ""a heart sticker"", ""screen_damage"": ""no cracks""}"
F0097,U0252,I0113,train,power bank,electronics,"Ye mila hai, owner ko batao: found a light blue Ambrane charger bank. It has matte rubber finish.",hinglish,medium,Stationery Shop,False,12.899461,77.500276,2026-09-16 14:29,2026-09-16 17:22,True,,"a blue Ambrane power bank on a desk, type-C input","{""cable"": ""a lightning cable"", ""sticker"": ""a price sticker"", ""damage"": ""a scratched back""}"
F0098,U0321,I0114,test,backpack,bags,"Found a maroon Nike sports bag. Features: a pocket on the side, reflective strip, two front zips. Kept safely with me.",en,detailed,Auditorium,False,12.901437,77.499447,2026-10-01 18:50,2026-10-01 20:07,True,,"a maroon Nike backpack on a table, a pocket on the side","{""front_pocket_contents"": ""a calculator and a ruler"", ""inner_lining_color"": ""black"", ""keychain"": ""a metal bottle-opener keychain""}"
F0099,U0260,I0115,test,backpack,bags,Found a red backpack. It has logo in white on the front.,en,medium,Security Desk,True,12.898293,77.499816,2026-08-25 19:46,2026-08-25 20:38,True,,"a red backpack on a bench, one side pocket","{""keychain"": ""a brass ring with a bell"", ""tag_or_sticker"": ""a bus pass holder"", ""inner_lining_color"": ""grey""}"
F0100,U0145,I0116,train,water bottle,drinkware,Found a pink bottle. It has stainless steel.,en,medium,Bus Stop,False,12.898383,77.497696,2026-08-21 23:45,2026-08-22 02:13,True,,"a pink Tupperware water bottle on a table, 1 litre size","{""content"": ""empty"", ""sticker"": ""a cartoon sticker"", ""dent_location"": ""scratch on the side""}"
F0101,U0584,I0117,train,water bottle,drinkware,Found a pink Tuppewrare bottle. Features: flip-top lid.,en,medium,Bus Stop,False,12.898383,77.497696,2026-09-11 16:12,2026-09-11 16:48,True,,"a pink Tupperware water bottle on a bench, steel body","{""strap"": ""no strap"", ""sticker"": ""a football sticker"", ""content"": ""empty""}"
F0102,U0602,I0118,train,other,stationery,"Ye mila hai, owner ko batao: found a black rceord book. Details: 200 pages, thick cover. Kept safely with me.",hinglish,detailed,Security Desk,True,12.898293,77.499816,2026-09-03 12:35,2026-09-03 14:14,True,,"a black Camlin notebook on a desk, 200 pages","{""first_page"": ""a name and roll number"", ""loose_item"": ""a sticky note inside"", ""subject"": ""Engineering Maths""}"
F0103,U0027,I0119,train,calculator,stationery,"Foudn a light blue Camlin notebook. Features: coloured sticky notes sticking out, spiral notebook. Kept safely with me.",en,detailed,Girls Hostel,False,12.897305,77.503225,2026-09-03 13:17,2026-09-03 14:30,True,,"a blue notebook on a table, sticky notes inside","{""loose_item"": ""a sticky note inside"", ""cover_doodle"": ""a coffee stain"", ""first_page"": ""a timetable""}"
F0104,U0791,I0120,train,water bottle,drinkware,"Found a green bottle. Features: 1 litre size, paint worn off in places, flip-top lid.",en,detailed,Parking Lot,False,12.899461,77.498894,2026-07-25 09:34,2026-07-25 12:14,True,,"a green Borosil water bottle on a table, flip cap","{""content"": ""empty"", ""strap"": ""a rope handle"", ""sticker"": ""a football sticker""}"
F0105,U0457,I0121,train,other,drinkware,pink lfask found,en,brief,Girls Hostel,False,12.897305,77.503225,2026-08-12 02:05,2026-08-12 04:54,True,,"a pink Milton water bottle on the floor, one litre bottle","{""dent_location"": ""dent near the neck"", ""strap"": ""a rope handle"", ""content"": ""a tea bag inside""}"
F0106,U0286,I0122,val,umbrella,accessories,Found a black umbrella. Details: push-button opening.,en,medium,Girls Hostel,False,12.897305,77.503225,2026-10-02 21:59,2026-10-03 00:49,True,,"a dark Popy umbrella on a bench, push-button opening","{""print"": ""floral print inside"", ""handle"": ""a straight handle"", ""damage"": ""a missing button""}"
F0107,U0398,I0123,train,spectacles case,accessories,Found a red glasses case. It has zippered.,en,medium,Mechanical Block,False,12.898203,77.502396,2026-10-02 15:02,2026-10-02 16:57,True,,"a red spectacles case on the floor, zip closure","{""case_print"": ""a logo of an optical shop"", ""frame_color"": ""transparent frame"", ""case_inside"": ""a spare nose pad""}"
F0108,U0500,I0124,train,spectacles case,accessories,Found a red glasses case. Details: cloth pouch type.,en,medium,CS Block,False,12.899012,77.500737,2026-08-28 20:16,2026-08-28 22:44,True,,"a red spectacles case on a table, zip closure","{""case_print"": ""a logo of an optical shop"", ""frame_color"": ""black frame"", ""case_inside"": ""a spare nose pad""}"
F0109,U0537,I0125,test,notebook,stationery,"Found a blue Classmate record book. Features: hard cover, coloured sticky notes sticking out, spiral notebook.",en,detailed,Mechanical Block,False,12.898203,77.502396,2026-10-04 02:46,2026-10-04 04:28,True,,"a blue Classmate notebook on a table, thick cover","{""loose_item"": ""a sticky note inside"", ""subject"": ""Operating Systems"", ""first_page"": ""an empty first page""}"
F0110,U0144,I0126,val,calculator,stationery,grey calculator found,en,brief,Canteen,False,12.900359,77.501106,2026-10-04 09:11,2026-10-04 11:45,True,,"a grey calculator on a table, hard slide-on cover","{""cover"": ""a scratched cover"", ""damage"": ""a missing key cap"", ""model"": ""fx-991ES Plus""}"
F0111,U0064,I0127,test,smartwatch,electronics,Found a olive green Apple Watch fitness band. Details: scratch on the glass.,en,medium,Parking Lot,False,12.899461,77.498894,2026-09-06 13:15,2026-09-06 14:08,False,,,"{""watch_face"": ""a digital face with steps"", ""extras"": ""no dock"", ""strap_color"": ""a white strap""}"
F0112,U0730,I0128,test,laptop,electronics,Found a blue HP notebook computer. It has 15 inch screen.,en,medium,Mechanical Block,False,12.898203,77.502396,2026-08-02 23:17,2026-08-02 23:52,False,,,"{""scratch"": ""no visible scratch"", ""wallpaper"": ""a car photo"", ""lid_sticker"": ""a cartoon sticker""}"
F0113,U0079,I0129,train,earbuds case,electronics,blue small case found,en,brief,Playground,False,12.901976,77.498341,2026-07-27 17:26,2026-07-27 19:06,True,,"a light blue earbuds case on a table, tiny indicator light","{""cover"": ""a glitter cover"", ""buds_present"": ""both buds present"", ""charm"": ""a metal ring""}"
F0114,U0659,I0130,train,power bank,electronics,silver charger bank found,en,brief,Canteen,False,12.900359,77.501106,2026-09-21 14:28,2026-09-21 17:23,True,,"a silver power bank on a table, USB-C port","{""damage"": ""a loose port"", ""cable"": ""a type-C cable"", ""capacity"": ""10000 mAh""}"
F0115,U0502,I0131,test,other,drinkware,"Found a orange Cello bottle. It has scratched paint, steel body.",en,detailed,Gym,False,12.901797,77.501843,2026-08-24 02:55,2026-08-24 03:52,True,,"a orange Cello water bottle on a bench, scratched paint","{""content"": ""half filled with water"", ""strap"": ""no strap"", ""sticker"": ""an NGO logo sticker""}"
F0116,U0152,I0132,train,laptop,electronics,"Found a grey Lenovo notebook computer. It has backlit keyboard, black sleeve, fifteen inch display.",en,detailed,Girls Hostel,False,12.897305,77.503225,2026-09-14 12:03,2026-09-14 12:17,True,,"a silver-grey laptop on the floor, keyboard lights up","{""scratch"": ""no visible scratch"", ""wallpaper"": ""a cricket player photo"", ""lid_sticker"": ""a Python sticker""}"
F0117,U0554,I0133,test,phone,electronics,"Found a green Samsung smartphone. Features: transparent case, two cameras at the back.",en,detailed,Auditorium,False,12.901437,77.499447,2026-09-06 03:54,2026-09-06 05:54,True,,"a green Samsung phone on the floor, transparent case","{""screen_damage"": ""scratched tempered glass"", ""wallpaper"": ""plain black"", ""back_sticker"": ""a small smiley sticker""}"
F0118,U0729,I0134,train,laptop,electronics,Mujhe mila hai: grey notebook computer found,hinglish,brief,Girls Hostel,False,12.897305,77.503225,2026-08-25 17:18,2026-08-25 17:42,True,,"a grey laptop on a table, 15 inch screen","{""scratch"": ""no visible scratch"", ""charger_included"": ""only the cable"", ""wallpaper"": ""an anime character""}"
F0119,U0017,I0136,test,phone,electronics,green smartphoen found,en,brief,Girls Hostel,False,12.897305,77.503225,2026-08-14 13:39,2026-08-14 16:36,True,,"a green phone on a table, crack on the top corner","{""screen_damage"": ""no cracks"", ""back_sticker"": ""a band logo sticker"", ""case_type"": ""transparent case""}"
F0120,U0365,I0137,train,spectacles case,accessories,Found a red glasses case. Features: hard shell.,en,medium,Library,False,12.9,77.5,2026-07-23 05:13,2026-07-23 07:00,True,,"a red spectacles case on a bench, hard case","{""case_inside"": ""a visiting card"", ""case_print"": ""a name label"", ""frame_color"": ""transparent frame""}"
F0121,U0198,I0138,train,spectacles case,accessories,Found a red specs box. Details: hard case.,en,medium,Library,False,12.9,77.5,2026-08-20 06:11,2026-08-20 06:35,True,,"a red spectacles case on the floor, hard case","{""lens_condition"": ""an anti-glare coating"", ""frame_color"": ""brown frame"", ""case_inside"": ""a screwdriver kit""}"
F0122,U0713,I0139,train,phone,electronics,"Found a light blue Realme smartphone. Details: dual camera, ring holder on the back, transparent case.",en,detailed,Bus Stop,False,12.898383,77.497696,2026-08-20 22:56,2026-08-20 23:17,True,,"a blue phone on a bench, dual camera","{""wallpaper"": ""a cricket player photo"", ""screen_damage"": ""small chip on the bottom edge"", ""case_type"": ""green case with raised corners""}"
F0123,U0157,I0140,train,notebook,stationery,Found a grey calculator. It has hard slide-on cover.,en,medium,Admin Block,False,12.898203,77.499816,2026-08-19 14:27,2026-08-19 16:35,True,,"a grey Citizen calculator on a bench, solar strip on top","{""damage"": ""a missing key cap"", ""model"": ""fx-991ES Plus"", ""name_marking"": ""a sticker with a roll number""}"
F0124,U0707,I0141,train,calculator,stationery,"Found a grey Citizen calculator. Features: some keys faded, scientific type.",en,detailed,Stationery Shop,False,12.899461,77.500276,2026-09-28 12:48,2026-09-28 13:45,True,,"a grey calculator on a desk, scientific calculator","{""damage"": ""a faded 7 key"", ""name_marking"": ""no marking"", ""cover"": ""no cover""}"
F0125,U0114,I0142,train,earbuds case,electronics,Found a blue AirPods earbuds case. Features: lanyard hook.,en,medium,Bus Stop,False,12.898383,77.497696,2026-08-03 19:06,2026-08-03 19:23,True,,"a blue AirPods earbuds case on the floor, scratches on the lid","{""engraved"": ""no marking"", ""buds_present"": ""only the left bud"", ""charm"": ""no charm""}"
F0126,U0573,I0143,train,laptop,electronics,"Found a blue Dell notebook computer. Details: backlit keyboard, 15 inch screen. Kept safely with me.",en,detailed,Admin Block,False,12.898203,77.499816,2026-08-18 23:15,2026-08-19 00:37,True,,"a blue laptop on a desk, 15 inch screen","{""lid_sticker"": ""a college club sticker"", ""wallpaper"": ""a cricket player photo"", ""scratch"": ""worn keys near the touchpad""}"
F0127,U0080,I0144,train,keys,accessories,Found a black key bunch. It has steel ring.,en,medium,Security Desk,True,12.898293,77.499816,2026-08-01 19:15,2026-08-01 19:42,False,,,"{""key_count"": ""two keys"", ""ring_type"": ""a plastic ring"", ""tag_text"": ""no tag""}"
F0128,U0344,I0145,val,notebook,stationery,Found a black notebook. Features: coloured tsicky notes sticking out.,en,medium,Main Gate,False,12.898653,77.498157,2026-09-12 03:42,2026-09-12 05:47,False,,,"{""loose_item"": ""a sticky note inside"", ""subject"": ""Engineering Maths"", ""first_page"": ""a name and roll number""}"
F0129,U0511,I0147,train,backpack,bags,"Found a maroon Puma backpack. Features: double zip on the front, a pocket on the side, reflective strip. Kept safely with me.",en,detailed,ECE Block,False,12.899192,77.501382,2026-08-11 23:03,2026-08-12 00:24,False,,,"{""tag_or_sticker"": ""a bus pass holder"", ""front_pocket_contents"": ""a calculator and a ruler"", ""keychain"": ""a metal bottle-opener keychain""}"
F0130,U0646,I0148,train,power bank,electronics,"Found a silver Realme charger bank. It has type-C input, LED indicator.",en,detailed,ECE Block,False,12.899192,77.501382,2026-08-15 05:24,2026-08-15 06:59,True,,"a silver Realme power bank on the floor, LED indicator","{""cable"": ""a short white cable attached"", ""damage"": ""a loose port"", ""sticker"": ""a cartoon sticker""}"
F0131,U0080,I0149,val,laptop,electronics,"Found a grey Asus notebook computer. Features: fifteen inch display, sticker on the lid.",en,detailed,Main Gate,False,12.898653,77.498157,2026-08-23 01:13,2026-08-23 03:51,True,,"a grey Asus laptop on a desk, stickers on the top cover","{""lid_sticker"": ""a cartoon sticker"", ""scratch"": ""scratch on the left corner"", ""wallpaper"": ""plain black""}"
F0132,U0348,I0151,val,spectacles case,accessories,"Found a silver keychain. It has steel ring, two-wheeler key with cover, plastic tag.",en,detailed,Girls Hostel,False,12.897305,77.503225,2026-09-18 07:33,2026-09-18 09:22,True,,"a silver keys on a bench, two-wheeler key with cover","{""key_count"": ""one key"", ""tag_text"": ""a red key cover"", ""ring_type"": ""a steel ring""}"
F0133,U0642,I0152,val,umbrella,accessories,"Found a silver keys. It has steel ring, small padlock key.",en,detailed,Girls Hostel,False,12.897305,77.503225,2026-09-10 16:43,2026-09-10 19:22,True,,"a grey keys on the floor, small padlock key","{""charm"": ""a leather tag"", ""key_count"": ""three keys"", ""ring_type"": ""a plastic ring""}"
F0134,U0390,I0153,train,earbuds case,electronics,cream airpods case found,en,brief,Gym,False,12.901797,77.501843,2026-09-15 14:47,2026-09-15 17:05,True,,"a white Realme earbuds case on a desk, rubber cover","{""charm"": ""a beaded charm"", ""engraved"": ""initial R"", ""buds_present"": ""both buds present""}"
F0135,U0042,I0154,train,earbuds case,electronics,Found a white Realme small case. It has small LED light.,en,medium,Gym,False,12.901797,77.501843,2026-09-06 01:13,2026-09-06 02:26,True,,"a white earbuds case on a bench, tiny indicator light","{""buds_present"": ""both buds present"", ""cover"": ""a glitter cover"", ""charm"": ""no charm""}"
F0136,U0330,I0155,test,calculator,stationery,grey calculator found,en,brief,Security Desk,True,12.898293,77.499816,2026-09-10 07:27,2026-09-10 08:13,True,,"a grey calculator on the floor, hard slide-on cover","{""name_marking"": ""name written on the back"", ""model"": ""fx-82MS"", ""damage"": ""a cracked corner""}"
F0137,U0261,I0156,val,calculator,stationery,silver-grey calculator found,en,brief,Girls Hostel,False,12.897305,77.503225,2026-10-02 20:46,2026-10-02 22:32,True,,"a grey calculator on a desk, scientific type","{""name_marking"": ""no marking"", ""model"": ""fx-82MS"", ""damage"": ""a missing key cap""}"
F0138,U0392,I0157,val,calculator,stationery,"Found a blue scientific calculator. It has solar panel, scientific type.",en,detailed,Mechanical Block,False,12.898203,77.502396,2026-09-02 22:54,2026-09-03 00:52,True,,"a blue Citizen calculator on the floor, solar strip on top","{""damage"": ""no damage"", ""name_marking"": ""initials on the cover"", ""model"": ""fx-570ES""}"
F0139,U0257,I0158,val,charger,electronics,Found a charger.,en,brief,Auditorium,False,12.901437,77.499447,2026-09-24 00:52,2026-09-24 01:15,False,,,"{""cable_wrap"": ""a velcro wrap"", ""type"": ""a USB cable with adapter"", ""marking"": ""a name written in marker""}"
F0140,U0764,I0159,train,power bank,electronics,"Ye mila hai, owner ko batao: found blakc battery pack",hinglish,brief,Stationery Shop,False,12.899461,77.500276,2026-07-28 12:03,2026-07-28 14:03,True,,"a black power bank on the floor, rubber finish","{""cable"": ""a type-C cable"", ""sticker"": ""a price sticker"", ""damage"": ""a dent on one corner""}"
F0141,U0573,I0160,train,other,electronics,Found a black Syska charger bank. It has matte rubber finish.,en,medium,Gym,False,12.901797,77.501843,2026-07-30 16:12,2026-07-30 18:44,True,,"a dark grey power bank on the floor, four indicator lights","{""sticker"": ""a price sticker"", ""cable"": ""a short white cable attached"", ""damage"": ""a dent on one corner""}"
F0142,U0045,I0161,train,phone,electronics,Found a dark green OnePlus mobile. Details: two cameras at the back.,en,medium,ECE Block,False,12.899192,77.501382,2026-08-22 03:04,2026-08-22 04:32,False,,,"{""back_sticker"": ""a ring holder"", ""case_type"": ""black silicone case"", ""screen_damage"": ""scratched tempered glass""}"
F0143,U0697,I0162,train,spectacles case,accessories,"Found a brown Lenskart glasses case. Details: hard case, tiny logo on the front.",en,detailed,Girls Hostel,False,12.897305,77.503225,2026-09-09 09:51,2026-09-09 12:18,True,,"a brown spectacles case on a bench, hard case","{""case_inside"": ""a visiting card"", ""case_print"": ""a name label"", ""lens_condition"": ""a scratch on the right lens""}"
F0144,U0343,I0163,val,power bank,electronics,black battery pack found,en,brief,Parking Lot,False,12.899461,77.498894,2026-09-11 21:34,2026-09-11 23:24,True,,"a dark Mi power bank on a table, slim body","{""cable"": ""a lightning cable"", ""capacity"": ""20000 mAh with display"", ""damage"": ""a loose port""}"
F0145,U0736,I0164,val,keys,accessories,Mujhe mila hai: found a black keys. Features: steel ring.,hinglish,medium,Security Desk,True,12.898293,77.499816,2026-07-21 19:34,2026-07-21 21:13,True,,"a black keys on a table, tiny lock key","{""charm"": ""a bottle opener"", ""tag_text"": ""a red key cover"", ""ring_type"": ""a carabiner""}"
F0146,U0424,I0165,train,laptop,electronics,Found grey notebook computer,en,brief,Library,False,12.9,77.5,2026-08-01 09:01,2026-08-01 11:08,False,,,"{""charger_included"": ""no charger"", ""wallpaper"": ""a cat photo"", ""lid_sticker"": ""a cartoon sticker""}"
F0147,U0178,I0166,train,laptop,electronics,black notebook computer found,en,brief,Girls Hostel,False,12.897305,77.503225,2026-08-25 12:05,2026-08-25 12:08,False,,,"{""charger_included"": ""no charger"", ""lid_sticker"": ""a band sticker"", ""scratch"": ""dent on the lid""}"
F0148,U0578,I0169,train,keys,accessories,"Ye mila hai, owner ko batao: found dark brown keys",hinglish,brief,Girls Hostel,False,12.897305,77.503225,2026-09-07 02:41,2026-09-07 04:51,True,,"a brown keys on the floor, tiny lock key","{""key_count"": ""one key"", ""ring_type"": ""a plastic ring"", ""charm"": ""a small torch""}"
F0149,U0104,I0170,val,laptop,electronics,Found a black laptop. It has sticker on the lid.,en,medium,Main Gate,False,12.898653,77.498157,2026-10-02 21:31,2026-10-02 23:43,True,,"a black laptop on the floor, 15 inch screen","{""scratch"": ""no visible scratch"", ""lid_sticker"": ""a band sticker"", ""wallpaper"": ""a cricket player photo""}"
F0150,U0388,I0172,train,earbuds case,electronics,Found a blue AirPods earbuds case. Details: silicone cover.,en,medium,Auditorium,False,12.901437,77.499447,2026-09-22 05:03,2026-09-22 05:09,False,,,"{""buds_present"": ""both buds present"", ""cover"": ""a glitter cover"", ""charm"": ""a metal ring""}"
F0151,U0627,I0173,train,earbuds case,electronics,"Found a blue AirPods charging case. Details: tiny indicator light, rubber cover.",en,detailed,Playground,False,12.901976,77.498341,2026-09-19 13:19,2026-09-19 15:14,True,,"a blue AirPods earbuds case on the floor, tiny indicator light","{""engraved"": ""initial A"", ""cover"": ""a glitter cover"", ""buds_present"": ""only the left bud""}"
F0152,U0317,I0175,val,power bank,electronics,"Found a white Syska battery pack. Features: type-C input, thin power bank. Kept safely with me.",en,detailed,Canteen,False,12.900359,77.501106,2026-09-01 01:34,2026-09-01 01:51,True,,"a white power bank on the floor, thin power bank","{""cable"": ""no cable"", ""capacity"": ""10000 mAh slim"", ""sticker"": ""a cartoon sticker""}"
F0153,U0307,I0176,val,umbrella,accessories,"Found a pink umbrella. Details: foldable umbrella, automatic open button. Kept safely with me.",en,detailed,Playground,False,12.901976,77.498341,2026-09-03 05:29,2026-09-03 06:17,True,,"a pink Lifelong umbrella on a bench, push-button opening","{""strap_color"": ""a red strap"", ""damage"": ""a bent rib"", ""print"": ""plain inside""}"
F0154,U0481,I0177,train,charger,electronics,Found white adapter with cable,en,brief,Boys Hostel,False,12.902695,77.503686,2026-10-03 07:43,2026-10-03 08:44,True,,"a white Dell charger on a table, cloth braided cable","{""cable_wrap"": ""no wrap"", ""type"": ""a 33W fast charger"", ""damage"": ""a bent pin""}"
F0155,U0442,I0178,train,charger,electronics,Found a white Dell adapter with cable. Details: fast charger.,en,medium,Boys Hostel,False,12.902695,77.503686,2026-09-21 01:27,2026-09-21 02:14,True,,"a white charger on a desk, two-pin adapter","{""cable_wrap"": ""a velcro wrap"", ""type"": ""a 20W phone charger"", ""marking"": ""initials""}"
F0156,U0407,I0179,train,charger,electronics,"Found a dark grey charger. Features: two-pin plug, about 1.5 m cable. Kept safely with me.",en,detailed,Stationery Shop,False,12.899461,77.500276,2026-08-14 13:32,2026-08-14 15:04,False,,,"{""damage"": ""no damage"", ""marking"": ""initials"", ""cable_wrap"": ""a rubber band around the cable""}"
F0157,U0650,I0180,train,charger,electronics,Found a black adapter with cable. Details: fast charging type.,en,medium,Parking Lot,False,12.899461,77.498894,2026-07-20 14:35,2026-07-20 14:40,False,,,"{""cable_wrap"": ""no wrap"", ""damage"": ""a frayed cable near the pin"", ""marking"": ""no marking""}"
F0158,U0658,I0181,train,smartwatch,electronics,Found a blue fitness band. It has scratch on the glass.,en,medium,Bus Stop,False,12.898383,77.497696,2026-07-21 17:59,2026-07-21 19:41,False,,,"{""watch_face"": ""a plain black face"", ""strap_color"": ""a pink strap"", ""extras"": ""no dock""}"
F0159,U0162,I0182,train,wallet,accessories,"Found a tan card holder. Features: zipper coin section, frayed at the edges, looks like leather.",en,detailed,Parking Lot,False,12.899461,77.498894,2026-09-11 16:23,2026-09-11 16:49,True,,"a brown wallet on a table, looks like leather","{""cash_range"": ""100 to 500 rupees"", ""card_in_first_slot"": ""a metro card"", ""photo_inside"": ""a family photo""}"
F0160,U0021,I0183,train,laptop,electronics,Found a sky blue MacBook notebook computer. It has fifteen inch display.,en,medium,Mechanical Block,False,12.898203,77.502396,2026-08-31 23:35,2026-09-01 00:51,True,,"a blue MacBook laptop on a bench, keyboard lights up","{""scratch"": ""dent on the lid"", ""lid_sticker"": ""a cartoon sticker"", ""charger_included"": ""only the cable""}"
F0161,U0447,I0184,train,smartwatch,electronics,Found a rose watch. It has square dial.,en,medium,Security Desk,True,12.898293,77.499816,2026-09-24 15:36,2026-09-24 16:31,True,,"a pink Noise smartwatch on the floor, silicone strap","{""damage"": ""a scratch on the glass"", ""strap_color"": ""a blue strap"", ""extras"": ""no dock""}"
F0162,U0780,I0186,train,earbuds case,electronics,black small case found,en,brief,Admin Block,False,12.898203,77.499816,2026-10-03 21:15,2026-10-03 23:05,True,,"a dark earbuds case on the floor, hook for a lanyard","{""charm"": ""no charm"", ""buds_present"": ""no buds"", ""engraved"": ""a name label""}"
F0163,U0072,I0187,train,keys,accessories,Found a tan spectacle case. Features: cloth pouch type.,en,medium,ECE Block,False,12.899192,77.501382,2026-08-04 09:40,2026-08-04 11:04,True,,"a brown spectacles case on a desk, tiny logo on the front","{""lens_condition"": ""no scratches"", ""frame_color"": ""brown frame"", ""case_inside"": ""a screwdriver kit""}"
F0164,U0262,I0188,train,power bank,electronics,Found black charger bank,en,brief,Admin Block,False,12.898203,77.499816,2026-08-24 17:11,2026-08-24 19:45,True,,"a black Ambrane power bank on a desk, rubber finish","{""cable"": ""a short white cable attached"", ""damage"": ""a scratched back"", ""capacity"": ""20000 mAh""}"
F0165,U0457,I0189,val,power bank,electronics,Found black charger,en,brief,Main Gate,False,12.898653,77.498157,2026-09-04 15:56,2026-09-04 18:54,True,,"a black Mi charger on a desk, braided cable","{""type"": ""a 33W fast charger"", ""cable_wrap"": ""a velcro wrap"", ""damage"": ""no damage""}"
F0166,U0780,I0190,val,charger,electronics,"Found a black adapter with cable. Features: two-pin adapter, about 1.5 m cable. Kept safely with me.",en,detailed,Bus Stop,False,12.898383,77.497696,2026-08-28 09:47,2026-08-28 10:54,True,,"a dark grey Mi charger on a table, about 1.5 m cable","{""marking"": ""initials"", ""type"": ""a 33W fast charger"", ""damage"": ""no damage""}"
F0167,U0443,I0191,test,phone,electronics,Found a red smartphone. Details: transparent case.,en,medium,Playground,False,12.901976,77.498341,2026-09-08 09:33,2026-09-08 11:19,True,,"a red OnePlus phone on a bench, clear back cover","{""screen_damage"": ""crack at top-left corner"", ""back_sticker"": ""a small smiley sticker"", ""case_type"": ""green case with raised corners""}"
F0168,U0510,I0192,train,smartwatch,electronics,Found a pink boAt watch. It has rectangular screen.,en,medium,CS Block,False,12.899012,77.500737,2026-07-22 05:03,2026-07-22 07:35,True,,"a pink smartwatch on a bench, silicone strap","{""damage"": ""a scuffed corner"", ""strap_color"": ""a pink strap"", ""extras"": ""a spare strap in a pouch""}"
F0169,U0343,I0193,test,umbrella,accessories,light pink umbrella found,en,brief,CS Block,False,12.899012,77.500737,2026-09-26 12:35,2026-09-26 12:41,True,,"a pink umbrella on the floor, bent rib","{""handle"": ""a straight handle"", ""print"": ""a checked pattern"", ""strap_color"": ""a black Velcro strap""}"
F0170,U0124,I0194,test,keys,accessories,brown keys found,en,brief,Admin Block,False,12.898203,77.499816,2026-07-23 11:42,2026-07-23 13:41,True,,"a brown keys on the floor, two-wheeler key with cover","{""tag_text"": ""a room number"", ""ring_type"": ""a split ring with a loop"", ""key_count"": ""two keys""}"
F0171,U0692,I0196,train,earbuds case,electronics,Found a blue Noise airpods case. It has lanyard hook.,en,medium,Playground,False,12.901976,77.498341,2026-09-09 22:05,2026-09-09 22:32,True,,"a blue Noise earbuds case on the floor, tiny indicator light","{""charm"": ""a metal ring"", ""engraved"": ""initial S"", ""buds_present"": ""only the right bud""}"
F0172,U0764,I0197,train,water bottle,drinkware,Found a orange flask. Details: flip-top lid.,en,medium,Bus Stop,False,12.898383,77.497696,2026-07-21 18:10,2026-07-21 20:48,True,,"a orange water bottle on a desk, one litre bottle","{""strap"": ""a rope handle"", ""dent_location"": ""scratch on the side"", ""sticker"": ""an NGO logo sticker""}"
F0173,U0718,I0199,train,notebook,stationery,Found a book.,en,brief,Bus Stop,False,12.898383,77.497696,2026-08-06 04:34,2026-08-06 06:46,True,,"a black notebook on a desk, sticky notes inside","{""cover_doodle"": ""subject name only"", ""loose_item"": ""a sticky note inside"", ""first_page"": ""an empty first page""}"
F0174,U0457,I0201,test,charger,electronics,Found a black adapter with cable. Features: two-pin adapter.,en,medium,Girls Hostel,False,12.897305,77.503225,2026-09-01 22:37,2026-09-02 00:00,False,,,"{""cable_wrap"": ""a rubber band around the cable"", ""type"": ""a USB cable with adapter"", ""marking"": ""a name written in marker""}"
F0175,U0430,I0202,test,charger,electronics,dark adapter with cable found,en,brief,Girls Hostel,False,12.897305,77.503225,2026-09-18 14:17,2026-09-18 16:58,True,,"a black charger on a bench, about 1.5 m cable","{""damage"": ""no damage"", ""cable_wrap"": ""a velcro wrap"", ""marking"": ""initials""}"
F0176,U0021,I0203,train,calculator,stationery,Found a silver-grey Citizen calculator. It has some keys faded.,en,medium,Canteen,False,12.900359,77.501106,2026-07-26 06:30,2026-07-26 07:48,True,,"a gray Citizen calculator on the floor, faded keys","{""damage"": ""a missing key cap"", ""name_marking"": ""initials on the cover"", ""cover"": ""a black slide cover""}"
F0177,U0066,I0204,train,spectacles case,accessories,"Mujhe mila hai: found a red keychain. Details: metal ring, small padlock key.",hinglish,detailed,Security Desk,True,12.898293,77.499816,2026-08-12 20:37,2026-08-12 22:24,False,,,"{""key_count"": ""one key"", ""charm"": ""a cartoon figure"", ""tag_text"": ""no tag""}"
F0178,U0685,I0205,train,smartwatch,electronics,pink fitness band found,en,brief,Library,False,12.9,77.5,2026-08-01 17:58,2026-08-01 20:35,True,,"a pink Amazfit smartwatch on a table, rectangular screen","{""extras"": ""a spare strap in a pouch"", ""strap_color"": ""a blue strap"", ""watch_face"": ""a family photo face""}"
F0179,U0342,I0206,train,keys,accessories,Found a dark brown keys. Details: tiny lock key.,en,medium,ECE Block,False,12.899192,77.501382,2026-09-09 06:52,2026-09-09 08:26,True,,"a brown keys on a desk, plastic tag","{""ring_type"": ""a carabiner"", ""charm"": ""a plastic football"", ""tag_text"": ""a hostel name""}"
F0180,U0394,I0207,train,smartwatch,electronics,pink fitness band found,en,brief,Admin Block,False,12.898203,77.499816,2026-08-03 11:56,2026-08-03 12:31,True,,"a pink smartwatch on a bench, rubber strap","{""watch_face"": ""an analog face"", ""strap_color"": ""a metal strap"", ""damage"": ""a scuffed corner""}"
F0181,U0155,I0208,train,calculator,stationery,Found light blue scientific calculator,en,brief,Admin Block,False,12.898203,77.499816,2026-08-07 16:12,2026-08-07 17:43,False,,,"{""damage"": ""a faded 7 key"", ""name_marking"": ""no marking"", ""cover"": ""no cover""}"
F0182,U0225,I0210,train,phone,electronics,Found a silver mobile. It has dual camera.,en,medium,CS Block,False,12.899012,77.500737,2026-08-18 15:22,2026-08-18 16:45,True,,"a silver phone on a desk, dual camera","{""screen_damage"": ""small chip on the bottom edge"", ""back_sticker"": ""a band logo sticker"", ""wallpaper"": ""an anime character""}"
F0183,U0328,I0212,test,keys,accessories,Found a silver keychain. Features: small padlock key.,en,medium,Bus Stop,False,12.898383,77.497696,2026-08-12 12:35,2026-08-12 13:49,True,,"a silver keys on a bench, tag hanging from it","{""key_count"": ""two keys"", ""charm"": ""a bottle opener"", ""ring_type"": ""a split ring with a loop""}"
F0184,U0298,I0213,train,calculator,stationery,Found a blue Casio calculator. Features: some keys faded.,en,medium,Bus Stop,False,12.898383,77.497696,2026-09-11 05:15,2026-09-11 05:29,True,,"a blue Casio calculator on a desk, solar strip on top","{""damage"": ""a faded 7 key"", ""model"": ""fx-82MS"", ""name_marking"": ""a sticker with a roll number""}"
F0185,U0448,I0214,train,umbrella,accessories,navy blue umbrella found,en,brief,Playground,False,12.901976,77.498341,2026-09-07 14:10,2026-09-07 16:41,True,,"a navy blue umbrella on the floor, printed edges","{""strap_color"": ""no strap"", ""handle"": ""a curved wooden handle"", ""damage"": ""a bent rib""}"
F0186,U0567,I0215,val,other,accessories,"Found a maroon Hidesign purse. Features: leather finish, zip coin pocket, metal logo. Kept safely with me.",en,detailed,Auditorium,False,12.901437,77.499447,2026-09-18 06:41,2026-09-18 07:04,True,,"a dark red Hidesign wallet on a bench, looks like leather","{""cash_range"": ""100 to 500 rupees"", ""card_in_first_slot"": ""a college ID"", ""other_item"": ""a library slip""}"
F0187,U0037,I0216,train,phone,electronics,"Found a white Samsung phone. Details: transparent case, two cameras at the back, crack on the top corner. Kept safely with me.",en,detailed,Playground,False,12.901976,77.498341,2026-09-26 05:57,2026-09-26 06:37,True,,"a white phone on a desk, two cameras at the back","{""wallpaper"": ""an anime character"", ""screen_damage"": ""a dead pixel line"", ""back_sticker"": ""no sticker""}"
F0188,U0018,I0218,train,charger,electronics,Found a white Realme charger. It has about 1.5 m cable.,en,medium,Boys Hostel,False,12.902695,77.503686,2026-08-25 08:08,2026-08-25 10:46,False,,,"{""cable_wrap"": ""a velcro wrap"", ""damage"": ""a bent pin"", ""marking"": ""a name written in marker""}"
F0189,U0417,I0219,train,backpack,bags,Found a navy blue bag. It has two front zips.,en,medium,Stationery Shop,False,12.899461,77.500276,2026-09-09 16:37,2026-09-09 17:45,True,,"a navy blue American Tourister backpack on a table, double zip on the front","{""front_pocket_contents"": ""a lunch box"", ""keychain"": ""no keychain"", ""tag_or_sticker"": ""a yellow ribbon on the zip""}"
F0190,U0225,I0220,train,wallet,accessories,"Found a grey purse. Details: zipper coin section, frayed at the edges, metal logo. Kept safely with me.",en,detailed,Gym,False,12.901797,77.501843,2026-09-11 12:05,2026-09-11 12:29,True,,"a grey wallet on a table, zip coin pocket","{""other_item"": ""a folded receipt"", ""photo_inside"": ""a small deity picture"", ""cash_range"": ""no cash""}"
F0191,U0610,I0221,train,spectacles case,accessories,"Found a red Titan glasses case. It has tiny logo on the front, hard case.",en,detailed,Canteen,False,12.900359,77.501106,2026-09-22 20:36,2026-09-22 23:05,False,,,"{""lens_condition"": ""a slightly loose screw"", ""frame_color"": ""brown frame"", ""case_inside"": ""a spare nose pad""}"
F0192,U0136,I0222,test,charger,electronics,Found a white Samsung charger. Details: two-pin plug.,en,medium,Stationery Shop,False,12.899461,77.500276,2026-09-04 17:47,2026-09-04 19:27,False,,,"{""marking"": ""a name written in marker"", ""damage"": ""a cracked adapter body"", ""type"": ""a USB cable with adapter""}"
F0193,U0656,I0223,val,spectacles case,accessories,Mujhe mila hai: found tan specs box,hinglish,brief,Library,False,12.9,77.5,2026-09-16 16:16,2026-09-16 17:11,True,,"a brown Titan spectacles case on a table, hard shell","{""case_print"": ""a logo of an optical shop"", ""lens_condition"": ""a slightly loose screw"", ""frame_color"": ""silver frame""}"
F0194,U0099,I0224,train,power bank,electronics,"Ye mila hai, owner ko batao: found a silver Ambrane battery pack. It has rubber finish.",hinglish,medium,ECE Block,False,12.899192,77.501382,2026-09-24 10:34,2026-09-24 11:57,False,,,"{""capacity"": ""10000 mAh slim"", ""cable"": ""no cable"", ""sticker"": ""a name sticker""}"
F0195,U0023,I0225,train,power bank,electronics,Mujhe mila hai: found a power bank.,hinglish,brief,Library,False,12.9,77.5,2026-07-21 17:53,2026-07-21 20:10,False,,,"{""damage"": ""a dent on one corner"", ""sticker"": ""a cartoon sticker"", ""cable"": ""a lightning cable""}"
F0196,U0051,I0226,train,earbuds case,electronics,cream earbuds case found,en,brief,Stationery Shop,False,12.899461,77.500276,2026-09-27 04:54,2026-09-27 05:26,True,,"a white earbuds case on a table, silicone cover","{""engraved"": ""a heart drawn with marker"", ""cover"": ""a plain case"", ""buds_present"": ""only the right bud""}"
F0197,U0465,I0227,train,backpack,bags,maroon-ish red rucksack found,en,brief,Girls Hostel,False,12.897305,77.503225,2026-08-11 23:01,2026-08-12 01:10,True,,"a red backpack on a bench, reflective strip","{""keychain"": ""no keychain"", ""inner_lining_color"": ""orange"", ""tag_or_sticker"": ""a bus pass holder""}"
F0198,U0233,I0228,train,phone,electronics,"Found a black Samsung phone. Details: ring holder on the back, crack on the top corner. Kept safely with me.",en,detailed,ECE Block,False,12.899192,77.501382,2026-09-05 00:23,2026-09-05 03:21,True,,"a black Samsung phone on the floor, pop socket on the back","{""back_sticker"": ""no sticker"", ""wallpaper"": ""plain black"", ""case_type"": ""no case""}"
F0199,U0781,I0229,train,earbuds case,electronics,Found pink small case,en,brief,Main Gate,False,12.898653,77.498157,2026-08-03 16:02,2026-08-03 16:42,True,,"a pink earbuds case on a desk, hook for a lanyard","{""cover"": ""a cartoon silicone cover"", ""engraved"": ""a heart drawn with marker"", ""buds_present"": ""only the left bud""}"
F0200,U0125,I0230,train,earbuds case,electronics,"Ye mila hai, owner ko batao: found a pink charging case. Features: rubber cover, hook for a lanyard.",hinglish,detailed,Main Gate,False,12.898653,77.498157,2026-08-31 12:49,2026-08-31 13:40,False,,,"{""cover"": ""a silicone cover with a hook"", ""buds_present"": ""only the left bud"", ""engraved"": ""no marking""}"
F0201,U0666,I0231,val,laptop,electronics,Found a laptop.,en,brief,Mechanical Block,False,12.898203,77.502396,2026-08-01 23:49,2026-08-02 01:08,True,,"a silver Acer laptop on a bench, backlit keyboard","{""scratch"": ""dent on the lid"", ""wallpaper"": ""a mountain sunset"", ""lid_sticker"": ""no sticker""}"
F0202,U0675,I0232,train,earbuds case,electronics,"Found a whiet small case. Details: silicone cover, tiny indicator light, scratches on the lid.",en,detailed,Gym,False,12.901797,77.501843,2026-09-11 16:21,2026-09-11 19:04,True,,"a white earbuds case on a desk, small LED light","{""buds_present"": ""only the right bud"", ""charm"": ""a tiny bear charm"", ""engraved"": ""no marking""}"
F0203,U0549,I0233,train,earbuds case,electronics,Found a off-white airpods case. It has samll LED light.,en,medium,Boys Hostel,False,12.902695,77.503686,2026-09-12 16:46,2026-09-12 17:56,True,,"a white earbuds case on a table, tiny indicator light","{""buds_present"": ""only the right bud"", ""charm"": ""no charm"", ""engraved"": ""initial R""}"
F0204,U0027,I0235,train,spectacles case,accessories,Found maroon-ish red spectacle case,en,brief,Girls Hostel,False,12.897305,77.503225,2026-09-24 03:33,2026-09-24 04:40,True,,"a red spectacles case on the floor, small logo","{""case_inside"": ""no cloth"", ""case_print"": ""a floral print"", ""lens_condition"": ""a scratch on the right lens""}"
F0205,U0190,I0236,train,laptop,electronics,Found a blue notebook computer. Details: in a black laptop sleeve.,en,medium,Mechanical Block,False,12.898203,77.502396,2026-07-24 15:12,2026-07-24 16:15,True,,"a blue laptop on a bench, black sleeve","{""lid_sticker"": ""a band sticker"", ""wallpaper"": ""a beach photo"", ""scratch"": ""dent on the lid""}"
F0206,U0052,I0237,train,spectacles case,accessories,Found a brown specs box. It has small logo.,en,medium,Auditorium,False,12.901437,77.499447,2026-09-04 07:49,2026-09-04 08:19,False,,,"{""case_inside"": ""a visiting card"", ""case_print"": ""no logo"", ""frame_color"": ""brown frame""}"
F0207,U0568,I0238,val,keys,accessories,Found a keys.,en,brief,Mechanical Block,False,12.898203,77.502396,2026-08-12 11:34,2026-08-12 13:07,True,,"a black keys on a table, plastic tag","{""ring_type"": ""a split ring with a loop"", ""key_count"": ""one key"", ""tag_text"": ""a hostel name""}"
F0208,U0684,I0239,train,notebook,stationery,Found orange Navneet notebook,en,brief,Girls Hostel,False,12.897305,77.503225,2026-08-04 23:40,2026-08-05 00:08,True,,"a orange Navneet notebook on a table, coloured sticky notes sticking out","{""cover_doodle"": ""a coffee stain"", ""first_page"": ""an empty first page"", ""loose_item"": ""nothing inside""}"
F0209,U0195,I0240,train,keys,accessories,Found a red keychain. It has metal ring.,en,medium,Main Gate,False,12.898653,77.498157,2026-08-22 13:08,2026-08-22 14:48,False,,,"{""charm"": ""a cartoon figure"", ""tag_text"": ""a room number"", ""key_count"": ""three keys""}"
F0210,U0721,I0242,val,power bank,electronics,white Ambrane charger bank found,en,brief,Girls Hostel,False,12.897305,77.503225,2026-09-15 23:23,2026-09-16 00:34,True,,"a white power bank on the floor, thin power bank","{""capacity"": ""10000 mAh slim"", ""sticker"": ""a cartoon sticker"", ""damage"": ""no damage""}"
F0211,U0039,I0243,train,smartwatch,electronics,Found a green Fire-Boltt fitness band. It has round dial.,en,medium,Girls Hostel,False,12.897305,77.503225,2026-07-22 13:48,2026-07-22 15:42,False,,,"{""strap_color"": ""a black strap"", ""watch_face"": ""a plain black face"", ""extras"": ""a spare strap in a pouch""}"
F0212,U0795,I0244,train,notebook,stationery,Found a maroon-ish red record book. It has hard cover.,en,medium,Security Desk,True,12.898293,77.499816,2026-09-22 04:12,2026-09-22 05:25,False,,,"{""loose_item"": ""a sticky note inside"", ""cover_doodle"": ""a name label"", ""subject"": ""Physics""}"
F0213,U0290,I0245,train,umbrella,accessories,Found a red Lifelong umbrella. Details: foldable umbrella.,en,medium,Bus Stop,False,12.898383,77.497696,2026-09-06 08:34,2026-09-06 10:44,False,,,"{""print"": ""plain inside"", ""damage"": ""a bent rib"", ""strap_color"": ""a red strap""}"
F0214,U0660,I0246,test,smartwatch,electronics,Found a green smartwatch. Details: round dial.,en,medium,Girls Hostel,False,12.897305,77.503225,2026-09-20 08:28,2026-09-20 08:33,True,,"a green smartwatch on a desk, rectangular screen","{""watch_face"": ""an analog face"", ""strap_color"": ""a blue strap"", ""extras"": ""a spare strap in a pouch""}"
F0215,U0644,I0247,train,power bank,electronics,Found dark power bank,en,brief,Parking Lot,False,12.899461,77.498894,2026-09-07 15:32,2026-09-07 17:39,True,,"a black Ambrane power bank on the floor, matte rubber finish","{""sticker"": ""no sticker"", ""capacity"": ""10000 mAh slim"", ""cable"": ""no cable""}"
F0216,U0485,I0248,train,power bank,electronics,"Ye mila hai, owner ko batao: found a black charger bank. Details: thin power bank.",hinglish,medium,Bus Stop,False,12.898383,77.497696,2026-09-07 21:26,2026-09-08 00:01,True,,"a black Ambrane power bank on the floor, USB-C port","{""damage"": ""no damage"", ""cable"": ""a short white cable attached"", ""sticker"": ""a price sticker""}"
F0217,U0106,I0249,train,wallet,accessories,"Found a black Wildcraft purse. It has zip coin pocket, metal logo.",en,detailed,Auditorium,False,12.901437,77.499447,2026-09-19 17:37,2026-09-19 20:05,False,,,"{""other_item"": ""a movie ticket"", ""cash_range"": ""no cash"", ""card_in_first_slot"": ""a library card""}"
F0218,U0777,I0250,train,smartwatch,electronics,Found a dark airpods case. It has scuffed lid.,en,medium,ECE Block,False,12.899192,77.501382,2026-08-25 16:46,2026-08-25 17:09,True,,"a black earbuds case on a bench, lanyard hook","{""cover"": ""a glitter cover"", ""engraved"": ""a heart drawn with marker"", ""buds_present"": ""both buds present""}"
F0219,U0061,I0251,train,water bottle,drinkware,Found pink flask,en,brief,ECE Block,False,12.899192,77.501382,2026-09-05 15:14,2026-09-05 17:58,False,,,"{""strap"": ""a loop on the cap"", ""content"": ""empty"", ""sticker"": ""a cartoon sticker""}"
F0220,U0720,I0252,train,smartwatch,electronics,white fitness band found,en,brief,Security Desk,True,12.898293,77.499816,2026-09-23 10:48,2026-09-23 11:07,True,,"a white smartwatch on a table, rubber strap","{""strap_color"": ""an olive strap"", ""damage"": ""a loose strap"", ""extras"": ""a spare strap in a pouch""}"
F0221,U0433,I0253,val,spectacles case,accessories,Found a brown Titan specs box. It has hard case.,en,medium,CS Block,False,12.899012,77.500737,2026-09-04 15:06,2026-09-04 16:02,True,,"a brown Titan spectacles case on a bench, cloth pouch type","{""case_inside"": ""a visiting card"", ""frame_color"": ""silver frame"", ""lens_condition"": ""a slightly loose screw""}"
F0222,U0297,I0254,val,spectacles case,accessories,"Found a dark brown spetcacle case. It has small logo, soft pouch.",en,detailed,Library,False,12.9,77.5,2026-09-30 19:43,2026-09-30 20:33,True,,"a brown spectacles case on a desk, tiny logo on the front","{""case_print"": ""no logo"", ""frame_color"": ""brown frame"", ""lens_condition"": ""no scratches""}"
F0223,U0308,I0256,val,umbrella,accessories,Found a black umbrella. It has one bent rib.,en,medium,Playground,False,12.901976,77.498341,2026-09-29 21:22,2026-09-29 21:40,True,,"a black Fastrack umbrella on the floor, bent rib","{""damage"": ""a bent rib"", ""strap_color"": ""a red strap"", ""print"": ""a company logo""}"
F0224,U0676,I0257,val,spectacles case,accessories,"Found a black Fastrack umbrella. Details: printed edges, folding type.",en,detailed,Playground,False,12.901976,77.498341,2026-09-26 10:38,2026-09-26 12:30,True,,"a black umbrella on a table, pattern on the border","{""handle"": ""a straight handle"", ""damage"": ""a bent rib"", ""print"": ""floral print inside""}"
F0225,U0567,I0258,train,calculator,stationery,oFund a blue Casio calculator. Features: scientific type.,en,medium,Girls Hostel,False,12.897305,77.503225,2026-08-18 14:38,2026-08-18 16:21,True,,"a blue Casio calculator on a bench, some keys faded","{""model"": ""fx-82MS"", ""name_marking"": ""a sticker with a roll number"", ""damage"": ""a missing key cap""}"
F0226,U0638,I0259,train,power bank,electronics,Found white battery pack,en,brief,Girls Hostel,False,12.897305,77.503225,2026-09-09 10:31,2026-09-09 11:03,True,,"a white Anker power bank on a bench, slim body","{""damage"": ""a scratched back"", ""capacity"": ""10000 mAh"", ""sticker"": ""no sticker""}"
F0227,U0247,I0260,test,notebook,stationery,light blue record book found,en,brief,Mechanical Block,False,12.898203,77.502396,2026-09-30 20:25,2026-09-30 21:20,True,,"a light blue notebook on the floor, hard cover","{""cover_doodle"": ""a sticker of a planet"", ""loose_item"": ""a sticky note inside"", ""subject"": ""Machine Learning""}"
F0228,U0523,I0261,train,phone,electronics,"Found a green phone. Details: crack on the top corner, transparent case, ring holder on the back.",en,detailed,Gym,False,12.901797,77.501843,2026-08-12 05:09,2026-08-12 06:48,True,,"a green iPhone phone on a desk, ring holder on the back","{""back_sticker"": ""a metro card in the cover"", ""screen_damage"": ""crack at top-left corner"", ""case_type"": ""flip cover""}"
F0229,U0581,I0262,train,keys,accessories,Found a brown key bunch. Features: small padlock key.,en,medium,Canteen,False,12.900359,77.501106,2026-08-12 12:22,2026-08-12 12:32,True,,"a brown keys on the floor, small padlock key","{""tag_text"": ""no tag"", ""charm"": ""a leather tag"", ""ring_type"": ""a steel ring""}"
F0230,U0111,I0263,test,wallet,accessories,"Found a black Woodland purse. Details: zip coin pocket, looks like leather, small metal logo. Kept safely with me.",en,detailed,Stationery Shop,False,12.899461,77.500276,2026-09-27 11:37,2026-09-27 13:43,False,,,"{""cash_range"": ""100 to 500 rupees"", ""other_item"": ""a visiting card"", ""card_in_first_slot"": ""a bus pass""}"
F0231,U0569,I0264,train,laptop,electronics,"Ye mila hai, owner ko batao: found blue laptop",hinglish,brief,Admin Block,False,12.898203,77.499816,2026-09-26 23:42,2026-09-27 01:18,False,,,"{""wallpaper"": ""an anime character"", ""scratch"": ""worn keys near the touchpad"", ""lid_sticker"": ""a GitHub sticker""}"
F0232,U0273,I0265,train,laptop,electronics,Found a light blue notebook computer. Features: in a black laptop sleeve.,en,medium,Admin Block,False,12.898203,77.499816,2026-07-22 15:34,2026-07-22 15:50,True,,"a light blue Dell laptop on the floor, fifteen inch display","{""lid_sticker"": ""a cartoon sticker"", ""wallpaper"": ""a family photo"", ""charger_included"": ""no charger""}"
F0233,U0740,I0267,test,water bottle,drinkware,Found a silver Milton flask. Details: stainless steel.,en,medium,Main Gate,False,12.898653,77.498157,2026-08-22 21:39,2026-08-22 22:26,True,,"a silver Milton water bottle on a table, stainless steel","{""content"": ""a lemon slice inside"", ""strap"": ""no strap"", ""dent_location"": ""dent near the bottom""}"
F0234,U0045,I0268,train,laptop,electronics,"Found a grey Asus notebook computer. Features: keyboard lights up, stickers on the top cover, fifteen inch display.",en,detailed,Bus Stop,False,12.898383,77.497696,2026-08-04 14:39,2026-08-04 14:42,True,,"a gray Asus laptop on a bench, stickers on the top cover","{""wallpaper"": ""an anime character"", ""scratch"": ""dent on the lid"", ""lid_sticker"": ""a band sticker""}"
F0235,U0400,I0269,val,smartwatch,electronics,"Found a green Noise smartwatch. It has rectangular screen, glass slightly scratched.",en,detailed,Parking Lot,False,12.899461,77.498894,2026-07-25 04:26,2026-07-25 05:18,True,,"a green smartwatch on a desk, scratch on the glass","{""extras"": ""the charging dock in a pouch"", ""damage"": ""a scratch on the glass"", ""strap_color"": ""an olive strap""}"
F0236,U0584,I0270,val,phone,electronics,Found a green smartwatch. It has scratch on the glass.,en,medium,Parking Lot,False,12.899461,77.498894,2026-09-18 08:56,2026-09-18 10:33,True,,"a green Noise smartwatch on a desk, round dial","{""damage"": ""a scuffed corner"", ""strap_color"": ""a metal strap"", ""extras"": ""the charging dock in a pouch""}"
F0237,U0325,I0271,train,laptop,electronics,"Found a silver Dell notebook computer. It has backlit keyboard, 15 inch screen. Kept safely with me.",en,detailed,Security Desk,True,12.898293,77.499816,2026-10-02 01:53,2026-10-02 04:39,True,,"a silver laptop on a table, backlit keyboard","{""wallpaper"": ""a beach photo"", ""charger_included"": ""yes, with an extension cord"", ""scratch"": ""no visible scratch""}"
F0238,U0354,I0272,train,phone,electronics,Fuond a smartphone.,en,brief,Bus Stop,False,12.898383,77.497696,2026-09-16 15:48,2026-09-16 16:36,False,,,"{""case_type"": ""black silicone case"", ""screen_damage"": ""a dead pixel line"", ""back_sticker"": ""a band logo sticker""}"
F0239,U0074,I0273,train,phone,electronics,"Found a blue OnePlus phone. Details: crack on the top corner, transparent case.",en,detailed,Main Gate,False,12.898653,77.498157,2026-07-20 19:34,2026-07-20 19:54,True,,"a sky blue phone on the floor, crack on the top corner","{""wallpaper"": ""a car photo"", ""screen_damage"": ""no cracks"", ""case_type"": ""transparent case""}"
F0240,U0263,I0274,train,wallet,accessories,"Found a grey Woodland purse. It has metal logo, worn edges, zipper coin section.",en,detailed,ECE Block,False,12.899192,77.501382,2026-08-22 19:18,2026-08-22 20:08,False,,,"{""other_item"": ""a movie ticket"", ""cash_range"": ""under 100 rupees"", ""photo_inside"": ""no photo""}"
F0241,U0446,I0275,train,wallet,accessories,Found a purse.,en,brief,Library,False,12.9,77.5,2026-08-15 20:57,2026-08-15 22:23,False,,,"{""cash_range"": ""under 100 rupees"", ""card_in_first_slot"": ""a library card"", ""photo_inside"": ""a passport-size photo""}"
F0242,U0632,I0276,train,wallet,accessories,Found a maroon wallet. Details: metal logo.,en,medium,ECE Block,False,12.899192,77.501382,2026-09-14 07:08,2026-09-14 08:33,True,,"a maroon Wildcraft wallet on a desk, metal logo","{""other_item"": ""a visiting card"", ""card_in_first_slot"": ""a library card"", ""photo_inside"": ""a small deity picture""}"
F0243,U0508,I0277,train,keys,accessories,"Found a black keychain. Details: plastic tag, tiny lock key.",en,detailed,Library,False,12.9,77.5,2026-09-07 21:44,2026-09-08 00:39,True,,"a black keys on the floor, small padlock key","{""key_count"": ""three keys"", ""tag_text"": ""no tag"", ""charm"": ""a bell charm""}"
F0244,U0589,I0278,train,other,electronics,Found a rose smartwatch. Features: square dial.,en,medium,Security Desk,True,12.898293,77.499816,2026-08-07 16:57,2026-08-07 17:46,True,,"a pink Apple Watch smartwatch on the floor, glass slightly scratched","{""damage"": ""a loose strap"", ""strap_color"": ""a pink strap"", ""watch_face"": ""a family photo face""}"
F0245,U0658,I0279,train,laptop,electronics,grey notebook computer found,en,brief,Bus Stop,False,12.898383,77.497696,2026-09-08 11:44,2026-09-08 12:24,False,,,"{""scratch"": ""scratch on the left corner"", ""charger_included"": ""yes, with a black adapter"", ""lid_sticker"": ""a Python sticker""}"
F0246,U0590,I0280,train,laptop,electronics,Found a gray notebook computer. It has backlit keyboard.,en,medium,Main Gate,False,12.898653,77.498157,2026-07-27 14:54,2026-07-27 17:11,True,,"a grey MacBook laptop on a table, keyboard lights up","{""wallpaper"": ""plain black"", ""scratch"": ""no visible scratch"", ""lid_sticker"": ""no sticker""}"
F0247,U0240,I0281,train,laptop,electronics,"Found a dark grey laptop. Details: keyboard lgihts up, fifteen inch display, black sleeve. Kept safely with me.",en,detailed,Stationery Shop,False,12.899461,77.500276,2026-07-22 10:14,2026-07-22 12:33,True,,"a black laptop on a bench, 15 inch screen","{""charger_included"": ""no charger"", ""scratch"": ""dent on the lid"", ""wallpaper"": ""a family photo""}"
F0248,U0525,I0282,test,spectacles case,accessories,"Ye mila hai, owner ko batao: found a wallet.",hinglish,brief,CS Block,False,12.899012,77.500737,2026-08-02 03:20,2026-08-02 05:01,False,,,"{""photo_inside"": ""a passport-size photo"", ""card_in_first_slot"": ""a college ID"", ""cash_range"": ""100 to 500 rupees""}"
F0249,U0778,I0283,train,earbuds case,electronics,"Found a pink AirPods charging case. Features: small LED light, lanyard hook, scratches on the lid.",en,detailed,Main Gate,False,12.898653,77.498157,2026-09-18 07:33,2026-09-18 08:44,True,,"a pink AirPods earbuds case on a table, hook for a lanyard","{""charm"": ""no charm"", ""engraved"": ""a heart drawn with marker"", ""buds_present"": ""no buds""}"
F0250,U0085,I0284,test,phone,electronics,Found a off-white iPhone mobile. Features: transparent case.,en,medium,Canteen,False,12.900359,77.501106,2026-07-22 03:21,2026-07-22 04:55,True,,"a white phone on a table, dual camera","{""case_type"": ""blue hard case"", ""wallpaper"": ""an anime character"", ""screen_damage"": ""small chip on the bottom edge""}"
F0251,U0777,I0285,train,power bank,electronics,"Mujhe mila hai: found a white battery pack. Features: matte rubber finish, slim body.",hinglish,detailed,Auditorium,False,12.901437,77.499447,2026-08-20 23:45,2026-08-20 23:52,True,,"a white power bank on the floor, rubber finish","{""cable"": ""a lightning cable"", ""sticker"": ""a name sticker"", ""capacity"": ""20000 mAh""}"
F0252,U0020,I0286,train,power bank,electronics,white charger bank found,en,brief,Auditorium,False,12.901437,77.499447,2026-09-25 11:50,2026-09-25 12:11,True,,"a white power bank on a table, slim body","{""sticker"": ""a price sticker"", ""capacity"": ""20000 mAh with display"", ""damage"": ""no damage""}"
F0253,U0464,I0287,val,earbuds case,electronics,Found a black charging case. Features: hook for a lanyard.,en,medium,Girls Hostel,False,12.897305,77.503225,2026-09-04 17:19,2026-09-04 17:57,True,,"a black earbuds case on a table, hook for a lanyard","{""charm"": ""a tiny bear charm"", ""buds_present"": ""no buds"", ""cover"": ""a plain case""}"
F0254,U0327,I0289,test,notebook,stationery,"Found a orange Classmate record book. It has about two hundred pages, spiral bound.",en,detailed,Canteen,False,12.900359,77.501106,2026-08-14 03:01,2026-08-14 05:33,True,,"a orange Classmate notebook on the floor, 200 pages","{""subject"": ""Operating Systems"", ""first_page"": ""an empty first page"", ""cover_doodle"": ""no marking""}"
F0255,U0790,I0290,test,notebook,stationery,Found a red record book. Features: 200 pages.,en,medium,Security Desk,True,12.898293,77.499816,2026-10-03 20:46,2026-10-03 21:08,True,,"a red notebook on a table, about two hundred pages","{""subject"": ""Physics"", ""loose_item"": ""nothing inside"", ""first_page"": ""a name and roll number""}"
F0256,U0120,I0291,test,power bank,electronics,Found a power bank.,en,brief,Main Gate,False,12.898653,77.498157,2026-09-16 13:10,2026-09-16 14:24,True,,"a blue Mi power bank on a bench, slim body","{""damage"": ""a dent on one corner"", ""capacity"": ""5000 mAh"", ""cable"": ""a short white cable attached""}"
F0257,U0360,I0292,test,power bank,electronics,"Found a blue Mi battery pack. It has type-C input, four indicator lights.",en,detailed,Admin Block,False,12.898203,77.499816,2026-08-18 14:02,2026-08-18 15:25,True,,"a blue power bank on a bench, LED indicator","{""damage"": ""a scratched back"", ""cable"": ""a short white cable attached"", ""capacity"": ""20000 mAh with display""}"
F0258,U0387,I0293,train,phone,electronics,"Ye mila hai, owner ko batao: metallic Redmi smartphone found",hinglish,brief,Gym,False,12.901797,77.501843,2026-07-31 19:05,2026-07-31 19:31,True,,"a silver phone on a table, cracked screen corner","{""screen_damage"": ""small chip on the bottom edge"", ""case_type"": ""black silicone case"", ""back_sticker"": ""no sticker""}"
F0259,U0201,I0294,test,umbrella,accessories,"Found a pink umbrella. Details: bent rib, foldable umbrella, pattern on the border.",en,detailed,Library,False,12.9,77.5,2026-09-26 20:28,2026-09-26 21:50,True,,"a pink umbrella on a table, foldable umbrella","{""handle"": ""a curved wooden handle"", ""print"": ""a company logo"", ""damage"": ""a bent rib""}"
F0260,U0261,I0295,test,umbrella,accessories,Found a pink umbrella. It has push-button opening.,en,medium,Canteen,False,12.900359,77.501106,2026-08-17 23:29,2026-08-18 01:25,True,,"a pink umbrella on the floor, pattern on the border","{""damage"": ""a bent rib"", ""strap_color"": ""a black Velcro strap"", ""handle"": ""a straight handle""}"
F0261,U0193,I0296,train,smartwatch,electronics,Found a silver notebook computer. Features: keyboard lights up.,en,medium,Parking Lot,False,12.899461,77.498894,2026-08-15 14:50,2026-08-15 15:35,True,,"a silver MacBook laptop on a bench, backlit keyboard","{""wallpaper"": ""a mountain sunset"", ""scratch"": ""scratch on the left corner"", ""charger_included"": ""yes, with an extension cord""}"
F0262,U0257,I0297,train,laptop,electronics,Found silver notebook computer,en,brief,Security Desk,True,12.898293,77.499816,2026-08-20 06:38,2026-08-20 09:08,False,,,"{""scratch"": ""dent on the lid"", ""wallpaper"": ""an anime character"", ""lid_sticker"": ""a cartoon sticker""}"
F0263,U0753,I0298,val,notebook,stationery,Found a dark yellow notebook. Features: about two hundred pages.,en,medium,Canteen,False,12.900359,77.501106,2026-07-24 11:20,2026-07-24 13:22,True,,"a orange Camlin notebook on a table, about two hundred pages","{""cover_doodle"": ""subject name only"", ""subject"": ""Engineering Maths"", ""loose_item"": ""a sticky note inside""}"
F0264,U0382,I0299,train,wallet,accessories,Found a wallet.,en,brief,Library,False,12.9,77.5,2026-09-10 16:29,2026-09-10 19:11,True,,"a dark red wallet on a desk, metal logo","{""card_in_first_slot"": ""a bus pass"", ""photo_inside"": ""a family photo"", ""cash_range"": ""500 to 2000 rupees""}"
F0265,U0439,I0300,train,calculator,stationery,Found a blue Casio calculator. Details: solar strip on top.,en,medium,Canteen,False,12.900359,77.501106,2026-08-23 03:27,2026-08-23 05:40,True,,"a blue Casio calculator on a table, solar strip on top","{""damage"": ""no damage"", ""model"": ""fx-991EX"", ""cover"": ""a blue flip cover""}"
F0266,U0015,I0301,train,calculator,stationery,"Found a blue calculator. It has hard slide-on cover, faded keys. Kept safely with me.",en,detailed,CS Block,False,12.899012,77.500737,2026-09-27 16:54,2026-09-27 19:08,True,,"a blue calculator on a desk, slide cover","{""name_marking"": ""name written on the back"", ""model"": ""fx-991ES Plus"", ""damage"": ""a cracked corner""}"
F0267,U0533,I0302,train,earbuds case,electronics,Found a cream charging case. Features: hook for a lanyard.,en,medium,Bus Stop,False,12.898383,77.497696,2026-07-20 14:44,2026-07-20 17:32,True,,"a white boAt earbuds case on the floor, scuffed lid","{""cover"": ""a silicone cover with a hook"", ""charm"": ""a metal ring"", ""engraved"": ""initial S""}"
F0268,U0775,I0304,train,notebook,stationery,blue notebook found,en,brief,Stationery Shop,False,12.899461,77.500276,2026-07-31 05:03,2026-07-31 05:45,False,,,"{""cover_doodle"": ""no marking"", ""subject"": ""Machine Learning"", ""first_page"": ""a timetable""}"
F0269,U0207,I0305,test,power bank,electronics,Found a silver battery pack. Details: USB-C port.,en,medium,Library,False,12.9,77.5,2026-09-11 10:39,2026-09-11 12:16,True,,"a silver Syska power bank on the floor, rubber finish","{""damage"": ""a dent on one corner"", ""cable"": ""a type-C cable"", ""capacity"": ""20000 mAh""}"
F0270,U0508,I0306,train,backpack,bags,Found a bag.,en,brief,Stationery Shop,False,12.899461,77.500276,2026-09-25 14:30,2026-09-25 15:12,True,,"a grey Wildcraft backpack on a desk, laptop compartment","{""front_pocket_contents"": ""a calculator and a ruler"", ""keychain"": ""a red heart keychain"", ""tag_or_sticker"": ""a bus pass holder""}"
F0271,U0796,I0307,train,backpack,bags,Found a grey Wildcraft rucksack. Features: one side pocket.,en,medium,Library,False,12.9,77.5,2026-10-03 13:31,2026-10-03 16:13,True,,"a grey backpack on a bench, one side pocket","{""front_pocket_contents"": ""a pair of earphones"", ""keychain"": ""a red heart keychain"", ""inner_lining_color"": ""black""}"
F0272,U0337,I0309,val,phone,electronics,Found a white Samsung phone. Details: clear back cover.,en,medium,Gym,False,12.901797,77.501843,2026-09-18 02:53,2026-09-18 03:07,True,,"a white phone on the floor, ring holder on the back","{""case_type"": ""transparent case"", ""screen_damage"": ""crack at top-left corner"", ""back_sticker"": ""a ring holder""}"
F0273,U0198,I0310,train,umbrella,accessories,"Found a navy blue Lifelong umbrella. Details: push-button opening, folding type, bent rib. Kept safely with me.",en,detailed,Library,False,12.9,77.5,2026-09-12 23:26,2026-09-13 00:18,True,,"a navy blue Lifelong umbrella on the floor, folding type","{""print"": ""floral print inside"", ""strap_color"": ""a red strap"", ""damage"": ""a missing button""}"
F0274,U0409,I0311,train,earbuds case,electronics,Found a pink Realme airpods case. It has lanyard hook.,en,medium,Gym,False,12.901797,77.501843,2026-09-07 05:16,2026-09-07 07:06,True,,"a pink Realme earbuds case on the floor, lanyard hook","{""charm"": ""a tiny bear charm"", ""buds_present"": ""both buds present"", ""cover"": ""a silicone cover with a hook""}"
F0275,U0764,I0312,train,power bank,electronics,"Found a blue power bank. Details: slim body, four indicator lights.",en,detailed,Security Desk,True,12.898293,77.499816,2026-08-25 16:55,2026-08-25 19:13,True,,"a blue Anker power bank on a desk, thin power bank","{""capacity"": ""20000 mAh with display"", ""sticker"": ""a name sticker"", ""damage"": ""a dent on one corner""}"
F0276,U0196,I0313,val,power bank,electronics,Found white charger bank,en,brief,Security Desk,True,12.898293,77.499816,2026-10-01 17:41,2026-10-01 19:30,True,,"a white Mi power bank on the floor, slim body","{""damage"": ""a scratched back"", ""capacity"": ""5000 mAh"", ""cable"": ""a type-C cable""}"
F0277,U0499,I0314,val,power bank,electronics,white power bank found,en,brief,Gym,False,12.901797,77.501843,2026-09-15 10:54,2026-09-15 11:44,False,,,"{""capacity"": ""20000 mAh with display"", ""damage"": ""a loose port"", ""sticker"": ""a cartoon sticker""}"
F0278,U0137,I0315,train,spectacles case,accessories,"Found a gray glasses case. It has soft pouch, tiny logo on the front.",en,detailed,Girls Hostel,False,12.897305,77.503225,2026-08-27 09:05,2026-08-27 09:23,True,,"a grey spectacles case on a bench, small logo","{""case_inside"": ""a screwdriver kit"", ""lens_condition"": ""a slightly loose screw"", ""case_print"": ""a floral print""}"
F0279,U0499,I0316,val,other,drinkware,Found blue flask,en,brief,Library,False,12.9,77.5,2026-08-20 18:37,2026-08-20 18:57,True,,"a blue Milton water bottle on a bench, flip-top lid","{""sticker"": ""a football sticker"", ""strap"": ""no strap"", ""dent_location"": ""dent on the cap""}"
F0280,U0325,I0317,train,earbuds case,electronics,"Found a dark AirPods airpods case. It has rubber cover, small LED light, scuffed lid.",en,detailed,Canteen,False,12.900359,77.501106,2026-07-22 13:30,2026-07-22 14:59,False,,,"{""cover"": ""a cartoon silicone cover"", ""engraved"": ""a name label"", ""buds_present"": ""only the left bud""}"
F0281,U0028,I0318,train,smartwatch,electronics,Found green fitness band,en,brief,Admin Block,False,12.898203,77.499816,2026-07-24 12:10,2026-07-24 14:15,True,,"a green smartwatch on a desk, square dial","{""watch_face"": ""an analog face"", ""damage"": ""a loose strap"", ""strap_color"": ""a black strap""}"
F0282,U0443,I0319,train,smartwatch,electronics,"Found a black Noise watch. Features: circular screen, silicone strap, scratch on the glass.",en,detailed,Library,False,12.9,77.5,2026-09-04 16:21,2026-09-04 19:00,True,,"a black Noise smartwatch on a table, round dial","{""damage"": ""a loose strap"", ""extras"": ""the charging dock in a pouch"", ""watch_face"": ""a cricket watch face""}"
F0283,U0654,I0321,train,water bottle,drinkware,"Found a black Cello flask. It has scratched paint, one litre bottle, stainless steel.",en,detailed,Canteen,False,12.900359,77.501106,2026-09-09 21:22,2026-09-10 00:06,True,,"a dark grey Cello water bottle on a table, 1 litre size","{""dent_location"": ""dent near the neck"", ""sticker"": ""no sticker"", ""content"": ""a lemon slice inside""}"
F0284,U0505,I0322,val,notebook,stationery,Found a grey calculator. It has solar strip on top.,en,medium,Boys Hostel,False,12.902695,77.503686,2026-08-28 08:21,2026-08-28 10:00,True,,"a grey Casio calculator on a bench, some keys faded","{""damage"": ""a cracked corner"", ""cover"": ""a scratched cover"", ""name_marking"": ""no marking""}"
F0285,U0542,I0323,val,calculator,stationery,Found grey scientific calculator,en,brief,Boys Hostel,False,12.902695,77.503686,2026-09-28 16:13,2026-09-28 18:44,True,,"a grey calculator on the floor, some keys faded","{""cover"": ""no cover"", ""name_marking"": ""a sticker with a roll number"", ""model"": ""fx-82MS""}"
F0286,U0790,I0324,train,umbrella,accessories,Found navy blue umbrella,en,brief,Stationery Shop,False,12.899461,77.500276,2026-07-25 16:42,2026-07-25 17:28,False,,,"{""damage"": ""no damage"", ""strap_color"": ""a red strap"", ""handle"": ""a handle with a rubber grip""}"
F0287,U0103,I0326,train,umbrella,accessories,Found a pink umbrella. Details: foldable umbrella.,en,medium,Stationery Shop,False,12.899461,77.500276,2026-08-06 14:24,2026-08-06 16:52,True,,"a pink umbrella on a desk, automatic open button","{""strap_color"": ""no strap"", ""damage"": ""a bent rib"", ""print"": ""a polka dot pattern""}"
F0288,U0685,I0327,test,wallet,accessories,Found brown card holder,en,brief,Auditorium,False,12.901437,77.499447,2026-08-20 17:05,2026-08-20 17:56,True,,"a brown wallet on the floor, leather finish","{""card_in_first_slot"": ""a library card"", ""cash_range"": ""500 to 2000 rupees"", ""photo_inside"": ""a small deity picture""}"
F0289,U0281,I0328,train,power bank,electronics,"Found a blue Mi battery pack. Features: rubber finish, slim body. Kept safely with me.",en,detailed,Parking Lot,False,12.899461,77.498894,2026-10-01 22:39,2026-10-02 01:11,True,,"a blue Mi power bank on the floor, matte rubber finish","{""sticker"": ""no sticker"", ""capacity"": ""5000 mAh"", ""cable"": ""a lightning cable""}"
F0290,U0489,I0329,val,power bank,electronics,blue power bank found,en,brief,CS Block,False,12.899012,77.500737,2026-08-15 20:51,2026-08-15 22:16,True,,"a blue power bank on the floor, USB-C port","{""sticker"": ""a price sticker"", ""damage"": ""a dent on one corner"", ""cable"": ""no cable""}"
F0291,U0540,I0330,val,earbuds case,electronics,Found blue small case,en,brief,Playground,False,12.901976,77.498341,2026-07-25 13:03,2026-07-25 15:14,False,,,"{""charm"": ""no charm"", ""cover"": ""a silicone cover with a hook"", ""buds_present"": ""no buds""}"
F0292,U0500,I0332,train,notebook,stationery,"Found a orange book. Features: sticky notes inside, 200 pages.",en,detailed,Auditorium,False,12.901437,77.499447,2026-10-03 09:11,2026-10-03 11:27,True,,"a orange Camlin notebook on a table, 200 pages","{""first_page"": ""a cartoon"", ""loose_item"": ""a sticky note inside"", ""cover_doodle"": ""a sticker of a planet""}"
F0293,U0158,I0333,train,notebook,stationery,Found a dark yellow Camlin record book. Features: thick cover.,en,medium,Auditorium,False,12.901437,77.499447,2026-09-28 14:25,2026-09-28 15:27,True,,"a orange Camlin notebook on a desk, hard cover","{""first_page"": ""an empty first page"", ""cover_doodle"": ""a name label"", ""subject"": ""Operating Systems""}"
F0294,U0500,I0334,train,phone,electronics,Found a green Redmi phone. Details: clear back cover.,en,medium,Main Gate,False,12.898653,77.498157,2026-09-03 19:22,2026-09-03 21:46,False,,,"{""screen_damage"": ""crack at top-left corner"", ""wallpaper"": ""plain black"", ""case_type"": ""transparent case""}"
F0295,U0019,I0335,test,spectacles case,accessories,Fuond a grey Lifelong umbrella. Details: push-button opening.,en,medium,Canteen,False,12.900359,77.501106,2026-08-09 08:40,2026-08-09 08:47,True,,"a silver-grey Lifelong umbrella on the floor, automatic open button","{""strap_color"": ""no strap"", ""print"": ""a company logo"", ""handle"": ""a curved wooden handle""}"
F0296,U0216,I0336,train,calculator,stationery,"Ye mila hai, owner ko batao: found a sky blue Casio scientific calculator. Features: scientific type, some keys faded.",hinglish,detailed,Bus Stop,False,12.898383,77.497696,2026-08-07 20:59,2026-08-07 23:39,True,,"a blue Casio calculator on a bench, some keys faded","{""name_marking"": ""name written on the back"", ""damage"": ""no damage"", ""model"": ""fx-82MS""}"
F0297,U0710,I0337,train,calculator,stationery,Found a light blue scientific calculator. It has solar strip on top.,en,medium,Security Desk,True,12.898293,77.499816,2026-07-26 03:57,2026-07-26 05:49,True,,"a blue Casio calculator on a desk, scientific calculator","{""cover"": ""a scratched cover"", ""name_marking"": ""name written on the back"", ""model"": ""fx-570ES""}"
F0298,U0272,I0339,train,power bank,electronics,Found a white Realme battery pack. Features: rubebr finish.,en,medium,Canteen,False,12.900359,77.501106,2026-09-23 17:06,2026-09-23 18:23,True,,"a white power bank on a bench, type-C input","{""capacity"": ""10000 mAh"", ""damage"": ""a loose port"", ""cable"": ""a lightning cable""}"
F0299,U0393,I0341,train,phone,electronics,Found a black smartphone. Features: two cameras at the back.,en,medium,Playground,False,12.901976,77.498341,2026-08-28 21:42,2026-08-28 21:52,True,,"a dark grey phone on a desk, transparent case","{""wallpaper"": ""a car photo"", ""case_type"": ""flip cover"", ""screen_damage"": ""small chip on the bottom edge""}"
F0300,U0357,I0342,test,smartwatch,electronics,Found a white smartwatch. It has round dial.,en,medium,Stationery Shop,False,12.899461,77.500276,2026-10-04 02:26,2026-10-04 04:32,True,,"a white Noise smartwatch on the floor, silicone strap","{""strap_color"": ""a blue strap"", ""extras"": ""no dock"", ""watch_face"": ""a digital face with steps""}"
F0301,U0186,I0343,test,laptop,electronics,Found a blue laptop. It has backlit keyboard.,en,medium,Canteen,False,12.900359,77.501106,2026-09-07 08:41,2026-09-07 08:44,True,,"a blue Dell laptop on a table, in a black laptop sleeve","{""lid_sticker"": ""a cartoon sticker"", ""wallpaper"": ""a cricket player photo"", ""scratch"": ""scratch on the left corner""}"
F0302,U0053,I0344,test,laptop,electronics,Found blue Dell laptop,en,brief,ECE Block,False,12.899192,77.501382,2026-09-22 16:27,2026-09-22 18:14,True,,"a blue laptop on the floor, fifteen inch display","{""lid_sticker"": ""a Python sticker"", ""scratch"": ""dent on the lid"", ""wallpaper"": ""a cricket player photo""}"
F0303,U0040,I0345,train,laptop,electronics,"Found a blue notebook computer. It has in a black laptop sleeve, 15 inch screen.",en,detailed,CS Block,False,12.899012,77.500737,2026-09-08 12:49,2026-09-08 13:24,True,,"a blue HP laptop on the floor, in a black laptop sleeve","{""scratch"": ""worn keys near the touchpad"", ""charger_included"": ""only the cable"", ""lid_sticker"": ""no sticker""}"
F0304,U0295,I0346,train,laptop,electronics,Found a blue notebook computer. Features: keyboard lights up.,en,medium,Stationery Shop,False,12.899461,77.500276,2026-08-19 09:39,2026-08-19 12:02,True,,"a blue HP laptop on a desk, 15 inch screen","{""charger_included"": ""yes, with an extension cord"", ""lid_sticker"": ""no sticker"", ""wallpaper"": ""an anime character""}"
F0305,U0386,I0347,train,wallet,accessories,brown purse found,en,brief,Bus Stop,False,12.898383,77.497696,2026-07-28 14:00,2026-07-28 14:48,True,,"a tan wallet on a table, zipper coin section","{""other_item"": ""a movie ticket"", ""photo_inside"": ""a family photo"", ""cash_range"": ""100 to 500 rupees""}"
F0306,U0164,I0348,train,calculator,stationery,Found grey scientific calculator,en,brief,Girls Hostel,False,12.897305,77.503225,2026-08-10 17:57,2026-08-10 19:26,True,,"a grey calculator on a table, faded keys","{""damage"": ""a cracked corner"", ""name_marking"": ""name written on the back"", ""model"": ""fx-570ES""}"
F0307,U0374,I0349,train,calculator,stationery,Found a grey calculator. Features: scientific calculator.,en,medium,Girls Hostel,False,12.897305,77.503225,2026-07-30 18:53,2026-07-30 20:32,False,,,"{""model"": ""fx-570ES"", ""name_marking"": ""name written on the back"", ""damage"": ""a faded 7 key""}"
F0308,U0570,I0350,test,keys,accessories,brown key bunch found,en,brief,Mechanical Block,False,12.898203,77.502396,2026-08-08 11:53,2026-08-08 14:04,False,,,"{""charm"": ""a cartoon figure"", ""ring_type"": ""a steel ring"", ""tag_text"": ""a hostel name""}"
F0309,U0584,I0351,train,wallet,accessories,"Found a navy blue Hidesign wallet. It has looks like leather, worn edges, zip coin pocket.",en,detailed,Playground,False,12.901976,77.498341,2026-08-24 06:33,2026-08-24 06:50,True,,"a dark blue Hidesign wallet on a desk, frayed at the edges","{""other_item"": ""a library slip"", ""cash_range"": ""under 100 rupees"", ""photo_inside"": ""no photo""}"
F0310,U0038,I0352,test,keys,accessories,Found a silvre keychain. Features: two-wheeler key with cover.,en,medium,Boys Hostel,False,12.902695,77.503686,2026-09-17 22:09,2026-09-17 22:32,False,,,"{""charm"": ""a bell charm"", ""key_count"": ""four keys"", ""ring_type"": ""a carabiner""}"
F0311,U0470,I0353,test,keys,accessories,"Ye mila hai, owner ko batao: found a silver key bunch. Details: metal ring.",hinglish,medium,Boys Hostel,False,12.902695,77.503686,2026-07-28 00:25,2026-07-28 00:56,True,,"a metallic keys on a bench, metal ring","{""charm"": ""a small torch"", ""key_count"": ""five keys"", ""ring_type"": ""a split ring with a loop""}"
F0312,U0483,I0354,train,umbrella,accessories,Found a grey spectacle case. Details: hard shell.,en,medium,Boys Hostel,False,12.902695,77.503686,2026-08-01 13:34,2026-08-01 13:42,True,,"a grey spectacles case on a table, soft pouch","{""case_inside"": ""a spare nose pad"", ""frame_color"": ""gold frame"", ""lens_condition"": ""an anti-glare coating""}"
F0313,U0114,I0355,train,notebook,stationery,Mujhe mila hai: found a green record book. It has coloured sticky notes sticking out.,hinglish,medium,Main Gate,False,12.898653,77.498157,2026-10-03 16:26,2026-10-03 18:34,True,,"a green notebook on a table, coloured sticky notes sticking out","{""loose_item"": ""a loose sheet inside"", ""cover_doodle"": ""a name label"", ""subject"": ""DBMS""}"
F0314,U0506,I0356,train,earbuds case,electronics,"Found a black Noise airpods case. Features: tiny indicator light, scratches on the lid.",en,detailed,Canteen,False,12.900359,77.501106,2026-07-20 14:31,2026-07-20 14:39,True,,"a black earbuds case on a desk, scratches on the lid","{""cover"": ""a plain case"", ""buds_present"": ""no buds"", ""engraved"": ""initial S""}"
F0315,U0542,I0357,train,earbuds case,electronics,Found a earbuds case.,en,brief,Parking Lot,False,12.899461,77.498894,2026-09-15 08:12,2026-09-15 09:27,True,,"a black Noise earbuds case on the floor, scuffed lid","{""charm"": ""a metal ring"", ""engraved"": ""initial R"", ""buds_present"": ""both buds present""}"
F0316,U0185,I0358,train,phone,electronics,"Found a white Apple adapter with cable. Features: long cable, cloth braided cable, two-pin plug.",en,detailed,Main Gate,False,12.898653,77.498157,2026-10-02 16:18,2026-10-02 18:26,True,,"a white charger on a desk, two-pin adapter","{""damage"": ""a bent pin"", ""type"": ""a 20W phone charger"", ""marking"": ""initials""}"
F0317,U0209,I0359,train,charger,electronics,"Found a white Apple charger. Features: about 1.5 m cable, fast charger.",en,detailed,Parking Lot,False,12.899461,77.498894,2026-08-30 17:34,2026-08-30 18:47,True,,"a white charger on a desk, about 1.5 m cable","{""damage"": ""a bent pin"", ""cable_wrap"": ""no wrap"", ""marking"": ""initials""}"
F0318,U0707,I0360,train,earbuds case,electronics,Found a pink airpods case. It has scuffed lid.,en,medium,CS Block,False,12.899012,77.500737,2026-08-10 22:00,2026-08-10 23:07,True,,"a pink earbuds case on a desk, scuffed lid","{""charm"": ""a beaded charm"", ""engraved"": ""a name label"", ""cover"": ""a cartoon silicone cover""}"
F0319,U0636,I0361,train,wallet,accessories,"Found a brown Hidesign wallet. It has worn edges, small metal logo, zipper coin section. Kept safely with me.",en,detailed,Playground,False,12.901976,77.498341,2026-07-28 03:30,2026-07-28 05:19,True,,"a brown wallet on a table, worn edges","{""cash_range"": ""500 to 2000 rupees"", ""photo_inside"": ""a polaroid"", ""other_item"": ""a small key""}"
F0320,U0478,I0363,train,laptop,electronics,Mujhe mila hai: found a laptop.,hinglish,brief,Admin Block,False,12.898203,77.499816,2026-08-26 17:13,2026-08-26 19:18,True,,"a black laptop on a bench, stickers on the top cover","{""lid_sticker"": ""a band sticker"", ""scratch"": ""worn keys near the touchpad"", ""wallpaper"": ""an anime character""}"
F0321,U0399,I0364,train,power bank,electronics,"Mujhe mila hai: found a white Syska battery pack. It has slim body, four indicator lights.",hinglish,detailed,Parking Lot,False,12.899461,77.498894,2026-07-29 08:21,2026-07-29 09:26,True,,"a white Syska power bank on a desk, four indicator lights","{""sticker"": ""a price sticker"", ""damage"": ""a scratched back"", ""cable"": ""a type-C cable""}"
F0322,U0483,I0365,train,keys,accessories,Found a silver key bunch. Details: bike key with a rubber cover.,en,medium,Parking Lot,False,12.899461,77.498894,2026-08-04 13:56,2026-08-04 16:04,False,,,"{""tag_text"": ""a hostel name"", ""charm"": ""a plastic football"", ""key_count"": ""one key""}"
F0323,U0797,I0367,train,umbrella,accessories,Found a dark Fastrack umbrella. Features: folding type.,en,medium,CS Block,False,12.899012,77.500737,2026-08-05 19:40,2026-08-05 20:37,True,,"a black Fastrack umbrella on a desk, automatic open button","{""strap_color"": ""a black Velcro strap"", ""handle"": ""a curved wooden handle"", ""damage"": ""a bent rib""}"
F0324,U0704,I0369,train,notebook,stationery,"Found a blue book. It has 200 pages, thick cover.",en,detailed,Gym,False,12.901797,77.501843,2026-09-19 02:00,2026-09-19 02:02,True,,"a blue notebook on a desk, hard cover","{""first_page"": ""a cartoon"", ""cover_doodle"": ""subject name only"", ""subject"": ""Operating Systems""}"
F0325,U0621,I0370,train,power bank,electronics,"Found a blue battery pack. Features: four indicator lights, type-C input. Kept safely with me.",en,detailed,Gym,False,12.901797,77.501843,2026-08-15 13:09,2026-08-15 15:13,True,,"a blue power bank on a desk, four indicator lights","{""damage"": ""a loose port"", ""cable"": ""a lightning cable"", ""capacity"": ""20000 mAh""}"
F0326,U0192,I0371,test,water bottle,drinkware,olive green water bottle found,en,brief,Bus Stop,False,12.898383,77.497696,2026-07-25 19:49,2026-07-25 20:28,True,,"a olive green water bottle on a bench, steel body","{""sticker"": ""an NGO logo sticker"", ""dent_location"": ""dent near the bottom"", ""strap"": ""a rope handle""}"
F0327,U0658,I0372,test,water bottle,drinkware,"Mujhe mila hai: found a green bottle. Details: stainless steel, one litre bottle.",hinglish,detailed,Admin Block,False,12.898203,77.499816,2026-09-01 09:46,2026-09-01 12:42,False,,,"{""content"": ""half filled with water"", ""strap"": ""no strap"", ""sticker"": ""a football sticker""}"
F0328,U0431,I0373,train,spectacles case,accessories,tan spectacle case found,en,brief,Library,False,12.9,77.5,2026-09-24 13:14,2026-09-24 16:01,True,,"a brown spectacles case on a desk, zip closure","{""lens_condition"": ""a scratch on the right lens"", ""case_inside"": ""a screwdriver kit"", ""case_print"": ""a name label""}"
F0329,U0389,I0374,train,other,electronics,"oFund a blue Amazfit smartwatch. Features: square dial, circular screen.",en,detailed,Girls Hostel,False,12.897305,77.503225,2026-07-29 11:22,2026-07-29 13:10,True,,"a blue Amazfit smartwatch on the floor, rectangular screen","{""strap_color"": ""a black strap"", ""extras"": ""no dock"", ""watch_face"": ""a cricket watch face""}"
F0330,U0671,I0375,val,phone,electronics,Found a mobile.,en,brief,Auditorium,False,12.901437,77.499447,2026-08-26 13:19,2026-08-26 16:04,True,,"a blue Redmi phone on a bench, ring holder on the back","{""back_sticker"": ""a metro card in the cover"", ""wallpaper"": ""an anime character"", ""screen_damage"": ""crack at top-left corner""}"
F0331,U0581,I0376,train,power bank,electronics,sky blue power bank found,en,brief,Admin Block,False,12.898203,77.499816,2026-08-01 16:34,2026-08-01 16:51,True,,"a blue power bank on a desk, type-C input","{""damage"": ""no damage"", ""sticker"": ""a cartoon sticker"", ""cable"": ""no cable""}"
F0332,U0741,I0377,train,calculator,stationery,Found black scientific calculator,en,brief,Main Gate,False,12.898653,77.498157,2026-10-05 13:25,2026-10-05 16:16,True,,"a black Citizen calculator on the floor, slide cover","{""damage"": ""a faded 7 key"", ""model"": ""fx-570ES"", ""cover"": ""no cover""}"
F0333,U0113,I0378,train,power bank,electronics,Found a silver battery pack. It has type-C input.,en,medium,Canteen,False,12.900359,77.501106,2026-08-03 11:18,2026-08-03 12:04,False,,,"{""sticker"": ""a price sticker"", ""capacity"": ""5000 mAh"", ""cable"": ""a short white cable attached""}"
F0334,U0052,I0380,train,smartwatch,electronics,"Found a rose Apple Watch fitness band. It has scratch on the glass, square dial.",en,detailed,Boys Hostel,False,12.902695,77.503686,2026-09-05 15:23,2026-09-05 16:44,True,,"a pink smartwatch on a bench, glass slightly scratched","{""strap_color"": ""a metal strap"", ""damage"": ""a loose strap"", ""extras"": ""no dock""}"
F0335,U0389,I0381,train,smartwatch,electronics,Found a fitness band.,en,brief,Stationery Shop,False,12.899461,77.500276,2026-08-06 18:00,2026-08-06 18:05,True,,"a pink smartwatch on the floor, rectangular screen","{""extras"": ""no dock"", ""damage"": ""a scratch on the glass"", ""watch_face"": ""a family photo face""}"
F0336,U0724,I0382,val,calculator,stationery,Found a dark grey calculator. Details: faded keys.,en,medium,Gym,False,12.901797,77.501843,2026-09-09 20:44,2026-09-09 23:20,True,,"a dark calculator on a bench, some keys faded","{""cover"": ""a scratched cover"", ""name_marking"": ""initials on the cover"", ""damage"": ""a cracked corner""}"
F0337,U0132,I0383,test,keys,accessories,Found brown key bunhc,en,brief,Admin Block,False,12.898203,77.499816,2026-08-19 17:52,2026-08-19 18:09,True,,"a brown keys on the floor, metal ring","{""ring_type"": ""a plastic ring"", ""tag_text"": ""a hostel name"", ""charm"": ""a leather tag""}"
F0338,U0283,I0384,train,water bottle,drinkware,Found a pink water bottle. Details: steel body.,en,medium,Parking Lot,False,12.899461,77.498894,2026-08-28 21:04,2026-08-28 21:13,True,,"a pink Borosil water bottle on a bench, one litre bottle","{""content"": ""a tea bag inside"", ""dent_location"": ""dent near the neck"", ""strap"": ""a black strap""}"
F0339,U0647,I0385,train,umbrella,accessories,"Found a grey umbrella. It has one bent rib, automatic open button.",en,detailed,CS Block,False,12.899012,77.500737,2026-09-05 11:39,2026-09-05 11:51,True,,"a grey umbrella on a desk, automatic open button","{""handle"": ""a handle with a rubber grip"", ""strap_color"": ""no strap"", ""print"": ""a checked pattern""}"
F0340,U0690,I0387,train,wallet,accessories,"Found a brown Puma purse. It has metal logo, loosk like leather, zip coin pocket.",en,detailed,Main Gate,False,12.898653,77.498157,2026-08-31 19:25,2026-08-31 20:59,True,,"a brown Puma wallet on the floor, looks like leather","{""card_in_first_slot"": ""a debit card"", ""cash_range"": ""over 2000 rupees"", ""other_item"": ""a visiting card""}"
F0341,U0591,I0388,train,other,accessories,Found brown purse,en,brief,Main Gate,False,12.898653,77.498157,2026-09-11 08:14,2026-09-11 10:28,True,,"a brown Puma wallet on a bench, leather finish","{""other_item"": ""a small key"", ""photo_inside"": ""a passport-size photo"", ""cash_range"": ""no cash""}"
F0342,U0704,I0389,train,phone,electronics,Found a maroon-ish red smartphone. Features: pop socket on the back.,en,medium,Parking Lot,False,12.899461,77.498894,2026-10-02 13:54,2026-10-02 16:32,True,,"a red Vivo phone on the floor, crack on the top corner","{""screen_damage"": ""crack at top-left corner"", ""case_type"": ""transparent case"", ""back_sticker"": ""a metro card in the cover""}"
F0343,U0204,I0390,train,keys,accessories,brown keychain found,en,brief,Main Gate,False,12.898653,77.498157,2026-07-24 12:13,2026-07-24 13:43,True,,"a brown keys on a table, tag hanging from it","{""key_count"": ""five keys"", ""ring_type"": ""a plastic ring"", ""charm"": ""a plastic football""}"
F0344,U0612,I0391,train,keys,accessories,Found a keychain.,en,brief,Canteen,False,12.900359,77.501106,2026-08-26 19:48,2026-08-26 21:20,True,,"a black keys on a desk, steel ring","{""charm"": ""a leather tag"", ""ring_type"": ""a steel ring"", ""key_count"": ""two keys""}"
F0345,U0531,I0392,test,umbrella,accessories,"Found a navy blue Lifelong umbrella. It has one bent rib, foldable umbrella.",en,detailed,Mechanical Block,False,12.898203,77.502396,2026-07-24 12:48,2026-07-24 14:36,True,,"a navy blue umbrella on a table, bent rib","{""damage"": ""a torn edge"", ""strap_color"": ""a red strap"", ""print"": ""plain inside""}"
F0346,U0369,I0394,train,charger,electronics,Found a dark grey charger. It has fast charging type.,en,medium,Girls Hostel,False,12.897305,77.503225,2026-08-23 08:30,2026-08-23 10:15,True,,"a black Apple charger on a desk, cloth braided cable","{""marking"": ""no marking"", ""cable_wrap"": ""tape on the cable"", ""damage"": ""a cracked adapter body""}"
F0347,U0138,I0395,train,wallet,accessories,Found a grey Woodland card holder. It has zipper coin section.,en,medium,ECE Block,False,12.899192,77.501382,2026-07-21 08:03,2026-07-21 10:55,True,,"a grey wallet on a table, small metal logo","{""photo_inside"": ""a family photo"", ""other_item"": ""a library slip"", ""card_in_first_slot"": ""a gym membership card""}"
F0348,U0107,I0396,val,water bottle,drinkware,Found a orange Cello flask. Features: 1 litre size.,en,medium,Boys Hostel,False,12.902695,77.503686,2026-09-11 19:44,2026-09-11 21:06,True,,"a orange water bottle on a bench, flip-top lid","{""dent_location"": ""dent on the cap"", ""sticker"": ""no sticker"", ""content"": ""a lemon slice inside""}"
F0349,U0689,I0397,train,charger,electronics,Found a black adapter with cable. Features: braided cable.,en,medium,Playground,False,12.901976,77.498341,2026-08-26 22:22,2026-08-27 00:46,True,,"a dark Apple charger on a bench, braided cable","{""type"": ""a USB cable with adapter"", ""damage"": ""a bent pin"", ""cable_wrap"": ""a rubber band around the cable""}"
F0350,U0110,I0398,train,water bottle,drinkware,"Found a orange Milton flask. It has steel body, paint worn off in places. Kept safely with me.",en,detailed,Parking Lot,False,12.899461,77.498894,2026-08-30 11:30,2026-08-30 13:26,True,,"a orange Milton water bottle on the floor, scratched paint","{""strap"": ""a black strap"", ""content"": ""a lemon slice inside"", ""dent_location"": ""no dent""}"
F0351,U0631,I0399,train,spectacles case,accessories,brown specs box found,en,brief,Parking Lot,False,12.899461,77.498894,2026-09-14 19:42,2026-09-14 21:28,True,,"a brown spectacles case on a table, hard shell","{""case_inside"": ""a screwdriver kit"", ""case_print"": ""a floral print"", ""frame_color"": ""brown frame""}"
F0352,U0536,I0400,train,charger,electronics,Found a dark grey Realme adapter with cable. Details: braided cable.,en,medium,Girls Hostel,False,12.897305,77.503225,2026-08-16 07:42,2026-08-16 08:52,True,,"a black charger on a desk, braided cable","{""marking"": ""a name written in marker"", ""damage"": ""a frayed cable near the pin"", ""cable_wrap"": ""a velcro wrap""}"
F0353,U0674,I0401,train,other,drinkware,silver flask found,en,brief,Gym,False,12.901797,77.501843,2026-08-08 02:10,2026-08-08 05:03,True,,"a silver Milton water bottle on a bench, paint worn off in places","{""sticker"": ""a fest sticker"", ""dent_location"": ""dent on the cap"", ""strap"": ""a rope handle""}"
F0354,U0238,I0402,val,spectacles case,accessories,"Mujhe mila hai: found a grey Titan spectacle case. Features: small logo, soft pouch, zip closure. Kept safely with me.",hinglish,detailed,Auditorium,False,12.901437,77.499447,2026-07-26 19:42,2026-07-26 22:10,True,,"a grey Titan spectacles case on the floor, cloth pouch type","{""lens_condition"": ""an anti-glare coating"", ""case_inside"": ""a screwdriver kit"", ""case_print"": ""no logo""}"
F0355,U0633,I0403,val,spectacles case,accessories,"Found a grey glasses case. Details: hard shell, cloth pouch type.",en,detailed,Auditorium,False,12.901437,77.499447,2026-07-27 08:27,2026-07-27 11:15,True,,"a grey Titan spectacles case on a desk, soft pouch","{""case_print"": ""a name label"", ""lens_condition"": ""a slightly loose screw"", ""frame_color"": ""brown frame""}"
F0356,U0641,I0404,train,earbuds case,electronics,Mujhe mila hai: found a pink airpods case. Features: scuffed lid.,hinglish,medium,CS Block,False,12.899012,77.500737,2026-09-26 13:30,2026-09-26 15:56,True,,"a pink Noise earbuds case on a table, rubber cover","{""charm"": ""no charm"", ""buds_present"": ""only the left bud"", ""cover"": ""a leather pouch""}"
F0357,U0269,I0405,val,smartwatch,electronics,Found a smartwatch.,en,brief,Library,False,12.9,77.5,2026-08-07 11:55,2026-08-07 12:03,True,,"a green smartwatch on a bench, silicone strap","{""damage"": ""a loose strap"", ""extras"": ""the charging dock in a pouch"", ""watch_face"": ""an analog face""}"
F0358,U0109,I0407,train,calculator,stationery,Found a grey Casio calculator. Features: slide cover.,en,medium,ECE Block,False,12.899192,77.501382,2026-07-28 09:42,2026-07-28 12:17,True,,"a grey Casio calculator on the floor, hard slide-on cover","{""name_marking"": ""a sticker with a roll number"", ""model"": ""fx-991ES Plus"", ""cover"": ""no cover""}"
F0359,U0780,I0408,train,umbrella,accessories,Found a pink umbrella. Details: foldable umbrella.,en,medium,CS Block,False,12.899012,77.500737,2026-09-14 13:26,2026-09-14 13:40,True,,"a pink umbrella on a desk, foldable umbrella","{""strap_color"": ""a blue strap"", ""damage"": ""a missing button"", ""print"": ""a polka dot pattern""}"
F0360,U0520,I0409,train,umbrella,accessories,Found a umbrella.,en,brief,CS Block,False,12.899012,77.500737,2026-08-12 15:47,2026-08-12 18:12,True,,"a pink umbrella on a table, push-button opening","{""print"": ""floral print inside"", ""damage"": ""a bent rib"", ""strap_color"": ""a blue strap""}"
F0361,U0677,I0410,train,calculator,stationery,"Mujhe mila hai: found a blue Casio calculator. It has some keys faded, solar strip on top.",hinglish,detailed,Security Desk,True,12.898293,77.499816,2026-08-26 23:18,2026-08-27 02:07,True,,"a blue Casio calculator on a bench, some keys faded","{""cover"": ""a blue flip cover"", ""damage"": ""a faded 7 key"", ""name_marking"": ""name written on the back""}"
F0362,U0796,I0411,train,calculator,stationery,Found a dark calculator. It has slide cover.,en,medium,Parking Lot,False,12.899461,77.498894,2026-09-24 15:33,2026-09-24 17:08,True,,"a black calculator on the floor, slide cover","{""damage"": ""a missing key cap"", ""model"": ""fx-570ES"", ""name_marking"": ""name written on the back""}"
F0363,U0321,I0412,val,earbuds case,electronics,"Found a dark grey OnePlus earbuds case. Features: small LED light, rubber cover, hook for a lanyard. Kept safely with me.",en,detailed,Gym,False,12.901797,77.501843,2026-09-05 10:59,2026-09-05 13:26,True,,"a black OnePlus earbuds case on a bench, hook for a lanyard","{""buds_present"": ""only the right bud"", ""charm"": ""a metal ring"", ""engraved"": ""initial R""}"
F0364,U0542,I0413,val,power bank,electronics,"Found a blue Ambrane charger bank. It has USB-C port, thin power bank.",en,detailed,Canteen,False,12.900359,77.501106,2026-09-21 17:34,2026-09-21 18:57,True,,"a blue Ambrane power bank on a bench, thin power bank","{""sticker"": ""no sticker"", ""damage"": ""a loose port"", ""cable"": ""no cable""}"
F0365,U0778,I0414,train,power bank,electronics,"Found a blue boAt earbuds case. It has small LED light, rubber cover, lanyard hook. Kept safely with me.",en,detailed,Auditorium,False,12.901437,77.499447,2026-07-27 17:44,2026-07-27 18:09,True,,"a blue earbuds case on a bench, hook for a lanyard","{""charm"": ""no charm"", ""buds_present"": ""no buds"", ""engraved"": ""a heart drawn with marker""}"
F0366,U0109,I0415,test,spectacles case,accessories,black specs box found,en,brief,ECE Block,False,12.899192,77.501382,2026-08-05 23:16,2026-08-05 23:32,True,,"a black spectacles case on the floor, tiny logo on the front","{""lens_condition"": ""an anti-glare coating"", ""case_inside"": ""no cloth"", ""case_print"": ""no logo""}"
F0367,U0696,I0416,train,notebook,stationery,Found a black notebook. Details: sticky notes inside.,en,medium,Security Desk,True,12.898293,77.499816,2026-09-05 19:39,2026-09-05 22:18,True,,"a black notebook on a desk, about two hundred pages","{""loose_item"": ""nothing inside"", ""first_page"": ""an empty first page"", ""subject"": ""Engineering Maths""}"
F0368,U0456,I0418,train,power bank,electronics,Found a off-white Anker power bank. It has rubber finish.,en,medium,Mechanical Block,False,12.898203,77.502396,2026-08-28 23:49,2026-08-29 00:15,True,,"a white power bank on a table, thin power bank","{""damage"": ""a loose port"", ""cable"": ""no cable"", ""capacity"": ""5000 mAh""}"
F0369,U0184,I0419,val,umbrella,accessories,Found a grey umbrella. Details: pattern on the border.,en,medium,CS Block,False,12.899012,77.500737,2026-09-12 13:32,2026-09-12 15:58,False,,,"{""strap_color"": ""a red strap"", ""handle"": ""a handle with a rubber grip"", ""damage"": ""a missing button""}"
F0370,U0190,I0420,val,umbrella,accessories,Found a grey umbrella. It has folding type.,en,medium,ECE Block,False,12.899192,77.501382,2026-08-26 10:40,2026-08-26 12:20,True,,"a grey umbrella on a table, foldable umbrella","{""damage"": ""a missing button"", ""print"": ""a polka dot pattern"", ""strap_color"": ""a red strap""}"
F0371,U0580,I0421,train,calculator,stationery,Found a blue Casio scientific calculator. Features: solar strip on top.,en,medium,Main Gate,False,12.898653,77.498157,2026-09-19 04:56,2026-09-19 07:15,False,,,"{""model"": ""fx-570ES"", ""damage"": ""no damage"", ""cover"": ""a black slide cover""}"
F0372,U0199,I0422,train,calculator,stationery,Found a blue Casio scientific calculator. It has some keys faded.,en,medium,Parking Lot,False,12.899461,77.498894,2026-09-18 22:58,2026-09-19 00:12,True,,"a blue Casio calculator on a desk, faded keys","{""model"": ""fx-991EX"", ""damage"": ""a cracked corner"", ""name_marking"": ""a sticker with a roll number""}"
F0373,U0394,I0423,test,notebook,stationery,"Found a blue notebook. Details: sticky notes inside, about two hundred pages, spiral notebook.",en,detailed,Auditorium,False,12.901437,77.499447,2026-08-05 11:49,2026-08-05 14:15,True,,"a blue notebook on a table, about two hundred pages","{""cover_doodle"": ""a doodle of a cat"", ""subject"": ""Operating Systems"", ""first_page"": ""a name and roll number""}"
F0374,U0655,I0424,train,smartwatch,electronics,Found black fitness band,en,brief,Security Desk,True,12.898293,77.499816,2026-08-29 21:14,2026-08-29 23:27,True,,"a black Apple Watch smartwatch on the floor, circular screen","{""extras"": ""no dock"", ""damage"": ""a scratch on the glass"", ""strap_color"": ""an olive strap""}"
F0375,U0742,I0426,train,power bank,electronics,green fitness band found,en,brief,ECE Block,False,12.899192,77.501382,2026-08-08 11:06,2026-08-08 11:56,True,,"a green Fire-Boltt smartwatch on a desk, silicone strap","{""damage"": ""a scuffed corner"", ""strap_color"": ""a black strap"", ""extras"": ""a spare strap in a pouch""}"
F0376,U0470,I0427,train,power bank,electronics,Foudn a blue Mi charger bank. Details: USB-C port.,en,medium,Stationery Shop,False,12.899461,77.500276,2026-10-03 10:00,2026-10-03 10:07,True,,"a blue power bank on a table, USB-C port","{""cable"": ""a type-C cable"", ""damage"": ""a loose port"", ""capacity"": ""10000 mAh slim""}"
F0377,U0574,I0428,val,laptop,electronics,Found a light blue laptop. Details: sticker on the lid.,en,medium,Parking Lot,False,12.899461,77.498894,2026-08-16 19:43,2026-08-16 21:49,False,,,"{""scratch"": ""dent on the lid"", ""wallpaper"": ""a mountain sunset"", ""lid_sticker"": ""a GitHub sticker""}"
F0378,U0335,I0429,val,laptop,electronics,Found a blue MacBook laptop. Details: sticker on the lid.,en,medium,Admin Block,False,12.898203,77.499816,2026-08-22 00:43,2026-08-22 03:22,True,,"a blue MacBook laptop on a table, sticker on the lid","{""lid_sticker"": ""no sticker"", ""scratch"": ""no visible scratch"", ""charger_included"": ""only the cable""}"
F0379,U0474,I0430,val,backpack,bags,"Found a green Skybags bag. Features: logo in white on the front, padded laptop section.",en,detailed,Main Gate,False,12.898653,77.498157,2026-08-24 14:52,2026-08-24 15:36,True,,"a green backpack on a table, laptop compartment","{""front_pocket_contents"": ""two notebooks"", ""tag_or_sticker"": ""a college fest tag"", ""keychain"": ""a football keychain""}"
F0380,U0240,I0432,train,spectacles case,accessories,"Found a red specs box. Details: cloth pouch type, zippered.",en,detailed,CS Block,False,12.899012,77.500737,2026-09-08 05:05,2026-09-08 07:50,True,,"a red spectacles case on a bench, zip closure","{""frame_color"": ""transparent frame"", ""case_print"": ""a floral print"", ""lens_condition"": ""a slightly loose screw""}"
F0381,U0102,I0433,test,laptop,electronics,grey notebook comupter found,en,brief,Boys Hostel,False,12.902695,77.503686,2026-08-29 10:39,2026-08-29 13:21,True,,"a grey Lenovo laptop on a table, sticker on the lid","{""charger_included"": ""yes, with an extension cord"", ""wallpaper"": ""a family photo"", ""scratch"": ""worn keys near the touchpad""}"
F0382,U0428,I0434,train,wallet,accessories,"Found a dark grey Wildcraft wallet. It has looks like leather, zip coin pocket. Kept safely with me.",en,detailed,Auditorium,False,12.901437,77.499447,2026-08-18 04:17,2026-08-18 05:56,False,,,"{""cash_range"": ""under 100 rupees"", ""card_in_first_slot"": ""a debit card"", ""other_item"": ""a coin""}"
F0383,U0204,I0435,train,notebook,stationery,Found a book.,en,brief,Admin Block,False,12.898203,77.499816,2026-09-24 05:52,2026-09-24 08:24,True,,"a blue Classmate notebook on the floor, spiral bound","{""first_page"": ""an empty first page"", ""subject"": ""Operating Systems"", ""loose_item"": ""a pen clipped inside""}"
F0384,U0604,I0436,train,spectacles case,accessories,"Found a brown Lenskart spectacle case. Details: hard shell, zippered, tiny logo on the front.",en,detailed,Gym,False,12.901797,77.501843,2026-08-27 03:54,2026-08-27 05:33,True,,"a brown spectacles case on a desk, zip closure","{""frame_color"": ""gold frame"", ""lens_condition"": ""a slightly loose screw"", ""case_inside"": ""a visiting card""}"
F0385,U0347,I0437,train,charger,electronics,Found off-white adapter with cable,en,brief,ECE Block,False,12.899192,77.501382,2026-08-19 19:32,2026-08-19 21:23,True,,"a white Realme charger on the floor, about 1.5 m cable","{""marking"": ""initials"", ""damage"": ""no damage"", ""type"": ""a USB cable with adapter""}"
F0386,U0469,I0438,train,water bottle,drinkware,rose water bottle found,en,brief,Admin Block,False,12.898203,77.499816,2026-07-28 11:28,2026-07-28 14:07,True,,"a pink water bottle on a table, flip cap","{""strap"": ""a rope handle"", ""content"": ""a tea bag inside"", ""dent_location"": ""dent near the neck""}"
F0387,U0406,I0439,test,laptop,electronics,"Found a gray MacBook laptop. Details: keyboard lights up, fifteen inch display, stickers on the top cover.",en,detailed,Bus Stop,False,12.898383,77.497696,2026-09-25 21:15,2026-09-25 22:00,True,,"a grey laptop on a bench, stickers on the top cover","{""lid_sticker"": ""no sticker"", ""charger_included"": ""yes, with a black adapter"", ""scratch"": ""dent on the lid""}"
F0388,U0092,I0440,test,backpack,bags,Found red rucksack,en,brief,Canteen,False,12.900359,77.501106,2026-09-12 19:53,2026-09-12 21:25,True,,"a red backpack on a desk, double zip on the front","{""keychain"": ""a metal bottle-opener keychain"", ""inner_lining_color"": ""orange"", ""tag_or_sticker"": ""no sticker""}"
F0389,U0024,I0441,train,phone,electronics,"Found a red Motorola mobile. It has dual camera, clear back cover.",en,detailed,Security Desk,True,12.898293,77.499816,2026-09-16 16:02,2026-09-16 18:32,True,,"a red phone on a bench, clear back cover","{""back_sticker"": ""no sticker"", ""case_type"": ""no case"", ""wallpaper"": ""an anime character""}"
F0390,U0573,I0442,train,phone,electronics,"Found a maroon-ish red Motorola smartphone. It has pop socket on the back, clear back cover. Kept safely with me.",en,detailed,Playground,False,12.901976,77.498341,2026-08-02 15:24,2026-08-02 16:54,True,,"a red Motorola phone on a desk, pop socket on the back","{""screen_damage"": ""no cracks"", ""case_type"": ""no case"", ""back_sticker"": ""a band logo sticker""}"
F0391,U0131,I0443,train,smartwatch,electronics,Found a green fitness band. Details: circular screen.,en,medium,Stationery Shop,False,12.899461,77.500276,2026-09-13 11:27,2026-09-13 12:53,True,,"a olive green Apple Watch smartwatch on a desk, glass slightly scratched","{""extras"": ""a spare strap in a pouch"", ""strap_color"": ""a metal strap"", ""damage"": ""a scuffed corner""}"
F0392,U0067,I0444,train,other,electronics,Found a green Apple Watch watch. Features: rectangular screen.,en,medium,Stationery Shop,False,12.899461,77.500276,2026-09-01 11:42,2026-09-01 13:31,True,,"a green smartwatch on a table, square dial","{""damage"": ""no damage"", ""watch_face"": ""an analog face"", ""strap_color"": ""a black strap""}"
F0393,U0697,I0445,train,water bottle,drinkware,Found a water bottle.,en,brief,Canteen,False,12.900359,77.501106,2026-08-30 00:20,2026-08-30 01:08,True,,"a blue Borosil water bottle on a desk, 1 litre size","{""content"": ""a tea bag inside"", ""sticker"": ""a football sticker"", ""strap"": ""a loop on the cap""}"
F0394,U0217,I0446,train,phone,electronics,Mujhe mila hai: silver smartphone found,hinglish,brief,CS Block,False,12.899012,77.500737,2026-08-01 03:11,2026-08-01 05:59,True,,"a silver phone on a desk, cracked screen corner","{""back_sticker"": ""a metro card in the cover"", ""case_type"": ""black silicone case"", ""screen_damage"": ""crack at top-left corner""}"
F0395,U0556,I0447,train,phone,electronics,Fuond a mobile.,en,brief,CS Block,False,12.899012,77.500737,2026-10-01 15:03,2026-10-01 15:34,True,,"a silver phone on the floor, crack on the top corner","{""wallpaper"": ""a mountain sunset"", ""screen_damage"": ""crack at top-left corner"", ""back_sticker"": ""a ring holder""}"
F0396,U0739,I0448,train,notebook,stationery,"Ye mila hai, owner ko batao: found a black notebook. Features: sticky notes inside, 200 pages, spiral bound. Kept safely with me.",hinglish,detailed,ECE Block,False,12.899192,77.501382,2026-08-22 09:50,2026-08-22 11:52,True,,"a black notebook on a table, coloured sticky notes sticking out","{""loose_item"": ""a loose sheet inside"", ""cover_doodle"": ""a doodle of a cat"", ""first_page"": ""a cartoon""}"
F0397,U0107,I0449,train,notebook,stationery,Found a dark record book. It has spiral bound.,en,medium,ECE Block,False,12.899192,77.501382,2026-09-23 08:43,2026-09-23 09:39,True,,"a black Camlin notebook on a desk, thick cover","{""loose_item"": ""a loose sheet inside"", ""first_page"": ""a name and roll number"", ""subject"": ""Data Structures""}"
F0398,U0183,I0450,train,notebook,stationery,Found red record book,en,brief,Admin Block,False,12.898203,77.499816,2026-07-28 14:23,2026-07-28 15:06,True,,"a red Camlin notebook on the floor, about two hundred pages","{""subject"": ""DBMS"", ""cover_doodle"": ""a sticker of a planet"", ""loose_item"": ""a pen clipped inside""}"
F0399,U0001,I0451,train,notebook,stationery,"Found a red Camlin record book. Features: spiral notebook, coloured sticky notes sticking out.",en,detailed,Main Gate,False,12.898653,77.498157,2026-07-21 13:45,2026-07-21 15:10,False,,,"{""first_page"": ""an empty first page"", ""subject"": ""Operating Systems"", ""loose_item"": ""nothing inside""}"
F0400,U0147,I0452,train,keys,accessories,"Found a tan key bunch. Details: plastic tag, two-wheeler key with cover.",en,detailed,Library,False,12.9,77.5,2026-08-22 18:08,2026-08-22 18:48,False,,,"{""ring_type"": ""a plastic ring"", ""charm"": ""a cartoon figure"", ""tag_text"": ""no tag""}"
F0401,U0409,I0454,train,calculator,stationery,"Found a blue Citizen scientific calculator. Features: scientific calculator, some keys faded. Kept safely with me.",en,detailed,Parking Lot,False,12.899461,77.498894,2026-09-26 21:54,2026-09-26 23:41,True,,"a blue Citizen calculator on a desk, scientific type","{""damage"": ""a faded 7 key"", ""name_marking"": ""initials on the cover"", ""cover"": ""no cover""}"
F0402,U0114,I0456,train,keys,accessories,Found a red keychain. Features: metal ring.,en,medium,Security Desk,True,12.898293,77.499816,2026-09-27 08:34,2026-09-27 11:21,False,,,"{""ring_type"": ""a carabiner"", ""charm"": ""a bottle opener"", ""key_count"": ""two keys""}"
F0403,U0250,I0459,val,laptop,electronics,grey notebook computer found,en,brief,Parking Lot,False,12.899461,77.498894,2026-09-26 15:40,2026-09-26 18:21,True,,"a grey HP laptop on a desk, backlit keyboard","{""charger_included"": ""yes, with an extension cord"", ""scratch"": ""dent on the lid"", ""wallpaper"": ""plain black""}"
F0404,U0245,I0460,val,notebook,stationery,Found a notebook.,en,brief,Playground,False,12.901976,77.498341,2026-09-28 12:26,2026-09-28 14:49,True,,"a black Navneet notebook on the floor, spiral bound","{""loose_item"": ""nothing inside"", ""cover_doodle"": ""subject name only"", ""first_page"": ""a name and roll number""}"
F0405,U0054,I0461,val,other,bags,"Ye mila hai, owner ko batao: found a black rucksack. Details: reflective strip on the straps, a pocket on the side.",hinglish,detailed,Girls Hostel,False,12.897305,77.503225,2026-10-03 13:29,2026-10-03 15:11,True,,"a dark grey backpack on a bench, reflective strip on the straps","{""front_pocket_contents"": ""tissues and a comb"", ""keychain"": ""a metal bottle-opener keychain"", ""inner_lining_color"": ""red""}"
F0406,U0043,I0463,train,power bank,electronics,"Found a white charger bank. It has LED indicator, slim body.",en,detailed,Security Desk,True,12.898293,77.499816,2026-08-14 23:53,2026-08-15 00:15,True,,"a white Anker power bank on a bench, slim body","{""sticker"": ""no sticker"", ""capacity"": ""10000 mAh slim"", ""cable"": ""no cable""}"
F0407,U0158,I0465,train,charger,electronics,"Found a off-white Apple adapter with cable. Details: long cable, fast charging type.",en,detailed,ECE Block,False,12.899192,77.501382,2026-09-04 18:32,2026-09-04 21:16,True,,"a cream Apple charger on the floor, about 1.5 m cable","{""marking"": ""a name written in marker"", ""damage"": ""a bent pin"", ""type"": ""a 33W fast charger""}"
F0408,U0259,I0466,train,laptop,electronics,Found a black HP laptop. Details: backlit keyboard.,en,medium,Parking Lot,False,12.899461,77.498894,2026-08-03 18:11,2026-08-03 20:25,True,,"a black laptop on a table, in a black laptop sleeve","{""scratch"": ""no visible scratch"", ""lid_sticker"": ""a band sticker"", ""wallpaper"": ""a family photo""}"
F0409,U0770,I0467,train,earbuds case,electronics,Found a charging case.,en,brief,Playground,False,12.901976,77.498341,2026-08-15 11:00,2026-08-15 11:51,False,,,"{""charm"": ""a tiny bear charm"", ""engraved"": ""a heart drawn with marker"", ""buds_present"": ""only the left bud""}"
F0410,U0589,I0468,train,water bottle,drinkware,"Found a orange Cello bottle. It has apint worn off in places, flip-top lid.",en,detailed,ECE Block,False,12.899192,77.501382,2026-09-11 13:10,2026-09-11 16:08,True,,"a orange Cello water bottle on a bench, scratched paint","{""content"": ""a tea bag inside"", ""dent_location"": ""no dent"", ""strap"": ""no strap""}"
F0411,U0446,I0469,val,charger,electronics,"Found a off-white Samsung adapter with cable. Details: long cable, two-pin plug, cloth braided cable. Kept safely with me.",en,detailed,Girls Hostel,False,12.897305,77.503225,2026-08-27 21:31,2026-08-27 22:16,False,,,"{""type"": ""a 20W phone charger"", ""cable_wrap"": ""a rubber band around the cable"", ""marking"": ""a name written in marker""}"
F0412,U0509,I0471,train,water bottle,drinkware,"Found a blue flask. Details: paint worn off in places, flip cap. Kept safely with me.",en,detailed,Parking Lot,False,12.899461,77.498894,2026-08-17 17:26,2026-08-17 20:04,True,,"a light blue Tupperware water bottle on a desk, flip cap","{""sticker"": ""a name label"", ""content"": ""a lemon slice inside"", ""dent_location"": ""no dent""}"
F0413,U0716,I0472,train,laptop,electronics,Found a black laptop. It has black sleeve.,en,medium,CS Block,False,12.899012,77.500737,2026-08-20 11:09,2026-08-20 11:52,True,,"a dark MacBook laptop on a desk, in a black laptop sleeve","{""scratch"": ""scratch on the left corner"", ""wallpaper"": ""a car photo"", ""charger_included"": ""only the cable""}"
F0414,U0792,I0473,train,earbuds case,electronics,Found a notebook computer.,en,brief,Canteen,False,12.900359,77.501106,2026-09-16 08:28,2026-09-16 08:46,True,,"a black MacBook laptop on a desk, backlit keyboard","{""wallpaper"": ""an anime character"", ""scratch"": ""worn keys near the touchpad"", ""lid_sticker"": ""a cartoon sticker""}"
F0415,U0110,I0475,test,spectacles case,accessories,Found a grey card holder. Features: metal logo.,en,medium,Boys Hostel,False,12.902695,77.503686,2026-08-11 11:42,2026-08-11 13:14,True,,"a grey Woodland wallet on a bench, small metal logo","{""photo_inside"": ""no photo"", ""card_in_first_slot"": ""a bus pass"", ""other_item"": ""a small key""}"
F0416,U0440,I0477,test,backpack,bags,Found a dark green rucksack. Features: reflective strip on the straps.,en,medium,Girls Hostel,False,12.897305,77.503225,2026-08-26 02:41,2026-08-26 05:23,False,,,"{""keychain"": ""a red heart keychain"", ""inner_lining_color"": ""red"", ""front_pocket_contents"": ""a blue pen and a charger""}"
F0417,U0699,I0478,train,power bank,electronics,Found a white charger bank. It has thin power bank.,en,medium,Security Desk,True,12.898293,77.499816,2026-09-16 22:13,2026-09-17 00:52,True,,"a off-white power bank on the floor, thin power bank","{""capacity"": ""5000 mAh"", ""cable"": ""a type-C cable"", ""sticker"": ""a name sticker""}"
F0418,U0068,I0479,train,wallet,accessories,"Found a dark brown Woodland wallet. Features: worn edges, leather finish. Kept safely with me.",en,detailed,Girls Hostel,False,12.897305,77.503225,2026-07-26 11:05,2026-07-26 11:33,True,,"a brown wallet on the floor, worn edges","{""card_in_first_slot"": ""a debit card"", ""cash_range"": ""under 100 rupees"", ""other_item"": ""a coin""}"
F0419,U0721,I0480,train,laptop,electronics,Found a laptop.,en,brief,CS Block,False,12.899012,77.500737,2026-08-19 16:00,2026-08-19 18:27,True,,"a blue Dell laptop on a table, black sleeve","{""wallpaper"": ""a car photo"", ""scratch"": ""no visible scratch"", ""charger_included"": ""yes, with an extension cord""}"
F0420,U0126,I0481,train,laptop,electronics,Found a light blue laptop. It has in a black laptop sleeve.,en,medium,Stationery Shop,False,12.899461,77.500276,2026-08-22 20:38,2026-08-22 21:27,True,,"a blue Dell laptop on a desk, fifteen inch display","{""charger_included"": ""yes, with a black adapter"", ""lid_sticker"": ""a GitHub sticker"", ""scratch"": ""worn keys near the touchpad""}"
F0421,U0196,I0482,train,other,bags,Found a navy blue backpack. Details: reflective strip.,en,medium,Library,False,12.9,77.5,2026-08-21 02:31,2026-08-21 03:03,True,,"a navy blue backpack on the floor, white logo","{""front_pocket_contents"": ""a water bottle"", ""inner_lining_color"": ""grey"", ""tag_or_sticker"": ""a name tag with initials""}"
F0422,U0389,I0483,train,backpack,bags,Found navy blue backpack,en,brief,Security Desk,True,12.898293,77.499816,2026-08-15 13:00,2026-08-15 14:20,True,,"a navy blue Adidas backpack on a table, double zip on the front","{""keychain"": ""a red heart keychain"", ""inner_lining_color"": ""grey"", ""front_pocket_contents"": ""an umbrella""}"
F0423,U0110,I0484,train,water bottle,drinkware,Found a silver Decathlon bottle. It has steel body.,en,medium,Mechanical Block,False,12.898203,77.502396,2026-09-10 08:56,2026-09-10 10:04,False,,,"{""dent_location"": ""no dent"", ""content"": ""half filled with water"", ""sticker"": ""a football sticker""}"
F0424,U0208,I0485,train,backpack,bags,Found maroon backpack,en,brief,Mechanical Block,False,12.898203,77.502396,2026-09-08 04:59,2026-09-08 05:32,True,,"a maroon backpack on a table, slightly torn near the strap","{""inner_lining_color"": ""grey"", ""front_pocket_contents"": ""a lunch box"", ""keychain"": ""a small panda keychain""}"
F0425,U0154,I0486,train,phone,electronics,Found a white smartphone. Features: clear back cover.,en,medium,Auditorium,False,12.901437,77.499447,2026-09-11 13:28,2026-09-11 13:36,True,,"a white phone on a table, pop socket on the back","{""wallpaper"": ""a cat photo"", ""screen_damage"": ""small chip on the bottom edge"", ""case_type"": ""no case""}"
F0426,U0642,I0488,test,water bottle,drinkware,"Found a orange Tupperware flask. Details: scratched paint, stainless steel.",en,detailed,ECE Block,False,12.899192,77.501382,2026-10-03 06:04,2026-10-03 08:37,True,,"a dark yellow Tupperware water bottle on a table, steel body","{""sticker"": ""an NGO logo sticker"", ""content"": ""a tea bag inside"", ""dent_location"": ""dent near the neck""}"
F0427,U0224,I0489,train,backpack,bags,Found a sports bag.,en,brief,Gym,False,12.901797,77.501843,2026-10-02 10:13,2026-10-02 13:02,False,,,"{""front_pocket_contents"": ""a pair of earphones"", ""inner_lining_color"": ""orange"", ""keychain"": ""a metal bottle-opener keychain""}"
F0428,U0136,I0490,test,earbuds case,electronics,Found a black Noise earbuds case. Details: rubber cover.,en,medium,Gym,False,12.901797,77.501843,2026-08-19 19:19,2026-08-19 19:36,True,,"a black earbuds case on the floor, silicone cover","{""engraved"": ""initial S"", ""cover"": ""a cartoon silicone cover"", ""buds_present"": ""both buds present""}"
F0429,U0702,I0491,train,spectacles case,accessories,Found a grey glasses case. Features: small logo.,en,medium,Parking Lot,False,12.899461,77.498894,2026-08-05 21:06,2026-08-05 22:17,True,,"a grey spectacles case on a table, hard shell","{""case_print"": ""a name label"", ""lens_condition"": ""no scratches"", ""frame_color"": ""gold frame""}"
F0430,U0084,I0492,test,earbuds case,electronics,"Ye mila hai, owner ko batao: found a earbuds case.",hinglish,brief,Playground,False,12.901976,77.498341,2026-09-10 10:30,2026-09-10 11:51,True,,"a white boAt earbuds case on the floor, rubber cover","{""buds_present"": ""only the right bud"", ""charm"": ""no charm"", ""cover"": ""a glitter cover""}"
F0431,U0594,I0493,test,earbuds case,electronics,Found a white small case. Features: tiny indicator light.,en,medium,Playground,False,12.901976,77.498341,2026-07-25 05:34,2026-07-25 05:54,False,,,"{""engraved"": ""initial R"", ""buds_present"": ""only the right bud"", ""charm"": ""a beaded charm""}"
F0432,U0399,I0494,val,earbuds case,electronics,"Ye mila hai, owner ko batao: foudn a airpods case.",hinglish,brief,Mechanical Block,False,12.898203,77.502396,2026-10-01 14:01,2026-10-01 15:31,True,,"a blue AirPods earbuds case on the floor, lanyard hook","{""cover"": ""a glitter cover"", ""buds_present"": ""only the left bud"", ""engraved"": ""initial R""}"
F0433,U0468,I0495,test,phone,electronics,"Found a blue MacBook notebook computer. Details: in a black laptop sleeve, keyboard lights up, sticker on the lid.",en,detailed,Stationery Shop,False,12.899461,77.500276,2026-08-02 15:28,2026-08-02 18:26,True,,"a blue laptop on the floor, backlit keyboard","{""lid_sticker"": ""a band sticker"", ""scratch"": ""no visible scratch"", ""charger_included"": ""yes, with a black adapter""}"
F0434,U0584,I0496,train,umbrella,accessories,"Found a blue Lifelong umbrella. It has push-button opening, folding type, printed edges. Kept safely with me.",en,detailed,Playground,False,12.901976,77.498341,2026-09-12 13:21,2026-09-12 15:52,True,,"a navy blue umbrella on a bench, automatic open button","{""handle"": ""a black plastic handle"", ""damage"": ""a bent rib"", ""strap_color"": ""a black Velcro strap""}"
F0435,U0431,I0497,train,other,accessories,"Found a navy blue Lifelong umbrella. It has printed edges, one bent rib. Kept safely with me.",en,detailed,Playground,False,12.901976,77.498341,2026-09-05 03:03,2026-09-05 03:53,True,,"a navy blue umbrella on a desk, bent rib","{""print"": ""plain inside"", ""damage"": ""a missing button"", ""strap_color"": ""no strap""}"
F0436,U0199,I0498,train,spectacles case,accessories,Found grey spectacle case,en,brief,Main Gate,False,12.898653,77.498157,2026-09-08 00:18,2026-09-08 02:46,True,,"a grey Lenskart spectacles case on a desk, hard shell","{""case_print"": ""a logo of an optical shop"", ""case_inside"": ""no cloth"", ""lens_condition"": ""no scratches""}"
F0437,U0327,I0500,train,calculator,stationery,"Found a blue Citizen scientific calculator. It has solar strip on top, faded keys, slide cover.",en,detailed,Bus Stop,False,12.898383,77.497696,2026-08-26 13:25,2026-08-26 15:23,True,,"a blue Citizen calculator on the floor, some keys faded","{""model"": ""fx-570ES"", ""damage"": ""a missing key cap"", ""cover"": ""no cover""}"
F0438,U0726,I0502,train,power bank,electronics,Found a grey Syska battery pack. Details: thin power bank.,en,medium,Main Gate,False,12.898653,77.498157,2026-09-09 05:10,2026-09-09 06:25,False,,,"{""capacity"": ""10000 mAh"", ""cable"": ""no cable"", ""sticker"": ""a cartoon sticker""}"
F0439,U0543,I0503,train,charger,electronics,Found a cream adapter with cable. Details: cloth braided cable.,en,medium,Boys Hostel,False,12.902695,77.503686,2026-09-01 18:21,2026-09-01 19:08,True,,"a white charger on a desk, fast charger","{""type"": ""a 20W phone charger"", ""damage"": ""a cracked adapter body"", ""marking"": ""initials""}"
F0440,U0535,I0504,val,wallet,accessories,"Found a grey Puma wallet. Features: worn edges, leather finish. Kept safely with me.",en,detailed,Boys Hostel,False,12.902695,77.503686,2026-08-25 18:23,2026-08-25 18:51,True,,"a grey wallet on the floor, leather finish","{""photo_inside"": ""a small deity picture"", ""cash_range"": ""500 to 2000 rupees"", ""other_item"": ""a small key""}"
F0441,U0705,I0505,train,earbuds case,electronics,Found a blue AirPods airpods case. Details: tiny indicator light.,en,medium,Playground,False,12.901976,77.498341,2026-08-31 14:16,2026-08-31 14:34,False,,,"{""engraved"": ""a name label"", ""buds_present"": ""only the right bud"", ""cover"": ""a plain case""}"
F0442,U0247,I0506,train,power bank,electronics,"Ye mila hai, owner ko batao: found a airpods case.",hinglish,brief,Security Desk,True,12.898293,77.499816,2026-09-11 15:04,2026-09-11 16:30,True,,"a blue AirPods earbuds case on the floor, silicone cover","{""cover"": ""a plain case"", ""engraved"": ""no marking"", ""charm"": ""a beaded charm""}"
F0443,U0085,I0507,train,phone,electronics,"Found a silver Redmi smartphone. Features: transparent case, dual camera. Kept safely with me.",en,detailed,Auditorium,False,12.901437,77.499447,2026-08-08 08:15,2026-08-08 09:28,True,,"a silver phone on the floor, two cameras at the back","{""wallpaper"": ""a mountain sunset"", ""screen_damage"": ""a dead pixel line"", ""back_sticker"": ""no sticker""}"
F0444,U0236,I0508,train,phone,electronics,Found a metallic phone. It has pop socket on the back.,en,medium,Auditorium,False,12.901437,77.499447,2026-09-26 18:23,2026-09-26 19:52,True,,"a silver phone on a desk, dual camera","{""screen_damage"": ""scratched tempered glass"", ""back_sticker"": ""no sticker"", ""wallpaper"": ""a beach photo""}"
F0445,U0430,I0509,val,charger,electronics,Found black charger,en,brief,Playground,False,12.901976,77.498341,2026-08-07 14:49,2026-08-07 15:31,True,,"a black charger on the floor, about 1.5 m cable","{""damage"": ""a bent pin"", ""type"": ""a 65W laptop charger"", ""marking"": ""a name written in marker""}"
F0446,U0073,I0513,test,umbrella,accessories,Found a light pink Fastrack umbrella. It has one bent rib.,en,medium,Boys Hostel,False,12.902695,77.503686,2026-09-17 16:40,2026-09-17 18:59,True,,"a pink Fastrack umbrella on a desk, pattern on the border","{""damage"": ""a torn edge"", ""strap_color"": ""a red strap"", ""print"": ""floral print inside""}"
F0447,U0261,I0514,val,water bottle,drinkware,Found black bottle,en,brief,Playground,False,12.901976,77.498341,2026-09-10 16:05,2026-09-10 16:16,True,,"a dark water bottle on a bench, paint worn off in places","{""strap"": ""a rope handle"", ""dent_location"": ""dent on the cap"", ""sticker"": ""a fest sticker""}"
F0448,U0275,I0515,val,water bottle,drinkware,"Found a dark Milton flask. It has flip cap, paint worn off in places.",en,detailed,Playground,False,12.901976,77.498341,2026-09-24 01:37,2026-09-24 03:00,False,,,"{""content"": ""a tea bag inside"", ""dent_location"": ""dent on the cap"", ""strap"": ""no strap""}"
F0449,U0203,I0516,train,charger,electronics,"Found a black Realme adapter with cable. Features: about 1.5 m cable, fast charging type. Kept safely with me.",en,detailed,Playground,False,12.901976,77.498341,2026-09-22 23:08,2026-09-22 23:57,False,,,"{""damage"": ""no damage"", ""type"": ""a USB cable with adapter"", ""marking"": ""no marking""}"
F0450,U0090,I0517,test,backpack,bags,Found a gray sports bag. Features: two front zips.,en,medium,Stationery Shop,False,12.899461,77.500276,2026-07-22 22:08,2026-07-23 00:36,True,,"a grey backpack on the floor, double zip on the front","{""keychain"": ""a football keychain"", ""front_pocket_contents"": ""two notebooks"", ""tag_or_sticker"": ""a yellow ribbon on the zip""}"
F0451,U0548,I0518,train,calculator,stationery,Mujhe mila hai: grey calculator found,hinglish,brief,Library,False,12.9,77.5,2026-07-28 21:09,2026-07-28 21:12,True,,"a grey Citizen calculator on a bench, scientific calculator","{""damage"": ""a missing key cap"", ""model"": ""fx-991EX"", ""name_marking"": ""initials on the cover""}"
F0452,U0448,I0519,train,notebook,stationery,Found a notebook.,en,brief,Auditorium,False,12.901437,77.499447,2026-07-28 15:25,2026-07-28 17:14,True,,"a dark green notebook on a desk, spiral notebook","{""subject"": ""Engineering Maths"", ""loose_item"": ""a loose sheet inside"", ""first_page"": ""a name and roll number""}"
F0453,U0437,I0520,train,keys,accessories,Found a brown keychain. Details: plasitc tag.,en,medium,Admin Block,False,12.898203,77.499816,2026-09-30 13:57,2026-09-30 14:02,True,,"a brown keys on a table, steel ring","{""key_count"": ""three keys"", ""tag_text"": ""no tag"", ""ring_type"": ""a split ring with a loop""}"
F0454,U0385,I0521,train,laptop,electronics,Found a black Dell notebook computer. Details: stickers on the top cover.,en,medium,ECE Block,False,12.899192,77.501382,2026-09-02 20:23,2026-09-02 23:07,True,,"a black Dell laptop on the floor, stickers on the top cover","{""scratch"": ""scratch on the left corner"", ""wallpaper"": ""an anime character"", ""lid_sticker"": ""a college club sticker""}"
F0455,U0751,I0522,train,laptop,electronics,Found a dark Dell laptop. Details: backlit keyboard.,en,medium,Mechanical Block,False,12.898203,77.502396,2026-09-12 13:59,2026-09-12 16:20,True,,"a black Dell laptop on a desk, in a black laptop sleeve","{""scratch"": ""worn keys near the touchpad"", ""wallpaper"": ""a cricket player photo"", ""charger_included"": ""only the cable""}"
F0456,U0471,I0523,train,umbrella,accessories,"Fuond a pink umbrella. Features: foldable umbrella, automatic open button.",en,detailed,Gym,False,12.901797,77.501843,2026-08-15 20:09,2026-08-15 22:16,True,,"a pink umbrella on a bench, foldable umbrella","{""damage"": ""a torn edge"", ""handle"": ""a black plastic handle"", ""print"": ""a company logo""}"
F0457,U0555,I0524,train,charger,electronics,Found silver smartphone,en,brief,Mechanical Block,False,12.898203,77.502396,2026-09-10 10:40,2026-09-10 13:39,True,,"a silver Vivo phone on a table, clear back cover","{""case_type"": ""black silicone case"", ""wallpaper"": ""a family photo"", ""back_sticker"": ""a ring holder""}"
F0458,U0681,I0525,train,phone,electronics,Found a smartphone.,en,brief,Girls Hostel,False,12.897305,77.503225,2026-09-21 10:21,2026-09-21 12:26,True,,"a silver Vivo phone on the floor, cracked screen corner","{""wallpaper"": ""a cat photo"", ""case_type"": ""no case"", ""screen_damage"": ""crack at top-left corner""}"
F0459,U0088,I0526,train,power bank,electronics,Found a black Syska power bank. Details: matte rubber finish.,en,medium,CS Block,False,12.899012,77.500737,2026-08-13 15:48,2026-08-13 16:06,True,,"a black Syska power bank on a table, four indicator lights","{""damage"": ""a loose port"", ""cable"": ""a type-C cable"", ""capacity"": ""5000 mAh""}"
F0460,U0282,I0527,train,power bank,electronics,"Found a dark Syska power bank. Features: USB-C port, matte rubber finish.",en,detailed,CS Block,False,12.899012,77.500737,2026-10-05 22:42,2026-10-06 00:24,False,,,"{""cable"": ""a lightning cable"", ""sticker"": ""no sticker"", ""capacity"": ""10000 mAh""}"
F0461,U0226,I0528,train,smartwatch,electronics,black smartwatch found,en,brief,Gym,False,12.901797,77.501843,2026-08-06 20:01,2026-08-06 20:41,False,,,"{""strap_color"": ""a white strap"", ""extras"": ""the charging dock in a pouch"", ""watch_face"": ""a digital face with steps""}"
F0462,U0335,I0529,val,water bottle,drinkware,blue water bottle found,en,brief,CS Block,False,12.899012,77.500737,2026-09-30 10:30,2026-09-30 11:44,False,,,"{""strap"": ""a loop on the cap"", ""sticker"": ""a football sticker"", ""content"": ""empty""}"
F0463,U0676,I0530,val,water bottle,drinkware,blue flask found,en,brief,ECE Block,False,12.899192,77.501382,2026-09-14 17:41,2026-09-14 20:39,True,,"a blue Tupperware water bottle on the floor, flip cap","{""content"": ""a tea bag inside"", ""dent_location"": ""dent on the cap"", ""strap"": ""a loop on the cap""}"
F0464,U0307,I0531,train,power bank,electronics,Found a black battery pack. Features: matte rubber finish.,en,medium,Mechanical Block,False,12.898203,77.502396,2026-08-18 14:06,2026-08-18 14:21,True,,"a black power bank on a bench, rubber finish","{""cable"": ""a short white cable attached"", ""capacity"": ""5000 mAh"", ""damage"": ""a dent on one corner""}"
F0465,U0514,I0532,train,keys,accessories,Found brown keychain,en,brief,Admin Block,False,12.898203,77.499816,2026-09-24 20:23,2026-09-24 20:58,True,,"a brown keys on the floor, bike key with a rubber cover","{""charm"": ""a bell charm"", ""key_count"": ""five keys"", ""tag_text"": ""a hostel name""}"
F0466,U0791,I0534,train,wallet,accessories,"Found a black card holder. It has looks like leather, zipper coin section.",en,detailed,Canteen,False,12.900359,77.501106,2026-09-26 12:28,2026-09-26 15:22,True,,"a black Fastrack wallet on a table, zip coin pocket","{""other_item"": ""a library slip"", ""card_in_first_slot"": ""a library card"", ""cash_range"": ""over 2000 rupees""}"
F0467,U0707,I0535,train,smartwatch,electronics,Found black watch,en,brief,Library,False,12.9,77.5,2026-08-15 12:49,2026-08-15 15:32,False,,,"{""extras"": ""no dock"", ""strap_color"": ""a pink strap"", ""damage"": ""a scratch on the glass""}"
F0468,U0546,I0536,train,power bank,electronics,Found a black Mi power bank. Features: type-C input.,en,medium,Parking Lot,False,12.899461,77.498894,2026-08-03 20:55,2026-08-03 21:26,True,,"a dark Mi power bank on a desk, USB-C port","{""capacity"": ""5000 mAh"", ""sticker"": ""no sticker"", ""damage"": ""a loose port""}"
F0469,U0048,I0538,test,keys,accessories,"Found a red keychain. Features: tiny lock key, tag hanging from it. Kept safely with me.",en,detailed,Mechanical Block,False,12.898203,77.502396,2026-07-28 09:39,2026-07-28 09:47,False,,,"{""key_count"": ""three keys"", ""ring_type"": ""a carabiner"", ""charm"": ""a plastic football""}"
F0470,U0221,I0539,val,backpack,bags,"Found a black rucksack. It has two front zips, white logo, laptop compartment.",en,detailed,Library,False,12.9,77.5,2026-09-21 14:18,2026-09-21 16:39,False,,,"{""keychain"": ""a metal bottle-opener keychain"", ""front_pocket_contents"": ""a water bottle"", ""inner_lining_color"": ""green""}"
F0471,U0759,I0540,train,spectacles case,accessories,Found a tan glasses case. It has cloth pouch type.,en,medium,Canteen,False,12.900359,77.501106,2026-08-04 14:16,2026-08-04 15:34,False,,,"{""lens_condition"": ""no scratches"", ""frame_color"": ""transparent frame"", ""case_print"": ""a name label""}"
F0472,U0433,I0541,train,backpack,bags,Found a maroon Puma bag. Details: logo in whiet on the front.,en,medium,Admin Block,False,12.898203,77.499816,2026-08-10 15:37,2026-08-10 17:25,True,,"a maroon Puma backpack on a table, slightly torn near the strap","{""keychain"": ""a small panda keychain"", ""front_pocket_contents"": ""a calculator and a ruler"", ""tag_or_sticker"": ""a college fest tag""}"
F0473,U0645,I0542,test,spectacles case,accessories,"Found a dark brown glasses case. It has hard case, soft pouch, zippered. Kept safely with me.",en,detailed,Parking Lot,False,12.899461,77.498894,2026-09-15 10:53,2026-09-15 13:05,True,,"a brown spectacles case on a table, soft pouch","{""case_print"": ""a floral print"", ""frame_color"": ""silver frame"", ""case_inside"": ""a spare nose pad""}"
F0474,U0353,I0543,val,earbuds case,electronics,"Found a craem Realme charging case. Details: scratches on the lid, tiny indicator light.",en,detailed,Admin Block,False,12.898203,77.499816,2026-08-08 19:12,2026-08-08 21:41,True,,"a white earbuds case on the floor, scratches on the lid","{""engraved"": ""no marking"", ""charm"": ""a tiny bear charm"", ""cover"": ""a silicone cover with a hook""}"
F0475,U0448,I0544,val,phone,electronics,Found a earbuds case.,en,brief,Admin Block,False,12.898203,77.499816,2026-09-07 21:17,2026-09-07 21:53,True,,"a white earbuds case on a bench, scratches on the lid","{""charm"": ""a metal ring"", ""buds_present"": ""both buds present"", ""cover"": ""a glitter cover""}"
F0476,U0218,I0545,train,water bottle,drinkware,Mujhe mila hai: found a orange water bottle. It has flip cap.,hinglish,medium,Admin Block,False,12.898203,77.499816,2026-07-29 10:23,2026-07-29 13:10,True,,"a orange water bottle on the floor, one litre bottle","{""content"": ""a lemon slice inside"", ""dent_location"": ""dent on the cap"", ""sticker"": ""a football sticker""}"
F0477,U0728,I0546,test,wallet,accessories,"Found a navy blue purse. Details: frayed at the edges, small metal logo, looks like leather. Kept safely with me.",en,detailed,Library,False,12.9,77.5,2026-09-02 18:19,2026-09-02 19:48,True,,"a navy blue Fastrack wallet on the floor, metal logo","{""cash_range"": ""no cash"", ""card_in_first_slot"": ""a metro card"", ""photo_inside"": ""a passport-size photo""}"
F0478,U0079,I0547,train,laptop,electronics,light pink earbuds case found,en,brief,Main Gate,False,12.898653,77.498157,2026-09-09 11:44,2026-09-09 12:58,True,,"a rose earbuds case on a bench, scratches on the lid","{""cover"": ""a silicone cover with a hook"", ""engraved"": ""initial A"", ""charm"": ""a tiny bear charm""}"
F0479,U0271,I0548,train,umbrella,accessories,Found a grey Fastrack umbrella. It has automatic open button.,en,medium,ECE Block,False,12.899192,77.501382,2026-09-05 08:28,2026-09-05 08:51,True,,"a grey Fastrack umbrella on a bench, push-button opening","{""print"": ""a checked pattern"", ""damage"": ""a torn edge"", ""handle"": ""a curved wooden handle""}"
F0480,U0330,I0549,train,umbrella,accessories,grey umbrella found,en,brief,ECE Block,False,12.899192,77.501382,2026-09-01 08:29,2026-09-01 08:49,True,,"a grey Fastrack umbrella on a table, bent rib","{""damage"": ""a missing button"", ""handle"": ""a black plastic handle"", ""strap_color"": ""a black Velcro strap""}"
F0481,U0251,I0550,train,earbuds case,electronics,Found a cream Noise charging case. It has small LED light.,en,medium,Library,False,12.9,77.5,2026-07-28 10:44,2026-07-28 11:28,True,,"a white Noise earbuds case on a desk, rubber cover","{""charm"": ""a beaded charm"", ""buds_present"": ""only the right bud"", ""cover"": ""a glitter cover""}"
F0482,U0613,I0551,train,keys,accessories,Mujhe mila hai: silver keys found,hinglish,brief,Mechanical Block,False,12.898203,77.502396,2026-09-19 14:54,2026-09-19 16:24,False,,,"{""tag_text"": ""a room number"", ""charm"": ""a leather tag"", ""ring_type"": ""a steel ring""}"
F0483,U0167,I0552,train,wallet,accessories,brown card holder found,en,brief,CS Block,False,12.899012,77.500737,2026-08-03 01:56,2026-08-03 02:42,True,,"a brown Hidesign wallet on a desk, leather finish","{""photo_inside"": ""a family photo"", ""cash_range"": ""under 100 rupees"", ""other_item"": ""a folded receipt""}"
F0484,U0600,I0554,train,earbuds case,electronics,Found a blue AirPods airpods case. Features: lanyard hook.,en,medium,Boys Hostel,False,12.902695,77.503686,2026-08-02 06:46,2026-08-02 08:31,True,,"a blue AirPods earbuds case on a table, small LED light","{""buds_present"": ""only the right bud"", ""charm"": ""a tiny bear charm"", ""cover"": ""a cartoon silicone cover""}"
F0485,U0318,I0555,train,wallet,accessories,"Found a gray Woodland card holder. Details: zipper coin section, worn edges.",en,detailed,Stationery Shop,False,12.899461,77.500276,2026-09-19 03:26,2026-09-19 05:20,True,,"a gray wallet on a table, frayed at the edges","{""other_item"": ""a visiting card"", ""cash_range"": ""100 to 500 rupees"", ""photo_inside"": ""a passport-size photo""}"
F0486,U0669,I0556,train,water bottle,drinkware,Found silver flask,en,brief,Security Desk,True,12.898293,77.499816,2026-08-03 11:22,2026-08-03 12:44,True,,"a silver water bottle on a bench, paint worn off in places","{""content"": ""a tea bag inside"", ""dent_location"": ""scratch on the side"", ""strap"": ""no strap""}"
F0487,U0194,I0557,train,water bottle,drinkware,"Found a silver water bottle. Features: stainless steel, flip cap. Kept safely with me.",en,detailed,Parking Lot,False,12.899461,77.498894,2026-09-24 19:36,2026-09-24 20:38,True,,"a silver water bottle on a bench, stainless steel","{""dent_location"": ""dent near the neck"", ""content"": ""a lemon slice inside"", ""strap"": ""a rope handle""}"
F0488,U0310,I0558,train,power bank,electronics,Found a silver Realme battery pack. Details: matte rubber finish.,en,medium,Boys Hostel,False,12.902695,77.503686,2026-08-27 09:11,2026-08-27 11:31,True,,"a silver Realme power bank on a table, LED indicator","{""cable"": ""no cable"", ""damage"": ""no damage"", ""capacity"": ""5000 mAh""}"
F0489,U0177,I0559,test,calculator,stationery,grey calculator found,en,brief,CS Block,False,12.899012,77.500737,2026-09-18 16:34,2026-09-18 19:26,False,,,"{""damage"": ""a cracked corner"", ""model"": ""fx-991ES Plus"", ""cover"": ""no cover""}"
F0490,U0557,I0560,test,calculator,stationery,"Found a grey Citizen calculator. Details: solar panel, some keys faded. Kept safely with me.",en,detailed,CS Block,False,12.899012,77.500737,2026-10-02 14:38,2026-10-02 15:22,True,,"a grey Citizen calculator on a desk, some keys faded","{""model"": ""fx-991EX"", ""name_marking"": ""no marking"", ""cover"": ""a black slide cover""}"
F0491,U0664,I0561,train,keys,accessories,silver key bunch found,en,brief,Security Desk,True,12.898293,77.499816,2026-09-14 19:51,2026-09-14 21:07,True,,"a silver keys on a desk, tag hanging from it","{""tag_text"": ""no tag"", ""ring_type"": ""a carabiner"", ""key_count"": ""three keys""}"
F0492,U0056,I0563,test,laptop,electronics,Found a grey notebook computer. Details: stickers on the top cover.,en,medium,Girls Hostel,False,12.897305,77.503225,2026-07-30 15:04,2026-07-30 17:40,True,,"a grey laptop on a bench, stickers on the top cover","{""scratch"": ""scratch on the left corner"", ""wallpaper"": ""a car photo"", ""charger_included"": ""no charger""}"
F0493,U0729,I0564,train,phone,electronics,green phone found,en,brief,Boys Hostel,False,12.902695,77.503686,2026-09-23 14:12,2026-09-23 16:25,True,,"a green phone on the floor, two cameras at the back","{""case_type"": ""no case"", ""screen_damage"": ""small chip on the bottom edge"", ""wallpaper"": ""a cricket player photo""}"
F0494,U0711,I0565,test,water bottle,drinkware,"Ye mila hai, owenr ko batao: found a bottle.",hinglish,brief,Bus Stop,False,12.898383,77.497696,2026-08-11 17:18,2026-08-11 17:46,True,,"a black Tupperware water bottle on a desk, flip cap","{""dent_location"": ""dent on the cap"", ""strap"": ""a rope handle"", ""content"": ""a lemon slice inside""}"
F0495,U0017,I0566,val,water bottle,drinkware,Mujhe mila hai: found a pink water bottle. Details: flip-top lid.,hinglish,medium,Gym,False,12.901797,77.501843,2026-08-05 12:45,2026-08-05 13:46,True,,"a pink Milton water bottle on a desk, paint worn off in places","{""strap"": ""a rope handle"", ""dent_location"": ""no dent"", ""sticker"": ""a football sticker""}"
F0496,U0763,I0568,train,laptop,electronics,"Ye mila hai, owner ko batao: blue notebook computer found",hinglish,brief,Stationery Shop,False,12.899461,77.500276,2026-08-13 04:57,2026-08-13 07:34,True,,"a blue MacBook laptop on a desk, black sleeve","{""wallpaper"": ""a beach photo"", ""lid_sticker"": ""a college club sticker"", ""scratch"": ""worn keys near the touchpad""}"
F0497,U0620,I0569,train,umbrella,accessories,Found a dark umbrella. Features: printed edges.,en,medium,Bus Stop,False,12.898383,77.497696,2026-08-15 23:33,2026-08-16 00:22,True,,"a black umbrella on a table, automatic open button","{""print"": ""a company logo"", ""strap_color"": ""a blue strap"", ""handle"": ""a straight handle""}"
F0498,U0633,I0570,test,laptop,electronics,Found a notebook computer.,en,brief,Main Gate,False,12.898653,77.498157,2026-09-08 17:24,2026-09-08 18:52,True,,"a grey Acer laptop on a bench, keyboard lights up","{""charger_included"": ""yes, with a black adapter"", ""scratch"": ""worn keys near the touchpad"", ""wallpaper"": ""a family photo""}"
F0499,U0356,I0571,train,umbrella,accessories,maroon-ish red umbrella found,en,brief,Gym,False,12.901797,77.501843,2026-10-03 06:07,2026-10-03 08:13,True,,"a red umbrella on a bench, bent rib","{""strap_color"": ""no strap"", ""handle"": ""a handle with a rubber grip"", ""damage"": ""a missing button""}"
F0500,U0557,I0572,train,earbuds case,electronics,"Found a white charigng case. Features: hook for a lanyard, tiny indicator light, rubber cover.",en,detailed,Main Gate,False,12.898653,77.498157,2026-07-20 13:16,2026-07-20 15:49,True,,"a white Noise earbuds case on a bench, rubber cover","{""buds_present"": ""only the left bud"", ""charm"": ""a tiny bear charm"", ""engraved"": ""a heart drawn with marker""}"
F0501,U0650,I0573,train,earbuds case,electronics,"Ye mila hai, owner ko batao: found a earbuds case.",hinglish,brief,Main Gate,False,12.898653,77.498157,2026-09-09 13:46,2026-09-09 16:22,True,,"a white earbuds case on the floor, scratches on the lid","{""charm"": ""a beaded charm"", ""engraved"": ""a name label"", ""cover"": ""a glitter cover""}"
F0502,U0616,I0574,val,notebook,stationery,Found a sky blue Classmate book. Details: sticky notes inside.,en,medium,Admin Block,False,12.898203,77.499816,2026-09-20 05:51,2026-09-20 07:51,True,,"a sky blue Classmate notebook on a desk, about two hundred pages","{""loose_item"": ""a pen clipped inside"", ""first_page"": ""a name and roll number"", ""subject"": ""Machine Learning""}"
F0503,U0348,I0575,val,notebook,stationery,Found a blue Classmate book. Features: spiral bound.,en,medium,Main Gate,False,12.898653,77.498157,2026-09-29 11:06,2026-09-29 13:32,True,,"a blue Classmate notebook on a table, hard cover","{""loose_item"": ""a loose sheet inside"", ""cover_doodle"": ""a name label"", ""subject"": ""Physics""}"
F0504,U0156,I0577,train,calculator,stationery,Found a sky blue Casio scientific calculator. It has scientific type.,en,medium,Canteen,False,12.900359,77.501106,2026-09-26 19:00,2026-09-26 21:00,False,,,"{""cover"": ""a black slide cover"", ""damage"": ""a faded 7 key"", ""model"": ""fx-82MS""}"
F0505,U0404,I0578,test,calculator,stationery,"Found a grey Casio calculator. Details: solar panel, some keys faded, slide cover.",en,detailed,Security Desk,True,12.898293,77.499816,2026-08-03 22:06,2026-08-04 00:04,True,,"a grey calculator on a bench, solar panel","{""damage"": ""a missing key cap"", ""name_marking"": ""a sticker with a roll number"", ""model"": ""fx-991ES Plus""}"
F0506,U0699,I0579,test,backpack,bags,oFund a red sports bag. Features: small tear by the strap.,en,medium,Playground,False,12.901976,77.498341,2026-08-18 01:51,2026-08-18 03:19,True,,"a red backpack on a table, a pocket on the side","{""front_pocket_contents"": ""tissues and a comb"", ""keychain"": ""a metal bottle-opener keychain"", ""inner_lining_color"": ""black""}"
F0507,U0583,I0580,train,laptop,electronics,"Found a silver laptop. Details: black sleeve, sticker on the lid.",en,detailed,Bus Stop,False,12.898383,77.497696,2026-08-29 09:16,2026-08-29 10:42,True,,"a silver HP laptop on a table, stickers on the top cover","{""scratch"": ""dent on the lid"", ""wallpaper"": ""a cat photo"", ""charger_included"": ""only the cable""}"
F0508,U0330,I0581,test,wallet,accessories,Found a maroon Woodland card holder. Details: zipper coin section.,en,medium,Stationery Shop,False,12.899461,77.500276,2026-08-02 12:55,2026-08-02 13:45,True,,"a maroon wallet on a desk, zip coin pocket","{""other_item"": ""a coin"", ""card_in_first_slot"": ""a college ID"", ""photo_inside"": ""a passport-size photo""}"
F0509,U0495,I0582,train,earbuds case,electronics,Found a pink charging case. It has small LED light.,en,medium,Canteen,False,12.900359,77.501106,2026-07-22 12:16,2026-07-22 13:33,False,,,"{""cover"": ""a silicone cover with a hook"", ""charm"": ""a metal ring"", ""buds_present"": ""only the right bud""}"
F0510,U0555,I0583,train,phone,electronics,"Fuond a white Vivo phone. It has dual camera, ring holder on the back. Kept safely with me.",en,detailed,CS Block,False,12.899012,77.500737,2026-08-30 21:59,2026-08-31 00:04,True,,"a white Vivo phone on a desk, ring holder on the back","{""screen_damage"": ""no cracks"", ""case_type"": ""blue hard case"", ""wallpaper"": ""a cricket player photo""}"
F0511,U0360,I0584,train,phone,electronics,"Found a white Vivo phone. It has two cameras at the back, cracked screen corner.",en,detailed,Admin Block,False,12.898203,77.499816,2026-08-12 18:35,2026-08-12 19:39,True,,"a white Vivo phone on a desk, cracked screen corner","{""back_sticker"": ""a heart sticker"", ""wallpaper"": ""a family photo"", ""case_type"": ""blue hard case""}"
F0512,U0347,I0585,val,wallet,accessories,Found a card holder.,en,brief,Parking Lot,False,12.899461,77.498894,2026-09-02 12:59,2026-09-02 15:26,True,,"a brown Fastrack wallet on a desk, looks like leather","{""card_in_first_slot"": ""a bus pass"", ""cash_range"": ""under 100 rupees"", ""photo_inside"": ""a passport-size photo""}"
F0513,U0325,I0586,train,smartwatch,electronics,"Found a white watch. Features: scratch on the glass, silicone strap, rectangular screen. Kept safely with me.",en,detailed,Mechanical Block,False,12.898203,77.502396,2026-09-08 09:24,2026-09-08 11:12,False,,,"{""strap_color"": ""a blue strap"", ""extras"": ""no dock"", ""watch_face"": ""a digital face with steps""}"
F0514,U0273,I0587,train,phone,electronics,Found a phone.,en,brief,Canteen,False,12.900359,77.501106,2026-08-20 14:04,2026-08-20 14:20,False,,,"{""back_sticker"": ""a ring holder"", ""wallpaper"": ""a mountain sunset"", ""screen_damage"": ""scratched tempered glass""}"
F0515,U0405,I0588,val,wallet,accessories,Fonud a card holder.,en,brief,Bus Stop,False,12.898383,77.497696,2026-08-15 18:31,2026-08-15 20:11,False,,,"{""photo_inside"": ""a polaroid"", ""cash_range"": ""no cash"", ""card_in_first_slot"": ""a library card""}"
F0516,U0602,I0589,train,wallet,accessories,"Found a navy blue Hidesign wallet. Details: zip coin pocket, frayed at the edges. Kept safely with me.",en,detailed,Admin Block,False,12.898203,77.499816,2026-09-28 16:16,2026-09-28 17:07,False,,,"{""cash_range"": ""no cash"", ""card_in_first_slot"": ""a metro card"", ""photo_inside"": ""no photo""}"
F0517,U0742,I0590,train,water bottle,drinkware,Found green water bottle,en,brief,Canteen,False,12.900359,77.501106,2026-08-25 04:40,2026-08-25 05:10,True,,"a green Borosil water bottle on a bench, flip-top lid","{""sticker"": ""a cartoon sticker"", ""strap"": ""a black strap"", ""content"": ""half filled with water""}"
F0518,U0503,I0591,train,calculator,stationery,Found a calculator.,en,brief,Canteen,False,12.900359,77.501106,2026-09-02 07:32,2026-09-02 10:17,True,,"a grey calculator on the floor, scientific calculator","{""model"": ""fx-991ES Plus"", ""damage"": ""a cracked corner"", ""cover"": ""a blue flip cover""}"
F0519,U0056,I0592,train,spectacles case,accessories,Found a grey specs box. It has hard case.,en,medium,Mechanical Block,False,12.898203,77.502396,2026-08-05 13:09,2026-08-05 15:25,True,,"a grey spectacles case on a bench, zippered","{""lens_condition"": ""a scratch on the right lens"", ""frame_color"": ""silver frame"", ""case_print"": ""a floral print""}"
F0520,U0250,I0593,train,spectacles case,accessories,Found a red spectacle case. Details: cloth pouch type.,en,medium,ECE Block,False,12.899192,77.501382,2026-08-27 11:45,2026-08-27 13:04,True,,"a red spectacles case on a desk, tiny logo on the front","{""lens_condition"": ""a scratch on the right lens"", ""case_inside"": ""a screwdriver kit"", ""frame_color"": ""black frame""}"
F0521,U0722,I0594,train,smartwatch,electronics,Found a blue Fire-Boltt watch. Features: silicone strap.,en,medium,ECE Block,False,12.899192,77.501382,2026-08-17 06:28,2026-08-17 08:10,True,,"a blue smartwatch on the floor, rectangular screen","{""strap_color"": ""a black strap"", ""damage"": ""a scuffed corner"", ""extras"": ""no dock""}"
F0522,U0781,I0596,train,water bottle,drinkware,"Found a blue Cello bottle. Details: steel body, scratched paint.",en,detailed,Stationery Shop,False,12.899461,77.500276,2026-10-02 20:09,2026-10-02 22:38,True,,"a blue water bottle on a desk, steel body","{""dent_location"": ""dent on the cap"", ""content"": ""a lemon slice inside"", ""strap"": ""a black strap""}"
F0523,U0525,I0597,train,water bottle,drinkware,Fonud a blue flask. It has paint worn off in places.,en,medium,Stationery Shop,False,12.899461,77.500276,2026-07-29 09:57,2026-07-29 10:35,True,,"a blue Cello water bottle on a table, paint worn off in places","{""dent_location"": ""scratch on the side"", ""strap"": ""a loop on the cap"", ""sticker"": ""an NGO logo sticker""}"
F0524,U0347,I0599,train,laptop,electronics,Found a blue laptop. Details: 15 inch screen.,en,medium,Playground,False,12.901976,77.498341,2026-09-29 06:28,2026-09-29 06:35,False,,,"{""scratch"": ""dent on the lid"", ""lid_sticker"": ""a cartoon sticker"", ""wallpaper"": ""an anime character""}"
F0525,U0120,I0600,val,umbrella,accessories,Found a pink Lifelong umbrella. Details: automatic open button.,en,medium,Auditorium,False,12.901437,77.499447,2026-08-08 01:28,2026-08-08 04:00,True,,"a pink umbrella on a table, automatic open button","{""damage"": ""no damage"", ""strap_color"": ""no strap"", ""handle"": ""a curved wooden handle""}"
F0526,U0293,I0601,train,other,drinkware,Found a bottle.,en,brief,Main Gate,False,12.898653,77.498157,2026-08-30 19:04,2026-08-30 21:15,True,,"a pink Tupperware water bottle on a bench, scratched paint","{""content"": ""empty"", ""dent_location"": ""scratch on the side"", ""sticker"": ""an NGO logo sticker""}"
F0527,U0155,I0602,train,water bottle,drinkware,Found a water bottle.,en,brief,Main Gate,False,12.898653,77.498157,2026-10-02 13:14,2026-10-02 14:30,True,,"a pink Tupperware water bottle on the floor, paint worn off in places","{""content"": ""empty"", ""dent_location"": ""dent near the bottom"", ""strap"": ""no strap""}"
F0528,U0487,I0603,val,charger,electronics,off-white adapter with cable found,en,brief,Canteen,False,12.900359,77.501106,2026-09-22 03:58,2026-09-22 04:47,True,,"a white charger on a table, about 1.5 m cable","{""damage"": ""no damage"", ""type"": ""a 20W phone charger"", ""cable_wrap"": ""tape on the cable""}"
F0529,U0376,I0604,val,laptop,electronics,"Found a cream adapter with cable. Details: two-pin adapter, cloth braided cable.",en,detailed,Canteen,False,12.900359,77.501106,2026-07-27 22:43,2026-07-27 23:57,False,,,"{""damage"": ""a bent pin"", ""marking"": ""no marking"", ""type"": ""a 65W laptop charger""}"
F0530,U0537,I0605,val,charger,electronics,"Foudn a white Realme adapter with cable. It has two-pin adapter, cloth braided cable, fast charging type.",en,detailed,Library,False,12.9,77.5,2026-09-14 17:15,2026-09-14 20:02,True,,"a white charger on the floor, fast charging type","{""cable_wrap"": ""a rubber band around the cable"", ""marking"": ""no marking"", ""damage"": ""no damage""}"
F0531,U0667,I0606,train,keys,accessories,Found brown keychain,en,brief,Girls Hostel,False,12.897305,77.503225,2026-09-11 18:43,2026-09-11 20:11,False,,,"{""charm"": ""a cartoon figure"", ""tag_text"": ""a hostel name"", ""ring_type"": ""a split ring with a loop""}"
F0532,U0350,I0607,train,keys,accessories,"Ye mila hai, owner ko batao: found a brown key bunch. It has steel ring, plastic tag.",hinglish,detailed,Girls Hostel,False,12.897305,77.503225,2026-07-27 17:16,2026-07-27 19:59,True,,"a brown keys on a bench, plastic tag","{""ring_type"": ""a split ring with a loop"", ""charm"": ""a bell charm"", ""key_count"": ""three keys""}"
F0533,U0530,I0610,test,water bottle,drinkware,Found a black water bottle. It has scratched paint.,en,medium,Library,False,12.9,77.5,2026-08-22 21:10,2026-08-22 22:26,True,,"a black water bottle on the floor, paint worn off in places","{""content"": ""empty"", ""strap"": ""a black strap"", ""sticker"": ""a fest sticker""}"
F0534,U0147,I0611,test,other,drinkware,Found a black flask. Details: flip-top lid.,en,medium,Playground,False,12.901976,77.498341,2026-09-09 13:19,2026-09-09 15:32,True,,"a black water bottle on a table, scratched paint","{""content"": ""empty"", ""dent_location"": ""no dent"", ""strap"": ""no strap""}"
F0535,U0083,I0612,test,wallet,accessories,"Found a navy blue Hidesign wallet. Details: worn edges, looks like leather.",en,detailed,Canteen,False,12.900359,77.501106,2026-08-18 21:14,2026-08-18 22:19,True,,"a navy blue wallet on a bench, leather finish","{""photo_inside"": ""a polaroid"", ""cash_range"": ""no cash"", ""card_in_first_slot"": ""a bus pass""}"
F0536,U0025,I0613,test,wallet,accessories,"Ye mila hai, owner ko batao: navy blue wallet found",hinglish,brief,Canteen,False,12.900359,77.501106,2026-07-31 22:30,2026-08-01 01:17,False,,,"{""photo_inside"": ""a small deity picture"", ""other_item"": ""a coin"", ""card_in_first_slot"": ""a college ID""}"
F0537,U0681,I0614,test,backpack,bags,dark grey rucksack found,en,brief,ECE Block,False,12.899192,77.501382,2026-08-04 16:00,2026-08-04 18:08,False,,,"{""tag_or_sticker"": ""no sticker"", ""keychain"": ""a small panda keychain"", ""front_pocket_contents"": ""a blue pen and a charger""}"
F0538,U0300,I0615,test,backpack,bags,"Found a black Wildcraft backpack. It has reflective strip, one side pocket.",en,detailed,Library,False,12.9,77.5,2026-09-08 11:48,2026-09-08 12:42,True,,"a black Wildcraft backpack on the floor, a pocket on the side","{""front_pocket_contents"": ""tissues and a comb"", ""inner_lining_color"": ""orange"", ""tag_or_sticker"": ""no sticker""}"
F0539,U0225,I0616,train,phone,electronics,blakc mobile found,en,brief,Security Desk,True,12.898293,77.499816,2026-09-01 21:49,2026-09-02 00:35,True,,"a black phone on the floor, clear back cover","{""screen_damage"": ""scratched tempered glass"", ""back_sticker"": ""no sticker"", ""wallpaper"": ""a mountain sunset""}"
F0540,U0491,I0617,test,notebook,stationery,red record book found,en,brief,Girls Hostel,False,12.897305,77.503225,2026-08-13 23:10,2026-08-14 01:38,True,,"a red Navneet notebook on a desk, coloured sticky notes sticking out","{""cover_doodle"": ""no marking"", ""first_page"": ""a cartoon"", ""subject"": ""Physics""}"
F0541,U0362,I0618,train,power bank,electronics,Found a blue battery pack. Details: matte rubber finish.,en,medium,Library,False,12.9,77.5,2026-09-17 10:38,2026-09-17 13:03,True,,"a blue power bank on a table, slim body","{""damage"": ""a dent on one corner"", ""cable"": ""no cable"", ""sticker"": ""a price sticker""}"
F0542,U0101,I0619,train,other,electronics,black phone found,en,brief,Main Gate,False,12.898653,77.498157,2026-07-28 14:45,2026-07-28 15:42,True,,"a dark grey phone on a table, transparent case","{""back_sticker"": ""no sticker"", ""screen_damage"": ""small chip on the bottom edge"", ""case_type"": ""black silicone case""}"
F0543,U0082,I0622,train,notebook,stationery,Found a red Camlin notebook. It has hard cover.,en,medium,Parking Lot,False,12.899461,77.498894,2026-09-16 05:00,2026-09-16 06:28,False,,,"{""subject"": ""Operating Systems"", ""cover_doodle"": ""a sticker of a planet"", ""loose_item"": ""a pen clipped inside""}"
F0544,U0191,I0623,val,spectacles case,accessories,Found a black specs box. Features: zippered.,en,medium,Canteen,False,12.900359,77.501106,2026-07-23 20:15,2026-07-23 20:19,True,,"a dark grey Titan spectacles case on the floor, zip closure","{""case_inside"": ""no cloth"", ""lens_condition"": ""an anti-glare coating"", ""frame_color"": ""silver frame""}"
F0545,U0592,I0624,train,charger,electronics,"Ye mila hai, owner ko batao: found a white charger. Details: two-pin plug.",hinglish,medium,Security Desk,True,12.898293,77.499816,2026-08-26 17:28,2026-08-26 20:07,True,,"a white charger on a desk, about 1.5 m cable","{""type"": ""a USB cable with adapter"", ""damage"": ""no damage"", ""cable_wrap"": ""no wrap""}"
F0546,U0103,I0625,val,notebook,stationery,Found a dark green Camlin notebook. Features: hard cover.,en,medium,Canteen,False,12.900359,77.501106,2026-08-07 14:45,2026-08-07 14:55,False,,,"{""first_page"": ""a name and roll number"", ""cover_doodle"": ""a doodle of a cat"", ""loose_item"": ""nothing inside""}"
F0547,U0700,I0626,train,wallet,accessories,Found a wine red Woodland wallet. Details: zip coin pocket.,en,medium,Security Desk,True,12.898293,77.499816,2026-09-29 09:13,2026-09-29 10:11,False,,,"{""photo_inside"": ""a family photo"", ""cash_range"": ""500 to 2000 rupees"", ""other_item"": ""a movie ticket""}"
F0548,U0087,I0627,train,other,accessories,"Found a maroon Woodland wallet. Details: frayed at the edges, looks like leather. Kept safely with me.",en,detailed,Main Gate,False,12.898653,77.498157,2026-08-22 08:11,2026-08-22 10:41,False,,,"{""card_in_first_slot"": ""a metro card"", ""cash_range"": ""100 to 500 rupees"", ""other_item"": ""a coin""}"
F0549,U0517,I0628,train,charger,electronics,Found a red mobile. It has pop socket on the back.,en,medium,Playground,False,12.901976,77.498341,2026-08-14 09:58,2026-08-14 12:15,True,,"a red phone on the floor, ring holder on the back","{""case_type"": ""blue hard case"", ""screen_damage"": ""scratched tempered glass"", ""back_sticker"": ""a ring holder""}"
F0550,U0108,I0629,train,backpack,bags,"Ye mila hai, owner ko batao: found a black Puma sports bag. Details: logo in white on the front, a pocket on the side.",hinglish,detailed,Parking Lot,False,12.899461,77.498894,2026-07-27 10:52,2026-07-27 13:14,True,,"a black backpack on the floor, a pocket on the side","{""front_pocket_contents"": ""an umbrella"", ""keychain"": ""a small panda keychain"", ""tag_or_sticker"": ""a Spiderman sticker""}"
F0551,U0398,I0630,train,backpack,bags,"Found a black Puma rucksack. It has logo in white on the front, reflective strip.",en,detailed,Admin Block,False,12.898203,77.499816,2026-10-02 21:06,2026-10-02 22:39,True,,"a black backpack on the floor, reflective strip","{""keychain"": ""a small panda keychain"", ""front_pocket_contents"": ""a blue pen and a charger"", ""tag_or_sticker"": ""a bus pass holder""}"
F0552,U0141,I0631,train,backpack,bags,Mujhe mila hai: found blue sports bag,hinglish,brief,CS Block,False,12.899012,77.500737,2026-08-01 19:50,2026-08-01 22:14,True,,"a navy blue backpack on a table, logo in white on the front","{""inner_lining_color"": ""grey"", ""keychain"": ""a football keychain"", ""front_pocket_contents"": ""tissues and a comb""}"
F0553,U0281,I0632,train,laptop,electronics,black power bank found,en,brief,Playground,False,12.901976,77.498341,2026-09-02 05:08,2026-09-02 06:49,True,,"a black Mi power bank on a bench, USB-C port","{""damage"": ""a scratched back"", ""sticker"": ""a price sticker"", ""capacity"": ""10000 mAh""}"
F0554,U0342,I0633,test,backpack,bags,"Found a red bag. Details: white logo, a pocket on the side. Kept safely with me.",en,detailed,Admin Block,False,12.898203,77.499816,2026-07-23 17:15,2026-07-23 17:59,True,,"a maroon-ish red backpack on a desk, one side pocket","{""front_pocket_contents"": ""an umbrella"", ""keychain"": ""a football keychain"", ""inner_lining_color"": ""green""}"
F0555,U0778,I0634,train,charger,electronics,"Mujhe mila hai: found a black Realme adapter with cable. Details: cloth braided cable, two-pin adapter, about 1.5 m cable.",hinglish,detailed,Gym,False,12.901797,77.501843,2026-09-25 23:24,2026-09-26 01:07,True,,"a dark grey Realme charger on a desk, two-pin adapter","{""damage"": ""no damage"", ""cable_wrap"": ""a velcro wrap"", ""marking"": ""initials""}"
F0556,U0313,I0635,train,charger,electronics,Found a charger.,en,brief,Canteen,False,12.900359,77.501106,2026-09-18 08:02,2026-09-18 10:40,True,,"a white charger on the floor, cloth braided cable","{""damage"": ""a cracked adapter body"", ""type"": ""a 65W laptop charger"", ""marking"": ""coloured tape on the cable""}"
F0557,U0320,I0636,train,wallet,accessories,"Found a grey Woodland purse. Details: zipper coin section, worn edges, looks like leather. Kept safely with me.",en,detailed,Security Desk,True,12.898293,77.499816,2026-07-24 14:24,2026-07-24 16:54,True,,"a grey wallet on a bench, zip coin pocket","{""photo_inside"": ""no photo"", ""cash_range"": ""over 2000 rupees"", ""other_item"": ""a movie ticket""}"
F0558,U0504,I0637,val,umbrella,accessories,Found blue umbrelal,en,brief,Parking Lot,False,12.899461,77.498894,2026-07-23 16:02,2026-07-23 16:07,True,,"a navy blue umbrella on the floor, folding type","{""handle"": ""a handle with a rubber grip"", ""damage"": ""a missing button"", ""print"": ""plain inside""}"
F0559,U0594,I0638,val,wallet,accessories,Found a navy blue umbrella. Features: pattern on the border.,en,medium,Admin Block,False,12.898203,77.499816,2026-09-23 07:38,2026-09-23 07:57,True,,"a navy blue umbrella on a table, bent rib","{""damage"": ""a missing button"", ""print"": ""a polka dot pattern"", ""handle"": ""a handle with a rubber grip""}"
F0560,U0655,I0639,train,umbrella,accessories,pink umbrella found,en,brief,Canteen,False,12.900359,77.501106,2026-09-01 01:32,2026-09-01 03:52,True,,"a pink Lifelong umbrella on a table, printed edges","{""damage"": ""a bent rib"", ""strap_color"": ""a blue strap"", ""print"": ""plain inside""}"
F0561,U0303,I0641,train,wallet,accessories,Found brown purse,en,brief,Gym,False,12.901797,77.501843,2026-08-27 22:32,2026-08-28 01:01,True,,"a brown wallet on a desk, small metal logo","{""photo_inside"": ""a passport-size photo"", ""other_item"": ""a coin"", ""cash_range"": ""no cash""}"
F0562,U0303,I0642,train,calculator,stationery,Found a red notebook. Details: coloured sticky notes sticking out.,en,medium,Girls Hostel,False,12.897305,77.503225,2026-09-21 13:07,2026-09-21 14:54,True,,"a red Navneet notebook on a table, thick cover","{""subject"": ""Operating Systems"", ""loose_item"": ""a sticky note inside"", ""cover_doodle"": ""no marking""}"
F0563,U0048,I0643,train,water bottle,drinkware,Found a olive green flask. Details: scratched paint.,en,medium,Admin Block,False,12.898203,77.499816,2026-07-25 14:04,2026-07-25 17:03,True,,"a green Milton water bottle on a table, paint worn off in places","{""dent_location"": ""scratch on the side"", ""sticker"": ""a cartoon sticker"", ""content"": ""empty""}"
F0564,U0019,I0644,train,smartwatch,electronics,Found green smartwatch,en,brief,Stationery Shop,False,12.899461,77.500276,2026-09-08 08:14,2026-09-08 09:00,True,,"a green Apple Watch smartwatch on a bench, circular screen","{""watch_face"": ""an analog face"", ""strap_color"": ""an olive strap"", ""extras"": ""a spare strap in a pouch""}"
F0565,U0658,I0645,train,smartwatch,electronics,"Found a green Apple Watch fitness band. It has rectangular screen, circular screen.",en,detailed,Stationery Shop,False,12.899461,77.500276,2026-07-23 22:46,2026-07-23 23:23,True,,"a green smartwatch on a bench, round dial","{""strap_color"": ""a white strap"", ""damage"": ""no damage"", ""watch_face"": ""a cricket watch face""}"
F0566,U0242,I0646,test,wallet,accessories,"Found a dark brown Hidesign wallet. Details: metal logo, looks like leather. Kept safely with me.",en,detailed,CS Block,False,12.899012,77.500737,2026-10-02 01:40,2026-10-02 03:20,True,,"a brown Hidesign wallet on a table, small metal logo","{""photo_inside"": ""a small deity picture"", ""card_in_first_slot"": ""a debit card"", ""cash_range"": ""no cash""}"
F0567,U0636,I0647,test,wallet,accessories,oFund a card holder.,en,brief,Stationery Shop,False,12.899461,77.500276,2026-09-05 23:40,2026-09-06 02:02,True,,"a brown wallet on the floor, frayed at the edges","{""photo_inside"": ""a family photo"", ""card_in_first_slot"": ""a gym membership card"", ""cash_range"": ""no cash""}"
F0568,U0111,I0648,train,wallet,accessories,Found a wallet.,en,brief,Boys Hostel,False,12.902695,77.503686,2026-09-01 02:42,2026-09-01 03:03,True,,"a navy blue Hidesign wallet on a table, small metal logo","{""photo_inside"": ""a family photo"", ""other_item"": ""a coin"", ""card_in_first_slot"": ""a bus pass""}"
F0569,U0079,I0649,train,phone,electronics,Mujhe mila hai: found a blue phone. Details: two cameras at the back.,hinglish,medium,Parking Lot,False,12.899461,77.498894,2026-09-24 01:03,2026-09-24 03:42,True,,"a blue Vivo phone on a desk, dual camera","{""wallpaper"": ""a cricket player photo"", ""case_type"": ""flip cover"", ""back_sticker"": ""a small smiley sticker""}"
F0570,U0720,I0650,train,earbuds case,electronics,blue earbuds case fuond,en,brief,Mechanical Block,False,12.898203,77.502396,2026-09-07 15:42,2026-09-07 15:54,False,,,"{""charm"": ""no charm"", ""engraved"": ""a name label"", ""cover"": ""a glitter cover""}"
F0571,U0520,I0651,train,water bottle,drinkware,rose flask found,en,brief,Canteen,False,12.900359,77.501106,2026-09-19 01:42,2026-09-19 02:28,True,,"a rose water bottle on the floor, stainless steel","{""content"": ""a tea bag inside"", ""sticker"": ""an NGO logo sticker"", ""strap"": ""a black strap""}"
F0572,U0106,I0652,train,keys,accessories,Found a dark key bunch. It has tiny lock key.,en,medium,Library,False,12.9,77.5,2026-09-15 04:52,2026-09-15 05:14,True,,"a black keys on a bench, small padlock key","{""charm"": ""a leather tag"", ""ring_type"": ""a steel ring"", ""key_count"": ""three keys""}"
F0573,U0533,I0653,val,charger,electronics,Found a adapter with cable.,en,brief,Auditorium,False,12.901437,77.499447,2026-10-02 05:07,2026-10-02 07:55,True,,"a cream charger on a table, fast charger","{""damage"": ""a cracked adapter body"", ""cable_wrap"": ""a velcro wrap"", ""type"": ""a USB cable with adapter""}"
F0574,U0349,I0654,train,phone,electronics,Found a red mobile. Details: two cameras at the back.,en,medium,Parking Lot,False,12.899461,77.498894,2026-09-26 16:45,2026-09-26 19:26,True,,"a red Vivo phone on a desk, two cameras at the back","{""case_type"": ""flip cover"", ""wallpaper"": ""a cricket player photo"", ""back_sticker"": ""a ring holder""}"
F0575,U0117,I0656,train,umbrella,accessories,Fonud a brown Fastrack wallet. Details: metal logo.,en,medium,Bus Stop,False,12.898383,77.497696,2026-08-13 19:02,2026-08-13 20:01,True,,"a brown wallet on a desk, small metal logo","{""cash_range"": ""over 2000 rupees"", ""card_in_first_slot"": ""a metro card"", ""photo_inside"": ""no photo""}"
F0576,U0229,I0657,train,backpack,bags,Found a rucksack.,en,brief,Girls Hostel,False,12.897305,77.503225,2026-09-01 06:31,2026-09-01 07:25,True,,"a grey American Tourister backpack on a table, laptop compartment","{""inner_lining_color"": ""red"", ""tag_or_sticker"": ""a bus pass holder"", ""front_pocket_contents"": ""an umbrella""}"
F0577,U0468,I0658,train,backpack,bags,Found a grey American Tourister rucksack. It has reflective strip on the straps.,en,medium,Girls Hostel,False,12.897305,77.503225,2026-08-01 15:08,2026-08-01 16:11,True,,"a grey American Tourister backpack on the floor, small tear by the strap","{""keychain"": ""a brass ring with a bell"", ""tag_or_sticker"": ""a name tag with initials"", ""inner_lining_color"": ""blue""}"
F0578,U0308,I0659,train,calculator,stationery,Found a grey Casio scientific calculator. Details: some keys faded.,en,medium,Girls Hostel,False,12.897305,77.503225,2026-09-16 16:45,2026-09-16 18:02,True,,"a grey Casio calculator on the floor, faded keys","{""model"": ""fx-570ES"", ""damage"": ""a missing key cap"", ""name_marking"": ""name written on the back""}"
F0579,U0175,I0660,train,calculator,stationery,Found a grey calculator. Features: some keys faded.,en,medium,Mechanical Block,False,12.898203,77.502396,2026-07-25 10:56,2026-07-25 12:20,False,,,"{""name_marking"": ""a sticker with a roll number"", ""damage"": ""no damage"", ""cover"": ""no cover""}"
F0580,U0585,I0661,train,backpack,bags,Found red rucksack,en,brief,Security Desk,True,12.898293,77.499816,2026-09-01 12:47,2026-09-01 14:17,True,,"a red backpack on a table, small tear by the strap","{""keychain"": ""a brass ring with a bell"", ""inner_lining_color"": ""orange"", ""tag_or_sticker"": ""a name tag with initials""}"
F0581,U0048,I0662,test,notebook,stationery,"Found a black Navneet notebook. Details: 200 pages, thick cover, coloured sticky notes sticking out. Kept safely with me.",en,detailed,Auditorium,False,12.901437,77.499447,2026-08-21 15:09,2026-08-21 15:59,True,,"a black notebook on a bench, 200 pages","{""cover_doodle"": ""a name label"", ""first_page"": ""a name and roll number"", ""subject"": ""Physics""}"
F0582,U0318,I0663,train,spectacles case,accessories,"Found a brown Lenskart glasess case. Features: hard shell, zip closure, tiny logo on the front.",en,detailed,Library,False,12.9,77.5,2026-08-04 13:12,2026-08-04 14:05,True,,"a brown Lenskart spectacles case on a desk, hard shell","{""case_print"": ""a logo of an optical shop"", ""case_inside"": ""a visiting card"", ""lens_condition"": ""no scratches""}"
F0583,U0068,I0664,train,charger,electronics,"Mujhe mila hai: found a black Dell adapter with cable. It has about 1.5 m cable, cloth braided cable.",hinglish,detailed,Security Desk,True,12.898293,77.499816,2026-08-12 16:30,2026-08-12 17:30,True,,"a black Dell charger on the floor, cloth braided cable","{""cable_wrap"": ""a velcro wrap"", ""damage"": ""a cracked adapter body"", ""marking"": ""a name written in marker""}"
F0584,U0721,I0665,train,charger,electronics,Found a dark adapter with cable. It has about 1.5 m cable.,en,medium,Bus Stop,False,12.898383,77.497696,2026-09-17 19:25,2026-09-17 20:58,True,,"a black Dell charger on a desk, two-pin adapter","{""type"": ""a 33W fast charger"", ""damage"": ""a frayed cable near the pin"", ""cable_wrap"": ""a velcro wrap""}"
F0585,U0197,I0666,val,water bottle,drinkware,"Found a pink Milton flask. Details: stainless steel, scratched paint.",en,detailed,ECE Block,False,12.899192,77.501382,2026-08-28 16:39,2026-08-28 18:32,True,,"a pink water bottle on the floor, stainless steel","{""content"": ""empty"", ""dent_location"": ""dent near the bottom"", ""sticker"": ""no sticker""}"
F0586,U0581,I0667,train,water bottle,drinkware,Found a blue water bottle. It has steel body.,en,medium,ECE Block,False,12.899192,77.501382,2026-07-29 16:16,2026-07-29 16:36,True,,"a blue water bottle on a table, flip cap","{""content"": ""half filled with water"", ""strap"": ""a loop on the cap"", ""sticker"": ""no sticker""}"
F0587,U0360,I0668,train,keys,accessories,Found balck key bunch,en,brief,Security Desk,True,12.898293,77.499816,2026-10-02 12:06,2026-10-02 13:35,False,,,"{""charm"": ""a leather tag"", ""key_count"": ""one key"", ""ring_type"": ""a carabiner""}"
F0588,U0384,I0669,train,water bottle,drinkware,"Found a blue Decathlon bottle. Features: one litre bottle, stainless steel, scratched paint. Kept safely with me.",en,detailed,Canteen,False,12.900359,77.501106,2026-08-04 21:05,2026-08-04 22:21,True,,"a sky blue Decathlon water bottle on the floor, scratched paint","{""strap"": ""no strap"", ""content"": ""half filled with water"", ""dent_location"": ""dent near the neck""}"
F0589,U0531,I0670,train,water bottle,drinkware,"Ye mila hai, owner ko batao: found a blue Decathlon water bottle. Details: paint worn off in places.",hinglish,medium,Security Desk,True,12.898293,77.499816,2026-07-22 12:37,2026-07-22 13:24,True,,"a blue Decathlon water bottle on the floor, scratched paint","{""strap"": ""a rope handle"", ""dent_location"": ""scratch on the side"", ""content"": ""a lemon slice inside""}"
F0590,U0062,I0671,test,umbrella,accessories,Found a maroon-ish red Lifelong umbrella. Features: folding type.,en,medium,Gym,False,12.901797,77.501843,2026-07-29 04:13,2026-07-29 06:03,True,,"a red Lifelong umbrella on the floor, push-button opening","{""handle"": ""a curved wooden handle"", ""strap_color"": ""no strap"", ""print"": ""a company logo""}"
F0591,U0064,I0672,train,backpack,bags,green rucksack found,en,brief,Main Gate,False,12.898653,77.498157,2026-08-11 13:12,2026-08-11 15:14,True,,"a green backpack on a bench, a pocket on the side","{""keychain"": ""a red heart keychain"", ""front_pocket_contents"": ""a pair of earphones"", ""inner_lining_color"": ""black""}"
F0592,U0736,I0673,test,umbrella,accessories,Found a umbrella.,en,brief,Security Desk,True,12.898293,77.499816,2026-09-10 10:38,2026-09-10 11:56,True,,"a green umbrella on the floor, pattern on the border","{""strap_color"": ""a black Velcro strap"", ""handle"": ""a black plastic handle"", ""damage"": ""no damage""}"
F0593,U0636,I0674,train,phone,electronics,"Found a white Noise small case. Features: silicone cover, scuffed lid.",en,detailed,Canteen,False,12.900359,77.501106,2026-10-04 08:00,2026-10-04 10:08,True,,"a white earbuds case on a desk, scratches on the lid","{""charm"": ""a metal ring"", ""buds_present"": ""both buds present"", ""engraved"": ""no marking""}"
F0594,U0195,I0675,train,other,bags,dark red sports bag found,en,brief,ECE Block,False,12.899192,77.501382,2026-08-12 12:20,2026-08-12 12:43,True,,"a wine red backpack on a bench, a pocket on the side","{""tag_or_sticker"": ""a college fest tag"", ""keychain"": ""a red heart keychain"", ""front_pocket_contents"": ""a pair of earphones""}"
F0595,U0568,I0676,train,calculator,stationery,Found a calculator.,en,brief,Main Gate,False,12.898653,77.498157,2026-09-10 11:32,2026-09-10 13:56,True,,"a grey calculator on a desk, scientific type","{""damage"": ""a faded 7 key"", ""model"": ""fx-991EX"", ""name_marking"": ""name written on the back""}"
F0596,U0216,I0677,train,wallet,accessories,Found a brown Fastrack card holder. It has worn edges.,en,medium,Library,False,12.9,77.5,2026-09-14 12:39,2026-09-14 13:13,True,,"a brown wallet on a desk, frayed at the edges","{""card_in_first_slot"": ""a metro card"", ""cash_range"": ""no cash"", ""photo_inside"": ""a polaroid""}"
F0597,U0051,I0678,train,backpack,bags,Found a navy blue American Tourister backpack. Details: slightly torn near the strap.,en,medium,Main Gate,False,12.898653,77.498157,2026-07-24 03:29,2026-07-24 06:19,True,,"a navy blue American Tourister backpack on a desk, logo in white on the front","{""inner_lining_color"": ""black"", ""keychain"": ""a metal bottle-opener keychain"", ""tag_or_sticker"": ""a yellow ribbon on the zip""}"
F0598,U0732,I0679,train,backpack,bags,"Mujhe mila hai: found a navy blue American Tourister bag. Features: small tear by the strap, two front zips. Kept safely with me.",hinglish,detailed,Main Gate,False,12.898653,77.498157,2026-07-31 11:15,2026-07-31 13:34,True,,"a navy blue American Tourister backpack on a desk, small tear by the strap","{""inner_lining_color"": ""grey"", ""keychain"": ""a small panda keychain"", ""front_pocket_contents"": ""a water bottle""}"
F0599,U0038,I0680,train,spectacles case,accessories,Found a black spectacle case. Features: small logo.,en,medium,Parking Lot,False,12.899461,77.498894,2026-09-26 17:43,2026-09-26 19:07,True,,"a dark grey Titan spectacles case on a bench, tiny logo on the front","{""lens_condition"": ""a slightly loose screw"", ""frame_color"": ""black frame"", ""case_inside"": ""a spare nose pad""}"
F0600,U0210,I0681,val,laptop,electronics,Found silver laptop,en,brief,Library,False,12.9,77.5,2026-08-05 14:42,2026-08-05 17:34,True,,"a silver Dell laptop on a bench, black sleeve","{""charger_included"": ""yes, with a black adapter"", ""scratch"": ""no visible scratch"", ""wallpaper"": ""plain black""}"
F0601,U0289,I0683,train,backpack,bags,Foudn a gray backpack. Details: reflective strip.,en,medium,Library,False,12.9,77.5,2026-08-21 21:11,2026-08-21 22:02,True,,"a grey backpack on a desk, one side pocket","{""inner_lining_color"": ""red"", ""keychain"": ""a football keychain"", ""front_pocket_contents"": ""a pair of earphones""}"
F0602,U0558,I0684,train,calculator,stationery,grey calculator ofund,en,brief,Library,False,12.9,77.5,2026-10-01 14:31,2026-10-01 15:06,True,,"a grey Casio calculator on a bench, some keys faded","{""name_marking"": ""a sticker with a roll number"", ""cover"": ""no cover"", ""model"": ""fx-991ES Plus""}"
F0603,U0254,I0685,train,wallet,accessories,Found a dark key bunch. Features: bike key with a rubber cover.,en,medium,Boys Hostel,False,12.902695,77.503686,2026-10-05 20:27,2026-10-05 21:14,False,,,"{""charm"": ""a small torch"", ""ring_type"": ""a plastic ring"", ""tag_text"": ""a red key cover""}"
F0604,U0302,I0686,train,keys,accessories,"Mujhe mila hai: found a black key bunch. Details: steel ring, small padlock key.",hinglish,detailed,Canteen,False,12.900359,77.501106,2026-08-30 23:25,2026-08-31 00:01,False,,,"{""ring_type"": ""a plastic ring"", ""tag_text"": ""a room number"", ""key_count"": ""four keys""}"
F0605,U0265,I0687,train,smartwatch,electronics,Found a white smartwatch. Features: glass slightly scratched.,en,medium,Security Desk,True,12.898293,77.499816,2026-08-22 20:04,2026-08-22 20:11,True,,"a white smartwatch on a bench, scratch on the glass","{""watch_face"": ""a cricket watch face"", ""extras"": ""the charging dock in a pouch"", ""strap_color"": ""a black strap""}"
F0606,U0700,I0690,val,water bottle,drinkware,Found pink flask,en,brief,Security Desk,True,12.898293,77.499816,2026-09-30 20:30,2026-09-30 22:10,True,,"a pink water bottle on a bench, paint worn off in places","{""strap"": ""a rope handle"", ""sticker"": ""an NGO logo sticker"", ""dent_location"": ""dent on the cap""}"
F0607,U0342,I0691,train,smartwatch,electronics,"Found a blue boAt watch. Details: glass slightly scratched, silicone strap, rectangular screen. Kept safely with me.",en,detailed,Admin Block,False,12.898203,77.499816,2026-08-17 20:19,2026-08-17 21:05,True,,"a blue smartwatch on a table, rectangular screen","{""damage"": ""a scratch on the glass"", ""strap_color"": ""a metal strap"", ""watch_face"": ""an analog face""}"
F0608,U0337,I0692,train,laptop,electronics,"Foudn a blue notebook computer. It has backlit keyboard, in a black laptop sleeve, stickers on the top cover.",en,detailed,Security Desk,True,12.898293,77.499816,2026-08-31 14:28,2026-08-31 15:28,True,,"a blue laptop on a bench, keyboard lights up","{""scratch"": ""worn keys near the touchpad"", ""wallpaper"": ""a cricket player photo"", ""lid_sticker"": ""a college club sticker""}"
F0609,U0288,I0693,train,other,electronics,"Ye mila hai, owner ko batao: blue laptop found",hinglish,brief,Stationery Shop,False,12.899461,77.500276,2026-07-25 13:47,2026-07-25 14:09,True,,"a sky blue Dell laptop on a desk, fifteen inch display","{""charger_included"": ""yes, with an extension cord"", ""wallpaper"": ""a mountain sunset"", ""lid_sticker"": ""a Python sticker""}"
F0610,U0259,I0694,train,wallet,accessories,Found a purse.,en,brief,Gym,False,12.901797,77.501843,2026-08-21 18:50,2026-08-21 19:20,True,,"a maroon Woodland wallet on a desk, small metal logo","{""card_in_first_slot"": ""a gym membership card"", ""photo_inside"": ""no photo"", ""other_item"": ""a visiting card""}"
F0611,U0260,I0695,train,smartwatch,electronics,Found a green Amazfit smartwatch. Features: scratch on the glass.,en,medium,Gym,False,12.901797,77.501843,2026-08-23 21:52,2026-08-23 23:47,True,,"a green smartwatch on a table, silicone strap","{""extras"": ""the charging dock in a pouch"", ""watch_face"": ""a family photo face"", ""strap_color"": ""a white strap""}"
F0612,U0743,I0696,train,power bank,electronics,"Found a grey smartphone. Details: dual camera, crack on the top corner.",en,detailed,Security Desk,True,12.898293,77.499816,2026-08-14 17:17,2026-08-14 17:43,True,,"a grey phone on the floor, cracked screen corner","{""wallpaper"": ""a mountain sunset"", ""screen_damage"": ""small chip on the bottom edge"", ""back_sticker"": ""a ring holder""}"
F0613,U0595,I0697,train,notebook,stationery,"Ye mila hai, owner ko batao: found a black book. Features: spiral notebook.",hinglish,medium,Auditorium,False,12.901437,77.499447,2026-08-19 03:25,2026-08-19 05:40,False,,,"{""subject"": ""Operating Systems"", ""cover_doodle"": ""a doodle of a cat"", ""loose_item"": ""a pen clipped inside""}"
F0614,U0107,I0698,train,notebook,stationery,Found a black book. Details: 200 pages.,en,medium,Auditorium,False,12.901437,77.499447,2026-09-26 02:40,2026-09-26 02:49,True,,"a black notebook on a bench, thick cover","{""loose_item"": ""a loose sheet inside"", ""cover_doodle"": ""a name label"", ""subject"": ""Operating Systems""}"
F0615,U0447,I0699,train,umbrella,accessories,Mujhe mila hai: found a navy blue card holder. Features: leather finish.,hinglish,medium,Security Desk,True,12.898293,77.499816,2026-08-12 15:26,2026-08-12 17:44,False,,,"{""other_item"": ""a small key"", ""photo_inside"": ""no photo"", ""cash_range"": ""over 2000 rupees""}"
F0616,U0436,I0701,train,backpack,bags,"Found a grey American Tourister rucksack. Details: logo in white on the front, small tear by the strap, double zip on the front.",en,detailed,Mechanical Block,False,12.898203,77.502396,2026-09-09 14:20,2026-09-09 16:44,True,,"a grey backpack on a bench, double zip on the front","{""inner_lining_color"": ""green"", ""tag_or_sticker"": ""no sticker"", ""front_pocket_contents"": ""two notebooks""}"
F0617,U0509,I0702,train,power bank,electronics,"Mujhe mila hai: found a silver Anker power bank. It has USB-C port, matte rubber finish, thin power bank. Kept safely with me.",hinglish,detailed,Canteen,False,12.900359,77.501106,2026-10-02 20:56,2026-10-02 23:32,True,,"a silver Anker power bank on a bench, slim body","{""capacity"": ""10000 mAh slim"", ""sticker"": ""no sticker"", ""cable"": ""a type-C cable""}"
F0618,U0512,I0703,train,umbrella,accessories,Found a grey umbrella. Details: bent rib.,en,medium,Stationery Shop,False,12.899461,77.500276,2026-08-25 08:28,2026-08-25 10:44,False,,,"{""print"": ""plain inside"", ""damage"": ""a missing button"", ""strap_color"": ""a red strap""}"
F0619,U0762,I0705,train,power bank,electronics,Found a blue charger bank. It has thin power bank.,en,medium,Bus Stop,False,12.898383,77.497696,2026-08-26 17:34,2026-08-26 20:23,True,,"a blue Syska power bank on the floor, rubber finish","{""damage"": ""a dent on one corner"", ""capacity"": ""20000 mAh with display"", ""sticker"": ""no sticker""}"
F0620,U0111,I0706,val,keys,accessories,"Found a dark grey keys. Features: plastic tag, bike key with a rubber cover.",en,detailed,Stationery Shop,False,12.899461,77.500276,2026-07-29 17:26,2026-07-29 17:32,True,,"a black keys on a bench, tag hanging from it","{""key_count"": ""five keys"", ""tag_text"": ""a red key cover"", ""charm"": ""a cartoon figure""}"
F0621,U0783,I0707,test,umbrella,accessories,navy blue Popy umbrella found,en,brief,Boys Hostel,False,12.902695,77.503686,2026-08-30 00:44,2026-08-30 03:04,True,,"a navy blue Popy umbrella on a desk, printed edges","{""damage"": ""a torn edge"", ""strap_color"": ""a blue strap"", ""handle"": ""a black plastic handle""}"
F0622,U0178,I0710,train,water bottle,drinkware,Found a dark yellow Decathlon water bottle. Features: flip-top lid.,en,medium,Canteen,False,12.900359,77.501106,2026-08-12 14:49,2026-08-12 15:55,True,,"a orange water bottle on the floor, 1 litre size","{""sticker"": ""a football sticker"", ""dent_location"": ""dent near the neck"", ""content"": ""a tea bag inside""}"
F0623,U0329,I0711,train,notebook,stationery,"Found a grey scientific calculator. It has scientific calculator, slide cover, faded keys. Kept safely with me.",en,detailed,Canteen,False,12.900359,77.501106,2026-09-01 13:11,2026-09-01 13:47,False,,,"{""cover"": ""a black slide cover"", ""name_marking"": ""no marking"", ""model"": ""fx-991EX""}"
F0624,U0090,I0712,val,laptop,electronics,Found a blue laptop. Features: fifteen inch display.,en,medium,Mechanical Block,False,12.898203,77.502396,2026-07-31 15:03,2026-07-31 16:26,True,,"a blue laptop on a table, keyboard lights up","{""lid_sticker"": ""a GitHub sticker"", ""charger_included"": ""no charger"", ""wallpaper"": ""a mountain sunset""}"
F0625,U0709,I0713,train,water bottle,drinkware,"Found a metallic Borosil water bottle. Details: one litre bottle, flip cap.",en,detailed,Bus Stop,False,12.898383,77.497696,2026-09-15 11:19,2026-09-15 11:29,True,,"a silver water bottle on a table, 1 litre size","{""content"": ""a lemon slice inside"", ""sticker"": ""a fest sticker"", ""strap"": ""a loop on the cap""}"
F0626,U0267,I0714,test,earbuds case,electronics,Found a earbuds case.,en,brief,Canteen,False,12.900359,77.501106,2026-09-22 12:11,2026-09-22 12:40,False,,,"{""engraved"": ""no marking"", ""buds_present"": ""only the right bud"", ""cover"": ""a silicone cover with a hook""}"
F0627,U0414,I0715,test,keys,accessories,dark keychain found,en,brief,Boys Hostel,False,12.902695,77.503686,2026-08-06 20:46,2026-08-06 22:12,True,,"a black keys on the floor, tiny lock key","{""charm"": ""a small torch"", ""tag_text"": ""no tag"", ""key_count"": ""four keys""}"
F0628,U0534,I0716,train,keys,accessories,"Found a silver keys. Features: metal ring, bike key with a rubber cover.",en,detailed,CS Block,False,12.899012,77.500737,2026-08-25 16:24,2026-08-25 17:11,False,,,"{""tag_text"": ""a red key cover"", ""key_count"": ""three keys"", ""charm"": ""a small torch""}"
F0629,U0497,I0717,train,calculator,stationery,Found a black Citizen calculator. Details: faded keys.,en,medium,Mechanical Block,False,12.898203,77.502396,2026-08-08 08:44,2026-08-08 08:50,False,,,"{""model"": ""fx-570ES"", ""damage"": ""a cracked corner"", ""cover"": ""a black slide cover""}"
F0630,U0317,I0718,train,calculator,stationery,dark scientific calculator found,en,brief,Canteen,False,12.900359,77.501106,2026-07-23 17:24,2026-07-23 18:23,True,,"a black Citizen calculator on a bench, some keys faded","{""model"": ""fx-82MS"", ""damage"": ""a faded 7 key"", ""cover"": ""a black slide cover""}"
F0631,U0162,I0719,train,keys,accessories,Found a keys.,en,brief,Admin Block,False,12.898203,77.499816,2026-08-04 13:50,2026-08-04 16:30,True,,"a black keys on a desk, steel ring","{""charm"": ""a leather tag"", ""tag_text"": ""a room number"", ""ring_type"": ""a carabiner""}"
F0632,U0498,I0720,train,keys,accessories,Mujhe mila hai: found a black key bunch. Features: bike key with a rubber cover.,hinglish,medium,Main Gate,False,12.898653,77.498157,2026-09-10 13:49,2026-09-10 16:34,True,,"a black keys on the floor, small padlock key","{""charm"": ""a cartoon figure"", ""tag_text"": ""a hostel name"", ""key_count"": ""one key""}"
F0633,U0476,I0721,train,wallet,accessories,Found a card holder.,en,brief,Security Desk,True,12.898293,77.499816,2026-08-02 15:14,2026-08-02 15:52,True,,"a navy blue wallet on a desk, zip coin pocket","{""cash_range"": ""500 to 2000 rupees"", ""photo_inside"": ""no photo"", ""other_item"": ""a small key""}"
F0634,U0328,I0722,test,laptop,electronics,"Found a light blue Asus laptop. Features: sticker on the lid, keyboard lights up. Kept safely with me.",en,detailed,Bus Stop,False,12.898383,77.497696,2026-07-27 23:56,2026-07-28 00:10,True,,"a blue laptop on a bench, sticker on the lid","{""wallpaper"": ""a beach photo"", ""lid_sticker"": ""a cartoon sticker"", ""charger_included"": ""only the cable""}"
F0635,U0010,I0723,train,laptop,electronics,Found white earbuds case,en,brief,CS Block,False,12.899012,77.500737,2026-08-16 03:06,2026-08-16 05:19,True,,"a white earbuds case on the floor, scuffed lid","{""buds_present"": ""both buds present"", ""charm"": ""a beaded charm"", ""engraved"": ""initial S""}"
F0636,U0160,I0724,train,umbrella,accessories,Found green Lifelong umbrella,en,brief,Bus Stop,False,12.898383,77.497696,2026-09-15 16:17,2026-09-15 18:38,True,,"a green umbrella on a bench, bent rib","{""strap_color"": ""a black Velcro strap"", ""damage"": ""a bent rib"", ""print"": ""a polka dot pattern""}"
F0637,U0778,I0725,train,umbrella,accessories,Found a olive green umbrella. Details: bent rib.,en,medium,Parking Lot,False,12.899461,77.498894,2026-08-14 08:10,2026-08-14 11:08,False,,,"{""strap_color"": ""a red strap"", ""handle"": ""a handle with a rubber grip"", ""print"": ""a polka dot pattern""}"
F0638,U0696,I0726,test,smartwatch,electronics,"Found a white Mi battery pack. It has rubber finish, USB-C port, thin power bank. Kept safely with me.",en,detailed,Canteen,False,12.900359,77.501106,2026-09-08 22:23,2026-09-09 00:18,True,,"a white Mi power bank on a bench, type-C input","{""damage"": ""a loose port"", ""capacity"": ""20000 mAh"", ""sticker"": ""a price sticker""}"
F0639,U0758,I0727,train,water bottle,drinkware,Found a pink Borosil water bottle. Details: one litre bottle.,en,medium,Stationery Shop,False,12.899461,77.500276,2026-07-27 11:42,2026-07-27 11:50,True,,"a pink water bottle on a table, one litre bottle","{""content"": ""empty"", ""dent_location"": ""dent near the neck"", ""strap"": ""no strap""}"
F0640,U0442,I0728,val,phone,electronics,Found a blue smartphone. It has crack on the top corner.,en,medium,Main Gate,False,12.898653,77.498157,2026-09-12 21:23,2026-09-12 23:19,True,,"a light blue phone on the floor, ring holder on the back","{""case_type"": ""no case"", ""screen_damage"": ""crack at top-left corner"", ""back_sticker"": ""a ring holder""}"
F0641,U0189,I0729,val,phone,electronics,Found a phone.,en,brief,Main Gate,False,12.898653,77.498157,2026-09-12 11:36,2026-09-12 11:54,True,,"a blue phone on a bench, pop socket on the back","{""back_sticker"": ""a small smiley sticker"", ""screen_damage"": ""no cracks"", ""case_type"": ""transparent case""}"
F0642,U0541,I0730,train,charger,electronics,dark grey charger found,en,brief,Library,False,12.9,77.5,2026-09-07 13:50,2026-09-07 16:25,True,,"a black charger on a desk, two-pin plug","{""cable_wrap"": ""a velcro wrap"", ""marking"": ""no marking"", ""damage"": ""no damage""}"
F0643,U0270,I0731,train,keys,accessories,Found a black keys. It has bike key with a rubber cover.,en,medium,Auditorium,False,12.901437,77.499447,2026-09-28 01:37,2026-09-28 03:04,True,,"a black keys on a bench, plastic tag","{""tag_text"": ""a red key cover"", ""charm"": ""a cartoon figure"", ""key_count"": ""four keys""}"
F0644,U0723,I0732,train,notebook,stationery,Found a red notebook. It has spiral notebook.,en,medium,Stationery Shop,False,12.899461,77.500276,2026-08-21 07:43,2026-08-21 07:59,True,,"a red notebook on a bench, spiral bound","{""subject"": ""Data Structures"", ""cover_doodle"": ""a doodle of a cat"", ""first_page"": ""an empty first page""}"
F0645,U0588,I0733,test,backpack,bags,Found grey backpack,en,brief,ECE Block,False,12.899192,77.501382,2026-08-22 12:04,2026-08-22 12:56,False,,,"{""front_pocket_contents"": ""a water bottle"", ""inner_lining_color"": ""black"", ""tag_or_sticker"": ""a bus pass holder""}"
F0646,U0742,I0734,train,spectacles case,accessories,Found a light blue specs box. Details: hard case.,en,medium,Library,False,12.9,77.5,2026-08-23 13:14,2026-08-23 15:25,True,,"a blue spectacles case on the floor, cloth pouch type","{""frame_color"": ""silver frame"", ""lens_condition"": ""a scratch on the right lens"", ""case_inside"": ""a visiting card""}"
F0647,U0680,I0735,train,keys,accessories,Found a glasses case.,en,brief,Security Desk,True,12.898293,77.499816,2026-09-01 10:41,2026-09-01 13:14,True,,"a blue spectacles case on a desk, zippered","{""case_print"": ""a floral print"", ""case_inside"": ""no cloth"", ""frame_color"": ""brown frame""}"
F0648,U0515,I0737,test,other,stationery,"Found a black Camlin record book. Details: spiral notebook, about two hundred pages, thick cover. Kept safely with me.",en,detailed,Auditorium,False,12.901437,77.499447,2026-07-25 16:07,2026-07-25 17:28,True,,"a black Camlin notebook on a bench, hard cover","{""cover_doodle"": ""no marking"", ""first_page"": ""a name and roll number"", ""subject"": ""Data Structures""}"
F0649,U0183,I0738,train,other,electronics,grey smartphone found,en,brief,Auditorium,False,12.901437,77.499447,2026-08-26 08:16,2026-08-26 11:01,True,,"a grey phone on the floor, crack on the top corner","{""screen_damage"": ""scratched tempered glass"", ""wallpaper"": ""a family photo"", ""case_type"": ""transparent case""}"
F0650,U0520,I0739,train,smartwatch,electronics,Found a cream adapter with cable. Details: about 1.5 m cable.,en,medium,Library,False,12.9,77.5,2026-08-27 18:29,2026-08-27 19:01,True,,"a white Realme charger on a desk, two-pin adapter","{""damage"": ""a cracked adapter body"", ""marking"": ""initials"", ""cable_wrap"": ""a velcro wrap""}"
F0651,U0631,I0740,train,smartwatch,electronics,Found a white smartwatch. Details: rubber strap.,en,medium,Gym,False,12.901797,77.501843,2026-08-14 14:28,2026-08-14 15:15,False,,,"{""strap_color"": ""a blue strap"", ""watch_face"": ""a plain black face"", ""damage"": ""no damage""}"
F0652,U0479,I0741,train,smartwatch,electronics,Found a fitness band.,en,brief,Gym,False,12.901797,77.501843,2026-09-01 18:30,2026-09-01 20:21,True,,"a white smartwatch on a table, rectangular screen","{""watch_face"": ""a cricket watch face"", ""strap_color"": ""a blue strap"", ""extras"": ""the charging dock in a pouch""}"
F0653,U0659,I0743,val,power bank,electronics,Found a black battery pack. Features: rubber finish.,en,medium,Bus Stop,False,12.898383,77.497696,2026-09-11 17:07,2026-09-11 17:39,True,,"a black power bank on a table, rubber finish","{""sticker"": ""a price sticker"", ""damage"": ""a dent on one corner"", ""capacity"": ""10000 mAh slim""}"
F0654,U0664,I0744,train,laptop,electronics,Found a blue laptop. Features: stickers on the top cover.,en,medium,ECE Block,False,12.899192,77.501382,2026-09-17 10:23,2026-09-17 11:35,True,,"a blue laptop on a bench, backlit keyboard","{""wallpaper"": ""a cricket player photo"", ""scratch"": ""no visible scratch"", ""charger_included"": ""yes, with a black adapter""}"
F0655,U0417,I0745,train,laptop,electronics,"Ye mila hai, owner ko batao: found a blue notebook computer. Features: in a black laptop sleeve.",hinglish,medium,Mechanical Block,False,12.898203,77.502396,2026-08-09 11:31,2026-08-09 12:04,True,,"a light blue Lenovo laptop on a table, 15 inch screen","{""charger_included"": ""only the cable"", ""wallpaper"": ""a beach photo"", ""lid_sticker"": ""a GitHub sticker""}"
F0656,U0134,I0746,train,backpack,bags,"Found a maroon Wildcraft backpack. It has one side pocket, double zip on the front, slightly torn near the strap.",en,detailed,CS Block,False,12.899012,77.500737,2026-09-29 08:28,2026-09-29 09:50,True,,"a dark red backpack on a desk, double zip on the front","{""tag_or_sticker"": ""a Spiderman sticker"", ""front_pocket_contents"": ""a water bottle"", ""inner_lining_color"": ""grey""}"
F0657,U0466,I0747,train,backpack,bags,"Found a maroon bag. It has reflective strip, small tear by the strap, padded laptop section.",en,detailed,CS Block,False,12.899012,77.500737,2026-08-15 13:23,2026-08-15 14:17,True,,"a maroon backpack on a desk, padded laptop section","{""tag_or_sticker"": ""a college fest tag"", ""front_pocket_contents"": ""a lunch box"", ""keychain"": ""a metal bottle-opener keychain""}"
F0658,U0503,I0748,test,spectacles case,accessories,Found a tan Lenskart glasses case. Features: zippered.,en,medium,Parking Lot,False,12.899461,77.498894,2026-08-24 21:12,2026-08-25 00:02,True,,"a brown Lenskart spectacles case on a bench, hard shell","{""lens_condition"": ""an anti-glare coating"", ""frame_color"": ""transparent frame"", ""case_inside"": ""a screwdriver kit""}"
F0659,U0066,I0749,train,charger,electronics,Found black charger,en,brief,CS Block,False,12.899012,77.500737,2026-09-11 23:55,2026-09-12 00:47,True,,"a dark charger on a table, fast charging type","{""type"": ""a USB cable with adapter"", ""cable_wrap"": ""a rubber band around the cable"", ""marking"": ""coloured tape on the cable""}"
F0660,U0023,I0750,test,earbuds case,electronics,"Found a black boAt earbuds case. Details: scuffed lid, small LED light.",en,detailed,Auditorium,False,12.901437,77.499447,2026-09-11 14:49,2026-09-11 15:08,True,,"a black earbuds case on a table, scuffed lid","{""engraved"": ""a heart drawn with marker"", ""cover"": ""a leather pouch"", ""charm"": ""a metal ring""}"
F0661,U0538,I0751,test,earbuds case,electronics,"Ye mila hai, owner ko batao: found a black boAt small case. It has rubber cover, scfufed lid.",hinglish,detailed,Auditorium,False,12.901437,77.499447,2026-09-26 13:29,2026-09-26 15:39,True,,"a dark earbuds case on a bench, rubber cover","{""buds_present"": ""only the left bud"", ""cover"": ""a glitter cover"", ""charm"": ""no charm""}"
F0662,U0303,I0753,train,laptop,electronics,"Found a silver MacBook notebook computer. Features: in a black laptop sleeve, stickers on the top cover.",en,detailed,Library,False,12.9,77.5,2026-09-02 00:04,2026-09-02 00:11,True,,"a silver MacBook laptop on the floor, in a black laptop sleeve","{""charger_included"": ""yes, with a black adapter"", ""wallpaper"": ""a mountain sunset"", ""scratch"": ""scratch on the left corner""}"
F0663,U0473,I0754,train,laptop,electronics,Found black notebook computer,en,brief,Playground,False,12.901976,77.498341,2026-07-29 18:48,2026-07-29 19:57,True,,"a black Asus laptop on a table, fifteen inch display","{""lid_sticker"": ""a GitHub sticker"", ""wallpaper"": ""plain black"", ""charger_included"": ""yes, with a black adapter""}"
F0664,U0099,I0755,train,laptop,electronics,"Mujhe mila hai: found a black Asus notebook computer. Features: in a black laptop sleeve, keyboard lights up.",hinglish,detailed,Playground,False,12.901976,77.498341,2026-10-02 22:52,2026-10-03 00:40,True,,"a black laptop on a bench, keyboard lights up","{""charger_included"": ""yes, with an extension cord"", ""lid_sticker"": ""a Python sticker"", ""scratch"": ""worn keys near the touchpad""}"
F0665,U0683,I0756,train,phone,electronics,Found a green OnePlus mobile. Details: crack on the top corner.,en,medium,Parking Lot,False,12.899461,77.498894,2026-09-08 10:42,2026-09-08 12:33,True,,"a green OnePlus phone on a bench, crack on the top corner","{""back_sticker"": ""a small smiley sticker"", ""screen_damage"": ""a dead pixel line"", ""wallpaper"": ""a car photo""}"
F0666,U0175,I0757,train,phone,electronics,Found a green phone. Details: ring holder on the back.,en,medium,Parking Lot,False,12.899461,77.498894,2026-08-18 16:48,2026-08-18 19:43,True,,"a green phone on a desk, pop socket on the back","{""screen_damage"": ""crack at top-left corner"", ""case_type"": ""green case with raised corners"", ""back_sticker"": ""a heart sticker""}"
F0667,U0017,I0758,train,spectacles case,accessories,Found red specs box,en,brief,Bus Stop,False,12.898383,77.497696,2026-07-23 15:28,2026-07-23 18:21,True,,"a red Titan spectacles case on a desk, zip closure","{""case_print"": ""a name label"", ""case_inside"": ""a screwdriver kit"", ""lens_condition"": ""no scratches""}"
F0668,U0678,I0759,train,keys,accessories,Found a tan keychain. Details: tiny lock key.,en,medium,Main Gate,False,12.898653,77.498157,2026-08-24 20:58,2026-08-24 23:09,False,,,"{""ring_type"": ""a split ring with a loop"", ""tag_text"": ""a cycle lock key attached"", ""key_count"": ""one key""}"
F0669,U0779,I0760,train,spectacles case,accessories,"Found a brown keychain. It has two-wheeler key with cover, tag hanging from it. Kept safely with me.",en,detailed,Main Gate,False,12.898653,77.498157,2026-09-24 11:16,2026-09-24 11:53,True,,"a tan keys on a table, tag hanging from it","{""charm"": ""a leather tag"", ""key_count"": ""two keys"", ""tag_text"": ""a room number""}"
F0670,U0413,I0761,test,phone,electronics,"Found a sky blue Samsung smartphone. Features: crack on the top corner, two cameras at the back, pop socket on the back.",en,detailed,CS Block,False,12.899012,77.500737,2026-09-26 02:52,2026-09-26 05:25,True,,"a blue phone on a table, dual camera","{""back_sticker"": ""a small smiley sticker"", ""case_type"": ""transparent case"", ""screen_damage"": ""a dead pixel line""}"
F0671,U0498,I0762,train,wallet,accessories,Found a dark blue purse. Features: frayed at the edges.,en,medium,Mechanical Block,False,12.898203,77.502396,2026-08-11 11:58,2026-08-11 14:19,True,,"a blue Wildcraft wallet on a desk, frayed at the edges","{""other_item"": ""a folded receipt"", ""card_in_first_slot"": ""a gym membership card"", ""cash_range"": ""100 to 500 rupees""}"
F0672,U0279,I0763,train,wallet,accessories,Found a navy blue Wildcraft purse. Features: worn edges.,en,medium,Girls Hostel,False,12.897305,77.503225,2026-08-28 13:10,2026-08-28 14:39,True,,"a navy blue wallet on the floor, frayed at the edges","{""cash_range"": ""no cash"", ""photo_inside"": ""a polaroid"", ""card_in_first_slot"": ""a library card""}"
F0673,U0318,I0764,train,water bottle,drinkware,Found a olive green Borosil bottle. Details: 1 litre size.,en,medium,ECE Block,False,12.899192,77.501382,2026-09-23 14:23,2026-09-23 15:44,True,,"a green Borosil water bottle on a bench, scratched paint","{""sticker"": ""no sticker"", ""strap"": ""a loop on the cap"", ""dent_location"": ""dent near the neck""}"
F0674,U0244,I0765,train,charger,electronics,Found black earbuds case,en,brief,Mechanical Block,False,12.898203,77.502396,2026-08-03 12:14,2026-08-03 13:37,False,,,"{""charm"": ""a tiny bear charm"", ""engraved"": ""a name label"", ""cover"": ""a leather pouch""}"
F0675,U0608,I0766,train,earbuds case,electronics,"Found a black AirPods small case. Features: tiny indicator light, scuffed lid. Kept safely with me.",en,detailed,Mechanical Block,False,12.898203,77.502396,2026-08-25 06:15,2026-08-25 06:53,True,,"a black AirPods earbuds case on the floor, scuffed lid","{""cover"": ""a plain case"", ""buds_present"": ""both buds present"", ""charm"": ""no charm""}"
F0676,U0365,I0767,train,phone,electronics,dark green mobile found,en,brief,Gym,False,12.901797,77.501843,2026-09-21 15:02,2026-09-21 16:39,True,,"a dark green phone on a desk, pop socket on the back","{""case_type"": ""no case"", ""screen_damage"": ""scratched tempered glass"", ""wallpaper"": ""an anime character""}"
F0677,U0110,I0768,train,charger,electronics,Mujhe mila hai: found black adapter with cable,hinglish,brief,Playground,False,12.901976,77.498341,2026-09-07 13:50,2026-09-07 14:50,False,,,"{""cable_wrap"": ""a rubber band around the cable"", ""type"": ""a USB cable with adapter"", ""marking"": ""initials""}"
F0678,U0180,I0769,train,keys,accessories,Found silver key bunhc,en,brief,Library,False,12.9,77.5,2026-08-07 05:22,2026-08-07 06:07,True,,"a silver keys on a bench, small padlock key","{""ring_type"": ""a plastic ring"", ""charm"": ""a plastic football"", ""tag_text"": ""a red key cover""}"
F0679,U0313,I0770,train,charger,electronics,"Found a black adapter with cable. Features: long cable, cloth braided cable, fast charging type.",en,detailed,CS Block,False,12.899012,77.500737,2026-10-02 17:25,2026-10-02 20:06,True,,"a black charger on a desk, fast charger","{""marking"": ""no marking"", ""cable_wrap"": ""tape on the cable"", ""damage"": ""no damage""}"
F0680,U0016,I0771,train,umbrella,accessories,"Found a red umbrella. It has folding type, automatic open button, pirnted edges.",en,detailed,Main Gate,False,12.898653,77.498157,2026-07-21 03:28,2026-07-21 06:13,False,,,"{""print"": ""floral print inside"", ""damage"": ""a missing button"", ""handle"": ""a curved wooden handle""}"
F0681,U0371,I0772,train,umbrella,accessories,"Found a red umbrella. It has one bent rib, foldable umbrella.",en,detailed,Main Gate,False,12.898653,77.498157,2026-08-01 11:06,2026-08-01 13:11,True,,"a red umbrella on a bench, foldable umbrella","{""strap_color"": ""a black Velcro strap"", ""print"": ""plain inside"", ""handle"": ""a straight handle""}"
F0682,U0201,I0773,val,wallet,accessories,"Found a silver-grey Hidesign purse. Details: small metal logo, zip coin pocket, worn edges.",en,detailed,Stationery Shop,False,12.899461,77.500276,2026-08-18 22:51,2026-08-18 23:25,True,,"a grey wallet on a table, zip coin pocket","{""cash_range"": ""no cash"", ""photo_inside"": ""a small deity picture"", ""other_item"": ""a movie ticket""}"
F0683,U0543,I0774,train,calculator,stationery,Found grey calculator,en,brief,Gym,False,12.901797,77.501843,2026-09-12 18:42,2026-09-12 20:36,True,,"a grey calculator on a bench, solar strip on top","{""model"": ""fx-991ES Plus"", ""name_marking"": ""name written on the back"", ""cover"": ""a scratched cover""}"
F0684,U0366,I0775,train,notebook,stationery,"Found a green Camlin notebook. It has spiral notebook, about two hundred pages. Kept safely with me.",en,detailed,Playground,False,12.901976,77.498341,2026-08-05 03:17,2026-08-05 03:59,True,,"a green Camlin notebook on a bench, spiral notebook","{""loose_item"": ""a loose sheet inside"", ""subject"": ""Data Structures"", ""first_page"": ""a cartoon""}"
F0685,U0716,I0776,train,other,electronics,Found a pink watch. It has round dial.,en,medium,Parking Lot,False,12.899461,77.498894,2026-08-27 16:01,2026-08-27 16:40,False,,,"{""extras"": ""the charging dock in a pouch"", ""damage"": ""a loose strap"", ""strap_color"": ""a white strap""}"
F0686,U0548,I0778,train,charger,electronics,"Found a white Apple charger. It has fast charging type, two-pin plug, cloth braided cable.",en,detailed,ECE Block,False,12.899192,77.501382,2026-09-05 07:07,2026-09-05 08:53,True,,"a white charger on the floor, fast charging type","{""type"": ""a 65W laptop charger"", ""marking"": ""initials"", ""cable_wrap"": ""tape on the cable""}"
F0687,U0671,I0779,val,smartwatch,electronics,Found a dark green smartwatch. Details: square dial.,en,medium,Security Desk,True,12.898293,77.499816,2026-08-04 02:24,2026-08-04 05:13,True,,"a dark green smartwatch on the floor, silicone strap","{""watch_face"": ""a digital face with steps"", ""extras"": ""the charging dock in a pouch"", ""damage"": ""a scratch on the glass""}"
F0688,U0575,I0780,train,laptop,electronics,black laptop found,en,brief,Canteen,False,12.900359,77.501106,2026-08-08 14:37,2026-08-08 17:21,False,,,"{""charger_included"": ""yes, with a black adapter"", ""wallpaper"": ""a family photo"", ""lid_sticker"": ""a band sticker""}"
F0689,U0117,I0781,train,spectacles case,accessories,Found light pink umbrella,en,brief,Admin Block,False,12.898203,77.499816,2026-08-30 16:46,2026-08-30 19:33,True,,"a pink umbrella on the floor, folding type","{""strap_color"": ""a black Velcro strap"", ""damage"": ""no damage"", ""print"": ""floral print inside""}"
F0690,U0350,I0782,train,calculator,stationery,Found gray calculator,en,brief,Library,False,12.9,77.5,2026-09-09 18:11,2026-09-09 18:40,True,,"a grey calculator on the floor, scientific type","{""model"": ""fx-82MS"", ""name_marking"": ""name written on the back"", ""damage"": ""a cracked corner""}"
F0691,U0598,I0783,train,calculator,stationery,"Found a grey scientific calculator. Details: scientific type, faded keys.",en,detailed,Auditorium,False,12.901437,77.499447,2026-08-15 19:16,2026-08-15 20:38,True,,"a grey Casio calculator on the floor, scientific calculator","{""name_marking"": ""name written on the back"", ""model"": ""fx-570ES"", ""cover"": ""a black slide cover""}"
F0692,U0356,I0784,train,wallet,accessories,Found a black wallet. It has zip coin pocket.,en,medium,Main Gate,False,12.898653,77.498157,2026-07-31 17:06,2026-07-31 17:09,True,,"a black wallet on a bench, metal logo","{""other_item"": ""a folded receipt"", ""cash_range"": ""500 to 2000 rupees"", ""photo_inside"": ""a passport-size photo""}"
F0693,U0429,I0785,train,backpack,bags,"Found a black Wildcraft sports bag. It has reflective strip on the straps, padded laptop section, a pocket on the side. Kept safely with me.",en,detailed,Auditorium,False,12.901437,77.499447,2026-10-01 11:14,2026-10-01 13:40,True,,"a black backpack on a table, padded laptop section","{""tag_or_sticker"": ""a bus pass holder"", ""keychain"": ""a football keychain"", ""inner_lining_color"": ""blue""}"
F0694,U0097,I0786,train,charger,electronics,Mujhe mila hai: found a white charger. Features: fast charger.,hinglish,medium,Main Gate,False,12.898653,77.498157,2026-08-01 23:02,2026-08-02 01:05,True,,"a white Samsung charger on the floor, two-pin adapter","{""cable_wrap"": ""a rubber band around the cable"", ""damage"": ""a cracked adapter body"", ""marking"": ""no marking""}"
F0695,U0669,I0787,test,laptop,electronics,"Found a blue laptop. It has black sleeve, stickers on the top cover, 15 inch screen. Kept safely with me.",en,detailed,Security Desk,True,12.898293,77.499816,2026-08-18 16:40,2026-08-18 17:46,False,,,"{""lid_sticker"": ""a college club sticker"", ""charger_included"": ""only the cable"", ""scratch"": ""scratch on the left corner""}"
F0696,U0595,I0788,test,laptop,electronics,Found a blue laptop. Details: backlit keyboard.,en,medium,Mechanical Block,False,12.898203,77.502396,2026-08-18 23:41,2026-08-19 00:00,False,,,"{""charger_included"": ""yes, with a black adapter"", ""wallpaper"": ""a mountain sunset"", ""scratch"": ""dent on the lid""}"
F0697,U0140,I0789,train,calculator,stationery,Found a sky blue scientific calculator. Details: hard slide-on cover.,en,medium,Library,False,12.9,77.5,2026-09-11 15:01,2026-09-11 15:38,False,,,"{""name_marking"": ""name written on the back"", ""cover"": ""a blue flip cover"", ""model"": ""fx-991EX""}"
F0698,U0753,I0790,test,charger,electronics,"Found a dark adapter with cable. It has long cable, cloth braided cable, two-pin plug.",en,detailed,Canteen,False,12.900359,77.501106,2026-10-03 13:06,2026-10-03 14:47,True,,"a black charger on a bench, two-pin plug","{""damage"": ""a bent pin"", ""cable_wrap"": ""a rubber band around the cable"", ""type"": ""a 65W laptop charger""}"
F0699,U0753,I0791,val,umbrella,accessories,grey umbrella found,en,brief,Canteen,False,12.900359,77.501106,2026-09-21 18:18,2026-09-21 19:58,True,,"a grey umbrella on a desk, folding type","{""print"": ""a polka dot pattern"", ""damage"": ""a torn edge"", ""handle"": ""a handle with a rubber grip""}"
F0700,U0743,I0792,test,notebook,stationery,green notebook found,en,brief,Stationery Shop,False,12.899461,77.500276,2026-08-10 01:33,2026-08-10 02:36,True,,"a green Classmate notebook on the floor, hard cover","{""cover_doodle"": ""a name label"", ""subject"": ""Data Structures"", ""loose_item"": ""a pen clipped inside""}"
F0701,U0794,I0793,train,backpack,bags,maroon rucksack found,en,brief,Girls Hostel,False,12.897305,77.503225,2026-08-09 11:14,2026-08-09 11:51,True,,"a maroon backpack on a bench, a pocket on the side","{""keychain"": ""a brass ring with a bell"", ""front_pocket_contents"": ""an umbrella"", ""inner_lining_color"": ""green""}"
F0702,U0622,I0794,train,notebook,stationery,"Found a red book. Features: spiral bound, sticky notes inside, thick cover.",en,detailed,Mechanical Block,False,12.898203,77.502396,2026-09-10 07:12,2026-09-10 07:46,True,,"a red notebook on a desk, coloured sticky notes sticking out","{""first_page"": ""a cartoon"", ""loose_item"": ""a loose sheet inside"", ""cover_doodle"": ""a name label""}"
F0703,U0277,I0795,train,notebook,stationery,Found a balck Citizen scientific calculator. It has hard slide-on cover.,en,medium,Girls Hostel,False,12.897305,77.503225,2026-09-22 14:49,2026-09-22 17:31,True,,"a black Citizen calculator on a table, slide cover","{""cover"": ""a blue flip cover"", ""model"": ""fx-991EX"", ""damage"": ""a cracked corner""}"
F0704,U0447,I0796,train,calculator,stationery,"Ye mila hai, owner ko batao: found a scientific calculator.",hinglish,brief,Girls Hostel,False,12.897305,77.503225,2026-09-12 07:43,2026-09-12 09:15,True,,"a black Citizen calculator on a bench, scientific type","{""damage"": ""a missing key cap"", ""model"": ""fx-570ES"", ""name_marking"": ""no marking""}"
F0705,U0568,I0797,train,water bottle,drinkware,"Mujhe mila hai: found a sky blue flask. It has flip-top lid, one liter bottle, stainless steel. Kept safely with me.",hinglish,detailed,Bus Stop,False,12.898383,77.497696,2026-07-29 20:42,2026-07-29 22:05,True,,"a blue water bottle on the floor, steel body","{""content"": ""empty"", ""sticker"": ""a cartoon sticker"", ""dent_location"": ""scratch on the side""}"
F0706,U0102,I0798,train,water bottle,drinkware,Found a bottle.,en,brief,Security Desk,True,12.898293,77.499816,2026-08-31 22:22,2026-09-01 01:18,True,,"a blue water bottle on a desk, paint worn off in places","{""sticker"": ""a cartoon sticker"", ""content"": ""empty"", ""strap"": ""no strap""}"
F0707,U0310,I0799,train,notebook,stationery,"Found a red Camlin notebook. It has spiral notebook, thick cover, about two hundred pages.",en,detailed,Mechanical Block,False,12.898203,77.502396,2026-08-19 02:17,2026-08-19 03:17,True,,"a maroon-ish red Camlin notebook on the floor, spiral bound","{""loose_item"": ""a sticky note inside"", ""cover_doodle"": ""a sticker of a planet"", ""subject"": ""Operating Systems""}"
F0708,U0534,I0800,train,notebook,stationery,Found red Camlin record book,en,brief,Security Desk,True,12.898293,77.499816,2026-08-18 14:02,2026-08-18 16:46,True,,"a maroon-ish red Camlin notebook on a bench, hard cover","{""first_page"": ""a cartoon"", ""cover_doodle"": ""subject name only"", ""loose_item"": ""a pen clipped inside""}"
F0709,U0379,I0801,val,notebook,stationery,Found a record book.,en,brief,Mechanical Block,False,12.898203,77.502396,2026-08-22 15:56,2026-08-22 18:37,True,,"a black Camlin notebook on a table, thick cover","{""cover_doodle"": ""no marking"", ""first_page"": ""a cartoon"", ""loose_item"": ""nothing inside""}"
F0710,U0774,I0803,train,spectacles case,accessories,Found black specs box,en,brief,Boys Hostel,False,12.902695,77.503686,2026-10-01 05:34,2026-10-01 05:58,False,,,"{""case_inside"": ""a visiting card"", ""frame_color"": ""transparent frame"", ""lens_condition"": ""an anti-glare coating""}"
F0711,U0478,I0805,test,keys,accessories,Found a red key bunch. Features: steel ring.,en,medium,Parking Lot,False,12.899461,77.498894,2026-07-31 12:53,2026-07-31 15:52,True,,"a red keys on a bench, small padlock key","{""charm"": ""a plastic football"", ""ring_type"": ""a plastic ring"", ""tag_text"": ""a hostel name""}"
F0712,U0026,I0806,train,other,drinkware,"Found a black Tupperware bottle. It has flip cap, stainless steel, paint worn off in places. Kept safely with me.",en,detailed,Auditorium,False,12.901437,77.499447,2026-09-23 22:43,2026-09-23 23:56,False,,,"{""dent_location"": ""no dent"", ""content"": ""empty"", ""sticker"": ""a cartoon sticker""}"
F0713,U0292,I0807,train,laptop,electronics,silver-grey Asus laptop found,en,brief,Bus Stop,False,12.898383,77.497696,2026-09-13 23:39,2026-09-14 00:44,False,,,"{""wallpaper"": ""a cricket player photo"", ""scratch"": ""dent on the lid"", ""charger_included"": ""yes, with a black adapter""}"
F0714,U0038,I0808,train,notebook,stationery,"Found a red Navneet book. Details: about two hundred pages, spiral notebook. Kept safely with me.",en,detailed,Library,False,12.9,77.5,2026-07-28 23:42,2026-07-29 02:41,True,,"a red Navneet notebook on a table, spiral notebook","{""first_page"": ""a timetable"", ""cover_doodle"": ""a sticker of a planet"", ""loose_item"": ""a loose sheet inside""}"
F0715,U0195,I0809,train,notebook,stationery,Found a red notebook. It has spiral notebook.,en,medium,Security Desk,True,12.898293,77.499816,2026-09-05 16:51,2026-09-05 18:17,True,,"a red Navneet notebook on a table, sticky notes inside","{""first_page"": ""an empty first page"", ""cover_doodle"": ""a coffee stain"", ""loose_item"": ""a loose sheet inside""}"
F0716,U0444,I0810,train,phone,electronics,Found a red smartphone. Features: cracked screen corner.,en,medium,Security Desk,True,12.898293,77.499816,2026-08-22 02:04,2026-08-22 02:22,True,,"a red phone on a bench, transparent case","{""back_sticker"": ""a metro card in the cover"", ""case_type"": ""green case with raised corners"", ""screen_damage"": ""scratched tempered glass""}"
F0717,U0662,I0811,train,phone,electronics,Found a red Realme smartphone. Features: ring holder on the back.,en,medium,Girls Hostel,False,12.897305,77.503225,2026-09-18 03:17,2026-09-18 05:04,True,,"a red Realme phone on a desk, dual camera","{""screen_damage"": ""no cracks"", ""back_sticker"": ""a heart sticker"", ""case_type"": ""black silicone case""}"
F0718,U0790,I0816,train,spectacles case,accessories,Found a dark Lenskart specs box. It has soft pouch.,en,medium,Boys Hostel,False,12.902695,77.503686,2026-08-19 21:48,2026-08-19 21:59,True,,"a black Lenskart spectacles case on a bench, hard case","{""case_inside"": ""a screwdriver kit"", ""case_print"": ""a floral print"", ""frame_color"": ""silver frame""}"
F0719,U0134,I0817,train,smartwatch,electronics,Found a white phone. It has crack on the top corner.,en,medium,Parking Lot,False,12.899461,77.498894,2026-08-09 02:53,2026-08-09 03:07,True,,"a white Samsung phone on a desk, cracked screen corner","{""case_type"": ""no case"", ""screen_damage"": ""scratched tempered glass"", ""back_sticker"": ""no sticker""}"
F0720,U0317,I0818,train,laptop,electronics,Found a silver notebook computer. Features: stickers on the top cover.,en,medium,ECE Block,False,12.899192,77.501382,2026-07-30 09:45,2026-07-30 10:36,True,,"a silver laptop on a table, stickers on the top cover","{""charger_included"": ""no charger"", ""lid_sticker"": ""a cartoon sticker"", ""wallpaper"": ""a beach photo""}"
F0721,U0179,I0819,train,spectacles case,accessories,Found a brown Titan glasses case. It has zip closure.,en,medium,Boys Hostel,False,12.902695,77.503686,2026-09-18 23:23,2026-09-19 02:04,True,,"a tan Titan spectacles case on a table, soft pouch","{""frame_color"": ""brown frame"", ""lens_condition"": ""an anti-glare coating"", ""case_print"": ""a floral print""}"
F0722,U0459,I0820,train,spectacles case,accessories,Found a dark brown Titan spectacle case. Details: tiny logo on the front.,en,medium,Canteen,False,12.900359,77.501106,2026-08-14 16:11,2026-08-14 18:41,True,,"a brown Titan spectacles case on a table, zip closure","{""case_inside"": ""a cleaning cloth"", ""frame_color"": ""gold frame"", ""lens_condition"": ""no scratches""}"
F0723,U0504,I0821,val,backpack,bags,Found a red backpack. Details: reflective strip.,en,medium,Mechanical Block,False,12.898203,77.502396,2026-07-27 18:16,2026-07-27 18:55,True,,"a red backpack on a bench, reflective strip on the straps","{""inner_lining_color"": ""red"", ""front_pocket_contents"": ""a calculator and a ruler"", ""keychain"": ""a metal bottle-opener keychain""}"
F0724,U0471,I0823,test,smartwatch,electronics,"Found a light pink Amazfit watch. Details: glass slightly scratched, circular screen, rectangular screen. Kept safely with me.",en,detailed,ECE Block,False,12.899192,77.501382,2026-09-11 12:54,2026-09-11 14:32,False,,,"{""watch_face"": ""a plain black face"", ""strap_color"": ""a metal strap"", ""extras"": ""the charging dock in a pouch""}"
F0725,U0270,I0824,train,wallet,accessories,Found a dark Puma wallet. Features: zip coin pocket.,en,medium,CS Block,False,12.899012,77.500737,2026-07-31 03:25,2026-07-31 04:04,True,,"a dark grey Puma wallet on a desk, zip coin pocket","{""card_in_first_slot"": ""a college ID"", ""photo_inside"": ""no photo"", ""cash_range"": ""500 to 2000 rupees""}"
F0726,U0094,I0825,train,earbuds case,electronics,Found a dark grey OnePlus earbuds case. Features: lanyard hook.,en,medium,Security Desk,True,12.898293,77.499816,2026-09-05 21:10,2026-09-06 00:10,False,,,"{""cover"": ""a plain case"", ""engraved"": ""initial A"", ""charm"": ""a metal ring""}"
F0727,U0610,I0827,train,calculator,stationery,"Found a blue Casio calculator. It has solar strip on top, scientific calculator, faded keys. Kept safely with me.",en,detailed,Parking Lot,False,12.899461,77.498894,2026-09-11 11:26,2026-09-11 12:42,True,,"a blue calculator on a bench, scientific type","{""cover"": ""a black slide cover"", ""damage"": ""no damage"", ""name_marking"": ""no marking""}"
F0728,U0459,I0828,train,earbuds case,electronics,Found a black earbuds case. Features: scratches on the lid.,en,medium,ECE Block,False,12.899192,77.501382,2026-09-25 16:22,2026-09-25 18:19,True,,"a black earbuds case on the floor, silicone cover","{""engraved"": ""initial S"", ""cover"": ""a plain case"", ""buds_present"": ""only the right bud""}"
F0729,U0380,I0829,train,smartwatch,electronics,Found a black AirPods charging case. Details: tiny indicator light.,en,medium,CS Block,False,12.899012,77.500737,2026-08-18 03:31,2026-08-18 04:14,True,,"a black AirPods earbuds case on the floor, silicone cover","{""buds_present"": ""both buds present"", ""engraved"": ""initial S"", ""charm"": ""a beaded charm""}"
F0730,U0050,I0830,train,laptop,electronics,"Found a silver MacBook laptop. Features: backlit keyboard, black sleeve.",en,detailed,Auditorium,False,12.901437,77.499447,2026-08-22 06:26,2026-08-22 08:35,True,,"a silver MacBook laptop on the floor, backlit keyboard","{""charger_included"": ""yes, with an extension cord"", ""wallpaper"": ""plain black"", ""lid_sticker"": ""a band sticker""}"
F0731,U0064,I0831,test,earbuds case,electronics,Found a pink charging case. Details: lanyard hook.,en,medium,Canteen,False,12.900359,77.501106,2026-09-06 05:16,2026-09-06 05:21,True,,"a pink OnePlus earbuds case on a bench, hook for a lanyard","{""buds_present"": ""only the right bud"", ""charm"": ""a metal ring"", ""cover"": ""a glitter cover""}"
F0732,U0137,I0832,val,spectacles case,accessories,Found a sky blue glasses case. Details: zip closure.,en,medium,ECE Block,False,12.899192,77.501382,2026-08-14 18:59,2026-08-14 21:07,True,,"a blue Lenskart spectacles case on the floor, soft pouch","{""frame_color"": ""transparent frame"", ""case_inside"": ""a visiting card"", ""case_print"": ""a logo of an optical shop""}"
F0733,U0103,I0833,train,umbrella,accessories,Found a grey umbrella. It has pattern on the border.,en,medium,Boys Hostel,False,12.902695,77.503686,2026-07-23 13:26,2026-07-23 14:55,True,,"a grey umbrella on a table, foldable umbrella","{""strap_color"": ""no strap"", ""handle"": ""a curved wooden handle"", ""print"": ""a checked pattern""}"
F0734,U0677,I0834,train,laptop,electronics,Found a white AirPods charging case. Details: rubber cover.,en,medium,Boys Hostel,False,12.902695,77.503686,2026-07-29 17:49,2026-07-29 20:06,False,,,"{""engraved"": ""initial A"", ""buds_present"": ""only the right bud"", ""cover"": ""a plain case""}"
F0735,U0304,I0836,train,spectacles case,accessories,red specs box fuond,en,brief,Boys Hostel,False,12.902695,77.503686,2026-07-22 12:06,2026-07-22 13:23,False,,,"{""frame_color"": ""black frame"", ""case_inside"": ""a cleaning cloth"", ""case_print"": ""no logo""}"
F0736,U0050,I0837,train,notebook,stationery,Found a book.,en,brief,Stationery Shop,False,12.899461,77.500276,2026-07-29 23:38,2026-07-30 02:05,True,,"a blue Navneet notebook on a desk, 200 pages","{""loose_item"": ""a sticky note inside"", ""first_page"": ""a timetable"", ""cover_doodle"": ""no marking""}"
F0737,U0459,I0838,train,notebook,stationery,Found a blue Navneet book. It has spiral notebook.,en,medium,Admin Block,False,12.898203,77.499816,2026-09-03 09:53,2026-09-03 10:28,True,,"a sky blue Navneet notebook on the floor, spiral bound","{""cover_doodle"": ""a coffee stain"", ""first_page"": ""a timetable"", ""loose_item"": ""a pen clipped inside""}"
F0738,U0313,I0839,train,umbrella,accessories,Found a rose umbrella. Details: pattern on the border.,en,medium,Auditorium,False,12.901437,77.499447,2026-08-17 11:10,2026-08-17 11:47,True,,"a pink umbrella on a table, folding type","{""print"": ""floral print inside"", ""damage"": ""a bent rib"", ""handle"": ""a handle with a rubber grip""}"
F0739,U0143,I0841,train,phone,electronics,Mujhe mila hai: found a phone.,hinglish,brief,Canteen,False,12.900359,77.501106,2026-08-20 13:56,2026-08-20 14:04,True,,"a black OnePlus phone on a bench, transparent case","{""screen_damage"": ""no cracks"", ""back_sticker"": ""a heart sticker"", ""wallpaper"": ""plain black""}"
F0740,U0667,I0843,train,other,electronics,"Found a black laptop. Features: 15 inch screen, sticker on the lid. Kept safely with me.",en,detailed,Mechanical Block,False,12.898203,77.502396,2026-08-17 10:51,2026-08-17 12:51,True,,"a black laptop on a desk, stickers on the top cover","{""scratch"": ""no visible scratch"", ""wallpaper"": ""plain black"", ""lid_sticker"": ""a Python sticker""}"
F0741,U0735,I0844,train,laptop,electronics,Found a black Dell laptop. Details: keyboard lights up.,en,medium,Security Desk,True,12.898293,77.499816,2026-09-04 17:08,2026-09-04 19:25,False,,,"{""charger_included"": ""only the cable"", ""wallpaper"": ""a cat photo"", ""scratch"": ""worn keys near the touchpad""}"
F0742,U0072,I0845,train,umbrella,accessories,"Found a dark grey umbrella. It has pattern on the border, one bent rib.",en,detailed,Security Desk,True,12.898293,77.499816,2026-08-20 15:32,2026-08-20 17:05,True,,"a black umbrella on a desk, pattern on the border","{""print"": ""a company logo"", ""handle"": ""a curved wooden handle"", ""damage"": ""a missing button""}"
F0743,U0708,I0846,train,charger,electronics,Found a white adapter with cable. Features: braided cable.,en,medium,Mechanical Block,False,12.898203,77.502396,2026-08-15 13:27,2026-08-15 16:10,True,,"a white Mi charger on a table, about 1.5 m cable","{""marking"": ""a name written in marker"", ""type"": ""a 65W laptop charger"", ""damage"": ""a bent pin""}"
F0744,U0321,I0848,train,keys,accessories,Found a black keys. It has small padlock key.,en,medium,Admin Block,False,12.898203,77.499816,2026-07-31 00:42,2026-07-31 02:21,True,,"a black keys on a table, tiny lock key","{""ring_type"": ""a steel ring"", ""tag_text"": ""a hostel name"", ""key_count"": ""three keys""}"
F0745,U0209,I0849,train,keys,accessories,Foudn black keys,en,brief,Parking Lot,False,12.899461,77.498894,2026-08-04 12:12,2026-08-04 15:08,True,,"a black keys on a bench, bike key with a rubber cover","{""ring_type"": ""a plastic ring"", ""charm"": ""a bell charm"", ""key_count"": ""two keys""}"
F0746,U0542,I0852,train,calculator,stationery,"Found a sky blue Casio scientific calculator. Features: slide cover, some keys faded.",en,detailed,Parking Lot,False,12.899461,77.498894,2026-08-20 03:38,2026-08-20 06:12,True,,"a blue calculator on a bench, some keys faded","{""damage"": ""a cracked corner"", ""cover"": ""a blue flip cover"", ""name_marking"": ""initials on the cover""}"
F0747,U0791,I0854,train,phone,electronics,"Ye mila hai, owner ko batao: found a black smartphone. Features: cracked screen corner.",hinglish,medium,Gym,False,12.901797,77.501843,2026-09-28 22:38,2026-09-29 01:38,True,,"a black Redmi phone on a bench, ring holder on the back","{""back_sticker"": ""no sticker"", ""screen_damage"": ""a dead pixel line"", ""case_type"": ""transparent case""}"
F0748,U0393,I0856,train,earbuds case,electronics,Found pink earbuds case,en,brief,Boys Hostel,False,12.902695,77.503686,2026-09-14 13:11,2026-09-14 15:44,True,,"a pink earbuds case on the floor, hook for a lanyard","{""engraved"": ""initial S"", ""cover"": ""a cartoon silicone cover"", ""buds_present"": ""only the left bud""}"
F0749,U0084,I0857,train,phone,electronics,Found a cream watch. It has circular screen.,en,medium,Main Gate,False,12.898653,77.498157,2026-09-03 06:19,2026-09-03 08:01,True,,"a white smartwatch on a table, circular screen","{""strap_color"": ""a pink strap"", ""damage"": ""a scuffed corner"", ""extras"": ""a spare strap in a pouch""}"
F0750,U0227,I0858,train,smartwatch,electronics,white smartwatch ofund,en,brief,Bus Stop,False,12.898383,77.497696,2026-10-01 18:22,2026-10-01 19:10,True,,"a white smartwatch on a bench, rectangular screen","{""extras"": ""no dock"", ""watch_face"": ""a cricket watch face"", ""damage"": ""no damage""}"
F0751,U0509,I0859,train,smartwatch,electronics,Found a silver Syska power bank. Features: type-C input.,en,medium,Bus Stop,False,12.898383,77.497696,2026-08-09 23:54,2026-08-10 00:47,True,,"a silver Syska power bank on the floor, type-C input","{""cable"": ""a lightning cable"", ""capacity"": ""5000 mAh"", ""damage"": ""a dent on one corner""}"
F0752,U0030,I0860,train,smartwatch,electronics,"Found a cream Noise fitness band. It has rectangular screen, circular screen, scratch on the glass.",en,detailed,Main Gate,False,12.898653,77.498157,2026-08-31 13:42,2026-08-31 14:24,True,,"a white Noise smartwatch on the floor, rectangular screen","{""damage"": ""a loose strap"", ""watch_face"": ""a cricket watch face"", ""strap_color"": ""a black strap""}"
F0753,U0666,I0861,train,keys,accessories,silver key bunch found,en,brief,Parking Lot,False,12.899461,77.498894,2026-08-03 02:23,2026-08-03 04:46,True,,"a silver keys on a desk, two-wheeler key with cover","{""ring_type"": ""a split ring with a loop"", ""key_count"": ""four keys"", ""tag_text"": ""no tag""}"
F0754,U0108,I0862,train,backpack,bags,"Found a navy blue Skybags backpack. It has white logo, reflective strip. Kept safely with me.",en,detailed,Security Desk,True,12.898293,77.499816,2026-09-23 08:09,2026-09-23 10:38,True,,"a navy blue backpack on a table, reflective strip on the straps","{""inner_lining_color"": ""blue"", ""front_pocket_contents"": ""a pair of earphones"", ""tag_or_sticker"": ""a college fest tag""}"
F0755,U0490,I0863,val,wallet,accessories,Found a maroon wallet. It has zip coin pocket.,en,medium,Library,False,12.9,77.5,2026-08-29 12:52,2026-08-29 13:15,True,,"a maroon wallet on the floor, metal logo","{""photo_inside"": ""a small deity picture"", ""other_item"": ""a movie ticket"", ""cash_range"": ""100 to 500 rupees""}"
F0756,U0650,I0864,val,umbrella,accessories,"Found a maroon Fastrack wallet. Details: looks like leather, zipper coin section.",en,detailed,ECE Block,False,12.899192,77.501382,2026-07-29 20:57,2026-07-29 21:33,True,,"a maroon wallet on a table, zipper coin section","{""card_in_first_slot"": ""a library card"", ""cash_range"": ""over 2000 rupees"", ""photo_inside"": ""no photo""}"
F0757,U0558,I0865,train,power bank,electronics,Found blue battery pack,en,brief,ECE Block,False,12.899192,77.501382,2026-07-30 19:05,2026-07-30 19:59,False,,,"{""sticker"": ""a name sticker"", ""damage"": ""a dent on one corner"", ""capacity"": ""10000 mAh slim""}"
F0758,U0595,I0866,train,wallet,accessories,"Found a navy blue Hidesign wallet. Details: zipper coin section, metal logo.",en,detailed,Bus Stop,False,12.898383,77.497696,2026-10-03 18:18,2026-10-03 20:04,True,,"a navy blue Hidesign wallet on a table, small metal logo","{""cash_range"": ""over 2000 rupees"", ""photo_inside"": ""a passport-size photo"", ""card_in_first_slot"": ""a bus pass""}"
F0759,U0075,I0867,train,charger,electronics,Found a black charger. Features: long cable.,en,medium,Library,False,12.9,77.5,2026-08-13 11:03,2026-08-13 13:32,False,,,"{""type"": ""a 33W fast charger"", ""cable_wrap"": ""no wrap"", ""marking"": ""a name written in marker""}"
F0760,U0280,I0868,train,spectacles case,accessories,"Found a red glasses case. Features: hard case, zippered.",en,detailed,Gym,False,12.901797,77.501843,2026-08-31 16:14,2026-08-31 16:35,True,,"a red spectacles case on a table, hard case","{""case_inside"": ""a visiting card"", ""frame_color"": ""black frame"", ""case_print"": ""a floral print""}"
F0761,U0659,I0869,test,power bank,electronics,Found a metallic battery pack. Features: matte rubber finish.,en,medium,Canteen,False,12.900359,77.501106,2026-10-04 19:41,2026-10-04 20:27,True,,"a silver Ambrane power bank on a bench, matte rubber finish","{""capacity"": ""20000 mAh with display"", ""damage"": ""a dent on one corner"", ""cable"": ""a type-C cable""}"
F0762,U0740,I0870,test,power bank,electronics,"Found a silver Ambrane charger bank. Details: thin power bank, type-C input. Kept safely with me.",en,detailed,Canteen,False,12.900359,77.501106,2026-07-29 22:18,2026-07-29 22:32,True,,"a silver Ambrane power bank on a desk, thin power bank","{""sticker"": ""a cartoon sticker"", ""capacity"": ""10000 mAh"", ""damage"": ""a loose port""}"
F0763,U0647,I0871,train,water bottle,drinkware,Found a silver Borosil water bottle. Details: paint worn off in places.,en,medium,Girls Hostel,False,12.897305,77.503225,2026-08-27 05:19,2026-08-27 05:57,True,,"a silver water bottle on a bench, steel body","{""strap"": ""no strap"", ""dent_location"": ""dent near the bottom"", ""sticker"": ""no sticker""}"
F0764,U0407,I0872,train,backpack,bags,Found a silver-grey bag. It has slightyl torn near the strap.,en,medium,Canteen,False,12.900359,77.501106,2026-08-24 13:13,2026-08-24 16:02,True,,"a grey Adidas backpack on a desk, small tear by the strap","{""front_pocket_contents"": ""an umbrella"", ""inner_lining_color"": ""red"", ""tag_or_sticker"": ""a Spiderman sticker""}"
F0765,U0656,I0873,train,notebook,stationery,Found a red notebook. Features: spiral notebook.,en,medium,Auditorium,False,12.901437,77.499447,2026-10-02 08:16,2026-10-02 10:31,False,,,"{""loose_item"": ""a loose sheet inside"", ""subject"": ""Machine Learning"", ""first_page"": ""an empty first page""}"
F0766,U0715,I0874,train,notebook,stationery,"Found a red Camlin notebook. It has sticky notes inside, spiral bound.",en,detailed,Auditorium,False,12.901437,77.499447,2026-09-01 15:10,2026-09-01 16:14,True,,"a red notebook on a desk, spiral notebook","{""cover_doodle"": ""a name label"", ""first_page"": ""a cartoon"", ""subject"": ""Operating Systems""}"
F0767,U0189,I0876,val,wallet,accessories,"Found a brown wallet. It has small metla logo, zipper coin section.",en,detailed,CS Block,False,12.899012,77.500737,2026-08-27 17:14,2026-08-27 19:06,True,,"a brown wallet on a desk, metal logo","{""cash_range"": ""under 100 rupees"", ""card_in_first_slot"": ""a college ID"", ""photo_inside"": ""a polaroid""}"
F0768,U0084,I0877,train,phone,electronics,Found a smartphone.,en,brief,Admin Block,False,12.898203,77.499816,2026-09-30 00:32,2026-09-30 01:34,True,,"a black phone on a desk, pop socket on the back","{""case_type"": ""transparent case"", ""back_sticker"": ""a ring holder"", ""screen_damage"": ""a dead pixel line""}"
F0769,U0755,I0879,train,umbrella,accessories,"Found a red Fastrack umbrella. Features: push-button opening, folding type, bent rib.",en,detailed,Library,False,12.9,77.5,2026-08-10 16:56,2026-08-10 17:07,False,,,"{""print"": ""a company logo"", ""handle"": ""a handle with a rubber grip"", ""strap_color"": ""a black Velcro strap""}"
F0770,U0440,I0880,test,spectacles case,accessories,Found a card holder.,en,brief,ECE Block,False,12.899192,77.501382,2026-09-20 14:24,2026-09-20 16:00,True,,"a brown wallet on a desk, frayed at the edges","{""other_item"": ""a coin"", ""card_in_first_slot"": ""a metro card"", ""cash_range"": ""500 to 2000 rupees""}"
