lost_id,found_id,label,negative_type,lost_has_true_match,category_match,group_match,distance_m,time_diff_hours,lost_text,found_text,split
L0001,F0001,1,positive,True,True,True,0.0,17.53,"Lost my power bank, it is black.",dark grey power bank found,train
L0001,F0757,0,same_group_nearby,True,True,True,294.3,50.07,"Lost my power bank, it is black.",Found blue battery pack,train
L0001,F0141,0,same_group_nearby,True,False,True,0.0,47.18,"Lost my power bank, it is black.",Found a black Syska charger bank. It has matte rubber finish.,train
L0001,F0720,0,same_group_nearby,True,False,True,294.3,40.73,"Lost my power bank, it is black.",Found a silver notebook computer. Features: stickers on the top cover.,train
L0001,F0741,0,random,True,False,True,447.8,912.12,"Lost my power bank, it is black.",Found a black Dell laptop. Details: keyboard lights up.,train
L0001,F0072,0,random,True,False,True,0.0,562.15,"Lost my power bank, it is black.",Found a silver Ambrane charger bank. Features: thin power bank.,train
L0002,F0003,1,positive,True,True,True,134.5,13.4,Lost brown keys,Found a brown key bunch. Features: small padlock key.,test
L0002,F0002,0,twin_hard_negative,True,True,True,0.0,-1362.22,Lost brown keys,Found a keys.,test
L0002,F0770,0,same_group_nearby,True,False,True,155.6,24.48,Lost brown keys,Found a card holder.,test
L0002,F0098,0,random,True,False,False,481.7,292.92,Lost brown keys,"Found a maroon Nike sports bag. Features: a pocket on the side, reflective strip, two front zips. Kept safely with me.",test
L0002,F0259,0,random,True,False,True,328.0,174.55,Lost brown keys,"Found a pink umbrella. Details: bent rib, foldable umbrella, pattern on the border.",test
L0003,F0571,0,same_group_nearby,False,True,True,178.9,34.48,I lost my pink Tupperware water bottle. It has paint worn off in places.,rose flask found,train
L0003,F0340,0,random,False,False,False,531.5,-403.8,I lost my pink Tupperware water bottle. It has paint worn off in places.,"Found a brown Puma purse. It has metal logo, loosk like leather, zip coin pocket.",train
L0003,F0591,0,random,False,False,False,531.5,-890.02,I lost my pink Tupperware water bottle. It has paint worn off in places.,green rucksack found,train
L0004,F0004,1,positive,True,True,True,155.6,31.43,grey wallet lost,Found a grey purse. Features: zip coin pocket.,train
L0004,F0400,0,same_group_nearby,True,False,True,174.9,55.13,grey wallet lost,"Found a tan key bunch. Details: plastic tag, two-wheeler key with cover.",train
L0004,F0738,0,same_group_nearby,True,False,True,326.5,-71.83,grey wallet lost,Found a rose umbrella. Details: pattern on the border.,train
L0004,F0240,0,same_group_nearby,True,True,True,0.0,56.3,grey wallet lost,"Found a grey Woodland purse. It has metal logo, worn edges, zipper coin section.",train
L0004,F0065,0,random,True,False,False,452.8,288.13,grey wallet lost,Found a battery pack.,train
L0004,F0399,0,random,True,False,False,355.1,-717.25,grey wallet lost,"Found a red Camlin record book. Features: spiral notebook, coloured sticky notes sticking out.",train
L0005,F0005,1,positive,True,True,True,174.9,24.48,I lost my maroon backpack. It has white logo.,Found a maroon Nike rucksack. Features: logo in white on the front.,train
L0005,F0601,0,same_group_nearby,True,True,True,174.9,52.5,I lost my maroon backpack. It has white logo.,Foudn a gray backpack. Details: reflective strip.,train
L0005,F0421,0,same_group_nearby,True,False,True,174.9,33.83,I lost my maroon backpack. It has white logo.,Found a navy blue backpack. Details: reflective strip.,train
L0005,F0294,0,random,True,False,False,355.1,362.68,I lost my maroon backpack. It has white logo.,Found a green Redmi phone. Details: clear back cover.,train
L0005,F0422,0,random,True,True,True,197.2,-99.68,I lost my maroon backpack. It has white logo.,Found navy blue backpack,train
L0006,F0007,1,positive,True,True,True,134.2,54.82,"I lost my white Samsung charger. Details: fast charger, braided cable. Please contact me if found.",Found a white adapter with cable. Details: braided cable.,val
L0006,F0006,0,twin_hard_negative,True,True,True,150.0,840.4,"I lost my white Samsung charger. Details: fast charger, braided cable. Please contact me if found.",Found a white Samsung charger. Features: fast charging type.,val
L0006,F0756,0,random,True,False,False,271.7,218.85,"I lost my white Samsung charger. Details: fast charger, braided cable. Please contact me if found.","Found a maroon Fastrack wallet. Details: looks like leather, zipper coin section.",val
L0006,F0355,0,random,True,False,False,228.0,158.35,"I lost my white Samsung charger. Details: fast charger, braided cable. Please contact me if found.","Found a grey glasses case. Details: hard shell, cloth pouch type.",val
L0007,F0008,1,positive,True,True,True,0.0,1.85,"Kisi ko mila ho toh batao: lost my spectacles case, it is grey.",Found a specs box.,test
L0007,F0170,0,same_group_nearby,True,False,True,230.9,-4.08,"Kisi ko mila ho toh batao: lost my spectacles case, it is grey.",brown keys found,test
L0007,F0300,0,random,True,False,False,304.6,1738.65,"Kisi ko mila ho toh batao: lost my spectacles case, it is grey.",Found a white smartwatch. It has round dial.,test
L0007,F0373,0,random,True,False,False,389.5,308.03,"Kisi ko mila ho toh batao: lost my spectacles case, it is grey.","Found a blue notebook. Details: sticky notes inside, about two hundred pages, spiral notebook.",test
L0008,F0010,1,positive,True,True,True,269.3,0.87,"Lost my wallet, it is brown.",Found a brown wallet. Details: zipper coin section.,train
L0008,F0011,0,twin_hard_negative,True,False,True,178.9,1331.83,"Lost my wallet, it is brown.",Found a dark brown wallet. It has zipper coin section.,train
L0008,F0557,0,same_group_nearby,True,True,True,269.3,70.05,"Lost my wallet, it is brown.","Found a grey Woodland purse. Details: zipper coin section, worn edges, looks like leather. Kept safely with me.",train
L0008,F0120,0,same_group_nearby,True,False,True,126.5,36.87,"Lost my wallet, it is brown.",Found a red glasses case. Features: hard shell.,train
L0008,F0347,0,same_group_nearby,True,True,True,133.4,-8.3,"Lost my wallet, it is brown.",Found a grey Woodland card holder. It has zipper coin section.,train
L0008,F0457,0,random,True,False,False,277.8,1218.32,"Lost my wallet, it is brown.",Found silver smartphone,train
L0008,F0042,0,random,True,False,True,216.3,1285.63,"Lost my wallet, it is brown.",Found a brown Titan specs box. Details: hard case.,train
L0009,F0011,1,positive,True,False,True,0.0,20.62,"I lost my rbown wallet. Features: zip coin pocket, small metal logo.",Found a dark brown wallet. It has zipper coin section.,train
L0009,F0010,0,twin_hard_negative,True,True,True,447.8,-1310.35,"I lost my rbown wallet. Features: zip coin pocket, small metal logo.",Found a brown wallet. Details: zipper coin section.,train
L0009,F0242,0,same_group_nearby,True,True,True,294.3,-0.43,"I lost my rbown wallet. Features: zip coin pocket, small metal logo.",Found a maroon wallet. Details: metal logo.,train
L0009,F0491,0,same_group_nearby,True,False,True,447.8,12.28,"I lost my rbown wallet. Features: zip coin pocket, small metal logo.",silver key bunch found,train
L0009,F0190,0,same_group_nearby,True,True,True,0.0,-67.48,"I lost my rbown wallet. Features: zip coin pocket, small metal logo.","Found a grey purse. Details: zipper coin section, frayed at the edges, metal logo. Kept safely with me.",train
L0009,F0619,0,random,True,False,False,589.0,-446.0,"I lost my rbown wallet. Features: zip coin pocket, small metal logo.",Found a blue charger bank. It has thin power bank.,train
L0009,F0376,0,random,True,False,False,310.6,458.43,"I lost my rbown wallet. Features: zip coin pocket, small metal logo.",Foudn a blue Mi charger bank. Details: USB-C port.,train
L0010,F0012,1,positive,True,True,True,0.0,2.32,"I lost my grey Casio calculator. It has hard slide-on cover, solar strip on top, scientific type. Please contact me if found.",Found a silver-grey calculator. It has slide cover.,train
L0010,F0727,0,same_group_nearby,True,True,True,0.0,45.7,"I lost my grey Casio calculator. It has hard slide-on cover, solar strip on top, scientific type. Please contact me if found.","Found a blue Casio calculator. It has solar strip on top, scientific calculator, faded keys. Kept safely with me.",train
L0010,F0595,0,same_group_nearby,True,True,True,120.4,21.8,"I lost my grey Casio calculator. It has hard slide-on cover, solar strip on top, scientific type. Please contact me if found.",Found a calculator.,train
L0010,F0184,0,same_group_nearby,True,True,True,176.9,39.52,"I lost my grey Casio calculator. It has hard slide-on cover, solar strip on top, scientific type. Please contact me if found.",Found a blue Casio calculator. Features: some keys faded.,train
L0010,F0042,0,random,True,False,False,228.0,88.25,"I lost my grey Casio calculator. It has hard slide-on cover, solar strip on top, scientific type. Please contact me if found.",Found a brown Titan specs box. Details: hard case.,train
L0010,F0325,0,random,True,False,False,412.3,-600.58,"I lost my grey Casio calculator. It has hard slide-on cover, solar strip on top, scientific type. Please contact me if found.","Found a blue battery pack. Features: four indicator lights, type-C input. Kept safely with me.",train
L0011,F0013,1,positive,True,True,True,170.9,2.7,I lost my brown key bunch. Details: small padlock key.,brown keys found,train
L0011,F0480,0,same_group_nearby,True,False,True,174.9,18.02,I lost my brown key bunch. Details: small padlock key.,grey umbrella found,train
L0011,F0689,0,same_group_nearby,True,False,True,201.0,-21.7,I lost my brown key bunch. Details: small padlock key.,Found light pink umbrella,train
L0011,F0108,0,same_group_nearby,True,False,True,136.0,-66.2,I lost my brown key bunch. Details: small padlock key.,Found a red glasses case. Details: cloth pouch type.,train
L0011,F0734,0,random,True,False,False,500.0,-788.65,I lost my brown key bunch. Details: small padlock key.,Found a white AirPods charging case. Details: rubber cover.,train
L0011,F0459,0,random,True,False,False,136.0,-430.67,I lost my brown key bunch. Details: small padlock key.,Found a black Syska power bank. Details: matte rubber finish.,train
L0012,F0014,1,positive,True,True,True,186.8,3.73,I lost my black charger. Details: two-pin adapter.,"Ye mila hai, owner ko batao: found a black adapter with cable. It has two-pin plug, fast charging type.",train
L0012,F0015,0,twin_hard_negative,True,True,True,0.0,-710.52,I lost my black charger. Details: two-pin adapter.,Found a black adapter with cable. Details: long cable.,train
L0012,F0220,0,same_group_nearby,True,False,True,184.4,3.47,I lost my black charger. Details: two-pin adapter.,white fitness band found,train
L0012,F0161,0,same_group_nearby,True,False,True,184.4,32.27,I lost my black charger. Details: two-pin adapter.,Found a rose watch. It has square dial.,train
L0012,F0096,0,same_group_nearby,True,False,True,58.3,-0.68,I lost my black charger. Details: two-pin adapter.,"Found a green Motorola mobile. It has dual camera, transparent case. Kept safely with me.",train
L0012,F0419,0,random,True,False,True,282.8,-831.33,I lost my black charger. Details: two-pin adapter.,Found a laptop.,train
L0012,F0057,0,random,True,False,True,340.1,-1154.63,I lost my black charger. Details: two-pin adapter.,Found a black smartwatch. It has round dial.,train
L0013,F0015,1,positive,True,True,True,0.0,2.0,I lost my black Samsung charger. Details: about 1.5 m cable.,Found a black adapter with cable. Details: long cable.,train
L0013,F0014,0,twin_hard_negative,True,True,True,186.8,716.25,I lost my black Samsung charger. Details: about 1.5 m cable.,"Ye mila hai, owner ko batao: found a black adapter with cable. It has two-pin plug, fast charging type.",train
L0013,F0052,0,same_group_nearby,True,False,True,340.1,26.97,I lost my black Samsung charger. Details: about 1.5 m cable.,Found a white Fire-Boltt watch. Features: silicone strap.,train
L0013,F0420,0,same_group_nearby,True,False,True,247.0,-42.18,I lost my black Samsung charger. Details: about 1.5 m cable.,Found a light blue laptop. It has in a black laptop sleeve.,train
L0013,F0649,0,same_group_nearby,True,False,True,340.1,41.45,I lost my black Samsung charger. Details: about 1.5 m cable.,grey smartphone found,train
L0013,F0514,0,random,True,False,True,372.2,-96.75,I lost my black Samsung charger. Details: about 1.5 m cable.,Found a phone.,train
L0013,F0765,0,random,True,False,False,340.1,929.45,I lost my black Samsung charger. Details: about 1.5 m cable.,Found a red notebook. Features: spiral notebook.,train
L0014,F0017,1,positive,True,False,True,134.2,0.57,"Lost my keys, it is red.",red keychain found,train
L0014,F0018,0,twin_hard_negative,True,False,True,120.4,-96.42,"Lost my keys, it is red.",Found a key bunch.,train
L0014,F0340,0,same_group_nearby,True,True,True,120.4,5.55,"Lost my keys, it is red.","Found a brown Puma purse. It has metal logo, loosk like leather, zip coin pocket.",train
L0014,F0480,0,same_group_nearby,True,False,True,271.7,18.62,"Lost my keys, it is red.",grey umbrella found,train
L0014,F0647,0,same_group_nearby,True,False,True,164.0,20.82,"Lost my keys, it is red.",Found a glasses case.,train
L0014,F0642,0,random,True,False,False,134.2,167.97,"Lost my keys, it is red.",dark grey charger found,train
L0014,F0229,0,random,True,False,True,260.0,-457.5,"Lost my keys, it is red.",Found a brown key bunch. Features: small padlock key.,train
L0015,F0018,1,positive,True,True,True,58.3,0.88,"Mera i lost my red keys. It has small padlock key, bike key with a rubber cover. kho gaya hai.",Found a key bunch.,train
L0015,F0017,0,twin_hard_negative,True,True,True,308.1,97.87,"Mera i lost my red keys. It has small padlock key, bike key with a rubber cover. kho gaya hai.",red keychain found,train
L0015,F0618,0,same_group_nearby,True,False,True,304.6,-52.1,"Mera i lost my red keys. It has small padlock key, bike key with a rubber cover. kho gaya hai.",Found a grey umbrella. Details: bent rib.,train
L0015,F0108,0,same_group_nearby,True,False,True,337.3,31.7,"Mera i lost my red keys. It has small padlock key, bike key with a rubber cover. kho gaya hai.",Found a red glasses case. Details: cloth pouch type.,train
L0015,F0668,0,same_group_nearby,True,True,True,58.3,-63.6,"Mera i lost my red keys. It has small padlock key, bike key with a rubber cover. kho gaya hai.",Found a tan keychain. Details: tiny lock key.,train
L0015,F0464,0,random,True,False,False,510.4,-214.47,"Mera i lost my red keys. It has small padlock key, bike key with a rubber cover. kho gaya hai.",Found a black battery pack. Features: matte rubber finish.,train
L0015,F0545,0,random,True,False,False,230.2,-19.1,"Mera i lost my red keys. It has small padlock key, bike key with a rubber cover. kho gaya hai.","Ye mila hai, owner ko batao: found a white charger. Details: two-pin plug.",train
L0016,F0682,0,same_group_nearby,False,False,True,0.0,-35.3,blue spectacles case lost,"Found a silver-grey Hidesign purse. Details: small metal logo, zip coin pocket, worn edges.",val
L0016,F0573,0,random,False,False,False,237.7,1026.97,blue spectacles case lost,Found a adapter with cable.,val
L0016,F0089,0,random,False,False,False,67.1,-115.92,blue spectacles case lost,"Found a black Asus notebook computer. Details: backlit keyboard, sticker on the lid. Kept safely with me.",val
L0017,F0020,1,positive,True,False,True,0.0,62.65,"I lost my grey Acer notebook computer. It has sticker on the lid, keyboard lights up. Please contact me if found.",Found a grey Acer notebook computer. Features: keyboard lights up.,train
L0017,F0748,0,same_group_nearby,True,False,True,0.0,52.63,"I lost my grey Acer notebook computer. It has sticker on the lid, keyboard lights up. Please contact me if found.",Found pink earbuds case,train
L0017,F0442,0,same_group_nearby,True,False,True,645.4,-17.48,"I lost my grey Acer notebook computer. It has sticker on the lid, keyboard lights up. Please contact me if found.","Ye mila hai, owner ko batao: found a airpods case.",train
L0017,F0203,0,same_group_nearby,True,False,True,0.0,8.22,"I lost my grey Acer notebook computer. It has sticker on the lid, keyboard lights up. Please contact me if found.",Found a off-white airpods case. It has samll LED light.,train
L0017,F0707,0,random,True,False,False,519.2,-582.27,"I lost my grey Acer notebook computer. It has sticker on the lid, keyboard lights up. Please contact me if found.","Found a red Camlin notebook. It has spiral notebook, thick cover, about two hundred pages.",train
L0017,F0677,0,random,True,False,True,585.5,-114.72,"I lost my grey Acer notebook computer. It has sticker on the lid, keyboard lights up. Please contact me if found.",Mujhe mila hai: found black adapter with cable,train
L0018,F0022,1,positive,True,False,True,0.0,2.17,"I lost my silver Dell laptop. Details: in a black laptop sleeve, backlit keyboard. Please contact me if found.","Mujhe mila hai: found a silver Dell laptop. Features: in a black laptop sleeve, backlit keyboard.",train
L0018,F0021,0,twin_hard_negative,True,False,True,134.5,1752.27,"I lost my silver Dell laptop. Details: in a black laptop sleeve, backlit keyboard. Please contact me if found.",silver notebook computer found,train
L0018,F0247,0,same_group_nearby,True,False,True,269.3,-21.45,"I lost my silver Dell laptop. Details: in a black laptop sleeve, backlit keyboard. Please contact me if found.","Found a dark grey laptop. Details: keyboard lgihts up, fifteen inch display, black sleeve. Kept safely with me.",train
L0018,F0168,0,same_group_nearby,True,False,True,201.2,-26.63,"I lost my silver Dell laptop. Details: in a black laptop sleeve, backlit keyboard. Please contact me if found.",Found a pink boAt watch. It has rectangular screen.,train
L0018,F0314,0,same_group_nearby,True,False,True,277.8,-65.17,"I lost my silver Dell laptop. Details: in a black laptop sleeve, backlit keyboard. Please contact me if found.","Found a black Noise airpods case. Features: tiny indicator light, scratches on the lid.",train
L0018,F0140,0,random,True,False,True,269.3,124.37,"I lost my silver Dell laptop. Details: in a black laptop sleeve, backlit keyboard. Please contact me if found.","Ye mila hai, owner ko batao: found blakc battery pack",train
L0018,F0517,0,random,True,False,False,277.8,788.98,"I lost my silver Dell laptop. Details: in a black laptop sleeve, backlit keyboard. Please contact me if found.",Found green water bottle,train
L0019,F0024,1,positive,True,True,True,133.4,9.03,Lost pink fitness band,"Found a pink Apple Watch fitness band. Features: scratch on the glass, circular screen, square dial. Kept safely with me.",train
L0019,F0655,0,same_group_nearby,True,False,True,277.8,42.82,Lost pink fitness band,"Ye mila hai, owner ko batao: found a blue notebook computer. Features: in a black laptop sleeve.",train
L0019,F0719,0,same_group_nearby,True,True,True,260.0,34.18,Lost pink fitness band,Found a white phone. It has crack on the top corner.,train
L0019,F0375,0,same_group_nearby,True,False,True,133.4,18.4,Lost pink fitness band,green fitness band found,train
L0019,F0561,0,random,True,False,False,178.9,485.83,Lost pink fitness band,Found brown purse,train
L0019,F0356,0,random,True,False,True,155.2,1196.8,Lost pink fitness band,Mujhe mila hai: found a pink airpods case. Features: scuffed lid.,train
L0020,F0025,1,positive,True,False,True,0.0,3.33,I lost my blue purse. Features: worn edges.,Found a navy blue wallet. Details: metal logo.,train
L0020,F0499,0,same_group_nearby,True,False,True,0.0,44.77,I lost my blue purse. Features: worn edges.,maroon-ish red umbrella found,train
L0020,F0081,0,same_group_nearby,True,True,True,447.8,71.42,I lost my blue purse. Features: worn edges.,Found a grey purse. It has frayed at the edges.,train
L0020,F0710,0,same_group_nearby,True,False,True,223.6,-3.78,I lost my blue purse. Features: worn edges.,Found black specs box,train
L0020,F0743,0,random,True,False,False,404.5,-1123.9,I lost my blue purse. Features: worn edges.,Found a white adapter with cable. Features: braided cable.,train
L0020,F0159,0,random,True,True,True,412.3,-472.97,I lost my blue purse. Features: worn edges.,"Found a tan card holder. Features: zipper coin section, frayed at the edges, looks like leather.",train
L0021,F0026,1,positive,True,True,True,0.0,0.75,"I lost my orange notebook. It has spiral notebook, coloured sticky ontes sticking out.","Found a orange record book. It has sticky notes inside, spiral bound. Kept safely with me.",train
L0021,F0027,0,twin_hard_negative,True,True,True,0.0,466.25,"I lost my orange notebook. It has spiral notebook, coloured sticky ontes sticking out.",Fonud a dark yellow book. Features: sticky notes inside.,train
L0021,F0714,0,same_group_nearby,True,True,True,201.0,-66.67,"I lost my orange notebook. It has spiral notebook, coloured sticky ontes sticking out.","Found a red Navneet book. Details: about two hundred pages, spiral notebook. Kept safely with me.",train
L0021,F0268,0,same_group_nearby,True,True,True,148.7,-13.32,"I lost my orange notebook. It has spiral notebook, coloured sticky ontes sticking out.",blue notebook found,train
L0021,F0451,0,same_group_nearby,True,False,True,201.0,-69.22,"I lost my orange notebook. It has spiral notebook, coloured sticky ontes sticking out.",Mujhe mila hai: grey calculator found,train
L0021,F0697,0,random,True,False,True,201.0,1004.65,"I lost my orange notebook. It has spiral notebook, coloured sticky ontes sticking out.",Found a sky blue scientific calculator. Details: hard slide-on cover.,train
L0021,F0306,0,random,True,False,True,383.3,239.58,"I lost my orange notebook. It has spiral notebook, coloured sticky ontes sticking out.",Found grey scientific calculator,train
L0022,F0027,1,positive,True,True,True,0.0,13.4,"Kisi ko mila ho toh batao: i lost my orange book. It has coloured sticky notes sticking out, thick cover.",Fonud a dark yellow book. Features: sticky notes inside.,train
L0022,F0026,0,twin_hard_negative,True,True,True,0.0,-452.1,"Kisi ko mila ho toh batao: i lost my orange book. It has coloured sticky notes sticking out, thick cover.","Found a orange record book. It has sticky notes inside, spiral bound. Kept safely with me.",train
L0022,F0746,0,same_group_nearby,True,False,True,172.0,12.42,"Kisi ko mila ho toh batao: i lost my orange book. It has coloured sticky notes sticking out, thick cover.","Found a sky blue Casio scientific calculator. Features: slide cover, some keys faded.",train
L0022,F0644,0,same_group_nearby,True,True,True,148.7,40.5,"Kisi ko mila ho toh batao: i lost my orange book. It has coloured sticky notes sticking out, thick cover.",Found a red notebook. It has spiral notebook.,train
L0022,F0123,0,same_group_nearby,True,True,True,0.0,-0.77,"Kisi ko mila ho toh batao: i lost my orange book. It has coloured sticky notes sticking out, thick cover.",Found a grey calculator. It has hard slide-on cover.,train
L0022,F0435,0,random,True,False,False,449.4,395.83,"Kisi ko mila ho toh batao: i lost my orange book. It has coloured sticky notes sticking out, thick cover.","Found a navy blue Lifelong umbrella. It has printed edges, one bent rib. Kept safely with me.",train
L0022,F0104,0,random,True,False,False,172.0,-605.65,"Kisi ko mila ho toh batao: i lost my orange book. It has coloured sticky notes sticking out, thick cover.","Found a green bottle. Features: 1 litre size, paint worn off in places, flip-top lid.",train
L0023,F0028,1,positive,True,True,True,58.3,3.28,"I lost my blakc Noise charging case. Features: tiny indicator light, scuffed lid.",black charging case foudn,train
L0023,F0501,0,same_group_nearby,True,True,True,0.0,24.83,"I lost my blakc Noise charging case. Features: tiny indicator light, scuffed lid.","Ye mila hai, owner ko batao: found a earbuds case.",train
L0023,F0216,0,same_group_nearby,True,False,True,58.3,-15.5,"I lost my blakc Noise charging case. Features: tiny indicator light, scuffed lid.","Ye mila hai, owner ko batao: found a black charger bank. Details: thin power bank.",train
L0023,F0245,0,same_group_nearby,True,False,True,58.3,-1.2,"I lost my blakc Noise charging case. Features: tiny indicator light, scuffed lid.",grey notebook computer found,train
L0023,F0317,0,random,True,False,True,120.4,-211.37,"I lost my blakc Noise charging case. Features: tiny indicator light, scuffed lid.","Found a white Apple charger. Features: about 1.5 m cable, fast charger.",train
L0023,F0319,0,random,True,False,False,370.5,-1017.43,"I lost my blakc Noise charging case. Features: tiny indicator light, scuffed lid.","Found a brown Hidesign wallet. It has worn edges, small metal logo, zipper coin section. Kept safely with me.",train
L0024,F0030,1,positive,True,True,True,176.9,5.18,"I lost my blue Dell laptop. Features: stickers on the top cover, fifteen inch display. Please contact me if found.","Ye mila hai, owner ko batao: found a blue laptop. Details: sticker on the lid, 15 inch screen.",train
L0024,F0029,0,twin_hard_negative,True,False,True,0.0,-25.25,"I lost my blue Dell laptop. Features: stickers on the top cover, fifteen inch display. Please contact me if found.",Found light blue laptop,train
L0024,F0635,0,same_group_nearby,True,True,True,206.2,-52.95,"I lost my blue Dell laptop. Features: stickers on the top cover, fifteen inch display. Please contact me if found.",Found white earbuds case,train
L0024,F0126,0,same_group_nearby,True,True,True,172.0,15.2,"I lost my blue Dell laptop. Features: stickers on the top cover, fifteen inch display. Please contact me if found.","Found a blue Dell notebook computer. Details: backlit keyboard, 15 inch screen. Kept safely with me.",train
L0024,F0261,0,same_group_nearby,True,False,True,0.0,-65.22,"I lost my blue Dell laptop. Features: stickers on the top cover, fifteen inch display. Please contact me if found.",Found a silver notebook computer. Features: keyboard lights up.,train
L0024,F0116,0,random,True,True,True,527.7,652.0,"I lost my blue Dell laptop. Features: stickers on the top cover, fifteen inch display. Please contact me if found.","Found a grey Lenovo notebook computer. It has backlit keyboard, black sleeve, fifteen inch display.",train
L0024,F0216,0,random,True,False,True,176.9,493.38,"I lost my blue Dell laptop. Features: stickers on the top cover, fifteen inch display. Please contact me if found.","Ye mila hai, owner ko batao: found a black charger bank. Details: thin power bank.",train
L0025,F0099,0,random,False,False,False,645.4,-87.57,Lost blue notebook,Found a red backpack. It has logo in white on the front.,test
L0025,F0111,0,random,False,False,False,632.5,193.92,Lost blue notebook,Found a olive green Apple Watch fitness band. Details: scratch on the glass.,test
L0026,F0031,1,positive,True,True,True,0.0,10.68,"I lost my black Realme charger. Details: cloth braided cable, fast charger, long cable. Please contact me if found.","Found a black Realme adapter with cable. Features: cloth braided cable, fast charger, long cable.",val
L0026,F0641,0,same_group_nearby,True,False,True,186.8,-52.27,"I lost my black Realme charger. Details: cloth braided cable, fast charger, long cable. Please contact me if found.",Found a phone.,val
L0026,F0640,0,same_group_nearby,True,False,True,186.8,-42.48,"I lost my black Realme charger. Details: cloth braided cable, fast charger, long cable. Please contact me if found.",Found a blue smartphone. It has crack on the top corner.,val
L0026,F0530,0,same_group_nearby,True,True,True,201.0,1.38,"I lost my black Realme charger. Details: cloth braided cable, fast charger, long cable. Please contact me if found.","Foudn a white Realme adapter with cable. It has two-pin adapter, cloth braided cable, fast charging type.",val
L0026,F0223,0,random,True,False,False,449.4,365.5,"I lost my black Realme charger. Details: cloth braided cable, fast charger, long cable. Please contact me if found.",Found a black umbrella. It has one bent rib.,val
L0026,F0558,0,random,True,False,False,172.0,-1271.83,"I lost my black Realme charger. Details: cloth braided cable, fast charger, long cable. Please contact me if found.",Found blue umbrelal,val
L0027,F0032,0,twin_hard_negative,False,True,True,126.5,-807.8,blue notebook lost,Found a sky blue book. Features: about two hundred pages.,train
L0027,F0372,0,same_group_nearby,False,False,True,134.2,7.42,blue notebook lost,Found a blue Casio scientific calculator. It has some keys faded.,train
L0027,F0371,0,same_group_nearby,False,False,True,250.0,13.38,blue notebook lost,Found a blue Casio scientific calculator. Features: solar strip on top.,train
L0027,F0543,0,same_group_nearby,False,True,True,134.2,-58.55,blue notebook lost,Found a red Camlin notebook. It has hard cover.,train
L0027,F0513,0,random,False,False,False,328.0,-246.15,blue notebook lost,"Found a white watch. Features: scratch on the glass, silicone strap, rectangular screen. Kept safely with me.",train
L0027,F0521,0,random,False,False,False,174.9,-777.08,blue notebook lost,Found a blue Fire-Boltt watch. Features: silicone strap.,train
L0028,F0032,1,positive,True,True,True,0.0,84.87,"I lost my blue Navneet notebook. Features: about two hundred pages, htick cover.",Found a sky blue book. Features: about two hundred pages.,train
L0028,F0319,0,random,True,False,False,349.9,-367.38,"I lost my blue Navneet notebook. Features: about two hundred pages, htick cover.","Found a brown Hidesign wallet. It has worn edges, small metal logo, zipper coin section. Kept safely with me.",train
L0028,F0588,0,random,True,False,False,0.0,-181.8,"I lost my blue Navneet notebook. Features: about two hundred pages, htick cover.","Found a blue Decathlon bottle. Features: one litre bottle, stainless steel, scratched paint. Kept safely with me.",train
L0029,F0033,1,positive,True,True,True,174.9,-1.2,"I lost my light blue Citizen calculator. Details: slide cover, scientific calculator.","Found a blue Citizen calculator. It has hard slide-on cover, scientific type. Kept safely with me.",test
L0029,F0227,0,same_group_nearby,True,False,True,328.0,33.37,"I lost my light blue Citizen calculator. Details: slide cover, scientific calculator.",light blue record book found,test
L0029,F0174,0,random,True,False,False,461.0,-660.43,"I lost my light blue Citizen calculator. Details: slide cover, scientific calculator.",Found a black adapter with cable. Features: two-pin adapter.,test
L0029,F0060,0,random,True,False,False,250.0,-234.08,"I lost my light blue Citizen calculator. Details: slide cover, scientific calculator.","Found a navy blue American Tourister sports bag. Details: white logo, two front zips.",test
L0030,F0035,1,positive,True,True,True,0.0,5.67,I lost my grey Wildcraft wallet. It has zip coin pocket.,Found a grey purse. It has zip coin pocket.,train
L0030,F0643,0,same_group_nearby,True,False,True,0.0,-17.45,I lost my grey Wildcraft wallet. It has zip coin pocket.,Found a black keys. It has bike key with a rubber cover.,train
L0030,F0599,0,same_group_nearby,True,False,True,228.0,-49.35,I lost my grey Wildcraft wallet. It has zip coin pocket.,Found a black spectacle case. Features: small logo.,train
L0030,F0025,0,same_group_nearby,True,False,True,263.1,65.62,I lost my grey Wildcraft wallet. It has zip coin pocket.,Found a navy blue wallet. Details: metal logo.,train
L0030,F0496,0,random,True,False,False,237.7,-1118.12,I lost my grey Wildcraft wallet. It has zip coin pocket.,"Ye mila hai, owner ko batao: blue notebook computer found",train
L0030,F0323,0,random,True,False,True,304.1,-1295.4,I lost my grey Wildcraft wallet. It has zip coin pocket.,Found a dark Fastrack umbrella. Features: folding type.,train
L0031,F0037,1,positive,True,True,True,178.9,23.12,"I lost my dark green notebook. Details: spiral notebook, htick cover.",Found a dark green book. Details: spiral bound.,train
L0031,F0727,0,same_group_nearby,True,False,True,260.0,68.65,"I lost my dark green notebook. Details: spiral notebook, htick cover.","Found a blue Casio calculator. It has solar strip on top, scientific calculator, faded keys. Kept safely with me.",train
L0031,F0702,0,same_group_nearby,True,True,True,277.8,40.42,"I lost my dark green notebook. Details: spiral notebook, htick cover.","Found a red book. Features: spiral bound, sticky notes inside, thick cover.",train
L0031,F0012,0,same_group_nearby,True,False,True,260.0,25.27,"I lost my dark green notebook. Details: spiral notebook, htick cover.",Found a silver-grey calculator. It has slide cover.,train
L0031,F0249,0,random,True,False,False,372.2,232.77,"I lost my dark green notebook. Details: spiral notebook, htick cover.","Found a pink AirPods charging case. Features: small LED light, lanyard hook, scratches on the lid.",train
L0031,F0240,0,random,True,False,False,133.4,-403.48,"I lost my dark green notebook. Details: spiral notebook, htick cover.","Found a grey Woodland purse. It has metal logo, worn edges, zipper coin section.",train
L0032,F0032,0,same_group_nearby,False,False,True,133.4,13.38,"I lost my black Citizen calculator. It has faded keys, hard slide-on cover, solar panel.",Found a sky blue book. Features: about two hundred pages.,train
L0032,F0691,0,same_group_nearby,False,True,True,326.5,8.9,"I lost my black Citizen calculator. It has faded keys, hard slide-on cover, solar panel.","Found a grey scientific calculator. Details: scientific type, faded keys.",train
L0032,F0162,0,random,False,False,False,202.5,1186.88,"I lost my black Citizen calculator. It has faded keys, hard slide-on cover, solar panel.",black small case found,train
L0032,F0591,0,random,False,False,False,355.1,-93.17,"I lost my black Citizen calculator. It has faded keys, hard slide-on cover, solar panel.",green rucksack found,train
L0033,F0038,1,positive,True,True,True,174.9,10.12,"I lost my blue Apple Watch smartwatch. Features: scratch on the glass, round dial. Please contact me if found.",Found a blue fitness band. Features: round dial.,train
L0033,F0545,0,same_group_nearby,True,False,True,191.0,-39.53,"I lost my blue Apple Watch smartwatch. Features: scratch on the glass, round dial. Please contact me if found.","Ye mila hai, owner ko batao: found a white charger. Details: two-pin plug.",train
L0033,F0374,0,same_group_nearby,True,True,True,191.0,36.23,"I lost my blue Apple Watch smartwatch. Features: scratch on the glass, round dial. Please contact me if found.",Found black fitness band,train
L0033,F0299,0,same_group_nearby,True,False,True,284.3,12.7,"I lost my blue Apple Watch smartwatch. Features: scratch on the glass, round dial. Please contact me if found.",Found a black smartphone. Features: two cameras at the back.,train
L0033,F0572,0,random,True,False,False,0.0,427.87,"I lost my blue Apple Watch smartwatch. Features: scratch on the glass, round dial. Please contact me if found.",Found a dark key bunch. It has tiny lock key.,train
L0033,F0625,0,random,True,False,False,308.1,434.32,"I lost my blue Apple Watch smartwatch. Features: scratch on the glass, round dial. Please contact me if found.","Found a metallic Borosil water bottle. Details: one litre bottle, flip cap.",train
L0034,F0039,1,positive,True,True,True,134.5,17.63,red record book lost,Found red notebook,test
L0034,F0540,0,same_group_nearby,True,True,True,0.0,-40.35,red record book lost,red record book found,test
L0034,F0345,0,random,True,False,False,134.5,-530.72,red record book lost,"Found a navy blue Lifelong umbrella. It has one bent rib, foldable umbrella.",test
L0034,F0415,0,random,True,False,False,602.1,-99.82,red record book lost,Found a grey card holder. Features: metal logo.,test
L0035,F0041,1,positive,True,True,True,223.6,1.08,"Lost my phone, it is blue.",Found a light blue iPhone phone. It has dual camera.,train
L0035,F0040,0,twin_hard_negative,True,True,True,0.0,-96.15,"Lost my phone, it is blue.",Found a mobile.,train
L0035,F0154,0,same_group_nearby,True,False,True,0.0,63.9,"Lost my phone, it is blue.",Found white adapter with cable,train
L0035,F0070,0,same_group_nearby,True,False,True,223.6,0.88,"Lost my phone, it is blue.",Found a fitness band.,train
L0035,F0747,0,same_group_nearby,True,True,True,223.6,-41.18,"Lost my phone, it is blue.","Ye mila hai, owner ko batao: found a black smartphone. Features: cracked screen corner.",train
L0035,F0046,0,random,True,False,False,585.5,81.98,"Lost my phone, it is blue.","Found a light blue Casio calculator. Details: some keys faded, solar panel.",train
L0035,F0140,0,random,True,False,True,516.2,-1539.77,"Lost my phone, it is blue.","Ye mila hai, owner ko batao: found blakc battery pack",train
L0036,F0042,1,positive,True,True,True,170.9,16.38,I lost my brown Titan spectacles case. Features: hard case.,Found a brown Titan specs box. Details: hard case.,train
L0036,F0351,0,same_group_nearby,True,True,True,134.2,54.1,I lost my brown Titan spectacles case. Features: hard case.,brown specs box found,train
L0036,F0264,0,same_group_nearby,True,False,True,0.0,-45.12,I lost my brown Titan spectacles case. Features: hard case.,Found a wallet.,train
L0036,F0359,0,same_group_nearby,True,False,True,136.0,47.83,I lost my brown Titan spectacles case. Features: hard case.,Found a pink umbrella. Details: foldable umbrella.,train
L0036,F0100,0,random,True,False,False,308.1,-517.85,I lost my brown Titan spectacles case. Features: hard case.,Found a pink bottle. It has stainless steel.,train
L0036,F0293,0,random,True,False,False,170.9,384.82,I lost my brown Titan spectacles case. Features: hard case.,Found a dark yellow Camlin record book. Features: thick cover.,train
L0037,F0043,1,positive,True,True,True,134.5,12.05,"I lost my black Dell charger. Features: about 1.5 m cable, fast charging type, braided cable.",Found a black charger. Details: fast charger.,test
L0037,F0192,0,same_group_nearby,True,True,True,148.7,49.92,"I lost my black Dell charger. Features: about 1.5 m cable, fast charging type, braided cable.",Found a white Samsung charger. Details: two-pin plug.,test
L0037,F0540,0,random,True,False,False,383.3,-472.7,"I lost my black Dell charger. Features: about 1.5 m cable, fast charging type, braided cable.",red record book found,test
L0037,F0259,0,random,True,False,False,201.0,580.6,"I lost my black Dell charger. Features: about 1.5 m cable, fast charging type, braided cable.","Found a pink umbrella. Details: bent rib, foldable umbrella, pattern on the border.",test
L0038,F0044,1,positive,True,True,True,0.0,3.9,"Lost my sports bag, it is grey.",Found a gray Skybags sports bag. It has slightly torn near the strap.,train
L0038,F0601,0,same_group_nearby,True,True,True,170.9,-63.22,"Lost my sports bag, it is grey.",Foudn a gray backpack. Details: reflective strip.,train
L0038,F0764,0,same_group_nearby,True,True,True,216.3,0.82,"Lost my sports bag, it is grey.",Found a silver-grey bag. It has slightyl torn near the strap.,train
L0038,F0245,0,random,True,False,False,389.5,359.33,"Lost my sports bag, it is grey.",grey notebook computer found,train
L0038,F0190,0,random,True,False,False,263.1,431.68,"Lost my sports bag, it is grey.","Found a grey purse. Details: zipper coin section, frayed at the edges, metal logo. Kept safely with me.",train
L0039,F0045,1,positive,True,True,True,0.0,32.67,I lost my blue calculator. Features: scientific calculator.,"Found a blue calculator. It has slide cover, scientific type, solar strip on top. Kept safely with me.",train
L0039,F0046,0,twin_hard_negative,True,True,True,0.0,131.05,I lost my blue calculator. Features: scientific calculator.,"Found a light blue Casio calculator. Details: some keys faded, solar panel.",train
L0039,F0504,0,same_group_nearby,True,True,True,349.9,-43.75,I lost my blue calculator. Features: scientific calculator.,Found a sky blue Casio scientific calculator. It has scientific type.,train
L0039,F0401,0,same_group_nearby,True,True,True,286.4,-40.85,I lost my blue calculator. Features: scientific calculator.,"Found a blue Citizen scientific calculator. Features: scientific calculator, some keys faded. Kept safely with me.",train
L0039,F0293,0,same_group_nearby,True,False,True,134.2,-0.33,I lost my blue calculator. Features: scientific calculator.,Found a dark yellow Camlin record book. Features: thick cover.,train
L0039,F0066,0,random,True,False,False,585.5,-1209.32,I lost my blue calculator. Features: scientific calculator.,Found green rucksack,train
L0039,F0476,0,random,True,False,False,449.4,-1468.37,I lost my blue calculator. Features: scientific calculator.,Mujhe mila hai: found a orange water bottle. It has flip cap.,train
L0040,F0046,1,positive,True,True,True,134.2,41.52,"I lost my blue calculator. Features: faded keys, solar strip on top.","Found a light blue Casio calculator. Details: some keys faded, solar panel.",train
L0040,F0045,0,twin_hard_negative,True,True,True,134.2,-56.87,"I lost my blue calculator. Features: faded keys, solar strip on top.","Found a blue calculator. It has slide cover, scientific type, solar strip on top. Kept safely with me.",train
L0040,F0765,0,same_group_nearby,True,False,True,0.0,-0.02,"I lost my blue calculator. Features: faded keys, solar strip on top.",Found a red notebook. Features: spiral notebook.,train
L0040,F0292,0,same_group_nearby,True,False,True,0.0,24.9,"I lost my blue calculator. Features: faded keys, solar strip on top.","Found a orange book. Features: sticky notes inside, 200 pages.",train
L0040,F0602,0,same_group_nearby,True,True,True,170.9,-17.77,"I lost my blue calculator. Features: faded keys, solar strip on top.",grey calculator ofund,train
L0040,F0074,0,random,True,False,False,134.2,-667.48,"I lost my blue calculator. Features: faded keys, solar strip on top.",Found blue small case,train
L0040,F0393,0,random,True,False,False,216.3,-799.95,"I lost my blue calculator. Features: faded keys, solar strip on top.",Found a water bottle.,train
L0041,F0725,0,same_group_nearby,False,False,True,201.2,32.85,I lost my blakc spectacles case. Details: hard case.,Found a dark Puma wallet. Features: zip coin pocket.,train
L0041,F0744,0,same_group_nearby,False,False,True,280.0,30.13,I lost my blakc spectacles case. Details: hard case.,Found a black keys. It has small padlock key.,train
L0041,F0532,0,same_group_nearby,False,False,True,134.5,-49.3,I lost my blakc spectacles case. Details: hard case.,"Ye mila hai, owner ko batao: found a brown key bunch. It has steel ring, plastic tag.",train
L0041,F0129,0,random,False,False,False,155.6,316.48,I lost my blakc spectacles case. Details: hard case.,"Found a maroon Puma backpack. Features: double zip on the front, a pocket on the side, reflective strip. Kept safely with me.",train
L0041,F0392,0,random,False,False,False,269.3,809.13,I lost my blakc spectacles case. Details: hard case.,Found a green Apple Watch watch. Features: rectangular screen.,train
L0042,F0048,1,positive,True,True,True,58.3,1.52,"Mera i lost my tan spectacle case. Details: tiny logo on the front, hard case. Please contact me if found. kho gaya hai.",Found brown specs box,train
L0042,F0047,0,twin_hard_negative,True,True,True,230.9,220.85,"Mera i lost my tan spectacle case. Details: tiny logo on the front, hard case. Please contact me if found. kho gaya hai.","Ye mila hai, owner ko batao: found a brown spectacle case. It has soft pouch.",train
L0042,F0483,0,same_group_nearby,True,False,True,337.3,8.23,"Mera i lost my tan spectacle case. Details: tiny logo on the front, hard case. Please contact me if found. kho gaya hai.",brown card holder found,train
L0042,F0582,0,same_group_nearby,True,True,True,308.1,43.5,"Mera i lost my tan spectacle case. Details: tiny logo on the front, hard case. Please contact me if found. kho gaya hai.","Found a brown Lenskart glasess case. Features: hard shell, zip closure, tiny logo on the front.",train
L0042,F0322,0,same_group_nearby,True,False,True,176.9,44.23,"Mera i lost my tan spectacle case. Details: tiny logo on the front, hard case. Please contact me if found. kho gaya hai.",Found a silver key bunch. Details: bike key with a rubber cover.,train
L0042,F0075,0,random,True,False,False,406.1,24.62,"Mera i lost my tan spectacle case. Details: tiny logo on the front, hard case. Please contact me if found. kho gaya hai.",Found a pink watch. Features: square dial.,train
L0042,F0328,0,random,True,True,True,308.1,1267.53,"Mera i lost my tan spectacle case. Details: tiny logo on the front, hard case. Please contact me if found. kho gaya hai.",tan spectacle case found,train
L0043,F0049,1,positive,True,False,True,0.0,0.88,I lost my red backpack. Features: erflective strip on the straps.,red sports bag found,train
L0043,F0580,0,same_group_nearby,True,False,True,352.3,-1.57,I lost my red backpack. Features: erflective strip on the straps.,Found red rucksack,train
L0043,F0247,0,random,True,False,False,237.7,-988.12,I lost my red backpack. Features: erflective strip on the straps.,"Found a dark grey laptop. Details: keyboard lgihts up, fifteen inch display, black sleeve. Kept safely with me.",train
L0043,F0160,0,random,True,False,False,481.7,-14.77,I lost my red backpack. Features: erflective strip on the straps.,Found a sky blue MacBook notebook computer. It has fifteen inch display.,train
L0044,F0050,1,positive,True,True,True,72.8,-0.48,"I lost my silver-grey Acer laptop. Details: keyboard lights up, in a black laptop sleeve, 15 inch screen.",Found a grey notebook computer. It has backlit keyboard.,train
L0044,F0741,0,same_group_nearby,True,True,True,197.2,-64.95,"I lost my silver-grey Acer laptop. Details: keyboard lights up, in a black laptop sleeve, 15 inch screen.",Found a black Dell laptop. Details: keyboard lights up.,train
L0044,F0282,0,same_group_nearby,True,False,True,174.9,-65.73,"I lost my silver-grey Acer laptop. Details: keyboard lights up, in a black laptop sleeve, 15 inch screen.","Found a black Noise watch. Features: circular screen, silicone strap, scratch on the glass.",train
L0044,F0274,0,same_group_nearby,True,False,True,294.3,-4.82,"I lost my silver-grey Acer laptop. Details: keyboard lights up, in a black laptop sleeve, 15 inch screen.",Found a pink Realme airpods case. It has lanyard hook.,train
L0044,F0571,0,random,True,False,False,133.4,279.62,"I lost my silver-grey Acer laptop. Details: keyboard lights up, in a black laptop sleeve, 15 inch screen.",rose flask found,train
L0044,F0610,0,random,True,False,False,294.3,-399.25,"I lost my silver-grey Acer laptop. Details: keyboard lights up, in a black laptop sleeve, 15 inch screen.",Found a purse.,train
L0045,F0051,1,positive,True,True,True,134.2,2.52,"I lost my whiet Fire-Boltt watch. Details: circular screen, glass slightly scratched, square dial.",Found off-white watch,train
L0045,F0052,0,twin_hard_negative,True,True,True,134.2,3.37,"I lost my whiet Fire-Boltt watch. Details: circular screen, glass slightly scratched, square dial.",Found a white Fire-Boltt watch. Features: silicone strap.,train
L0045,F0019,0,same_group_nearby,True,False,True,134.2,18.7,"I lost my whiet Fire-Boltt watch. Details: circular screen, glass slightly scratched, square dial.",Found a pink OnePlus charging case. It has lanyard hook.,train
L0045,F0349,0,same_group_nearby,True,False,True,0.0,31.95,"I lost my whiet Fire-Boltt watch. Details: circular screen, glass slightly scratched, square dial.",Found a black adapter with cable. Features: braided cable.,train
L0045,F0605,0,same_group_nearby,True,True,True,440.1,-66.35,"I lost my whiet Fire-Boltt watch. Details: circular screen, glass slightly scratched, square dial.",Found a white smartwatch. Features: glass slightly scratched.,train
L0045,F0720,0,random,True,False,True,452.8,-628.67,"I lost my whiet Fire-Boltt watch. Details: circular screen, glass slightly scratched, square dial.",Found a silver notebook computer. Features: stickers on the top cover.,train
L0045,F0079,0,random,True,False,True,585.5,240.58,"I lost my whiet Fire-Boltt watch. Details: circular screen, glass slightly scratched, square dial.","Found a white Syska battery pack. Details: type-C input, matte rubber finish.",train
L0046,F0052,1,positive,True,True,True,134.2,2.05,"I lost my white Fire-Boltt smartwatch. Features: scratch on the glass, silicone strap. Please contact me if found.",Found a white Fire-Boltt watch. Features: silicone strap.,train
L0046,F0051,0,twin_hard_negative,True,True,True,134.2,1.2,"I lost my white Fire-Boltt smartwatch. Features: scratch on the glass, silicone strap. Please contact me if found.",Found off-white watch,train
L0046,F0545,0,same_group_nearby,True,False,True,440.1,25.73,"I lost my white Fire-Boltt smartwatch. Features: scratch on the glass, silicone strap. Please contact me if found.","Ye mila hai, owner ko batao: found a white charger. Details: two-pin plug.",train
L0046,F0349,0,same_group_nearby,True,False,True,0.0,30.63,"I lost my white Fire-Boltt smartwatch. Features: scratch on the glass, silicone strap. Please contact me if found.",Found a black adapter with cable. Features: braided cable.,train
L0046,F0649,0,same_group_nearby,True,False,True,134.2,16.53,"I lost my white Fire-Boltt smartwatch. Features: scratch on the glass, silicone strap. Please contact me if found.",grey smartphone found,train
L0046,F0325,0,random,True,False,True,380.5,-242.58,"I lost my white Fire-Boltt smartwatch. Features: scratch on the glass, silicone strap. Please contact me if found.","Found a blue battery pack. Features: four indicator lights, type-C input. Kept safely with me.",train
L0046,F0361,0,random,True,False,False,440.1,31.57,"I lost my white Fire-Boltt smartwatch. Features: scratch on the glass, silicone strap. Please contact me if found.","Mujhe mila hai: found a blue Casio calculator. It has some keys faded, solar strip on top.",train
L0047,F0053,1,positive,True,False,True,176.9,3.45,grey wallet lost,"Found a grey Woodland purse. It has frayed at the edges, small metal logo, zipper coin section.",train
L0047,F0637,0,same_group_nearby,True,False,True,176.9,-24.58,grey wallet lost,Found a olive green umbrella. Details: bent rib.,train
L0047,F0575,0,same_group_nearby,True,False,True,0.0,-37.72,grey wallet lost,Fonud a brown Fastrack wallet. Details: metal logo.,train
L0047,F0360,0,same_group_nearby,True,False,True,337.3,-64.97,grey wallet lost,Found a umbrella.,train
L0047,F0148,0,random,True,True,True,611.9,545.93,grey wallet lost,"Ye mila hai, owner ko batao: found dark brown keys",train
L0047,F0258,0,random,True,False,False,589.0,-349.67,grey wallet lost,"Ye mila hai, owner ko batao: metallic Redmi smartphone found",train
L0048,F0018,0,same_group_nearby,False,False,True,0.0,25.4,I lost my grey aFstrack wallet. Details: leather finish.,Found a key bunch.,train
L0048,F0108,0,same_group_nearby,False,False,True,282.8,56.22,I lost my grey aFstrack wallet. Details: leather finish.,Found a red glasses case. Details: cloth pouch type.,train
L0048,F0034,0,same_group_nearby,False,False,True,0.0,37.93,I lost my grey aFstrack wallet. Details: leather finish.,Found brown specs box,train
L0048,F0703,0,random,False,False,False,570.1,650.77,I lost my grey aFstrack wallet. Details: leather finish.,Found a balck Citizen scientific calculator. It has hard slide-on cover.,train
L0048,F0679,0,random,False,False,False,282.8,893.37,I lost my grey aFstrack wallet. Details: leather finish.,"Found a black adapter with cable. Features: long cable, cloth braided cable, fast charging type.",train
L0049,F0054,1,positive,True,True,True,0.0,35.58,"I lost my blue spectacles case. Details: soft pouch, tiny logo on the front, zippered.","Found a blue spectacle case. Features: zippered, cloth pouch type, tiny logo on the front.",train
L0049,F0107,0,same_group_nearby,True,True,True,0.0,-3.15,"I lost my blue spectacles case. Details: soft pouch, tiny logo on the front, zippered.",Found a red glasses case. It has zippered.,train
L0049,F0081,0,same_group_nearby,True,False,True,280.2,38.58,"I lost my blue spectacles case. Details: soft pouch, tiny logo on the front, zippered.",Found a grey purse. It has frayed at the edges.,train
L0049,F0587,0,same_group_nearby,True,False,True,280.2,-6.08,"I lost my blue spectacles case. Details: soft pouch, tiny logo on the front, zippered.",Found balck key bunch,train
L0049,F0050,0,random,True,False,False,201.2,-608.58,"I lost my blue spectacles case. Details: soft pouch, tiny logo on the front, zippered.",Found a grey notebook computer. It has backlit keyboard.,train
L0049,F0483,0,random,True,False,True,201.2,-1456.25,"I lost my blue spectacles case. Details: soft pouch, tiny logo on the front, zippered.",brown card holder found,train
L0050,F0056,1,positive,True,True,True,123.7,63.55,"I lost my grey Popy umbrella. It has one bent rib, foldable umbrella. Please contact me if found.",Found a grey Popy umbrella. Features: bent rib.,val
L0050,F0512,0,same_group_nearby,True,False,True,150.0,23.0,"I lost my grey Popy umbrella. It has one bent rib, foldable umbrella. Please contact me if found.",Found a card holder.,val
L0050,F0132,0,random,True,False,True,400.0,401.57,"I lost my grey Popy umbrella. It has one bent rib, foldable umbrella. Please contact me if found.","Found a silver keychain. It has steel ring, two-wheeler key with cover, plastic tag.",val
L0050,F0165,0,random,True,False,False,247.0,73.95,"I lost my grey Popy umbrella. It has one bent rib, foldable umbrella. Please contact me if found.",Found black charger,val
L0051,F0056,0,twin_hard_negative,False,True,True,174.9,-655.42,"I lost my grey Popy umbrella. It has pattern on the border, one bent rib.",Found a grey Popy umbrella. Features: bent rib.,val
L0051,F0222,0,same_group_nearby,False,False,True,0.0,-17.23,"I lost my grey Popy umbrella. It has pattern on the border, one bent rib.","Found a dark brown spetcacle case. It has small logo, soft pouch.",val
L0051,F0223,0,same_group_nearby,False,True,True,284.3,-39.58,"I lost my grey Popy umbrella. It has pattern on the border, one bent rib.",Found a black umbrella. It has one bent rib.,val
L0051,F0272,0,random,False,False,False,282.8,-322.07,"I lost my grey Popy umbrella. It has pattern on the border, one bent rib.",Found a white Samsung phone. Details: clear back cover.,val
L0051,F0210,0,random,False,False,False,461.0,-373.57,"I lost my grey Popy umbrella. It has pattern on the border, one bent rib.",white Ambrane charger bank found,val
L0052,F0057,1,positive,True,True,True,134.2,18.52,I lost my black boAt smartwatch. It has scratch on the glass.,Found a black smartwatch. It has round dial.,train
L0052,F0390,0,same_group_nearby,True,False,True,0.0,-66.78,I lost my black boAt smartwatch. It has scratch on the glass.,"Found a maroon-ish red Motorola smartphone. It has pop socket on the back, clear back cover. Kept safely with me.",train
L0052,F0333,0,same_group_nearby,True,False,True,349.9,-46.88,I lost my black boAt smartwatch. It has scratch on the glass.,Found a silver battery pack. It has type-C input.,train
L0052,F0408,0,same_group_nearby,True,False,True,286.4,-40.0,I lost my black boAt smartwatch. It has scratch on the glass.,Found a black HP laptop. Details: backlit keyboard.,train
L0052,F0156,0,random,True,False,True,350.0,219.35,I lost my black boAt smartwatch. It has scratch on the glass.,"Found a dark grey charger. Features: two-pin plug, about 1.5 m cable. Kept safely with me.",train
L0052,F0435,0,random,True,False,False,0.0,736.87,I lost my black boAt smartwatch. It has scratch on the glass.,"Found a navy blue Lifelong umbrella. It has printed edges, one bent rib. Kept safely with me.",train
L0053,F0058,1,positive,True,True,True,0.0,1.95,"I lost my white Anker power bank. It has USB-C port, rubber finish, LED indicator.",Found a white charger bank. It has type-C input.,train
L0053,F0417,0,same_group_nearby,True,True,True,230.2,5.7,"I lost my white Anker power bank. It has USB-C port, rubber finish, LED indicator.",Found a white charger bank. It has thin power bank.,train
L0053,F0541,0,same_group_nearby,True,True,True,308.1,18.12,"I lost my white Anker power bank. It has USB-C port, rubber finish, LED indicator.",Found a blue battery pack. Details: matte rubber finish.,train
L0053,F0097,0,same_group_nearby,True,True,True,304.6,-2.03,"I lost my white Anker power bank. It has USB-C port, rubber finish, LED indicator.","Ye mila hai, owner ko batao: found a light blue Ambrane charger bank. It has matte rubber finish.",train
L0053,F0226,0,random,True,True,True,611.9,-174.0,"I lost my white Anker power bank. It has USB-C port, rubber finish, LED indicator.",Found white battery pack,train
L0053,F0725,0,random,True,False,False,337.3,-1141.1,"I lost my white Anker power bank. It has USB-C port, rubber finish, LED indicator.",Found a dark Puma wallet. Features: zip coin pocket.,train
L0054,F0093,0,same_group_nearby,False,False,True,260.0,69.35,I lost my white charger. Features: long cable.,Found a cream Realme earbuds case. Features: hook for a lanyard.,val
L0054,F0528,0,same_group_nearby,False,True,True,0.0,-33.0,I lost my white charger. Features: long cable.,off-white adapter with cable found,val
L0054,F0364,0,same_group_nearby,False,False,True,0.0,-43.4,I lost my white charger. Features: long cable.,"Found a blue Ambrane charger bank. It has USB-C port, thin power bank.",val
L0054,F0106,0,random,False,False,False,410.5,225.02,I lost my white charger. Features: long cable.,Found a black umbrella. Details: push-button opening.,val
L0054,F0153,0,random,False,False,False,349.9,-487.48,I lost my white charger. Features: long cable.,"Found a pink umbrella. Details: foldable umbrella, automatic open button. Kept safely with me.",val
L0055,F0059,1,positive,True,True,True,0.0,3.63,I lost my navy blue American Tourister backpack. Details: logo in white on the front.,"Ye mila hai, owner ko batao: blue rucksack found",test
L0055,F0060,0,twin_hard_negative,True,True,True,0.0,221.57,I lost my navy blue American Tourister backpack. Details: logo in white on the front.,"Found a navy blue American Tourister sports bag. Details: white logo, two front zips.",test
L0055,F0538,0,same_group_nearby,True,True,True,250.0,-47.6,I lost my navy blue American Tourister backpack. Details: logo in white on the front.,"Found a black Wildcraft backpack. It has reflective strip, one side pocket.",test
L0055,F0302,0,random,True,False,False,355.1,293.05,I lost my navy blue American Tourister backpack. Details: logo in white on the front.,Found blue Dell laptop,test
L0055,F0337,0,random,True,False,False,186.8,-521.53,I lost my navy blue American Tourister backpack. Details: logo in white on the front.,Found brown key bunhc,test
L0056,F0060,1,positive,True,True,True,0.0,3.6,"I lost my navy blue sports bag. It has two front zips, white logo.","Found a navy blue American Tourister sports bag. Details: white logo, two front zips.",test
L0056,F0059,0,twin_hard_negative,True,True,True,0.0,-214.33,"I lost my navy blue sports bag. It has two front zips, white logo.","Ye mila hai, owner ko batao: blue rucksack found",test
L0056,F0250,0,random,True,False,False,372.2,-1426.02,"I lost my navy blue sports bag. It has two front zips, white logo.",Found a off-white iPhone mobile. Features: transparent case.,test
L0056,F0415,0,random,True,False,False,750.0,-937.67,"I lost my navy blue sports bag. It has two front zips, white logo.",Found a grey card holder. Features: metal logo.,test
L0057,F0061,1,positive,True,True,True,0.0,10.2,"Mera i lost my white Apple adapter with cable. Features: fast charging type, long cable. kho gaya hai.",Found a white charger. Details: fast charger.,val
L0057,F0276,0,same_group_nearby,True,False,True,645.4,4.23,"Mera i lost my white Apple adapter with cable. Features: fast charging type, long cable. kho gaya hai.",Found white charger bank,val
L0057,F0007,0,random,True,True,True,500.0,-1692.53,"Mera i lost my white Apple adapter with cable. Features: fast charging type, long cable. kho gaya hai.",Found a white adapter with cable. Details: braided cable.,val
L0057,F0149,0,random,True,False,True,750.0,32.07,"Mera i lost my white Apple adapter with cable. Features: fast charging type, long cable. kho gaya hai.",Found a black laptop. It has sticker on the lid.,val
L0058,F0439,0,same_group_nearby,False,True,True,0.0,29.67,"I lost my cream charger. It has two-pin plug, long cable, fast charging type.",Found a cream adapter with cable. Details: cloth braided cable.,train
L0058,F0374,0,same_group_nearby,False,False,True,645.4,-39.45,"I lost my cream charger. It has two-pin plug, long cable, fast charging type.",Found black fitness band,train
L0058,F0652,0,same_group_nearby,False,False,True,223.6,29.82,"I lost my cream charger. It has two-pin plug, long cable, fast charging type.",Found a fitness band.,train
L0058,F0580,0,random,False,False,False,645.4,24.1,"I lost my cream charger. It has two-pin plug, long cable, fast charging type.",Found red rucksack,train
L0058,F0395,0,random,False,False,True,520.1,746.37,"I lost my cream charger. It has two-pin plug, long cable, fast charging type.",Fuond a mobile.,train
L0059,F0062,1,positive,True,True,True,134.5,2.57,I lost my cream smartwatch. Features: rectangular screen.,white smartwatch found,test
L0059,F0428,0,same_group_nearby,True,False,True,310.6,-18.65,I lost my cream smartwatch. Features: rectangular screen.,Found a black Noise earbuds case. Details: rubber cover.,test
L0059,F0257,0,same_group_nearby,True,False,True,148.7,-47.93,I lost my cream smartwatch. Features: rectangular screen.,"Found a blue Mi battery pack. It has type-C input, four indicator lights.",test
L0059,F0696,0,same_group_nearby,True,False,True,269.3,-38.28,I lost my cream smartwatch. Features: rectangular screen.,Found a blue laptop. Details: backlit keyboard.,test
L0059,F0433,0,random,True,False,True,0.0,-430.5,I lost my cream smartwatch. Features: rectangular screen.,"Found a blue MacBook notebook computer. Details: in a black laptop sleeve, keyboard lights up, sticker on the lid.",test
L0059,F0381,0,random,True,False,True,516.2,212.68,I lost my cream smartwatch. Features: rectangular screen.,grey notebook comupter found,test
L0060,F0420,0,same_group_nearby,False,True,True,269.3,53.72,"I lost my silver Dell laptop. Features: in a black laptop sleeve, stickers on the top cover.",Found a light blue laptop. It has in a black laptop sleeve.,train
L0060,F0304,0,same_group_nearby,False,True,True,269.3,-29.27,"I lost my silver Dell laptop. Features: in a black laptop sleeve, stickers on the top cover.",Found a blue notebook computer. Features: keyboard lights up.,train
L0060,F0716,0,same_group_nearby,False,False,True,280.2,35.15,"I lost my silver Dell laptop. Features: in a black laptop sleeve, stickers on the top cover.",Found a red smartphone. Features: cracked screen corner.,train
L0060,F0393,0,random,False,False,False,277.8,225.42,"I lost my silver Dell laptop. Features: in a black laptop sleeve, stickers on the top cover.",Found a water bottle.,train
L0060,F0675,0,random,False,False,True,0.0,111.33,"I lost my silver Dell laptop. Features: in a black laptop sleeve, stickers on the top cover.","Found a black AirPods small case. Features: tiny indicator light, scuffed lid. Kept safely with me.",train
L0061,F0359,0,same_group_nearby,False,True,True,337.3,-69.03,"I lost my dark green Lifelong umbrella. It has automatic open button, foldable umbrella, bent rib. Please contact me if found.",Found a pink umbrella. Details: foldable umbrella.,train
L0061,F0485,0,same_group_nearby,False,False,True,304.6,40.97,"I lost my dark green Lifelong umbrella. It has automatic open button, foldable umbrella, bent rib. Please contact me if found.","Found a gray Woodland card holder. Details: zipper coin section, worn edges.",train
L0061,F0491,0,same_group_nearby,False,False,True,230.2,-62.62,"I lost my dark green Lifelong umbrella. It has automatic open button, foldable umbrella, bent rib. Please contact me if found.",silver key bunch found,train
L0061,F0401,0,random,False,False,False,176.9,227.43,"I lost my dark green Lifelong umbrella. It has automatic open button, foldable umbrella, bent rib. Please contact me if found.","Found a blue Citizen scientific calculator. Features: scientific calculator, some keys faded. Kept safely with me.",train
L0061,F0669,0,random,False,False,True,58.3,168.8,"I lost my dark green Lifelong umbrella. It has automatic open button, foldable umbrella, bent rib. Please contact me if found.","Found a brown keychain. It has two-wheeler key with cover, tag hanging from it. Kept safely with me.",train
L0062,F0064,1,positive,True,True,True,0.0,20.0,"I lost my white power bank. It has thin power bank, matte rubber finish, type-C input.","Found a cream power bank. It has thin power bank, matte rubber finish, USB-C port.",train
L0062,F0065,0,twin_hard_negative,True,True,True,0.0,858.3,"I lost my white power bank. It has thin power bank, matte rubber finish, type-C input.",Found a battery pack.,train
L0062,F0481,0,same_group_nearby,True,False,True,284.3,17.9,"I lost my white power bank. It has thin power bank, matte rubber finish, type-C input.",Found a cream Noise charging case. It has small LED light.,train
L0062,F0365,0,same_group_nearby,True,True,True,134.2,0.9,"I lost my white power bank. It has thin power bank, matte rubber finish, type-C input.","Found a blue boAt earbuds case. It has small LED light, rubber cover, lanyard hook. Kept safely with me.",train
L0062,F0321,0,same_group_nearby,True,True,True,286.4,39.52,"I lost my white power bank. It has thin power bank, matte rubber finish, type-C input.","Mujhe mila hai: found a white Syska battery pack. It has slim body, four indicator lights.",train
L0062,F0005,0,random,True,False,False,284.3,576.33,"I lost my white power bank. It has thin power bank, matte rubber finish, type-C input.",Found a maroon Nike rucksack. Features: logo in white on the front.,train
L0062,F0304,0,random,True,False,True,350.0,544.82,"I lost my white power bank. It has thin power bank, matte rubber finish, type-C input.",Found a blue notebook computer. Features: keyboard lights up.,train
L0063,F0065,1,positive,True,True,True,0.0,4.33,I lost my white power bank. Features: LED indicator.,Found a battery pack.,train
L0063,F0064,0,twin_hard_negative,True,True,True,0.0,-833.97,I lost my white power bank. Features: LED indicator.,"Found a cream power bank. It has thin power bank, matte rubber finish, USB-C port.",train
L0063,F0553,0,same_group_nearby,True,False,True,0.0,22.33,I lost my white power bank. Features: LED indicator.,black power bank found,train
L0063,F0091,0,same_group_nearby,True,False,True,286.4,-5.57,I lost my white power bank. Features: LED indicator.,Found a notebook computer.,train
L0063,F0441,0,same_group_nearby,True,False,True,0.0,-16.53,I lost my white power bank. Features: LED indicator.,Found a blue AirPods airpods case. Details: tiny indicator light.,train
L0063,F0635,0,random,True,False,True,420.1,-387.7,I lost my white power bank. Features: LED indicator.,Found white earbuds case,train
L0063,F0014,0,random,True,False,True,449.4,532.27,I lost my white power bank. Features: LED indicator.,"Ye mila hai, owner ko batao: found a black adapter with cable. It has two-pin plug, fast charging type.",train
L0064,F0066,1,positive,True,True,True,0.0,90.83,"I lost my green Skybags backpack. Details: reflective strip, double zip on the front. Please contact me if found.",Found green rucksack,train
L0064,F0071,0,random,True,False,False,463.2,1210.1,"I lost my green Skybags backpack. Details: reflective strip, double zip on the front. Please contact me if found.",Found a silver Ambrane charger bank. Details: rubber finish.,train
L0064,F0491,0,random,True,False,False,645.4,969.25,"I lost my green Skybags backpack. Details: reflective strip, double zip on the front. Please contact me if found.",silver key bunch found,train
L0065,F0068,1,positive,True,True,True,0.0,23.73,I lost my navy blue umbrella. Features: foldabel umbrella.,Found a navy blue umbrella. Details: automatic open button.,val
L0065,F0009,0,same_group_nearby,True,True,True,148.7,-17.83,I lost my navy blue umbrella. Features: foldabel umbrella.,"Found a pink Fastrack umbrella. It has folding type, pattern on the border.",val
L0065,F0193,0,same_group_nearby,True,False,True,201.0,-71.22,I lost my navy blue umbrella. Features: foldabel umbrella.,Mujhe mila hai: found tan specs box,val
L0065,F0699,0,same_group_nearby,True,True,True,277.8,50.82,I lost my navy blue umbrella. Features: foldabel umbrella.,grey umbrella found,val
L0065,F0006,0,random,True,False,False,148.7,-620.98,I lost my navy blue umbrella. Features: foldabel umbrella.,Found a white Samsung charger. Features: fast charging type.,val
L0065,F0277,0,random,True,False,False,456.5,-100.58,I lost my navy blue umbrella. Features: foldabel umbrella.,white power bank found,val
L0066,F0714,0,same_group_nearby,False,True,True,170.9,-34.08,"Lost my notebook, it is red.","Found a red Navneet book. Details: about two hundred pages, spiral notebook. Kept safely with me.",train
L0066,F0451,0,same_group_nearby,False,False,True,170.9,-36.63,"Lost my notebook, it is red.",Mujhe mila hai: grey calculator found,train
L0066,F0358,0,same_group_nearby,False,False,True,326.5,-48.08,"Lost my notebook, it is red.",Found a grey Casio calculator. Features: slide cover.,train
L0066,F0551,0,random,False,False,False,362.2,1547.32,"Lost my notebook, it is red.","Found a black Puma rucksack. It has logo in white on the front, reflective strip.",train
L0066,F0656,0,random,False,False,False,304.1,1462.68,"Lost my notebook, it is red.","Found a maroon Wildcraft backpack. It has one side pocket, double zip on the front, slightly torn near the strap.",train
L0067,F0069,1,positive,True,True,True,0.0,14.97,"I lost my black Fastrack umbrella. Features: pattern on the border, push-button opening, one bent rib.",Found a black umbrella. Details: pattern on the border.,train
L0067,F0319,0,same_group_nearby,True,False,True,349.9,-10.17,"I lost my black Fastrack umbrella. Features: pattern on the border, push-button opening, one bent rib.","Found a brown Hidesign wallet. It has worn edges, small metal logo, zipper coin section. Kept safely with me.",train
L0067,F0286,0,same_group_nearby,True,True,True,134.5,-68.97,"I lost my black Fastrack umbrella. Features: pattern on the border, push-button opening, one bent rib.",Found navy blue umbrella,train
L0067,F0725,0,same_group_nearby,True,False,True,155.2,61.75,"I lost my black Fastrack umbrella. Features: pattern on the border, push-button opening, one bent rib.",Found a dark Puma wallet. Features: zip coin pocket.,train
L0067,F0022,0,random,True,False,False,277.8,-123.82,"I lost my black Fastrack umbrella. Features: pattern on the border, push-button opening, one bent rib.","Mujhe mila hai: found a silver Dell laptop. Features: in a black laptop sleeve, backlit keyboard.",train
L0067,F0589,0,random,True,False,False,269.3,-145.05,"I lost my black Fastrack umbrella. Features: pattern on the border, push-button opening, one bent rib.","Ye mila hai, owner ko batao: found a blue Decathlon water bottle. Details: paint worn off in places.",train
L0068,F0070,1,positive,True,False,True,223.6,3.28,"I lost my green boAt smartwatch. It has square dial, silicone strap.",Found a fitness band.,train
L0068,F0237,0,same_group_nearby,True,False,True,645.4,36.47,"I lost my green boAt smartwatch. It has square dial, silicone strap.","Found a silver Dell notebook computer. It has backlit keyboard, 15 inch screen. Kept safely with me.",train
L0068,F0154,0,same_group_nearby,True,False,True,0.0,66.3,"I lost my green boAt smartwatch. It has square dial, silicone strap.",Found white adapter with cable,train
L0068,F0041,0,same_group_nearby,True,False,True,223.6,3.48,"I lost my green boAt smartwatch. It has square dial, silicone strap.",Found a light blue iPhone phone. It has dual camera.,train
L0068,F0726,0,random,True,False,True,645.4,-592.25,"I lost my green boAt smartwatch. It has square dial, silicone strap.",Found a dark grey OnePlus earbuds case. Features: lanyard hook.,train
L0068,F0728,0,random,True,False,True,463.2,-117.05,"I lost my green boAt smartwatch. It has square dial, silicone strap.",Found a black earbuds case. Features: scratches on the lid.,train
L0069,F0071,1,positive,True,True,True,0.0,2.05,I lost my grey battery pack. Details: four indicator lights.,Found a silver Ambrane charger bank. Details: rubber finish.,train
L0069,F0014,0,same_group_nearby,True,False,True,202.5,-31.58,I lost my grey battery pack. Details: four indicator lights.,"Ye mila hai, owner ko batao: found a black adapter with cable. It has two-pin plug, fast charging type.",train
L0069,F0194,0,same_group_nearby,True,True,True,0.0,-8.08,I lost my grey battery pack. Details: four indicator lights.,"Ye mila hai, owner ko batao: found a silver Ambrane battery pack. It has rubber finish.",train
L0069,F0094,0,same_group_nearby,True,False,True,197.2,-4.08,I lost my grey battery pack. Details: four indicator lights.,black fitness band found,train
L0069,F0096,0,random,True,False,True,410.0,-36.0,I lost my grey battery pack. Details: four indicator lights.,"Found a green Motorola mobile. It has dual camera, transparent case. Kept safely with me.",train
L0069,F0160,0,random,True,False,True,155.6,-571.07,I lost my grey battery pack. Details: four indicator lights.,Found a sky blue MacBook notebook computer. It has fifteen inch display.,train
L0070,F0073,1,positive,True,True,True,0.0,83.55,"I lost my silver Ambrane power bank. Features: rubber finish, slim body. Please contact me if found.",Found a battery pack.,train
L0070,F0072,0,twin_hard_negative,True,False,True,282.8,-490.22,"I lost my silver Ambrane power bank. Features: rubber finish, slim body. Please contact me if found.",Found a silver Ambrane charger bank. Features: thin power bank.,train
L0070,F0245,0,same_group_nearby,True,False,True,308.1,-49.65,"I lost my silver Ambrane power bank. Features: rubber finish, slim body. Please contact me if found.",grey notebook computer found,train
L0070,F0442,0,same_group_nearby,True,True,True,191.0,25.68,"I lost my silver Ambrane power bank. Features: rubber finish, slim body. Please contact me if found.","Ye mila hai, owner ko batao: found a airpods case.",train
L0070,F0216,0,same_group_nearby,True,True,True,308.1,-63.95,"I lost my silver Ambrane power bank. Features: rubber finish, slim body. Please contact me if found.","Ye mila hai, owner ko batao: found a black charger bank. Details: thin power bank.",train
L0070,F0270,0,random,True,False,False,67.1,361.12,"I lost my silver Ambrane power bank. Features: rubber finish, slim body. Please contact me if found.",Found a bag.,train
L0070,F0096,0,random,True,False,True,308.1,305.27,"I lost my silver Ambrane power bank. Features: rubber finish, slim body. Please contact me if found.","Found a green Motorola mobile. It has dual camera, transparent case. Kept safely with me.",train
L0071,F0074,1,positive,True,True,True,0.0,3.88,"I lost my blue Realme charging case. It has rubber cover, hook for a lanyard.",Found blue small case,train
L0071,F0282,0,same_group_nearby,True,False,True,284.3,7.43,"I lost my blue Realme charging case. It has rubber cover, hook for a lanyard.","Found a black Noise watch. Features: circular screen, silicone strap, scratch on the glass.",train
L0071,F0539,0,same_group_nearby,True,False,True,440.1,-59.1,"I lost my blue Realme charging case. It has rubber cover, hook for a lanyard.",blakc mobile found,train
L0071,F0553,0,same_group_nearby,True,False,True,0.0,-51.78,"I lost my blue Realme charging case. It has rubber cover, hook for a lanyard.",black power bank found,train
L0071,F0510,0,random,True,False,True,420.1,-106.93,"I lost my blue Realme charging case. It has rubber cover, hook for a lanyard.","Fuond a white Vivo phone. It has dual camera, ring holder on the back. Kept safely with me.",train
L0071,F0694,0,random,True,False,True,370.5,-801.88,"I lost my blue Realme charging case. It has rubber cover, hook for a lanyard.",Mujhe mila hai: found a white charger. Features: fast charger.,train
L0072,F0075,1,positive,True,True,True,134.2,10.3,"Kisi ko mila ho toh batao: lost my fitness band, it is pink.",Found a pink watch. Features: square dial.,train
L0072,F0333,0,same_group_nearby,True,False,True,216.3,3.28,"Kisi ko mila ho toh batao: lost my fitness band, it is pink.",Found a silver battery pack. It has type-C input.,train
L0072,F0408,0,same_group_nearby,True,False,True,228.0,10.17,"Kisi ko mila ho toh batao: lost my fitness band, it is pink.",Found a black HP laptop. Details: backlit keyboard.,train
L0072,F0390,0,same_group_nearby,True,False,True,134.2,-16.62,"Kisi ko mila ho toh batao: lost my fitness band, it is pink.","Found a maroon-ish red Motorola smartphone. It has pop socket on the back, clear back cover. Kept safely with me.",train
L0072,F0123,0,random,True,False,False,362.2,390.43,"Kisi ko mila ho toh batao: lost my fitness band, it is pink.",Found a grey calculator. It has hard slide-on cover.,train
L0072,F0158,0,random,True,True,True,389.5,-302.03,"Kisi ko mila ho toh batao: lost my fitness band, it is pink.",Found a blue fitness band. It has scratch on the glass.,train
L0073,F0076,1,positive,True,True,True,0.0,2.45,"I lost my silver keys. It has plastic tag, tiny lock key.",silver keys found,train
L0073,F0077,0,twin_hard_negative,True,True,True,0.0,-172.22,"I lost my silver keys. It has plastic tag, tiny lock key.","Found a silver keys. It has steel ring, small padlock key.",train
L0073,F0177,0,same_group_nearby,True,False,True,269.3,31.93,"I lost my silver keys. It has plastic tag, tiny lock key.","Mujhe mila hai: found a red keychain. Details: metal ring, small padlock key.",train
L0073,F0615,0,same_group_nearby,True,False,True,269.3,26.75,"I lost my silver keys. It has plastic tag, tiny lock key.",Mujhe mila hai: found a navy blue card holder. Features: leather finish.,train
L0073,F0637,0,same_group_nearby,True,False,True,260.0,67.48,"I lost my silver keys. It has plastic tag, tiny lock key.",Found a olive green umbrella. Details: bent rib.,train
L0073,F0240,0,random,True,False,True,133.4,270.62,"I lost my silver keys. It has plastic tag, tiny lock key.","Found a grey Woodland purse. It has metal logo, worn edges, zipper coin section.",train
L0073,F0299,0,random,True,False,False,349.9,417.02,"I lost my silver keys. It has plastic tag, tiny lock key.",Found a black smartphone. Features: two cameras at the back.,train
L0074,F0077,1,positive,True,True,True,0.0,16.15,I lost my silver keys. It has small padlock key.,"Found a silver keys. It has steel ring, small padlock key.",train
L0074,F0076,0,twin_hard_negative,True,True,True,0.0,190.82,I lost my silver keys. It has small padlock key.,silver keys found,train
L0074,F0322,0,same_group_nearby,True,True,True,260.0,21.62,I lost my silver keys. It has small padlock key.,Found a silver key bunch. Details: bike key with a rubber cover.,train
L0074,F0483,0,same_group_nearby,True,False,True,155.2,-14.38,I lost my silver keys. It has small padlock key.,brown card holder found,train
L0074,F0519,0,same_group_nearby,True,False,True,277.8,44.83,I lost my silver keys. It has small padlock key.,Found a grey specs box. It has hard case.,train
L0074,F0335,0,random,True,False,False,134.5,73.68,I lost my silver keys. It has small padlock key.,Found a fitness band.,train
L0074,F0237,0,random,True,False,False,269.3,1425.57,I lost my silver keys. It has small padlock key.,"Found a silver Dell notebook computer. It has backlit keyboard, 15 inch screen. Kept safely with me.",train
L0075,F0682,0,random,False,False,False,150.0,-200.52,I lost my orange notebook. Details: 200 pages.,"Found a silver-grey Hidesign purse. Details: small metal logo, zip coin pocket, worn edges.",val
L0075,F0007,0,random,False,False,False,134.2,-846.45,I lost my orange notebook. Details: 200 pages.,Found a white adapter with cable. Details: braided cable.,val
L0076,F0078,1,positive,True,True,True,0.0,14.08,I lost my black Dell laptop. Features: black sleeve.,Found a black Dell laptop. Details: sticekrs on the top cover.,train
L0076,F0125,0,same_group_nearby,True,False,True,308.1,-48.82,I lost my black Dell laptop. Features: black sleeve.,Found a blue AirPods earbuds case. Features: lanyard hook.,train
L0076,F0333,0,same_group_nearby,True,False,True,126.5,-56.62,I lost my black Dell laptop. Features: black sleeve.,Found a silver battery pack. It has type-C input.,train
L0076,F0180,0,same_group_nearby,True,False,True,201.0,-55.98,I lost my black Dell laptop. Features: black sleeve.,pink fitness band found,train
L0076,F0211,0,random,True,False,True,461.0,-342.12,I lost my black Dell laptop. Features: black sleeve.,Found a green Fire-Boltt fitness band. It has round dial.,train
L0076,F0734,0,random,True,True,True,500.0,-170.1,I lost my black Dell laptop. Features: black sleeve.,Found a white AirPods charging case. Details: rubber cover.,train
L0077,F0079,1,positive,True,True,True,382.1,1.7,I lost my cream Syska power bank. Details: rubber finish.,"Found a white Syska battery pack. Details: type-C input, matte rubber finish.",train
L0077,F0454,0,same_group_nearby,True,False,True,133.4,-40.92,I lost my cream Syska power bank. Details: rubber finish.,Found a black Dell notebook computer. Details: stickers on the top cover.,train
L0077,F0050,0,same_group_nearby,True,False,True,155.2,68.3,I lost my cream Syska power bank. Details: rubber finish.,Found a grey notebook computer. It has backlit keyboard.,train
L0077,F0686,0,same_group_nearby,True,False,True,133.4,17.82,I lost my cream Syska power bank. Details: rubber finish.,"Found a white Apple charger. It has fast charging type, two-pin plug, cloth braided cable.",train
L0077,F0602,0,random,True,False,False,126.5,649.22,I lost my cream Syska power bank. Details: rubber finish.,grey calculator ofund,train
L0077,F0760,0,random,True,False,False,178.9,-93.07,I lost my cream Syska power bank. Details: rubber finish.,"Found a red glasses case. Features: hard case, zippered.",train
L0078,F0080,1,positive,True,True,True,155.6,1.08,I lost my grey spectacles case. Details: small logo.,"Found a grey spectacle case. It has cloth pouch type, small logo. Kept safely with me.",test
L0078,F0366,0,same_group_nearby,True,True,True,0.0,37.08,I lost my grey spectacles case. Details: small logo.,black specs box found,test
L0078,F0248,0,same_group_nearby,True,True,True,72.8,-54.85,I lost my grey spectacles case. Details: small logo.,"Ye mila hai, owner ko batao: found a wallet.",test
L0078,F0508,0,same_group_nearby,True,False,True,123.7,-45.27,I lost my grey spectacles case. Details: small logo.,Found a maroon Woodland card holder. Details: zipper coin section.,test
L0078,F0259,0,random,True,False,True,174.9,1282.28,I lost my grey spectacles case. Details: small logo.,"Found a pink umbrella. Details: bent rib, foldable umbrella, pattern on the border.",test
L0078,F0183,0,random,True,False,True,410.0,194.4,I lost my grey spectacles case. Details: small logo.,Found a silver keychain. Features: small padlock key.,test
L0079,F0081,1,positive,True,True,True,197.2,21.32,"I lost my grey Puma wallet. Features: meatl logo, worn edges, zipper coin section.",Found a grey purse. It has frayed at the edges.,train
L0079,F0453,0,same_group_nearby,True,False,True,202.5,-69.5,"I lost my grey Puma wallet. Features: meatl logo, worn edges, zipper coin section.",Found a brown keychain. Details: plasitc tag.,train
L0079,F0107,0,same_group_nearby,True,False,True,155.6,-20.42,"I lost my grey Puma wallet. Features: meatl logo, worn edges, zipper coin section.",Found a red glasses case. It has zippered.,train
L0079,F0025,0,same_group_nearby,True,False,True,294.3,-46.77,"I lost my grey Puma wallet. Features: meatl logo, worn edges, zipper coin section.",Found a navy blue wallet. Details: metal logo.,train
L0079,F0383,0,random,True,False,False,202.5,-221.58,"I lost my grey Puma wallet. Features: meatl logo, worn edges, zipper coin section.",Found a book.,train
L0079,F0375,0,random,True,False,False,0.0,-1344.35,"I lost my grey Puma wallet. Features: meatl logo, worn edges, zipper coin section.",green fitness band found,train
L0080,F0082,1,positive,True,True,True,0.0,2.0,"I lost my blue smartwatch. It has glass slightly scratched, square dial, circular screen.",blue watch found,train
L0080,F0459,0,same_group_nearby,True,False,True,136.0,-18.43,"I lost my blue smartwatch. It has glass slightly scratched, square dial, circular screen.",Found a black Syska power bank. Details: matte rubber finish.,train
L0080,F0130,0,same_group_nearby,True,False,True,174.9,19.17,"I lost my blue smartwatch. It has glass slightly scratched, square dial, circular screen.","Found a silver Realme charger bank. It has type-C input, LED indicator.",train
L0080,F0325,0,same_group_nearby,True,False,True,282.8,26.92,"I lost my blue smartwatch. It has glass slightly scratched, square dial, circular screen.","Found a blue battery pack. Features: four indicator lights, type-C input. Kept safely with me.",train
L0080,F0268,0,random,True,False,False,67.1,-341.18,"I lost my blue smartwatch. It has glass slightly scratched, square dial, circular screen.",blue notebook found,train
L0080,F0164,0,random,True,False,True,201.0,246.95,"I lost my blue smartwatch. It has glass slightly scratched, square dial, circular screen.",Found black charger bank,train
L0081,F0084,1,positive,True,True,True,0.0,4.03,Lost maroon-ish red umbrella,Found a red Popy umbrella. It has push-button opening.,train
L0081,F0004,0,same_group_nearby,True,False,True,0.0,23.68,Lost maroon-ish red umbrella,Found a grey purse. Features: zip coin pocket.,train
L0081,F0121,0,same_group_nearby,True,False,True,328.0,-12.57,Lost maroon-ish red umbrella,Found a red specs box. Details: hard case.,train
L0081,F0240,0,same_group_nearby,True,False,True,155.6,48.55,Lost maroon-ish red umbrella,"Found a grey Woodland purse. It has metal logo, worn edges, zipper coin section.",train
L0081,F0579,0,random,True,False,False,0.0,-631.82,Lost maroon-ish red umbrella,Found a grey calculator. Features: some keys faded.,train
L0081,F0282,0,random,True,False,False,328.0,357.6,Lost maroon-ish red umbrella,"Found a black Noise watch. Features: circular screen, silicone strap, scratch on the glass.",train
L0082,F0731,0,random,False,False,True,260.0,-578.08,"I lost my black Lenovo laptop. It has black sleeve, backlit keyboard.",Found a pink charging case. Details: lanyard hook.,test
L0082,F0648,0,random,False,False,False,228.0,-1599.23,"I lost my black Lenovo laptop. It has black sleeve, backlit keyboard.","Found a black Camlin record book. Details: spiral notebook, about two hundred pages, thick cover. Kept safely with me.",test
L0083,F0085,1,positive,True,True,True,0.0,2.17,"I lost my grey Puma backpack. It has laptop compartment, slightly torn near the strap, two front zips. Please contact me if found.",Found a grey backpack. Features: laptop compartment.,train
L0083,F0271,0,same_group_nearby,True,True,True,134.2,26.93,"I lost my grey Puma backpack. It has laptop compartment, slightly torn near the strap, two front zips. Please contact me if found.",Found a grey Wildcraft rucksack. Features: one side pocket.,train
L0083,F0551,0,same_group_nearby,True,True,True,172.0,10.52,"I lost my grey Puma backpack. It has laptop compartment, slightly torn near the strap, two front zips. Please contact me if found.","Found a black Puma rucksack. It has logo in white on the front, reflective strip.",train
L0083,F0693,0,same_group_nearby,True,True,True,228.0,-23.35,"I lost my grey Puma backpack. It has laptop compartment, slightly torn near the strap, two front zips. Please contact me if found.","Found a black Wildcraft sports bag. It has reflective strip on the straps, padded laptop section, a pocket on the side. Kept safely with me.",train
L0083,F0147,0,random,True,False,False,527.7,-910.5,"I lost my grey Puma backpack. It has laptop compartment, slightly torn near the strap, two front zips. Please contact me if found.",black notebook computer found,train
L0083,F0488,0,random,True,False,False,632.5,-865.4,"I lost my grey Puma backpack. It has laptop compartment, slightly torn near the strap, two front zips. Please contact me if found.",Found a silver Realme battery pack. Details: matte rubber finish.,train
L0084,F0085,0,twin_hard_negative,False,True,True,172.0,695.33,I lost my grey Puma sports bag. Details: laptop compartment.,Found a grey backpack. Features: laptop compartment.,train
L0084,F0580,0,same_group_nearby,False,True,True,10.0,-48.63,I lost my grey Puma sports bag. Details: laptop compartment.,Found red rucksack,train
L0084,F0054,0,random,False,False,False,280.0,736.35,I lost my grey Puma sports bag. Details: laptop compartment.,"Found a blue spectacle case. Features: zippered, cloth pouch type, tiny logo on the front.",train
L0084,F0570,0,random,False,False,False,280.0,98.28,I lost my grey Puma sports bag. Details: laptop compartment.,blue earbuds case fuond,train
L0085,F0087,1,positive,True,True,True,0.0,14.33,green notebook lost,Found a book.,val
L0085,F0354,0,random,True,False,False,616.2,100.85,green notebook lost,"Mujhe mila hai: found a grey Titan spectacle case. Features: small logo, soft pouch, zip closure. Kept safely with me.",val
L0085,F0210,0,random,True,False,False,0.0,1328.53,green notebook lost,white Ambrane charger bank found,val
L0086,F0088,1,positive,True,True,True,136.0,8.83,I lost my white Noise smartwatch. It has circular screen.,white fitness band found,train
L0086,F0146,0,same_group_nearby,True,False,True,0.0,41.38,I lost my white Noise smartwatch. It has circular screen.,Found grey notebook computer,train
L0086,F0321,0,same_group_nearby,True,False,True,134.2,-31.28,I lost my white Noise smartwatch. It has circular screen.,"Mujhe mila hai: found a white Syska battery pack. It has slim body, four indicator lights.",train
L0086,F0481,0,same_group_nearby,True,False,True,0.0,-52.9,I lost my white Noise smartwatch. It has circular screen.,Found a cream Noise charging case. It has small LED light.,train
L0086,F0004,0,random,True,False,False,328.0,530.8,I lost my white Noise smartwatch. It has circular screen.,Found a grey purse. Features: zip coin pocket.,train
L0086,F0042,0,random,True,False,False,170.9,1070.35,I lost my white Noise smartwatch. It has circular screen.,Found a brown Titan specs box. Details: hard case.,train
L0087,F0089,1,positive,True,False,True,0.0,22.13,"I lost my dark Asus laptop. It has stickers on the top cover, backlit keyboard.","Found a black Asus notebook computer. Details: backlit keyboard, sticker on the lid. Kept safely with me.",val
L0087,F0377,0,same_group_nearby,True,True,True,134.2,51.62,"I lost my dark Asus laptop. It has stickers on the top cover, backlit keyboard.",Found a light blue laptop. Details: sticker on the lid.,val
L0087,F0290,0,same_group_nearby,True,False,True,136.0,28.75,"I lost my dark Asus laptop. It has stickers on the top cover, backlit keyboard.",blue power bank found,val
L0087,F0128,0,random,True,False,False,250.0,683.6,"I lost my dark Asus laptop. It has stickers on the top cover, backlit keyboard.",Found a black notebook. Features: coloured tsicky notes sticking out.,val
L0087,F0502,0,random,True,False,False,201.0,877.75,"I lost my dark Asus laptop. It has stickers on the top cover, backlit keyboard.",Found a sky blue Classmate book. Details: sticky notes inside.,val
L0088,F0091,1,positive,True,True,True,0.0,9.42,"Lost my laptop, it is black.",Found a notebook computer.,train
L0088,F0392,0,same_group_nearby,True,False,True,150.0,19.88,"Lost my laptop, it is black.",Found a green Apple Watch watch. Features: rectangular screen.,train
L0088,F0662,0,same_group_nearby,True,True,True,134.2,32.25,"Lost my laptop, it is black.","Found a silver MacBook notebook computer. Features: in a black laptop sleeve, stickers on the top cover.",train
L0088,F0608,0,same_group_nearby,True,True,True,164.0,-1.35,"Lost my laptop, it is black.","Foudn a blue notebook computer. It has backlit keyboard, in a black laptop sleeve, stickers on the top cover.",train
L0088,F0085,0,random,True,False,False,0.0,764.93,"Lost my laptop, it is black.",Found a grey backpack. Features: laptop compartment.,train
L0088,F0745,0,random,True,False,False,0.0,-651.62,"Lost my laptop, it is black.",Foudn black keys,train
L0089,F0092,1,positive,True,True,True,0.0,5.87,"Kisi ko mila ho toh batao: i lost my black Decathlon water bottle. Details: steel body, scratched paint. Please contact me if found.",Found a bottle.,test
L0089,F0761,0,random,True,False,False,133.4,321.25,"Kisi ko mila ho toh batao: i lost my black Decathlon water bottle. Details: steel body, scratched paint. Please contact me if found.",Found a metallic battery pack. Features: matte rubber finish.,test
L0089,F0192,0,random,True,False,False,123.7,-400.65,"Kisi ko mila ho toh batao: i lost my black Decathlon water bottle. Details: steel body, scratched paint. Please contact me if found.",Found a white Samsung charger. Details: two-pin plug.,test
L0090,F0093,1,positive,True,False,True,0.0,0.42,"I lost my white Realme earbuds case. It has scratches on the lid, small LED light, lanyard hook.",Found a cream Realme earbuds case. Features: hook for a lanyard.,val
L0090,F0055,0,same_group_nearby,True,False,True,260.0,27.13,"I lost my white Realme earbuds case. It has scratches on the lid, small LED light, lanyard hook.",Found a watch.,val
L0090,F0139,0,same_group_nearby,True,False,True,228.0,-57.03,"I lost my white Realme earbuds case. It has scratches on the lid, small LED light, lanyard hook.",Found a charger.,val
L0090,F0403,0,same_group_nearby,True,False,True,0.0,5.77,"I lost my white Realme earbuds case. It has scratches on the lid, small LED light, lanyard hook.",grey notebook computer found,val
L0090,F0732,0,random,True,False,False,271.7,-1022.92,"I lost my white Realme earbuds case. It has scratches on the lid, small LED light, lanyard hook.",Found a sky blue glasses case. Details: zip closure.,val
L0090,F0641,0,random,True,False,True,120.4,-334.3,"I lost my white Realme earbuds case. It has scratches on the lid, small LED light, lanyard hook.",Found a phone.,val
L0091,F0094,1,positive,True,True,True,269.3,3.6,black Amazfit fitness band lost,black fitness band found,train
L0091,F0114,0,same_group_nearby,True,False,True,0.0,-68.5,black Amazfit fitness band lost,silver charger bank found,train
L0091,F0676,0,same_group_nearby,True,False,True,178.9,-67.93,black Amazfit fitness band lost,dark green mobile found,train
L0091,F0220,0,same_group_nearby,True,False,True,269.3,-24.17,black Amazfit fitness band lost,white fitness band found,train
L0091,F0482,0,random,True,False,False,277.8,-116.07,black Amazfit fitness band lost,Mujhe mila hai: silver keys found,train
L0091,F0097,0,random,True,False,True,134.5,-188.48,black Amazfit fitness band lost,"Ye mila hai, owner ko batao: found a light blue Ambrane charger bank. It has matte rubber finish.",train
L0092,F0095,1,positive,True,True,True,155.2,9.25,I lost my black Citizen calculator. Details: hard slide-on cover.,Found a calculator.,train
L0092,F0630,0,same_group_nearby,True,True,True,0.0,23.22,I lost my black Citizen calculator. Details: hard slide-on cover.,dark scientific calculator found,train
L0092,F0579,0,same_group_nearby,True,True,True,277.8,64.75,I lost my black Citizen calculator. Details: hard slide-on cover.,Found a grey calculator. Features: some keys faded.,train
L0092,F0064,0,random,True,False,False,349.9,138.65,I lost my black Citizen calculator. Details: hard slide-on cover.,"Found a cream power bank. It has thin power bank, matte rubber finish, USB-C port.",train
L0092,F0232,0,random,True,False,False,277.8,-2.62,I lost my black Citizen calculator. Details: hard slide-on cover.,Found a light blue notebook computer. Features: in a black laptop sleeve.,train
L0093,F0097,1,positive,True,True,True,150.0,4.02,Lost blue power bank,"Ye mila hai, owner ko batao: found a light blue Ambrane charger bank. It has matte rubber finish.",train
L0093,F0414,0,same_group_nearby,True,False,True,260.0,-2.0,Lost blue power bank,Found a notebook computer.,train
L0093,F0654,0,same_group_nearby,True,False,True,271.7,23.92,Lost blue power bank,Found a blue laptop. Features: stickers on the top cover.,train
L0093,F0391,0,same_group_nearby,True,False,True,150.0,-71.02,Lost blue power bank,Found a green fitness band. Details: circular screen.,train
L0093,F0323,0,random,True,False,False,206.2,-998.8,Lost blue power bank,Found a dark Fastrack umbrella. Features: folding type.,train
L0093,F0305,0,random,True,False,False,176.9,-1196.47,Lost blue power bank,brown purse found,train
L0094,F0098,1,positive,True,True,True,134.2,2.82,"I lost my wine red Nike backpack. Details: double zip on the front, a pocket on the side, reflective strip.","Found a maroon Nike sports bag. Features: a pocket on the side, reflective strip, two front zips. Kept safely with me.",test
L0094,F0698,0,random,True,False,False,349.9,45.08,"I lost my wine red Nike backpack. Details: double zip on the front, a pocket on the side, reflective strip.","Found a dark adapter with cable. It has long cable, cloth braided cable, two-pin plug.",test
L0094,F0302,0,random,True,False,False,452.8,-215.57,"I lost my wine red Nike backpack. Details: double zip on the front, a pocket on the side, reflective strip.",Found blue Dell laptop,test
L0095,F0099,1,positive,True,True,True,139.3,5.3,I lost my red Puma backpack. It has white logo.,Found a red backpack. It has logo in white on the front.,test
L0095,F0711,0,random,True,False,False,150.0,-601.58,I lost my red Puma backpack. It has white logo.,Found a red key bunch. Features: steel ring.,test
L0095,F0254,0,random,True,False,False,134.5,-275.45,I lost my red Puma backpack. It has white logo.,"Found a orange Classmate record book. It has about two hundred pages, spiral bound.",test
L0096,F0101,1,positive,True,True,True,0.0,0.92,Lost pink water bottle,Found a pink Tuppewrare bottle. Features: flip-top lid.,train
L0096,F0100,0,twin_hard_negative,True,True,True,0.0,-495.53,Lost pink water bottle,Found a pink bottle. It has stainless steel.,train
L0096,F0630,0,random,True,False,False,430.5,-1197.88,Lost pink water bottle,dark scientific calculator found,train
L0096,F0708,0,random,True,False,False,230.2,-577.25,Lost pink water bottle,Found red Camlin record book,train
L0097,F0102,1,positive,True,False,True,10.0,2.2,I lost my black notebook. Details: thick cover.,"Ye mila hai, owner ko batao: found a black rceord book. Details: 200 pages, thick cover. Kept safely with me.",train
L0097,F0518,0,same_group_nearby,True,False,True,277.8,-26.85,I lost my black notebook. Details: thick cover.,Found a calculator.,train
L0097,F0715,0,same_group_nearby,True,True,True,10.0,54.47,I lost my black notebook. Details: thick cover.,Found a red notebook. It has spiral notebook.,train
L0097,F0023,0,same_group_nearby,True,True,True,202.5,57.22,I lost my black notebook. Details: thick cover.,Found a black Camlin book. Details: about two hundred pages.,train
L0097,F0143,0,random,True,False,False,383.3,143.47,I lost my black notebook. Details: thick cover.,"Found a brown Lenskart glasses case. Details: hard case, tiny logo on the front.",train
L0097,F0736,0,random,True,True,True,148.7,-850.75,I lost my black notebook. Details: thick cover.,Found a book.,train
L0098,F0103,1,positive,True,False,True,0.0,2.47,I lost my blue Camlin notebook. Features: spiral notebook.,"Foudn a light blue Camlin notebook. Features: coloured sticky notes sticking out, spiral notebook. Kept safely with me.",train
L0098,F0367,0,same_group_nearby,True,True,True,386.0,56.83,I lost my blue Camlin notebook. Features: spiral notebook.,Found a black notebook. Details: sticky notes inside.,train
L0098,F0023,0,same_group_nearby,True,True,True,290.0,56.78,I lost my blue Camlin notebook. Features: spiral notebook.,Found a black Camlin book. Details: about two hundred pages.,train
L0098,F0102,0,same_group_nearby,True,False,True,386.0,1.77,I lost my blue Camlin notebook. Features: spiral notebook.,"Ye mila hai, owner ko batao: found a black rceord book. Details: 200 pages, thick cover. Kept safely with me.",train
L0098,F0680,0,random,True,False,False,570.1,-1063.35,I lost my blue Camlin notebook. Features: spiral notebook.,"Found a red umbrella. It has folding type, automatic open button, pirnted edges.",train
L0098,F0464,0,random,True,False,False,134.5,-380.72,I lost my blue Camlin notebook. Features: spiral notebook.,Found a black battery pack. Features: matte rubber finish.,train
L0099,F0104,1,positive,True,True,True,176.9,24.22,"Mera i lost my green Borosil water bottle. Details: one litre bottle, scratched paint, flip-top lid. kho gaya hai.","Found a green bottle. Features: 1 litre size, paint worn off in places, flip-top lid.",train
L0099,F0563,0,same_group_nearby,True,True,True,230.9,28.72,"Mera i lost my green Borosil water bottle. Details: one litre bottle, scratched paint, flip-top lid. kho gaya hai.",Found a olive green flask. Details: scratched paint.,train
L0099,F0589,0,same_group_nearby,True,True,True,230.2,-44.73,"Mera i lost my green Borosil water bottle. Details: one litre bottle, scratched paint, flip-top lid. kho gaya hai.","Ye mila hai, owner ko batao: found a blue Decathlon water bottle. Details: paint worn off in places.",train
L0099,F0172,0,same_group_nearby,True,True,True,0.0,-63.18,"Mera i lost my green Borosil water bottle. Details: one litre bottle, scratched paint, flip-top lid. kho gaya hai.",Found a orange flask. Details: flip-top lid.,train
L0099,F0437,0,random,True,False,False,0.0,796.07,"Mera i lost my green Borosil water bottle. Details: one litre bottle, scratched paint, flip-top lid. kho gaya hai.","Found a blue Citizen scientific calculator. It has solar strip on top, faded keys, slide cover.",train
L0099,F0718,0,random,True,False,False,808.0,636.45,"Mera i lost my green Borosil water bottle. Details: one litre bottle, scratched paint, flip-top lid. kho gaya hai.",Found a dark Lenskart specs box. It has soft pouch.,train
L0100,F0105,1,positive,True,False,True,0.0,12.38,"I lost my pink Cello water bottle. Details: paint worn off in places, flip-top lid, 1 litre size. Please contact me if found.",pink lfask found,train
L0100,F0662,0,random,True,False,False,461.0,514.37,"I lost my pink Cello water bottle. Details: paint worn off in places, flip-top lid, 1 litre size. Please contact me if found.","Found a silver MacBook notebook computer. Features: in a black laptop sleeve, stickers on the top cover.",train
L0100,F0088,0,random,True,False,False,330.2,-277.23,"I lost my pink Cello water bottle. Details: paint worn off in places, flip-top lid, 1 litre size. Please contact me if found.",white fitness band found,train
L0101,F0106,1,positive,True,True,True,134.5,35.97,"I lost my black Popy umbrella. Details: automatic open button, folding type, pattern on the border.",Found a black umbrella. Details: push-button opening.,val
L0101,F0222,0,same_group_nearby,True,False,True,328.0,-14.3,"I lost my black Popy umbrella. Details: automatic open button, folding type, pattern on the border.","Found a dark brown spetcacle case. It has small logo, soft pouch.",val
L0101,F0166,0,random,True,False,False,510.4,-816.23,"I lost my black Popy umbrella. Details: automatic open button, folding type, pattern on the border.","Found a black adapter with cable. Features: two-pin adapter, about 1.5 m cable. Kept safely with me.",val
L0101,F0009,0,random,True,True,True,269.3,-300.37,"I lost my black Popy umbrella. Details: automatic open button, folding type, pattern on the border.","Found a pink Fastrack umbrella. It has folding type, pattern on the border.",val
L0102,F0107,1,positive,True,False,True,0.0,2.13,"Lost my spectacles case, it is red.",Found a red glasses case. It has zippered.,train
L0102,F0108,0,twin_hard_negative,True,False,True,201.2,-832.63,"Lost my spectacles case, it is red.",Found a red glasses case. Details: cloth pouch type.,train
L0102,F0587,0,same_group_nearby,True,True,True,280.2,-0.8,"Lost my spectacles case, it is red.",Found balck key bunch,train
L0102,F0054,0,same_group_nearby,True,False,True,0.0,40.87,"Lost my spectacles case, it is red.","Found a blue spectacle case. Features: zippered, cloth pouch type, tiny logo on the front.",train
L0102,F0081,0,same_group_nearby,True,False,True,280.2,43.87,"Lost my spectacles case, it is red.",Found a grey purse. It has frayed at the edges.,train
L0102,F0759,0,random,True,False,False,328.0,-1201.85,"Lost my spectacles case, it is red.",Found a black charger. Features: long cable.,train
L0102,F0339,0,random,True,False,True,201.2,-649.25,"Lost my spectacles case, it is red.","Found a grey umbrella. It has one bent rib, automatic open button.",train
L0103,F0108,1,positive,True,True,True,72.8,2.85,"Kisi ko mila ho toh batao: i lost my red spectacles case. Details: zippered, soft pouch. Please contact me if found.",Found a red glasses case. Details: cloth pouch type.,train
L0103,F0107,0,twin_hard_negative,True,True,True,155.6,837.62,"Kisi ko mila ho toh batao: i lost my red spectacles case. Details: zippered, soft pouch. Please contact me if found.",Found a red glasses case. It has zippered.,train
L0103,F0384,0,same_group_nearby,True,True,True,294.3,-37.52,"Kisi ko mila ho toh batao: i lost my red spectacles case. Details: zippered, soft pouch. Please contact me if found.","Found a brown Lenskart spectacle case. Details: hard shell, zippered, tiny logo on the front.",train
L0103,F0760,0,same_group_nearby,True,True,True,294.3,70.82,"Kisi ko mila ho toh batao: i lost my red spectacles case. Details: zippered, soft pouch. Please contact me if found.","Found a red glasses case. Features: hard case, zippered.",train
L0103,F0344,0,same_group_nearby,True,False,True,133.4,-45.62,"Kisi ko mila ho toh batao: i lost my red spectacles case. Details: zippered, soft pouch. Please contact me if found.",Found a keychain.,train
L0103,F0542,0,random,True,False,False,355.1,-746.67,"Kisi ko mila ho toh batao: i lost my red spectacles case. Details: zippered, soft pouch. Please contact me if found.",black phone found,train
L0103,F0436,0,random,True,True,True,355.1,246.88,"Kisi ko mila ho toh batao: i lost my red spectacles case. Details: zippered, soft pouch. Please contact me if found.",Found grey spectacle case,train
L0104,F0109,1,positive,True,False,True,155.6,83.55,I lost my blue notebook. Details: hard cover.,"Found a blue Classmate record book. Features: hard cover, coloured sticky notes sticking out, spiral notebook.",test
L0104,F0227,0,same_group_nearby,True,False,True,155.6,5.2,I lost my blue notebook. Details: hard cover.,light blue record book found,test
L0104,F0490,0,same_group_nearby,True,False,True,72.8,47.42,I lost my blue notebook. Details: hard cover.,"Found a grey Citizen calculator. Details: solar panel, some keys faded. Kept safely with me.",test
L0104,F0033,0,same_group_nearby,True,False,True,0.0,-29.37,I lost my blue notebook. Details: hard cover.,"Found a blue Citizen calculator. It has hard slide-on cover, scientific type. Kept safely with me.",test
L0104,F0250,0,random,True,False,False,133.4,-1691.87,I lost my blue notebook. Details: hard cover.,Found a off-white iPhone mobile. Features: transparent case.,test
L0104,F0505,0,random,True,False,True,197.2,-1385.12,I lost my blue notebook. Details: hard cover.,"Found a grey Casio calculator. Details: solar panel, some keys faded, slide cover.",test
L0105,F0111,1,positive,True,True,True,176.9,3.5,Lost green smartwatch,Found a olive green Apple Watch fitness band. Details: scratch on the glass.,test
L0105,F0498,0,same_group_nearby,True,False,True,58.3,55.65,Lost green smartwatch,Found a notebook computer.,test
L0105,F0192,0,same_group_nearby,True,False,True,304.6,-39.97,Lost green smartwatch,Found a white Samsung charger. Details: two-pin plug.,test
L0105,F0634,0,random,True,False,True,0.0,-969.82,Lost green smartwatch,"Found a light blue Asus laptop. Features: sticker on the lid, keyboard lights up. Kept safely with me.",test
L0105,F0648,0,random,True,False,False,389.5,-1025.63,Lost green smartwatch,"Found a black Camlin record book. Details: spiral notebook, about two hundred pages, thick cover. Kept safely with me.",test
L0106,F0112,1,positive,True,True,True,134.5,56.05,"I lost my blue HP laptop. Features: 15 inch screen, backlit keyboard.",Found a blue HP notebook computer. It has 15 inch screen.,test
L0106,F0492,0,same_group_nearby,True,True,True,0.0,-24.17,"I lost my blue HP laptop. Features: 15 inch screen, backlit keyboard.",Found a grey notebook computer. Details: stickers on the top cover.,test
L0106,F0430,0,random,True,False,True,742.5,979.27,"I lost my blue HP laptop. Features: 15 inch screen, backlit keyboard.","Ye mila hai, owner ko batao: found a earbuds case.",test
L0106,F0428,0,random,True,False,True,522.0,460.08,"I lost my blue HP laptop. Features: 15 inch screen, backlit keyboard.",Found a black Noise earbuds case. Details: rubber cover.,test
L0107,F0113,1,positive,True,True,True,0.0,2.0,"I lost my blue OnePlus earbuds case. It has scuffed lid, tiny indicator light. Please contact me if found.",blue small case found,train
L0107,F0321,0,same_group_nearby,True,False,True,286.4,40.92,"I lost my blue OnePlus earbuds case. It has scuffed lid, tiny indicator light. Please contact me if found.","Mujhe mila hai: found a white Syska battery pack. It has slim body, four indicator lights.",train
L0107,F0365,0,same_group_nearby,True,False,True,134.2,2.3,"I lost my blue OnePlus earbuds case. It has scuffed lid, tiny indicator light. Please contact me if found.","Found a blue boAt earbuds case. It has small LED light, rubber cover, lanyard hook. Kept safely with me.",train
L0107,F0663,0,same_group_nearby,True,False,True,0.0,51.37,"I lost my blue OnePlus earbuds case. It has scuffed lid, tiny indicator light. Please contact me if found.",Found black notebook computer,train
L0107,F0199,0,random,True,True,True,370.5,168.6,"I lost my blue OnePlus earbuds case. It has scuffed lid, tiny indicator light. Please contact me if found.",Found pink small case,train
L0107,F0341,0,random,True,False,False,370.5,1096.8,"I lost my blue OnePlus earbuds case. It has scuffed lid, tiny indicator light. Please contact me if found.",Found brown purse,train
L0108,F0114,1,positive,True,True,True,0.0,3.45,I lost my silver power bank. Details: USB-C port.,silver charger bank found,train
L0108,F0449,0,same_group_nearby,True,False,True,349.9,36.12,I lost my silver power bank. Details: USB-C port.,"Found a black Realme adapter with cable. Features: about 1.5 m cable, fast charging type. Kept safely with me.",train
L0108,F0298,0,same_group_nearby,True,True,True,0.0,54.08,I lost my silver power bank. Details: USB-C port.,Found a white Realme battery pack. Features: rubebr finish.,train
L0108,F0194,0,same_group_nearby,True,True,True,133.4,71.55,I lost my silver power bank. Details: USB-C port.,"Ye mila hai, owner ko batao: found a silver Ambrane battery pack. It has rubber finish.",train
L0108,F0014,0,random,True,False,True,277.8,48.05,I lost my silver power bank. Details: USB-C port.,"Ye mila hai, owner ko batao: found a black adapter with cable. It has two-pin plug, fast charging type.",train
L0108,F0267,0,random,True,False,True,430.5,-1508.28,I lost my silver power bank. Details: USB-C port.,Found a cream charging case. Features: hook for a lanyard.,train
L0109,F0115,1,positive,True,False,True,0.0,62.57,"I lost my orange Cello water bottle. It has scratched paint, stainless steel. Please contact me if found.","Found a orange Cello bottle. It has scratched paint, steel body.",test
L0109,F0533,0,same_group_nearby,True,True,True,282.8,32.82,"I lost my orange Cello water bottle. It has scratched paint, stainless steel. Please contact me if found.",Found a black water bottle. It has scratched paint.,test
L0109,F0711,0,random,True,False,False,412.3,-503.47,"I lost my orange Cello water bottle. It has scratched paint, stainless steel. Please contact me if found.",Found a red key bunch. Features: steel ring.,test
L0109,F0567,0,random,True,False,False,310.6,371.32,"I lost my orange Cello water bottle. It has scratched paint, stainless steel. Please contact me if found.",oFund a card holder.,test
L0110,F0116,1,positive,True,True,True,0.0,0.62,I lost my grey laptop. Details: fifteen inch display.,"Found a grey Lenovo notebook computer. It has backlit keyboard, black sleeve, fifteen inch display.",train
L0110,F0455,0,same_group_nearby,True,True,True,134.5,-45.45,I lost my grey laptop. Details: fifteen inch display.,Found a dark Dell laptop. Details: backlit keyboard.,train
L0110,F0442,0,same_group_nearby,True,False,True,386.0,-68.37,I lost my grey laptop. Details: fifteen inch display.,"Ye mila hai, owner ko batao: found a airpods case.",train
L0110,F0654,0,same_group_nearby,True,True,True,290.0,70.95,I lost my grey laptop. Details: fifteen inch display.,Found a blue laptop. Features: stickers on the top cover.,train
L0110,F0741,0,random,True,True,True,386.0,-234.3,I lost my grey laptop. Details: fifteen inch display.,Found a black Dell laptop. Details: keyboard lights up.,train
L0110,F0743,0,random,True,False,True,134.5,-717.98,I lost my grey laptop. Details: fifteen inch display.,Found a white adapter with cable. Features: braided cable.,train
L0111,F0118,1,positive,True,True,True,0.0,0.95,I lost my grey laptop. Details: fifteen inch display.,Mujhe mila hai: grey notebook computer found,train
L0111,F0605,0,same_group_nearby,True,False,True,386.0,-68.28,I lost my grey laptop. Details: fifteen inch display.,Found a white smartwatch. Features: glass slightly scratched.,train
L0111,F0218,0,same_group_nearby,True,False,True,290.0,0.42,I lost my grey laptop. Details: fifteen inch display.,Found a dark airpods case. It has scuffed lid.,train
L0111,F0346,0,same_group_nearby,True,False,True,0.0,-55.85,I lost my grey laptop. Details: fifteen inch display.,Found a dark grey charger. It has fast charging type.,train
L0111,F0229,0,random,True,False,False,410.5,-315.98,I lost my grey laptop. Details: fifteen inch display.,Found a brown key bunch. Features: small padlock key.,train
L0111,F0701,0,random,True,False,False,0.0,-389.12,I lost my grey laptop. Details: fifteen inch display.,maroon rucksack found,train
L0112,F0770,0,same_group_nearby,False,False,True,0.0,20.72,"I lost my navy blue Wildcraft wallet. It has frayed at the edges, zip coin pocket. Please contact me if found.",Found a card holder.,test
L0112,F0003,0,same_group_nearby,False,False,True,290.0,9.63,"I lost my navy blue Wildcraft wallet. It has frayed at the edges, zip coin pocket. Please contact me if found.",Found a brown key bunch. Features: small padlock key.,test
L0112,F0698,0,random,False,False,False,133.4,331.42,"I lost my navy blue Wildcraft wallet. It has frayed at the edges, zip coin pocket. Please contact me if found.","Found a dark adapter with cable. It has long cable, cloth braided cable, two-pin plug.",test
L0112,F0433,0,random,False,False,False,123.7,-1154.22,"I lost my navy blue Wildcraft wallet. It has frayed at the edges, zip coin pocket. Please contact me if found.","Found a blue MacBook notebook computer. Details: in a black laptop sleeve, keyboard lights up, sticker on the lid.",test
L0113,F0119,1,positive,True,True,True,0.0,2.8,"I lost my green Realme phone. Features: pop socket on the back, crack on the top corner.",green smartphoen found,test
L0113,F0080,0,random,True,False,False,134.5,-239.58,"I lost my green Realme phone. Features: pop socket on the back, crack on the top corner.","Found a grey spectacle case. It has cloth pouch type, small logo. Kept safely with me.",test
L0113,F0494,0,random,True,False,False,611.9,-65.55,"I lost my green Realme phone. Features: pop socket on the back, crack on the top corner.","Ye mila hai, owenr ko batao: found a bottle.",test
L0114,F0121,1,positive,True,False,True,134.2,19.9,Lost red spectacles case,Found a red specs box. Details: hard case.,train
L0114,F0120,0,twin_hard_negative,True,False,True,134.2,-653.07,Lost red spectacles case,Found a red glasses case. Features: hard shell.,train
L0114,F0742,0,same_group_nearby,True,False,True,164.0,29.25,Lost red spectacles case,"Found a dark grey umbrella. It has pattern on the border, one bent rib.",train
L0114,F0738,0,same_group_nearby,True,False,True,228.0,-47.12,Lost red spectacles case,Found a rose umbrella. Details: pattern on the border.,train
L0114,F0548,0,same_group_nearby,True,True,True,120.4,69.9,Lost red spectacles case,"Found a maroon Woodland wallet. Details: frayed at the edges, looks like leather. Kept safely with me.",train
L0114,F0671,0,random,True,False,True,405.0,-190.32,Lost red spectacles case,Found a dark blue purse. Features: frayed at the edges.,train
L0114,F0103,0,random,True,False,False,527.7,363.0,Lost red spectacles case,"Foudn a light blue Camlin notebook. Features: coloured sticky notes sticking out, spiral notebook. Kept safely with me.",train
L0115,F0123,1,positive,True,False,True,0.0,2.33,"Mera i lost my grey Citizen calculator. It has solar panel, hard slide-on cover, scientific type. Please contact me if found. kho gaya hai.",Found a grey calculator. It has hard slide-on cover.,train
L0115,F0124,0,twin_hard_negative,True,True,True,148.7,960.68,"Mera i lost my grey Citizen calculator. It has solar panel, hard slide-on cover, scientific type. Please contact me if found. kho gaya hai.","Found a grey Citizen calculator. Features: some keys faded, scientific type.",train
L0115,F0707,0,same_group_nearby,True,False,True,280.0,-9.83,"Mera i lost my grey Citizen calculator. It has solar panel, hard slide-on cover, scientific type. Please contact me if found. kho gaya hai.","Found a red Camlin notebook. It has spiral notebook, thick cover, about two hundred pages.",train
L0115,F0027,0,same_group_nearby,True,False,True,0.0,16.5,"Mera i lost my grey Citizen calculator. It has solar panel, hard slide-on cover, scientific type. Please contact me if found. kho gaya hai.",Fonud a dark yellow book. Features: sticky notes inside.,train
L0115,F0746,0,same_group_nearby,True,True,True,172.0,15.52,"Mera i lost my grey Citizen calculator. It has solar panel, hard slide-on cover, scientific type. Please contact me if found. kho gaya hai.","Found a sky blue Casio scientific calculator. Features: slide cover, some keys faded.",train
L0115,F0331,0,random,True,False,False,0.0,-427.55,"Mera i lost my grey Citizen calculator. It has solar panel, hard slide-on cover, scientific type. Please contact me if found. kho gaya hai.",sky blue power bank found,train
L0115,F0252,0,random,True,False,False,362.2,887.72,"Mera i lost my grey Citizen calculator. It has solar panel, hard slide-on cover, scientific type. Please contact me if found. kho gaya hai.",white charger bank found,train
L0116,F0124,1,positive,True,True,True,148.7,0.33,I lost my grey Citizen calculator. Features: faded keys.,"Found a grey Citizen calculator. Features: some keys faded, scientific type.",train
L0116,F0123,0,twin_hard_negative,True,False,True,0.0,-958.02,I lost my grey Citizen calculator. Features: faded keys.,Found a grey calculator. It has hard slide-on cover.,train
L0116,F0266,0,same_group_nearby,True,True,True,134.5,-19.57,I lost my grey Citizen calculator. Features: faded keys.,"Found a blue calculator. It has hard slide-on cover, faded keys. Kept safely with me.",train
L0116,F0401,0,same_group_nearby,True,True,True,172.0,-38.57,I lost my grey Citizen calculator. Features: faded keys.,"Found a blue Citizen scientific calculator. Features: scientific calculator, some keys faded. Kept safely with me.",train
L0116,F0090,0,same_group_nearby,True,False,True,277.8,62.8,I lost my grey Citizen calculator. Features: faded keys.,Found light blue record book,train
L0116,F0442,0,random,True,False,False,10.0,-405.4,I lost my grey Citizen calculator. Features: faded keys.,"Ye mila hai, owner ko batao: found a airpods case.",train
L0116,F0586,0,random,True,False,False,202.5,-1460.2,I lost my grey Citizen calculator. Features: faded keys.,Found a blue water bottle. It has steel body.,train
L0117,F0125,1,positive,True,True,True,176.9,3.18,I lost my blue earbuds case. It has tiny indicator light.,Found a blue AirPods earbuds case. Features: lanyard hook.,train
L0117,F0390,0,same_group_nearby,True,False,True,286.4,-24.52,I lost my blue earbuds case. It has tiny indicator light.,"Found a maroon-ish red Motorola smartphone. It has pop socket on the back, clear back cover. Kept safely with me.",train
L0117,F0331,0,same_group_nearby,True,False,True,172.0,-47.35,I lost my blue earbuds case. It has tiny indicator light.,sky blue power bank found,train
L0117,F0075,0,same_group_nearby,True,False,True,286.4,2.4,I lost my blue earbuds case. It has tiny indicator light.,Found a pink watch. Features: square dial.,train
L0117,F0140,0,random,True,False,True,150.0,-147.87,I lost my blue earbuds case. It has tiny indicator light.,"Ye mila hai, owner ko batao: found blakc battery pack",train
L0117,F0197,0,random,True,False,False,527.7,199.1,I lost my blue earbuds case. It has tiny indicator light.,maroon-ish red rucksack found,train
L0118,F0126,1,positive,True,True,True,0.0,3.6,"I lost my blue Dell laptop. Features: 15 inch screen, keyboard lights up.","Found a blue Dell notebook computer. Details: backlit keyboard, 15 inch screen. Kept safely with me.",train
L0118,F0030,0,same_group_nearby,True,True,True,230.9,-6.42,"I lost my blue Dell laptop. Features: 15 inch screen, keyboard lights up.","Ye mila hai, owner ko batao: found a blue laptop. Details: sticker on the lid, 15 inch screen.",train
L0118,F0635,0,same_group_nearby,True,True,True,134.5,-64.55,"I lost my blue Dell laptop. Features: 15 inch screen, keyboard lights up.",Found white earbuds case,train
L0118,F0413,0,same_group_nearby,True,True,True,134.5,39.5,"I lost my blue Dell laptop. Features: 15 inch screen, keyboard lights up.",Found a black laptop. It has black sleeve.,train
L0118,F0666,0,random,True,False,True,172.0,-2.85,"I lost my blue Dell laptop. Features: 15 inch screen, keyboard lights up.",Found a green phone. Details: ring holder on the back.,train
L0118,F0665,0,random,True,False,True,172.0,495.05,"I lost my blue Dell laptop. Features: 15 inch screen, keyboard lights up.",Found a green OnePlus mobile. Details: crack on the top corner.,train
L0119,F0128,0,twin_hard_negative,False,True,True,0.0,1169.83,I lost my black notebook. Details: coloured sticky notes sticking out.,Found a black notebook. Features: coloured tsicky notes sticking out.,val
L0119,F0699,0,random,False,False,False,372.2,1400.43,I lost my black notebook. Details: coloured sticky notes sticking out.,grey umbrella found,val
L0119,F0221,0,random,False,False,False,282.8,989.23,I lost my black notebook. Details: coloured sticky notes sticking out.,Found a brown Titan specs box. It has hard case.,val
L0120,F0129,1,positive,True,True,True,0.0,5.12,I lost my maroon backpack. It has reflective strip.,"Found a maroon Puma backpack. Features: double zip on the front, a pocket on the side, reflective strip. Kept safely with me.",train
L0120,F0472,0,same_group_nearby,True,True,True,202.5,-26.32,I lost my maroon backpack. It has reflective strip.,Found a maroon Puma bag. Details: logo in whiet on the front.,train
L0120,F0594,0,same_group_nearby,True,False,True,0.0,18.4,I lost my maroon backpack. It has reflective strip.,dark red sports bag found,train
L0120,F0701,0,same_group_nearby,True,True,True,290.0,-54.7,I lost my maroon backpack. It has reflective strip.,maroon rucksack found,train
L0120,F0266,0,random,True,False,False,72.8,1126.97,I lost my maroon backpack. It has reflective strip.,"Found a blue calculator. It has hard slide-on cover, faded keys. Kept safely with me.",train
L0120,F0391,0,random,True,False,False,123.7,785.52,I lost my maroon backpack. It has reflective strip.,Found a green fitness band. Details: circular screen.,train
L0121,F0131,0,twin_hard_negative,False,True,True,247.0,36.65,"I lost my grey Asus laptop. It has keyboard lights up, sticker on the lid. Please contact me if found.","Found a grey Asus notebook computer. Features: fifteen inch display, sticker on the lid.",val
L0121,F0378,0,same_group_nearby,False,True,True,148.7,12.15,"I lost my grey Asus laptop. It has keyboard lights up, sticker on the lid. Please contact me if found.",Found a blue MacBook laptop. Details: sticker on the lid.,val
L0121,F0463,0,random,False,False,False,123.7,581.12,"I lost my grey Asus laptop. It has keyboard lights up, sticker on the lid. Please contact me if found.",blue flask found,val
L0121,F0223,0,random,False,False,False,350.0,944.8,"I lost my grey Asus laptop. It has keyboard lights up, sticker on the lid. Please contact me if found.",Found a black umbrella. It has one bent rib.,val
L0122,F0133,1,positive,True,False,True,290.0,7.92,silver keys lost,"Found a silver keys. It has steel ring, small padlock key.",val
L0122,F0132,0,twin_hard_negative,True,False,True,290.0,190.75,silver keys lost,"Found a silver keychain. It has steel ring, two-wheeler key with cover, plastic tag.",val
L0122,F0369,0,same_group_nearby,True,False,True,72.8,52.73,silver keys lost,Found a grey umbrella. Details: pattern on the border.,val
L0122,F0403,0,random,True,False,False,271.7,390.87,silver keys lost,grey notebook computer found,val
L0122,F0263,0,random,True,False,False,133.4,-1149.47,silver keys lost,Found a dark yellow notebook. Features: about two hundred pages.,val
L0123,F0134,1,positive,True,True,True,0.0,1.42,"I lost my white Realme earbuds case. Details: rubber cover, scuffed lid. Please contact me if found.",cream airpods case found,train
L0123,F0135,0,twin_hard_negative,True,True,True,0.0,-228.15,"I lost my white Realme earbuds case. Details: rubber cover, scuffed lid. Please contact me if found.",Found a white Realme small case. It has small LED light.,train
L0123,F0073,0,same_group_nearby,True,False,True,282.8,-36.43,"I lost my white Realme earbuds case. Details: rubber cover, scuffed lid. Please contact me if found.",Found a battery pack.,train
L0123,F0654,0,same_group_nearby,True,False,True,294.3,45.02,"I lost my white Realme earbuds case. Details: rubber cover, scuffed lid. Please contact me if found.",Found a blue laptop. Features: stickers on the top cover.,train
L0123,F0097,0,same_group_nearby,True,False,True,310.6,25.12,"I lost my white Realme earbuds case. Details: rubber cover, scuffed lid. Please contact me if found.","Ye mila hai, owner ko batao: found a light blue Ambrane charger bank. It has matte rubber finish.",train
L0123,F0113,0,random,True,True,True,380.5,-1195.93,"I lost my white Realme earbuds case. Details: rubber cover, scuffed lid. Please contact me if found.",blue small case found,train
L0123,F0735,0,random,True,False,False,223.6,-1321.27,"I lost my white Realme earbuds case. Details: rubber cover, scuffed lid. Please contact me if found.",red specs box fuond,train
L0124,F0135,1,positive,True,True,True,0.0,11.88,"I lost my white Realem earbuds case. Details: small LED light, silicone cover.",Found a white Realme small case. It has small LED light.,train
L0124,F0134,0,twin_hard_negative,True,True,True,0.0,241.45,"I lost my white Realem earbuds case. Details: small LED light, silicone cover.",cream airpods case found,train
L0124,F0079,0,same_group_nearby,True,False,True,223.6,-22.33,"I lost my white Realem earbuds case. Details: small LED light, silicone cover.","Found a white Syska battery pack. Details: type-C input, matte rubber finish.",train
L0124,F0198,0,same_group_nearby,True,False,True,294.3,-12.95,"I lost my white Realem earbuds case. Details: small LED light, silicone cover.","Found a black Samsung phone. Details: ring holder on the back, crack on the top corner. Kept safely with me.",train
L0124,F0686,0,same_group_nearby,True,False,True,294.3,-6.22,"I lost my white Realem earbuds case. Details: small LED light, silicone cover.","Found a white Apple charger. It has fast charging type, two-pin plug, cloth braided cable.",train
L0124,F0096,0,random,True,False,True,589.0,425.32,"I lost my white Realem earbuds case. Details: small LED light, silicone cover.","Found a green Motorola mobile. It has dual camera, transparent case. Kept safely with me.",train
L0124,F0356,0,random,True,True,True,332.4,504.17,"I lost my white Realem earbuds case. Details: small LED light, silicone cover.",Mujhe mila hai: found a pink airpods case. Features: scuffed lid.,train
L0125,F0136,1,positive,True,True,True,191.0,18.52,"I lost my grey Casio calculator. Features: scientific calculator, slide cover.",grey calculator found,test
L0125,F0695,0,random,True,False,False,191.0,-524.27,"I lost my grey Casio calculator. Features: scientific calculator, slide cover.","Found a blue laptop. It has black sleeve, stickers on the top cover, 15 inch screen. Kept safely with me.",test
L0125,F0648,0,random,True,False,True,170.9,-1100.82,"I lost my grey Casio calculator. Features: scientific calculator, slide cover.","Found a black Camlin record book. Details: spiral notebook, about two hundred pages, thick cover. Kept safely with me.",test
L0126,F0137,1,positive,True,True,True,0.0,0.62,I lost my grey Caiso calculator. Details: some keys faded.,silver-grey calculator found,val
L0126,F0110,0,random,True,True,True,410.5,37.03,I lost my grey Caiso calculator. Details: some keys faded.,grey calculator found,val
L0126,F0558,0,random,True,False,False,527.7,-1708.12,I lost my grey Caiso calculator. Details: some keys faded.,Found blue umbrelal,val
L0127,F0138,1,positive,True,True,True,269.3,1.95,Mera blue Citizen calculator lost kho gaya hai.,"Found a blue scientific calculator. It has solar panel, scientific type.",val
L0127,F0354,0,random,True,False,False,237.7,-913.25,Mera blue Citizen calculator lost kho gaya hai.,"Mujhe mila hai: found a grey Titan spectacle case. Features: small logo, soft pouch, zip closure. Kept safely with me.",val
L0127,F0068,0,random,True,False,False,148.7,426.27,Mera blue Citizen calculator lost kho gaya hai.,Found a navy blue umbrella. Details: automatic open button.,val
L0128,F0140,1,positive,True,True,True,134.5,0.77,I lost my black Syska battery pack. Details: USB-C port.,"Ye mila hai, owner ko batao: found blakc battery pack",train
L0128,F0141,0,twin_hard_negative,True,False,True,178.9,52.92,I lost my black Syska battery pack. Details: USB-C port.,Found a black Syska charger bank. It has matte rubber finish.,train
L0128,F0321,0,same_group_nearby,True,True,True,260.0,21.07,I lost my black Syska battery pack. Details: USB-C port.,"Mujhe mila hai: found a white Syska battery pack. It has slim body, four indicator lights.",train
L0128,F0481,0,same_group_nearby,True,False,True,126.5,-0.55,I lost my black Syska battery pack. Details: USB-C port.,Found a cream Noise charging case. It has small LED light.,train
L0128,F0663,0,same_group_nearby,True,False,True,349.9,31.52,I lost my black Syska battery pack. Details: USB-C port.,Found black notebook computer,train
L0128,F0526,0,random,True,False,False,372.2,799.78,I lost my black Syska battery pack. Details: USB-C port.,Found a bottle.,train
L0128,F0182,0,random,True,False,True,155.2,508.08,I lost my black Syska battery pack. Details: USB-C port.,Found a silver mobile. It has dual camera.,train
L0129,F0141,1,positive,True,False,True,178.9,1.6,"Lost my charger bank, it is black.",Found a black Syska charger bank. It has matte rubber finish.,train
L0129,F0140,0,twin_hard_negative,True,True,True,134.5,-50.55,"Lost my charger bank, it is black.","Ye mila hai, owner ko batao: found blakc battery pack",train
L0129,F0663,0,same_group_nearby,True,False,True,349.9,-19.8,"Lost my charger bank, it is black.",Found black notebook computer,train
L0129,F0321,0,same_group_nearby,True,True,True,260.0,-30.25,"Lost my charger bank, it is black.","Mujhe mila hai: found a white Syska battery pack. It has slim body, four indicator lights.",train
L0129,F0720,0,same_group_nearby,True,False,True,133.4,-4.85,"Lost my charger bank, it is black.",Found a silver notebook computer. Features: stickers on the top cover.,train
L0129,F0468,0,random,True,True,True,260.0,102.32,"Lost my charger bank, it is black.",Found a black Mi power bank. Features: type-C input.,train
L0129,F0361,0,random,True,False,False,269.3,656.7,"Lost my charger bank, it is black.","Mujhe mila hai: found a blue Casio calculator. It has some keys faded, solar strip on top.",train
L0130,F0142,1,positive,True,True,True,0.0,87.15,Kisi ko mila ho toh batao: i lost my green OnePlus smartphone. Features: dual camera.,Found a dark green OnePlus mobile. Details: two cameras at the back.,train
L0130,F0464,0,same_group_nearby,True,False,True,155.6,2.18,Kisi ko mila ho toh batao: i lost my green OnePlus smartphone. Features: dual camera.,Found a black battery pack. Features: matte rubber finish.,train
L0130,F0251,0,same_group_nearby,True,False,True,326.5,59.83,Kisi ko mila ho toh batao: i lost my green OnePlus smartphone. Features: dual camera.,"Mujhe mila hai: found a white battery pack. Features: matte rubber finish, slim body.",train
L0130,F0739,0,same_group_nearby,True,True,True,133.4,50.02,Kisi ko mila ho toh batao: i lost my green OnePlus smartphone. Features: dual camera.,Mujhe mila hai: found a phone.,train
L0130,F0604,0,random,True,False,False,133.4,299.5,Kisi ko mila ho toh batao: i lost my green OnePlus smartphone. Features: dual camera.,"Mujhe mila hai: found a black key bunch. Details: steel ring, small padlock key.",train
L0130,F0412,0,random,True,False,False,271.7,-18.48,Kisi ko mila ho toh batao: i lost my green OnePlus smartphone. Features: dual camera.,"Found a blue flask. Details: paint worn off in places, flip cap. Kept safely with me.",train
L0131,F0144,1,positive,True,True,True,0.0,2.07,"I lost my black Mi charger bank. It has slim body, four indicator lights.",black battery pack found,val
L0131,F0640,0,same_group_nearby,True,False,True,120.4,25.88,"I lost my black Mi charger bank. It has slim body, four indicator lights.",Found a blue smartphone. It has crack on the top corner.,val
L0131,F0530,0,same_group_nearby,True,False,True,134.2,69.75,"I lost my black Mi charger bank. It has slim body, four indicator lights.","Foudn a white Realme adapter with cable. It has two-pin adapter, cloth braided cable, fast charging type.",val
L0131,F0641,0,same_group_nearby,True,False,True,120.4,16.1,"I lost my black Mi charger bank. It has slim body, four indicator lights.",Found a phone.,val
L0131,F0573,0,random,True,False,True,228.0,489.62,"I lost my black Mi charger bank. It has slim body, four indicator lights.",Found a adapter with cable.,val
L0131,F0201,0,random,True,False,True,405.0,-979.68,"I lost my black Mi charger bank. It has slim body, four indicator lights.",Found a laptop.,val
L0132,F0145,1,positive,True,True,True,645.4,10.48,"I lost my dark grey keys. Features: plastic tag, tiny lock key, metal ring. Please contact me if found.",Mujhe mila hai: found a black keys. Features: steel ring.,val
L0132,F0355,0,random,True,False,True,480.8,143.37,"I lost my dark grey keys. Features: plastic tag, tiny lock key, metal ring. Please contact me if found.","Found a grey glasses case. Details: hard shell, cloth pouch type.",val
L0132,F0201,0,random,True,False,False,519.2,278.73,"I lost my dark grey keys. Features: plastic tag, tiny lock key, metal ring. Please contact me if found.",Found a laptop.,val
L0133,F0146,1,positive,True,False,True,0.0,47.7,I lost my grey laptop. It has fifteen inch display.,Found grey notebook computer,train
L0133,F0694,0,same_group_nearby,True,False,True,250.0,61.72,I lost my grey laptop. It has fifteen inch display.,Mujhe mila hai: found a white charger. Features: fast charger.,train
L0133,F0113,0,same_group_nearby,True,False,True,284.3,-63.88,I lost my grey laptop. It has fifteen inch display.,blue small case found,train
L0133,F0140,0,same_group_nearby,True,False,True,67.1,-45.27,I lost my grey laptop. It has fifteen inch display.,"Ye mila hai, owner ko batao: found blakc battery pack",train
L0133,F0268,0,random,True,False,False,67.1,19.73,I lost my grey laptop. It has fifteen inch display.,blue notebook found,train
L0133,F0317,0,random,True,False,True,134.2,752.25,I lost my grey laptop. It has fifteen inch display.,"Found a white Apple charger. Features: about 1.5 m cable, fast charger.",train
L0134,F0147,1,positive,True,True,True,0.0,16.27,"Lost my laptop, it is black.",black notebook computer found,train
L0134,F0218,0,same_group_nearby,True,False,True,290.0,20.95,"Lost my laptop, it is black.",Found a dark airpods case. It has scuffed lid.,train
L0134,F0142,0,same_group_nearby,True,False,True,290.0,-64.75,"Lost my laptop, it is black.",Found a dark green OnePlus mobile. Details: two cameras at the back.,train
L0134,F0118,0,same_group_nearby,True,True,True,0.0,21.48,"Lost my laptop, it is black.",Mujhe mila hai: grey notebook computer found,train
L0134,F0036,0,random,True,False,True,290.0,421.65,"Lost my laptop, it is black.",Found a off-white boAt smartwatch. It has rectangular screen.,train
L0134,F0726,0,random,True,False,True,386.0,289.35,"Lost my laptop, it is black.",Found a dark grey OnePlus earbuds case. Features: lanyard hook.,train
L0135,F0147,0,twin_hard_negative,False,True,True,0.0,507.17,"I lost my black Acer laptop. Details: in a black laptop sleeve, keyboard lights up.",black notebook computer found,train
L0135,F0674,0,same_group_nearby,False,False,True,134.5,-20.68,"I lost my black Acer laptop. Details: in a black laptop sleeve, keyboard lights up.",Found black earbuds case,train
L0135,F0041,0,random,False,False,True,522.0,1375.98,"I lost my black Acer laptop. Details: in a black laptop sleeve, keyboard lights up.",Found a light blue iPhone phone. It has dual camera.,train
L0135,F0046,0,random,False,False,False,742.5,1456.88,"I lost my black Acer laptop. Details: in a black laptop sleeve, keyboard lights up.","Found a light blue Casio calculator. Details: some keys faded, solar panel.",train
L0136,F0148,0,twin_hard_negative,False,True,True,134.5,395.17,I lost my brown key bunch. It has small padlock key.,"Ye mila hai, owner ko batao: found dark brown keys",train
L0136,F0084,0,same_group_nearby,False,False,True,0.0,-16.73,I lost my brown key bunch. It has small padlock key.,Found a red Popy umbrella. It has push-button opening.,train
L0136,F0646,0,same_group_nearby,False,False,True,328.0,45.72,I lost my brown key bunch. It has small padlock key.,Found a light blue specs box. Details: hard case.,train
L0136,F0400,0,same_group_nearby,False,True,True,328.0,26.62,I lost my brown key bunch. It has small padlock key.,"Found a tan key bunch. Details: plastic tag, two-wheeler key with cover.",train
L0136,F0401,0,random,False,False,False,405.0,870.38,I lost my brown key bunch. It has small padlock key.,"Found a blue Citizen scientific calculator. Features: scientific calculator, some keys faded. Kept safely with me.",train
L0136,F0101,0,random,False,False,False,510.4,504.68,I lost my brown key bunch. It has small padlock key.,Found a pink Tuppewrare bottle. Features: flip-top lid.,train
L0137,F0148,1,positive,True,True,True,0.0,55.98,I lost my brown keys. Features: bike key with a rubber cover.,"Ye mila hai, owner ko batao: found dark brown keys",train
L0137,F0339,0,same_group_nearby,True,False,True,330.2,16.95,I lost my brown keys. Features: bike key with a rubber cover.,"Found a grey umbrella. It has one bent rib, automatic open button.",train
L0137,F0479,0,same_group_nearby,True,False,True,290.0,13.77,I lost my brown keys. Features: bike key with a rubber cover.,Found a grey Fastrack umbrella. It has automatic open button.,train
L0137,F0717,0,random,True,False,False,0.0,320.58,I lost my brown keys. Features: bike key with a rubber cover.,Found a red Realme smartphone. Features: ring holder on the back.,train
L0137,F0034,0,random,True,False,True,570.1,-184.72,I lost my brown keys. Features: bike key with a rubber cover.,Found brown specs box,train
L0138,F0149,1,positive,True,True,True,0.0,7.58,"I lost my black HP laptop. Details: 15 inch screen, stickers on the top cover. Please contact me if found.",Found a black laptop. It has sticker on the lid.,val
L0138,F0573,0,same_group_nearby,True,False,True,340.1,-8.82,"I lost my black HP laptop. Details: 15 inch screen, stickers on the top cover. Please contact me if found.",Found a adapter with cable.,val
L0138,F0276,0,same_group_nearby,True,False,True,184.4,-20.25,"I lost my black HP laptop. Details: 15 inch screen, stickers on the top cover. Please contact me if found.",Found white charger bank,val
L0138,F0624,0,random,True,True,True,462.7,-1510.88,"I lost my black HP laptop. Details: 15 inch screen, stickers on the top cover. Please contact me if found.",Found a blue laptop. Features: fifteen inch display.,val
L0138,F0007,0,random,True,False,True,250.0,-1717.02,"I lost my black HP laptop. Details: 15 inch screen, stickers on the top cover. Please contact me if found.",Found a white adapter with cable. Details: braided cable.,val
L0139,F0179,0,same_group_nearby,False,False,True,271.7,45.42,I lost my black Woodland wallet. It has worn edges.,Found a dark brown keys. Details: tiny lock key.,train
L0139,F0380,0,same_group_nearby,False,False,True,206.2,19.63,I lost my black Woodland wallet. It has worn edges.,"Found a red specs box. Details: cloth pouch type, zippered.",train
L0139,F0185,0,same_group_nearby,False,False,True,286.4,4.72,I lost my black Woodland wallet. It has worn edges.,navy blue umbrella found,train
L0139,F0679,0,random,False,False,False,206.2,607.97,I lost my black Woodland wallet. It has worn edges.,"Found a black adapter with cable. Features: long cable, cloth braided cable, fast charging type.",train
L0139,F0750,0,random,False,False,False,176.9,584.92,I lost my black Woodland wallet. It has worn edges.,white smartwatch ofund,train
L0140,F0150,1,positive,True,True,True,134.2,20.1,"I lost my blue AirPods earbuds case. It has lanyard hook, rubber cover, scratches on the lid. Please contact me if found.",Found a blue AirPods earbuds case. Details: silicone cover.,train
L0140,F0151,0,twin_hard_negative,True,True,True,0.0,-43.63,"I lost my blue AirPods earbuds case. It has lanyard hook, rubber cover, scratches on the lid. Please contact me if found.","Found a blue AirPods charging case. Details: tiny indicator light, rubber cover.",train
L0140,F0114,0,same_group_nearby,True,False,True,349.9,5.52,"I lost my blue AirPods earbuds case. It has lanyard hook, rubber cover, scratches on the lid. Please contact me if found.",silver charger bank found,train
L0140,F0569,0,same_group_nearby,True,False,True,286.4,64.1,"I lost my blue AirPods earbuds case. It has lanyard hook, rubber cover, scratches on the lid. Please contact me if found.",Mujhe mila hai: found a blue phone. Details: two cameras at the back.,train
L0140,F0220,0,same_group_nearby,True,False,True,440.1,49.85,"I lost my blue AirPods earbuds case. It has lanyard hook, rubber cover, scratches on the lid. Please contact me if found.",white fitness band found,train
L0140,F0613,0,random,True,False,False,134.2,-797.53,"I lost my blue AirPods earbuds case. It has lanyard hook, rubber cover, scratches on the lid. Please contact me if found.","Ye mila hai, owner ko batao: found a black book. Features: spiral notebook.",train
L0140,F0690,0,random,True,False,False,284.3,-278.77,"I lost my blue AirPods earbuds case. It has lanyard hook, rubber cover, scratches on the lid. Please contact me if found.",Found gray calculator,train
L0141,F0151,1,positive,True,True,True,0.0,23.92,I lost my blue AirPods earbuds case. It has tiny indicator light.,"Found a blue AirPods charging case. Details: tiny indicator light, rubber cover.",train
L0141,F0150,0,twin_hard_negative,True,True,True,134.2,87.65,I lost my blue AirPods earbuds case. It has tiny indicator light.,Found a blue AirPods earbuds case. Details: silicone cover.,train
L0141,F0414,0,same_group_nearby,True,True,True,349.9,-52.93,I lost my blue AirPods earbuds case. It has tiny indicator light.,Found a notebook computer.,train
L0141,F0417,0,same_group_nearby,True,False,True,440.1,-39.18,I lost my blue AirPods earbuds case. It has tiny indicator light.,Found a white charger bank. It has thin power bank.,train
L0141,F0541,0,same_group_nearby,True,False,True,284.3,-26.77,I lost my blue AirPods earbuds case. It has tiny indicator light.,Found a blue battery pack. Details: matte rubber finish.,train
L0141,F0467,0,random,True,False,True,284.3,-816.58,I lost my blue AirPods earbuds case. It has tiny indicator light.,Found black watch,train
L0141,F0142,0,random,True,False,True,452.8,-658.33,I lost my blue AirPods earbuds case. It has tiny indicator light.,Found a dark green OnePlus mobile. Details: two cameras at the back.,train
L0142,F0152,0,twin_hard_negative,False,True,True,178.9,999.42,"I lost my white Syska power bank. Details: four indicator lights, thin power bank. Please contact me if found.","Found a white Syska battery pack. Features: type-C input, thin power bank. Kept safely with me.",val
L0142,F0007,0,same_group_nearby,False,False,True,282.8,38.77,"I lost my white Syska power bank. Details: four indicator lights, thin power bank. Please contact me if found.",Found a white adapter with cable. Details: braided cable.,val
L0142,F0447,0,random,False,False,False,380.5,1229.93,"I lost my white Syska power bank. Details: four indicator lights, thin power bank. Please contact me if found.",Found black bottle,val
L0142,F0558,0,random,False,False,False,412.3,53.88,"I lost my white Syska power bank. Details: four indicator lights, thin power bank. Please contact me if found.",Found blue umbrelal,val
L0143,F0152,1,positive,True,True,True,178.9,63.05,I lost my white battery pack. Features: type-C input.,"Found a white Syska battery pack. Features: type-C input, thin power bank. Kept safely with me.",val
L0143,F0330,0,same_group_nearby,True,False,True,263.1,-69.2,I lost my white battery pack. Features: type-C input.,Found a mobile.,val
L0143,F0067,0,random,True,False,True,447.8,522.12,I lost my white battery pack. Features: type-C input.,white adapter with cable found,val
L0143,F0284,0,random,True,False,False,223.6,-26.17,I lost my white battery pack. Features: type-C input.,Found a grey calculator. It has solar strip on top.,val
L0144,F0153,1,positive,True,False,True,134.2,16.35,"I lost my pink Lifelong umbrella. Details: push-button opening, folding type.","Found a pink umbrella. Details: foldable umbrella, automatic open button. Kept safely with me.",val
L0144,F0512,0,same_group_nearby,True,False,True,228.0,-0.15,"I lost my pink Lifelong umbrella. Details: push-button opening, folding type.",Found a card holder.,val
L0144,F0056,0,same_group_nearby,True,False,True,326.5,40.4,"I lost my pink Lifelong umbrella. Details: push-button opening, folding type.",Found a grey Popy umbrella. Features: bent rib.,val
L0144,F0221,0,same_group_nearby,True,False,True,304.1,49.97,"I lost my pink Lifelong umbrella. Details: push-button opening, folding type.",Found a brown Titan specs box. It has hard case.,val
L0144,F0475,0,random,True,False,False,362.2,128.15,"I lost my pink Lifelong umbrella. Details: push-button opening, folding type.",Found a earbuds case.,val
L0144,F0640,0,random,True,False,False,340.1,248.25,"I lost my pink Lifelong umbrella. Details: push-button opening, folding type.",Found a blue smartphone. It has crack on the top corner.,val
L0145,F0154,1,positive,True,True,True,0.0,87.92,Lost white charger,Found white adapter with cable,train
L0145,F0155,0,twin_hard_negative,True,True,True,0.0,-206.35,Lost white charger,Found a white Dell adapter with cable. Details: fast charger.,train
L0145,F0070,0,same_group_nearby,True,False,True,223.6,24.9,Lost white charger,Found a fitness band.,train
L0145,F0041,0,same_group_nearby,True,False,True,223.6,25.1,Lost white charger,Found a light blue iPhone phone. It has dual camera.,train
L0145,F0747,0,same_group_nearby,True,False,True,223.6,-17.17,Lost white charger,"Ye mila hai, owner ko batao: found a black smartphone. Features: cracked screen corner.",train
L0145,F0352,0,random,True,True,True,602.1,-1064.1,Lost white charger,Found a dark grey Realme adapter with cable. Details: braided cable.,train
L0145,F0180,0,random,True,False,True,653.0,-1371.87,Lost white charger,pink fitness band found,train
L0146,F0155,1,positive,True,True,True,0.0,62.92,"I lost my white Dell charger. It has fast charger, two-pin adapter.",Found a white Dell adapter with cable. Details: fast charger.,train
L0146,F0154,0,twin_hard_negative,True,True,True,0.0,357.18,"I lost my white Dell charger. It has fast charger, two-pin adapter.",Found white adapter with cable,train
L0146,F0134,0,same_group_nearby,True,False,True,223.6,-67.75,"I lost my white Dell charger. It has fast charger, two-pin adapter.",cream airpods case found,train
L0146,F0389,0,same_group_nearby,True,False,True,645.4,-42.5,"I lost my white Dell charger. It has fast charger, two-pin adapter.","Found a red Motorola mobile. It has dual camera, clear back cover.",train
L0146,F0417,0,same_group_nearby,True,False,True,645.4,-36.32,"I lost my white Dell charger. It has fast charger, two-pin adapter.",Found a white charger bank. It has thin power bank.,train
L0146,F0486,0,random,True,False,False,645.4,-1103.17,"I lost my white Dell charger. It has fast charger, two-pin adapter.",Found silver flask,train
L0146,F0220,0,random,True,False,True,645.4,120.27,"I lost my white Dell charger. It has fast charger, two-pin adapter.",white fitness band found,train
L0147,F0156,1,positive,True,True,True,0.0,3.52,I lost my black Apple charger. It has two-pin plug.,"Found a dark grey charger. Features: two-pin plug, about 1.5 m cable. Kept safely with me.",train
L0147,F0157,0,twin_hard_negative,True,True,True,150.0,-595.43,I lost my black Apple charger. It has two-pin plug.,Found a black adapter with cable. Details: fast charging type.,train
L0147,F0029,0,same_group_nearby,True,False,True,150.0,68.78,I lost my black Apple charger. It has two-pin plug.,Found light blue laptop,train
L0147,F0511,0,same_group_nearby,True,False,True,148.7,-39.43,I lost my black Apple charger. It has two-pin plug.,"Found a white Vivo phone. It has two cameras at the back, cracked screen corner.",train
L0147,F0635,0,same_group_nearby,True,False,True,70.7,41.08,I lost my black Apple charger. It has two-pin plug.,Found white earbuds case,train
L0147,F0305,0,random,True,False,False,304.6,-404.02,I lost my black Apple charger. It has two-pin plug.,brown purse found,train
L0147,F0423,0,random,True,False,False,269.3,646.92,I lost my black Apple charger. It has two-pin plug.,Found a silver Decathlon bottle. It has steel body.,train
L0148,F0157,1,positive,True,True,True,134.2,1.03,"I lost my dark grey Apple adapter with cable. It has long cable, fast charging type. Please contact me if found.",Found a black adapter with cable. Details: fast charging type.,train
L0148,F0156,0,twin_hard_negative,True,True,True,67.1,599.98,"I lost my dark grey Apple adapter with cable. It has long cable, fast charging type. Please contact me if found.","Found a dark grey charger. Features: two-pin plug, about 1.5 m cable. Kept safely with me.",train
L0148,F0239,0,same_group_nearby,True,False,True,250.0,6.02,"I lost my dark grey Apple adapter with cable. It has long cable, fast charging type. Please contact me if found.","Found a blue OnePlus phone. Details: crack on the top corner, transparent case.",train
L0148,F0168,0,same_group_nearby,True,False,True,136.0,39.5,"I lost my dark grey Apple adapter with cable. It has long cable, fast charging type. Please contact me if found.",Found a pink boAt watch. It has rectangular screen.,train
L0148,F0267,0,same_group_nearby,True,False,True,308.1,1.18,"I lost my dark grey Apple adapter with cable. It has long cable, fast charging type. Please contact me if found.",Found a cream charging case. Features: hook for a lanyard.,train
L0148,F0238,0,random,True,False,True,308.1,1394.25,"I lost my dark grey Apple adapter with cable. It has long cable, fast charging type. Please contact me if found.",Fuond a smartphone.,train
L0148,F0024,0,random,True,False,True,174.9,444.18,"I lost my dark grey Apple adapter with cable. It has long cable, fast charging type. Please contact me if found.","Found a pink Apple Watch fitness band. Features: scratch on the glass, circular screen, square dial. Kept safely with me.",train
L0149,F0158,1,positive,True,True,True,308.1,3.2,"I lost my blue Apple Watch smartwatch. Details: circular screen, scratch on the glass.",Found a blue fitness band. It has scratch on the glass.,train
L0149,F0500,0,same_group_nearby,True,False,True,250.0,-25.52,"I lost my blue Apple Watch smartwatch. Details: circular screen, scratch on the glass.","Found a white charigng case. Features: hook for a lanyard, tiny indicator light, rubber cover.",train
L0149,F0280,0,same_group_nearby,True,False,True,126.5,22.72,"I lost my blue Apple Watch smartwatch. Details: circular screen, scratch on the glass.","Found a dark AirPods airpods case. It has rubber cover, small LED light, scuffed lid.",train
L0149,F0247,0,same_group_nearby,True,False,True,67.1,19.45,"I lost my blue Apple Watch smartwatch. Details: circular screen, scratch on the glass.","Found a dark grey laptop. Details: keyboard lgihts up, fifteen inch display, black sleeve. Kept safely with me.",train
L0149,F0519,0,random,True,False,False,328.0,358.37,"I lost my blue Apple Watch smartwatch. Details: circular screen, scratch on the glass.",Found a grey specs box. It has hard case.,train
L0149,F0340,0,random,True,False,False,250.0,988.63,"I lost my blue Apple Watch smartwatch. Details: circular screen, scratch on the glass.","Found a brown Puma purse. It has metal logo, loosk like leather, zip coin pocket.",train
L0150,F0159,1,positive,True,True,True,0.0,2.23,"I lost my tan Woodland purse. It has zip coin pocket, looks like leather, worn edges. Please contact me if found.","Found a tan card holder. Features: zipper coin section, frayed at the edges, looks like leather.",train
L0150,F0179,0,same_group_nearby,True,False,True,271.7,-55.28,"I lost my tan Woodland purse. It has zip coin pocket, looks like leather, worn edges. Please contact me if found.",Found a dark brown keys. Details: tiny lock key.,train
L0150,F0596,0,same_group_nearby,True,True,True,134.2,70.5,"I lost my tan Woodland purse. It has zip coin pocket, looks like leather, worn edges. Please contact me if found.",Found a brown Fastrack card holder. It has worn edges.,train
L0150,F0264,0,same_group_nearby,True,True,True,134.2,-21.67,"I lost my tan Woodland purse. It has zip coin pocket, looks like leather, worn edges. Please contact me if found.",Found a wallet.,train
L0150,F0452,0,random,True,False,False,228.0,-1078.73,"I lost my tan Woodland purse. It has zip coin pocket, looks like leather, worn edges. Please contact me if found.",Found a notebook.,train
L0150,F0085,0,random,True,False,False,0.0,502.6,"I lost my tan Woodland purse. It has zip coin pocket, looks like leather, worn edges. Please contact me if found.",Found a grey backpack. Features: laptop compartment.,train
L0151,F0160,1,positive,True,True,True,0.0,3.73,"Lost my laptop, it is blue.",Found a sky blue MacBook notebook computer. It has fifteen inch display.,train
L0151,F0368,0,same_group_nearby,True,False,True,0.0,-68.03,"Lost my laptop, it is blue.",Found a off-white Anker power bank. It has rubber finish.,train
L0151,F0392,0,same_group_nearby,True,False,True,269.3,15.85,"Lost my laptop, it is blue.",Found a green Apple Watch watch. Features: rectangular screen.,train
L0151,F0539,0,same_group_nearby,True,False,True,280.2,25.97,"Lost my laptop, it is blue.",blakc mobile found,train
L0151,F0142,0,random,True,False,True,155.6,-232.78,"Lost my laptop, it is blue.",Found a dark green OnePlus mobile. Details: two cameras at the back.,train
L0151,F0266,0,random,True,False,False,201.2,645.05,"Lost my laptop, it is blue.","Found a blue calculator. It has hard slide-on cover, faded keys. Kept safely with me.",train
L0152,F0161,1,positive,True,True,True,184.4,2.18,I lost my pink fitness band. It has rectangular screen.,Found a rose watch. It has square dial.,train
L0152,F0569,0,same_group_nearby,True,False,True,120.4,-12.37,I lost my pink fitness band. It has rectangular screen.,Mujhe mila hai: found a blue phone. Details: two cameras at the back.,train
L0152,F0196,0,same_group_nearby,True,False,True,247.0,63.48,I lost my pink fitness band. It has rectangular screen.,cream earbuds case found,train
L0152,F0220,0,same_group_nearby,True,True,True,184.4,-26.62,I lost my pink fitness band. It has rectangular screen.,white fitness band found,train
L0152,F0264,0,random,True,False,False,250.0,-332.93,I lost my pink fitness band. It has rectangular screen.,Found a wallet.,train
L0152,F0748,0,random,True,False,True,750.0,-240.23,I lost my pink fitness band. It has rectangular screen.,Found pink earbuds case,train
L0153,F0402,0,same_group_nearby,False,False,True,128.1,12.92,"I lost my red Fastrack umbrella. Features: automatic open button, folding type.",Found a red keychain. Features: metal ring.,train
L0153,F0516,0,same_group_nearby,False,False,True,134.5,44.62,"I lost my red Fastrack umbrella. Features: automatic open button, folding type.","Found a navy blue Hidesign wallet. Details: zip coin pocket, frayed at the edges. Kept safely with me.",train
L0153,F0599,0,same_group_nearby,False,False,True,206.2,-1.93,"I lost my red Fastrack umbrella. Features: automatic open button, folding type.",Found a black spectacle case. Features: small logo.,train
L0153,F0339,0,random,False,True,True,0.0,-512.0,"I lost my red Fastrack umbrella. Features: automatic open button, folding type.","Found a grey umbrella. It has one bent rib, automatic open button.",train
L0153,F0286,0,random,False,True,True,70.7,-1514.95,"I lost my red Fastrack umbrella. Features: automatic open button, folding type.",Found navy blue umbrella,train
L0154,F0162,1,positive,True,True,True,186.8,3.15,I lost my black earbuds case. Features: hook for a lanyard.,black small case found,train
L0154,F0679,0,same_group_nearby,True,False,True,282.8,-24.68,I lost my black earbuds case. Features: hook for a lanyard.,"Found a black adapter with cable. Features: long cable, cloth braided cable, fast charging type.",train
L0154,F0376,0,same_group_nearby,True,False,True,247.0,-8.1,I lost my black earbuds case. Features: hook for a lanyard.,Foudn a blue Mi charger bank. Details: USB-C port.,train
L0154,F0750,0,same_group_nearby,True,False,True,58.3,-47.73,I lost my black earbuds case. Features: hook for a lanyard.,white smartwatch ofund,train
L0154,F0029,0,random,True,True,True,120.4,-1139.3,I lost my black earbuds case. Features: hook for a lanyard.,Found light blue laptop,train
L0154,F0491,0,random,True,False,False,184.4,-454.25,I lost my black earbuds case. Features: hook for a lanyard.,silver key bunch found,train
L0155,F0163,1,positive,True,False,True,133.4,0.77,Lost brown spectacles case,Found a tan spectacle case. Features: cloth pouch type.,train
L0155,F0582,0,same_group_nearby,True,True,True,126.5,4.3,Lost brown spectacles case,"Found a brown Lenskart glasess case. Features: hard shell, zip closure, tiny logo on the front.",train
L0155,F0471,0,same_group_nearby,True,True,True,0.0,5.37,Lost brown spectacles case,Found a tan glasses case. It has cloth pouch type.,train
L0155,F0753,0,same_group_nearby,True,False,True,260.0,-30.52,Lost brown spectacles case,silver key bunch found,train
L0155,F0422,0,random,True,False,False,269.3,268.1,Lost brown spectacles case,Found navy blue backpack,train
L0155,F0172,0,random,True,False,False,430.5,-326.73,Lost brown spectacles case,Found a orange flask. Details: flip-top lid.,train
L0156,F0164,1,positive,True,True,True,134.5,75.1,black Ambrane power bank lost,Found black charger bank,train
L0156,F0420,0,same_group_nearby,True,False,True,70.7,30.55,black Ambrane power bank lost,Found a light blue laptop. It has in a black laptop sleeve.,train
L0156,F0611,0,same_group_nearby,True,False,True,332.4,55.78,black Ambrane power bank lost,Found a green Amazfit smartwatch. Features: scratch on the glass.,train
L0156,F0182,0,same_group_nearby,True,False,True,0.0,-70.72,black Ambrane power bank lost,Found a silver mobile. It has dual camera.,train
L0156,F0064,0,random,True,True,True,420.1,-577.25,black Ambrane power bank lost,"Found a cream power bank. It has thin power bank, matte rubber finish, USB-C port.",train
L0156,F0665,0,random,True,False,True,206.2,428.62,black Ambrane power bank lost,Found a green OnePlus mobile. Details: crack on the top corner.,train
L0157,F0165,1,positive,True,False,True,0.0,1.28,I lost my black charger. It has about 1.5 m cable.,Found black charger,val
L0157,F0166,0,twin_hard_negative,True,True,True,58.3,-172.87,I lost my black charger. It has about 1.5 m cable.,"Found a black adapter with cable. Features: two-pin adapter, about 1.5 m cable. Kept safely with me.",val
L0157,F0755,0,random,True,False,False,250.0,-145.78,I lost my black charger. It has about 1.5 m cable.,Found a maroon wallet. It has zip coin pocket.,val
L0157,F0600,0,random,True,False,True,250.0,-719.95,I lost my black charger. It has about 1.5 m cable.,Found silver laptop,val
L0158,F0166,1,positive,True,True,True,0.0,47.23,I lost my black Mi charger. Details: long cable.,"Found a black adapter with cable. Features: two-pin adapter, about 1.5 m cable. Kept safely with me.",val
L0158,F0165,0,twin_hard_negative,True,False,True,58.3,221.38,I lost my black Mi charger. Details: long cable.,Found black charger,val
L0158,F0006,0,same_group_nearby,True,True,True,304.6,-40.05,I lost my black Mi charger. Details: long cable.,Found a white Samsung charger. Features: fast charging type.,val
L0158,F0106,0,random,True,False,False,611.9,899.43,I lost my black Mi charger. Details: long cable.,Found a black umbrella. Details: push-button opening.,val
L0158,F0031,0,random,True,True,True,230.9,472.0,I lost my black Mi charger. Details: long cable.,"Found a black Realme adapter with cable. Features: cloth braided cable, fast charger, long cable.",val
L0159,F0167,1,positive,True,True,True,134.2,21.3,"Lost my phone, it is red.",Found a red smartphone. Details: transparent case.,test
L0159,F0498,0,same_group_nearby,True,False,True,340.1,29.15,"Lost my phone, it is red.",Found a notebook computer.,test
L0159,F0192,0,same_group_nearby,True,False,True,237.7,-66.47,"Lost my phone, it is red.",Found a white Samsung charger. Details: two-pin plug.,test
L0159,F0638,0,same_group_nearby,True,False,True,216.3,34.13,"Lost my phone, it is red.","Found a white Mi battery pack. It has rubber finish, USB-C port, thin power bank. Kept safely with me.",test
L0159,F0060,0,random,True,False,False,340.1,292.72,"Lost my phone, it is red.","Found a navy blue American Tourister sports bag. Details: white logo, two front zips.",test
L0159,F0494,0,random,True,False,False,389.5,-642.95,"Lost my phone, it is red.","Ye mila hai, owenr ko batao: found a bottle.",test
L0160,F0168,1,positive,True,True,True,0.0,17.47,I lost my pink smartwatch. It has rubber strap.,Found a pink boAt watch. It has rectangular screen.,train
L0160,F0022,0,same_group_nearby,True,False,True,201.2,46.27,I lost my pink smartwatch. It has rubber strap.,"Mujhe mila hai: found a silver Dell laptop. Features: in a black laptop sleeve, backlit keyboard.",train
L0160,F0314,0,same_group_nearby,True,False,True,155.2,-21.07,I lost my pink smartwatch. It has rubber strap.,"Found a black Noise airpods case. Features: tiny indicator light, scratches on the lid.",train
L0160,F0211,0,same_group_nearby,True,True,True,330.2,26.22,I lost my pink smartwatch. It has rubber strap.,Found a green Fire-Boltt fitness band. It has round dial.,train
L0160,F0177,0,random,True,False,False,128.1,537.03,I lost my pink smartwatch. It has rubber strap.,"Mujhe mila hai: found a red keychain. Details: metal ring, small padlock key.",train
L0160,F0751,0,random,True,True,True,337.3,468.32,I lost my pink smartwatch. It has rubber strap.,Found a silver Syska power bank. Features: type-C input.,train
L0161,F0169,1,positive,True,True,True,282.8,22.4,"I lost my pink Lifelong umbrella. Features: pattern on the border, automatic open button, one bent rib. Please contact me if found.",light pink umbrella found,test
L0161,F0259,0,same_group_nearby,True,True,True,250.0,30.28,"I lost my pink Lifelong umbrella. Features: pattern on the border, automatic open button, one bent rib. Please contact me if found.","Found a pink umbrella. Details: bent rib, foldable umbrella, pattern on the border.",test
L0161,F0230,0,same_group_nearby,True,False,True,247.0,45.43,"I lost my pink Lifelong umbrella. Features: pattern on the border, automatic open button, one bent rib. Please contact me if found.","Found a black Woodland purse. Details: zip coin pocket, looks like leather, small metal logo. Kept safely with me.",test
L0161,F0534,0,random,True,False,False,370.5,-384.87,"I lost my pink Lifelong umbrella. Features: pattern on the border, automatic open button, one bent rib. Please contact me if found.",Found a black flask. Details: flip-top lid.,test
L0161,F0337,0,random,True,False,True,186.8,-884.32,"I lost my pink Lifelong umbrella. Features: pattern on the border, automatic open button, one bent rib. Please contact me if found.",Found brown key bunhc,test
L0162,F0170,1,positive,True,True,True,0.0,0.6,I lost my brown keys. Features: plastic tag.,brown keys found,test
L0162,F0008,0,same_group_nearby,True,False,True,230.9,6.53,I lost my brown keys. Features: plastic tag.,Found a specs box.,test
L0162,F0345,0,same_group_nearby,True,False,True,280.0,25.7,I lost my brown keys. Features: plastic tag.,"Found a navy blue Lifelong umbrella. It has one bent rib, foldable umbrella.",test
L0162,F0002,0,same_group_nearby,True,True,True,280.0,32.6,I lost my brown keys. Features: plastic tag.,Found a keys.,test
L0162,F0308,0,random,True,True,True,280.0,384.78,I lost my brown keys. Features: plastic tag.,brown key bunch found,test
L0162,F0489,0,random,True,False,False,134.5,1373.47,I lost my brown keys. Features: plastic tag.,grey calculator found,test
L0163,F0395,0,same_group_nearby,False,False,True,134.5,-19.15,"I lost my black Realme charger. Details: about 1.5 m cable, braided cable, fast charger.",Fuond a mobile.,train
L0163,F0593,0,same_group_nearby,False,False,True,277.8,45.8,"I lost my black Realme charger. Details: about 1.5 m cable, braided cable, fast charger.","Found a white Noise small case. Features: silicone cover, scuffed lid.",train
L0163,F0316,0,same_group_nearby,False,False,True,186.8,6.1,"I lost my black Realme charger. Details: about 1.5 m cable, braided cable, fast charger.","Found a white Apple adapter with cable. Features: long cable, cloth braided cable, two-pin plug.",train
L0163,F0374,0,random,False,False,True,10.0,-804.97,"I lost my black Realme charger. Details: about 1.5 m cable, braided cable, fast charger.",Found black fitness band,train
L0163,F0750,0,random,False,False,True,230.9,-15.83,"I lost my black Realme charger. Details: about 1.5 m cable, braided cable, fast charger.",white smartwatch ofund,train
L0164,F0172,1,positive,True,True,True,0.0,3.15,I lost my orange water bottle. Features: flip cap.,Found a orange flask. Details: flip-top lid.,train
L0164,F0589,0,same_group_nearby,True,True,True,230.2,21.6,I lost my orange water bottle. Features: flip cap.,"Ye mila hai, owner ko batao: found a blue Decathlon water bottle. Details: paint worn off in places.",train
L0164,F0454,0,random,True,False,False,410.0,1037.37,I lost my orange water bottle. Features: flip cap.,Found a black Dell notebook computer. Details: stickers on the top cover.,train
L0164,F0693,0,random,True,False,False,389.5,1724.22,I lost my orange water bottle. Features: flip cap.,"Found a black Wildcraft sports bag. It has reflective strip on the straps, padded laptop section, a pocket on the side. Kept safely with me.",train
L0165,F0600,0,same_group_nearby,False,False,True,308.1,-25.2,"Kisi ko mila ho toh batao: i lost my white smartwatch. Details: circular screen, scratch on the glass.",Found silver laptop,val
L0165,F0474,0,same_group_nearby,False,False,True,230.9,51.3,"Kisi ko mila ho toh batao: i lost my white smartwatch. Details: circular screen, scratch on the glass.","Found a craem Realme charging case. Details: scratches on the lid, tiny indicator light.",val
L0165,F0357,0,same_group_nearby,False,True,True,308.1,20.02,"Kisi ko mila ho toh batao: i lost my white smartwatch. Details: circular screen, scratch on the glass.",Found a smartwatch.,val
L0165,F0031,0,random,False,False,True,230.9,946.65,"Kisi ko mila ho toh batao: i lost my white smartwatch. Details: circular screen, scratch on the glass.","Found a black Realme adapter with cable. Features: cloth braided cable, fast charger, long cable.",val
L0165,F0128,0,random,False,False,False,58.3,875.8,"Kisi ko mila ho toh batao: i lost my white smartwatch. Details: circular screen, scratch on the glass.",Found a black notebook. Features: coloured tsicky notes sticking out.,val
L0166,F0518,0,random,False,False,False,260.0,-317.73,I lost my green Wildcraft backpack. Features: laptop compartment.,Found a calculator.,train
L0166,F0270,0,random,False,True,True,150.0,241.23,I lost my green Wildcraft backpack. Features: laptop compartment.,Found a bag.,train
L0167,F0174,1,positive,True,True,True,0.0,14.35,I lost my black Realme charger. It has two-pin adapter.,Found a black adapter with cable. Features: two-pin adapter.,test
L0167,F0175,0,twin_hard_negative,True,True,True,0.0,414.02,I lost my black Realme charger. It has two-pin adapter.,dark adapter with cable found,test
L0167,F0043,0,same_group_nearby,True,True,True,330.2,43.65,I lost my black Realme charger. It has two-pin adapter.,Found a black charger. Details: fast charger.,test
L0167,F0645,0,random,True,False,False,290.0,-236.2,I lost my black Realme charger. It has two-pin adapter.,Found grey backpack,test
L0167,F0430,0,random,True,False,True,742.5,218.23,I lost my black Realme charger. It has two-pin adapter.,"Ye mila hai, owner ko batao: found a earbuds case.",test
L0168,F0175,1,positive,True,True,True,0.0,0.03,"I lost my black Realme charger. Features: two-pin adapter, long cable.",dark adapter with cable found,test
L0168,F0174,0,twin_hard_negative,True,True,True,0.0,-399.63,"I lost my black Realme charger. Features: two-pin adapter, long cable.",Found a black adapter with cable. Features: two-pin adapter.,test
L0168,F0214,0,same_group_nearby,True,False,True,0.0,42.22,"I lost my black Realme charger. Features: two-pin adapter, long cable.",Found a green smartwatch. Details: round dial.,test
L0168,F0645,0,random,True,False,False,290.0,-650.18,"I lost my black Realme charger. Features: two-pin adapter, long cable.",Found grey backpack,test
L0168,F0533,0,random,True,False,False,461.0,-641.08,"I lost my black Realme charger. Features: two-pin adapter, long cable.",Found a black water bottle. It has scratched paint.,test
L0169,F0176,1,positive,True,True,True,0.0,16.08,"I lost my grey Citizen calculator. Details: solar strip on top, some keys faded. Please contact me if found.",Found a silver-grey Citizen calculator. It has some keys faded.,train
L0169,F0398,0,same_group_nearby,True,False,True,277.8,71.97,"I lost my grey Citizen calculator. Details: solar strip on top, some keys faded. Please contact me if found.",Found red record book,train
L0169,F0095,0,same_group_nearby,True,True,True,155.2,-58.98,"I lost my grey Citizen calculator. Details: solar strip on top, some keys faded. Please contact me if found.",Found a calculator.,train
L0169,F0579,0,same_group_nearby,True,True,True,277.8,-3.48,"I lost my grey Citizen calculator. Details: solar strip on top, some keys faded. Please contact me if found.",Found a grey calculator. Features: some keys faded.,train
L0169,F0438,0,random,True,False,False,372.2,1094.75,"I lost my grey Citizen calculator. Details: solar strip on top, some keys faded. Please contact me if found.",Found a grey Syska battery pack. Details: thin power bank.,train
L0169,F0759,0,random,True,False,False,126.5,452.63,"I lost my grey Citizen calculator. Details: solar strip on top, some keys faded. Please contact me if found.",Found a black charger. Features: long cable.,train
L0170,F0177,1,positive,True,False,True,164.0,4.9,red key bunch lost,"Mujhe mila hai: found a red keychain. Details: metal ring, small padlock key.",train
L0170,F0575,0,same_group_nearby,True,False,True,176.9,27.32,red key bunch lost,Fonud a brown Fastrack wallet. Details: metal logo.,train
L0170,F0722,0,same_group_nearby,True,False,True,260.0,48.47,red key bunch lost,Found a dark brown Titan spectacle case. Details: tiny logo on the front.,train
L0170,F0637,0,same_group_nearby,True,False,True,0.0,40.45,red key bunch lost,Found a olive green umbrella. Details: bent rib.,train
L0170,F0449,0,random,True,False,False,286.4,991.42,red key bunch lost,"Found a black Realme adapter with cable. Features: about 1.5 m cable, fast charging type. Kept safely with me.",train
L0170,F0249,0,random,True,False,False,120.4,879.83,red key bunch lost,"Found a pink AirPods charging case. Features: small LED light, lanyard hook, scratches on the lid.",train
L0171,F0178,1,positive,True,True,True,170.9,28.75,Lost pink smartwatch,pink fitness band found,train
L0171,F0394,0,same_group_nearby,True,False,True,304.1,13.97,Lost pink smartwatch,Mujhe mila hai: silver smartphone found,train
L0171,F0720,0,same_group_nearby,True,False,True,326.5,-27.47,Lost pink smartwatch,Found a silver notebook computer. Features: stickers on the top cover.,train
L0171,F0088,0,same_group_nearby,True,True,True,304.1,-12.75,Lost pink smartwatch,white fitness band found,train
L0171,F0702,0,random,True,False,False,481.7,977.98,Lost pink smartwatch,"Found a red book. Features: spiral bound, sticky notes inside, thick cover.",train
L0171,F0123,0,random,True,False,False,362.2,457.23,Lost pink smartwatch,Found a grey calculator. It has hard slide-on cover.,train
L0172,F0179,1,positive,True,True,True,0.0,15.68,"Kisi ko mila ho toh batao: i lost my brown keys. It has metal ring, tiny lock key, plastic tag.",Found a dark brown keys. Details: tiny lock key.,train
L0172,F0148,0,same_group_nearby,True,True,True,290.0,-36.5,"Kisi ko mila ho toh batao: i lost my brown keys. It has metal ring, tiny lock key, plastic tag.","Ye mila hai, owner ko batao: found dark brown keys",train
L0172,F0243,0,same_group_nearby,True,True,True,174.9,-17.45,"Kisi ko mila ho toh batao: i lost my brown keys. It has metal ring, tiny lock key, plastic tag.","Found a black keychain. Details: plastic tag, tiny lock key.",train
L0172,F0380,0,same_group_nearby,True,False,True,72.8,-10.1,"Kisi ko mila ho toh batao: i lost my brown keys. It has metal ring, tiny lock key, plastic tag.","Found a red specs box. Details: cloth pouch type, zippered.",train
L0172,F0444,0,random,True,False,False,326.5,435.2,"Kisi ko mila ho toh batao: i lost my brown keys. It has metal ring, tiny lock key, plastic tag.",Found a metallic phone. It has pop socket on the back.,train
L0172,F0543,0,random,True,False,False,271.7,181.82,"Kisi ko mila ho toh batao: i lost my brown keys. It has metal ring, tiny lock key, plastic tag.",Found a red Camlin notebook. It has hard cover.,train
L0173,F0180,1,positive,True,True,True,0.0,48.35,I lost my pink Amazfit watch. It has silicone strap.,pink fitness band found,train
L0173,F0199,0,same_group_nearby,True,False,True,186.8,52.45,I lost my pink Amazfit watch. It has silicone strap.,Found pink small case,train
L0173,F0125,0,same_group_nearby,True,False,True,230.9,55.52,I lost my pink Amazfit watch. It has silicone strap.,Found a blue AirPods earbuds case. Features: lanyard hook.,train
L0173,F0694,0,same_group_nearby,True,False,True,186.8,11.45,I lost my pink Amazfit watch. It has silicone strap.,Mujhe mila hai: found a white charger. Features: fast charger.,train
L0173,F0376,0,random,True,False,True,148.7,1510.42,I lost my pink Amazfit watch. It has silicone strap.,Foudn a blue Mi charger bank. Details: USB-C port.,train
L0173,F0231,0,random,True,False,True,0.0,1356.12,I lost my pink Amazfit watch. It has silicone strap.,"Ye mila hai, owner ko batao: found blue laptop",train
L0174,F0181,1,positive,True,True,True,186.8,2.32,I lost my blue Citizen calculator. Details: solar strip on top.,Found light blue scientific calculator,train
L0174,F0173,0,same_group_nearby,True,False,True,58.3,-33.32,I lost my blue Citizen calculator. Details: solar strip on top.,Found a book.,train
L0174,F0296,0,same_group_nearby,True,True,True,58.3,7.1,I lost my blue Citizen calculator. Details: solar strip on top.,"Ye mila hai, owner ko batao: found a sky blue Casio scientific calculator. Features: scientific type, some keys faded.",train
L0174,F0251,0,random,True,False,False,340.1,321.87,I lost my blue Citizen calculator. Details: solar strip on top.,"Mujhe mila hai: found a white battery pack. Features: matte rubber finish, slim body.",train
L0174,F0161,0,random,True,False,False,184.4,1153.72,I lost my blue Citizen calculator. Details: solar strip on top.,Found a rose watch. It has square dial.,train
L0175,F0182,0,twin_hard_negative,False,True,True,332.4,-333.82,"I lost my silver Samsung phone. Details: two cameras at the back, clear back cover, crack on the top corner.",Found a silver mobile. It has dual camera.,train
L0175,F0392,0,same_group_nearby,False,False,True,310.6,-1.48,"I lost my silver Samsung phone. Details: two cameras at the back, clear back cover, crack on the top corner.",Found a green Apple Watch watch. Features: rectangular screen.,train
L0175,F0510,0,same_group_nearby,False,True,True,332.4,-39.2,"I lost my silver Samsung phone. Details: two cameras at the back, clear back cover, crack on the top corner.","Fuond a white Vivo phone. It has dual camera, ring holder on the back. Kept safely with me.",train
L0175,F0439,0,same_group_nearby,False,False,True,223.6,5.17,"I lost my silver Samsung phone. Details: two cameras at the back, clear back cover, crack on the top corner.",Found a cream adapter with cable. Details: cloth braided cable.,train
L0175,F0030,0,random,False,False,True,589.0,-335.95,"I lost my silver Samsung phone. Details: two cameras at the back, clear back cover, crack on the top corner.","Ye mila hai, owner ko batao: found a blue laptop. Details: sticker on the lid, 15 inch screen.",train
L0175,F0220,0,random,False,False,True,447.8,525.62,"I lost my silver Samsung phone. Details: two cameras at the back, clear back cover, crack on the top corner.",white fitness band found,train
L0176,F0182,1,positive,True,True,True,155.2,3.87,"I lost my sliver Samsung phone. It has dual camera, pop socket on the back.",Found a silver mobile. It has dual camera.,train
L0176,F0467,0,same_group_nearby,True,False,True,126.5,-70.68,"I lost my sliver Samsung phone. It has dual camera, pop socket on the back.",Found black watch,train
L0176,F0251,0,same_group_nearby,True,False,True,216.3,60.25,"I lost my sliver Samsung phone. It has dual camera, pop socket on the back.","Mujhe mila hai: found a white battery pack. Features: matte rubber finish, slim body.",train
L0176,F0304,0,same_group_nearby,True,False,True,134.5,22.15,"I lost my sliver Samsung phone. It has dual camera, pop socket on the back.",Found a blue notebook computer. Features: keyboard lights up.,train
L0176,F0215,0,random,True,False,True,260.0,484.03,"I lost my sliver Samsung phone. It has dual camera, pop socket on the back.",Found dark power bank,train
L0176,F0339,0,random,True,False,False,155.2,432.15,"I lost my sliver Samsung phone. It has dual camera, pop socket on the back.","Found a grey umbrella. It has one bent rib, automatic open button.",train
L0177,F0367,0,same_group_nearby,False,True,True,447.8,32.28,I lost my black notebook. It has spiral notebook.,Found a black notebook. Details: sticky notes inside.,train
L0177,F0623,0,same_group_nearby,False,True,True,178.9,-70.18,I lost my black notebook. It has spiral notebook.,"Found a grey scientific calculator. It has scientific calculator, slide cover, faded keys. Kept safely with me.",train
L0177,F0023,0,same_group_nearby,False,True,True,294.3,32.23,I lost my black notebook. It has spiral notebook.,Found a black Camlin book. Details: about two hundred pages.,train
L0177,F0389,0,random,False,False,False,447.8,292.67,I lost my black notebook. It has spiral notebook.,"Found a red Motorola mobile. It has dual camera, clear back cover.",train
L0177,F0127,0,random,False,False,False,447.8,-808.12,I lost my black notebook. It has spiral notebook.,Found a black key bunch. It has steel ring.,train
L0178,F0183,1,positive,True,True,True,58.3,1.12,I lost my silver keys. Features: bike key with a rubber cover.,Found a silver keychain. Features: small padlock key.,test
L0178,F0214,0,random,True,False,False,570.1,933.0,I lost my silver keys. Features: bike key with a rubber cover.,Found a green smartwatch. Details: round dial.,test
L0178,F0446,0,random,True,False,True,750.0,869.2,I lost my silver keys. Features: bike key with a rubber cover.,Found a light pink Fastrack umbrella. It has one bent rib.,test
L0179,F0184,1,positive,True,False,True,176.9,20.3,I lost my blue calculator. It has solar strip on top.,Found a blue Casio calculator. Features: some keys faded.,train
L0179,F0012,0,same_group_nearby,True,False,True,0.0,-16.9,I lost my blue calculator. It has solar strip on top.,Found a silver-grey calculator. It has slide cover.,train
L0179,F0727,0,same_group_nearby,True,False,True,0.0,26.48,I lost my blue calculator. It has solar strip on top.,"Found a blue Casio calculator. It has solar strip on top, scientific calculator, faded keys. Kept safely with me.",train
L0179,F0697,0,same_group_nearby,True,False,True,134.2,30.07,I lost my blue calculator. It has solar strip on top.,Found a sky blue scientific calculator. Details: hard slide-on cover.,train
L0179,F0676,0,random,True,False,False,412.3,270.08,I lost my blue calculator. It has solar strip on top.,dark green mobile found,train
L0179,F0574,0,random,True,False,False,0.0,391.8,I lost my blue calculator. It has solar strip on top.,Found a red mobile. Details: two cameras at the back.,train
L0180,F0185,1,positive,True,True,True,0.0,0.75,I lost my navy blue umbrella. Features: printed edges.,navy blue umbrella found,train
L0180,F0243,0,same_group_nearby,True,False,True,284.3,8.32,I lost my navy blue umbrella. Features: printed edges.,"Found a black keychain. Details: plastic tag, tiny lock key.",train
L0180,F0435,0,same_group_nearby,True,False,True,0.0,-58.37,I lost my navy blue umbrella. Features: printed edges.,"Found a navy blue Lifelong umbrella. It has printed edges, one bent rib. Kept safely with me.",train
L0180,F0513,0,random,True,False,False,608.3,19.98,I lost my navy blue umbrella. Features: printed edges.,"Found a white watch. Features: scratch on the glass, silicone strap, rectangular screen. Kept safely with me.",train
L0180,F0458,0,random,True,False,False,742.5,332.93,I lost my navy blue umbrella. Features: printed edges.,Found a smartphone.,train
L0181,F0186,1,positive,True,False,True,170.9,41.1,I lost my maroon wallet. Details: zipper coin section.,"Found a maroon Hidesign purse. Features: leather finish, zip coin pocket, metal logo. Kept safely with me.",val
L0181,F0009,0,same_group_nearby,True,False,True,67.1,56.07,I lost my maroon wallet. Details: zipper coin section.,"Found a pink Fastrack umbrella. It has folding type, pattern on the border.",val
L0181,F0193,0,same_group_nearby,True,False,True,0.0,2.68,I lost my maroon wallet. Details: zipper coin section.,Mujhe mila hai: found tan specs box,val
L0181,F0263,0,random,True,False,False,126.5,-1298.25,I lost my maroon wallet. Details: zipper coin section.,Found a dark yellow notebook. Features: about two hundred pages.,val
L0181,F0224,0,random,True,False,True,284.3,237.05,I lost my maroon wallet. Details: zipper coin section.,"Found a black Fastrack umbrella. Details: printed edges, folding type.",val
L0182,F0187,1,positive,True,False,True,0.0,18.82,"I lost my white Samsung phone. It has clear back cover, two cameras at the back, cracked screen corner.","Found a white Samsung phone. Details: transparent case, two cameras at the back, crack on the top corner. Kept safely with me.",train
L0182,F0252,0,same_group_nearby,True,False,True,134.2,0.7,"I lost my white Samsung phone. It has clear back cover, two cameras at the back, cracked screen corner.",white charger bank found,train
L0182,F0094,0,same_group_nearby,True,False,True,440.1,-20.57,"I lost my white Samsung phone. It has clear back cover, two cameras at the back, cracked screen corner.",black fitness band found,train
L0182,F0574,0,same_group_nearby,True,False,True,286.4,29.62,"I lost my white Samsung phone. It has clear back cover, two cameras at the back, cracked screen corner.",Found a red mobile. Details: two cameras at the back.,train
L0182,F0172,0,random,True,False,False,406.1,-1576.97,"I lost my white Samsung phone. It has clear back cover, two cameras at the back, cracked screen corner.",Found a orange flask. Details: flip-top lid.,train
L0182,F0215,0,random,True,False,True,286.4,-427.6,"I lost my white Samsung phone. It has clear back cover, two cameras at the back, cracked screen corner.",Found dark power bank,train
L0183,F0095,0,same_group_nearby,False,True,True,155.2,-57.63,"I lost my gray Casio calculator. Details: solar panel, scientific calculator. Please contact me if found.",Found a calculator.,train
L0183,F0579,0,same_group_nearby,False,True,True,277.8,-2.13,"I lost my gray Casio calculator. Details: solar panel, scientific calculator. Please contact me if found.",Found a grey calculator. Features: some keys faded.,train
L0183,F0358,0,same_group_nearby,False,True,True,133.4,68.63,"I lost my gray Casio calculator. Details: solar panel, scientific calculator. Please contact me if found.",Found a grey Casio calculator. Features: slide cover.,train
L0183,F0140,0,random,False,False,False,134.5,70.98,"I lost my gray Casio calculator. Details: solar panel, scientific calculator. Please contact me if found.","Ye mila hai, owner ko batao: found blakc battery pack",train
L0183,F0757,0,random,False,False,False,133.4,126.02,"I lost my gray Casio calculator. Details: solar panel, scientific calculator. Please contact me if found.",Found blue battery pack,train
L0184,F0188,1,positive,True,True,True,0.0,19.25,"I lost my off-white Realme charger. It has long cable, two-pin plug.",Found a white Realme charger. It has about 1.5 m cable.,train
L0184,F0488,0,same_group_nearby,True,False,True,0.0,68.3,"I lost my off-white Realme charger. It has long cable, two-pin plug.",Found a silver Realme battery pack. Details: matte rubber finish.,train
L0184,F0605,0,same_group_nearby,True,False,True,645.4,-40.82,"I lost my off-white Realme charger. It has long cable, two-pin plug.",Found a white smartwatch. Features: glass slightly scratched.,train
L0184,F0545,0,same_group_nearby,True,True,True,645.4,52.58,"I lost my off-white Realme charger. It has long cable, two-pin plug.","Ye mila hai, owner ko batao: found a white charger. Details: two-pin plug.",train
L0184,F0633,0,random,True,False,False,645.4,-525.65,"I lost my off-white Realme charger. It has long cable, two-pin plug.",Found a card holder.,train
L0184,F0179,0,random,True,False,False,463.2,377.98,"I lost my off-white Realme charger. It has long cable, two-pin plug.",Found a dark brown keys. Details: tiny lock key.,train
L0185,F0189,1,positive,True,True,True,0.0,2.48,I lost my navy blue American Tourister sports bag. Details: laptop compartment.,Found a navy blue bag. It has two front zips.,train
L0185,F0424,0,same_group_nearby,True,True,True,269.3,-33.15,I lost my navy blue American Tourister sports bag. Details: laptop compartment.,Found maroon backpack,train
L0185,F0616,0,same_group_nearby,True,True,True,269.3,0.2,I lost my navy blue American Tourister sports bag. Details: laptop compartment.,"Found a grey American Tourister rucksack. Details: logo in white on the front, small tear by the strap, double zip on the front.",train
L0185,F0586,0,random,True,False,False,123.7,-1005.87,I lost my navy blue American Tourister sports bag. Details: laptop compartment.,Found a blue water bottle. It has steel body.,train
L0185,F0188,0,random,True,False,False,516.2,-366.0,I lost my navy blue American Tourister sports bag. Details: laptop compartment.,Found a white Realme charger. It has about 1.5 m cable.,train
L0186,F0190,1,positive,True,True,True,178.9,2.5,"Kisi ko mila ho toh batao: i lost my grey Wildcraft wallet. Details: frayed at the edges, zipper coin section, small metal logo. Please contact me if found.","Found a grey purse. Details: zipper coin section, frayed at the edges, metal logo. Kept safely with me.",train
L0186,F0264,0,same_group_nearby,True,True,True,126.5,-17.1,"Kisi ko mila ho toh batao: i lost my grey Wildcraft wallet. Details: frayed at the edges, zipper coin section, small metal logo. Please contact me if found.",Found a wallet.,train
L0186,F0042,0,same_group_nearby,True,False,True,216.3,44.4,"Kisi ko mila ho toh batao: i lost my grey Wildcraft wallet. Details: frayed at the edges, zipper coin section, small metal logo. Please contact me if found.",Found a brown Titan specs box. Details: hard case.,train
L0186,F0159,0,same_group_nearby,True,True,True,260.0,6.8,"Kisi ko mila ho toh batao: i lost my grey Wildcraft wallet. Details: frayed at the edges, zipper coin section, small metal logo. Please contact me if found.","Found a tan card holder. Features: zipper coin section, frayed at the edges, looks like leather.",train
L0186,F0044,0,random,True,False,False,216.3,-425.28,"Kisi ko mila ho toh batao: i lost my grey Wildcraft wallet. Details: frayed at the edges, zipper coin section, small metal logo. Please contact me if found.",Found a gray Skybags sports bag. It has slightly torn near the strap.,train
L0186,F0551,0,random,True,False,False,277.8,515.52,"Kisi ko mila ho toh batao: i lost my grey Wildcraft wallet. Details: frayed at the edges, zipper coin section, small metal logo. Please contact me if found.","Found a black Puma rucksack. It has logo in white on the front, reflective strip.",train
L0187,F0191,1,positive,True,True,True,0.0,8.28,"I lost my red Titan specatcle case. It has tiny logo on the front, hard shell.","Found a red Titan glasses case. It has tiny logo on the front, hard case.",train
L0187,F0482,0,same_group_nearby,True,False,True,277.8,-69.42,"I lost my red Titan specatcle case. It has tiny logo on the front, hard shell.",Mujhe mila hai: silver keys found,train
L0187,F0217,0,same_group_nearby,True,False,True,216.3,-66.7,"I lost my red Titan specatcle case. It has tiny logo on the front, hard shell.","Found a black Wildcraft purse. It has zip coin pocket, metal logo.",train
L0187,F0328,0,same_group_nearby,True,True,True,126.5,48.92,"I lost my red Titan specatcle case. It has tiny logo on the front, hard shell.",tan spectacle case found,train
L0187,F0335,0,random,True,False,False,134.5,-1122.32,"I lost my red Titan specatcle case. It has tiny logo on the front, hard shell.",Found a fitness band.,train
L0187,F0344,0,random,True,False,True,0.0,-640.52,"I lost my red Titan specatcle case. It has tiny logo on the front, hard shell.",Found a keychain.,train
L0188,F0192,1,positive,True,True,True,0.0,2.82,I lost my off-white charger. Details: two-pin plug.,Found a white Samsung charger. Details: two-pin plug.,test
L0188,F0111,0,same_group_nearby,True,False,True,150.0,46.28,I lost my off-white charger. Details: two-pin plug.,Found a olive green Apple Watch fitness band. Details: scratch on the glass.,test
L0188,F0117,0,same_group_nearby,True,False,True,237.7,36.93,I lost my off-white charger. Details: two-pin plug.,"Found a green Samsung smartphone. Features: transparent case, two cameras at the back.",test
L0188,F0301,0,same_group_nearby,True,False,True,134.5,65.72,I lost my off-white charger. Details: two-pin plug.,Found a blue laptop. It has backlit keyboard.,test
L0188,F0327,0,random,True,False,False,148.7,-77.2,I lost my off-white charger. Details: two-pin plug.,"Mujhe mila hai: found a green bottle. Details: stainless steel, one litre bottle.",test
L0188,F0498,0,random,True,False,True,247.0,98.43,I lost my off-white charger. Details: two-pin plug.,Found a notebook computer.,test
L0189,F0193,1,positive,True,True,True,0.0,0.63,I lost my brown spectacles case. Details: small logo.,Mujhe mila hai: found tan specs box,val
L0189,F0009,0,same_group_nearby,True,False,True,67.1,54.02,I lost my brown spectacles case. Details: small logo.,"Found a pink Fastrack umbrella. It has folding type, pattern on the border.",val
L0189,F0186,0,same_group_nearby,True,False,True,170.9,39.05,I lost my brown spectacles case. Details: small logo.,"Found a maroon Hidesign purse. Features: leather finish, zip coin pocket, metal logo. Kept safely with me.",val
L0189,F0152,0,random,True,False,False,126.5,-374.07,I lost my brown spectacles case. Details: small logo.,"Found a white Syska battery pack. Features: type-C input, thin power bank. Kept safely with me.",val
L0189,F0546,0,random,True,False,False,126.5,-960.88,I lost my brown spectacles case. Details: small logo.,Found a dark green Camlin notebook. Features: hard cover.,val
L0190,F0195,1,positive,True,True,True,0.0,3.62,"I lost my black Ambrane power bank. Features: matte rubber finish, slim body, LED indicator.",Mujhe mila hai: found a power bank.,train
L0190,F0157,0,same_group_nearby,True,False,True,134.2,-23.68,"I lost my black Ambrane power bank. Features: matte rubber finish, slim body, LED indicator.",Found a black adapter with cable. Details: fast charging type.,train
L0190,F0509,0,same_group_nearby,True,False,True,126.5,22.0,"I lost my black Ambrane power bank. Features: matte rubber finish, slim body, LED indicator.",Found a pink charging case. It has small LED light.,train
L0190,F0500,0,same_group_nearby,True,False,True,250.0,-25.0,"I lost my black Ambrane power bank. Features: matte rubber finish, slim body, LED indicator.","Found a white charigng case. Features: hook for a lanyard, tiny indicator light, rubber cover.",train
L0190,F0322,0,random,True,False,False,134.2,335.67,"I lost my black Ambrane power bank. Features: matte rubber finish, slim body, LED indicator.",Found a silver key bunch. Details: bike key with a rubber cover.,train
L0190,F0705,0,random,True,False,False,308.1,198.43,"I lost my black Ambrane power bank. Features: matte rubber finish, slim body, LED indicator.","Mujhe mila hai: found a sky blue flask. It has flip-top lid, one liter bottle, stainless steel. Kept safely with me.",train
L0191,F0196,1,positive,True,True,True,148.7,18.48,"I lost my white Realme charging case. Features: silicone cover, scratches on the lid.",cream earbuds case found,train
L0191,F0161,0,same_group_nearby,True,False,True,10.0,-42.82,"I lost my white Realme charging case. Features: silicone cover, scratches on the lid.",Found a rose watch. It has square dial.,train
L0191,F0728,0,same_group_nearby,True,True,True,202.5,-18.05,"I lost my white Realme charging case. Features: silicone cover, scratches on the lid.",Found a black earbuds case. Features: scratches on the lid.,train
L0191,F0014,0,same_group_nearby,True,False,True,0.0,-71.35,"I lost my white Realme charging case. Features: silicone cover, scratches on the lid.","Ye mila hai, owner ko batao: found a black adapter with cable. It has two-pin plug, fast charging type.",train
L0191,F0147,0,random,True,False,True,383.3,-766.33,"I lost my white Realme charging case. Features: silicone cover, scratches on the lid.",black notebook computer found,train
L0191,F0303,0,random,True,False,True,134.5,-429.6,"I lost my white Realme charging case. Features: silicone cover, scratches on the lid.","Found a blue notebook computer. It has in a black laptop sleeve, 15 inch screen.",train
L0192,F0197,1,positive,True,True,True,134.5,3.78,"I lost my red Safari backpack. Details: padded laptop section, reflective strip on the straps. Please contact me if found.",maroon-ish red rucksack found,train
L0192,F0594,0,same_group_nearby,True,False,True,155.6,17.1,"I lost my red Safari backpack. Details: padded laptop section, reflective strip on the straps. Please contact me if found.",dark red sports bag found,train
L0192,F0472,0,same_group_nearby,True,True,True,280.0,-27.62,"I lost my red Safari backpack. Details: padded laptop section, reflective strip on the straps. Please contact me if found.",Found a maroon Puma bag. Details: logo in whiet on the front.,train
L0192,F0129,0,same_group_nearby,True,True,True,155.6,3.82,"I lost my red Safari backpack. Details: padded laptop section, reflective strip on the straps. Please contact me if found.","Found a maroon Puma backpack. Features: double zip on the front, a pocket on the side, reflective strip. Kept safely with me.",train
L0192,F0168,0,random,True,False,False,201.2,-494.18,"I lost my red Safari backpack. Details: padded laptop section, reflective strip on the straps. Please contact me if found.",Found a pink boAt watch. It has rectangular screen.,train
L0192,F0203,0,random,True,False,False,519.2,765.53,"I lost my red Safari backpack. Details: padded laptop section, reflective strip on the straps. Please contact me if found.",Found a off-white airpods case. It has samll LED light.,train
L0193,F0198,1,positive,True,True,True,0.0,3.82,I lost my black aSmsung phone. It has crack on the top corner.,"Found a black Samsung phone. Details: ring holder on the back, crack on the top corner. Kept safely with me.",train
L0193,F0642,0,same_group_nearby,True,False,True,174.9,65.27,I lost my black aSmsung phone. It has crack on the top corner.,dark grey charger found,train
L0193,F0726,0,same_group_nearby,True,False,True,197.2,24.6,I lost my black aSmsung phone. It has crack on the top corner.,Found a dark grey OnePlus earbuds case. Features: lanyard hook.,train
L0193,F0274,0,same_group_nearby,True,False,True,294.3,56.7,I lost my black aSmsung phone. It has crack on the top corner.,Found a pink Realme airpods case. It has lanyard hook.,train
L0193,F0612,0,random,True,False,True,197.2,-507.28,I lost my black aSmsung phone. It has crack on the top corner.,"Found a grey smartphone. Details: dual camera, crack on the top corner.",train
L0193,F0102,0,random,True,False,False,197.2,-31.98,I lost my black aSmsung phone. It has crack on the top corner.,"Ye mila hai, owner ko batao: found a black rceord book. Details: 200 pages, thick cover. Kept safely with me.",train
L0194,F0199,1,positive,True,True,True,120.4,2.2,I lost my pink earbuds case. Features: tiny indicator light.,Found pink small case,train
L0194,F0200,0,twin_hard_negative,True,True,True,120.4,670.98,I lost my pink earbuds case. Features: tiny indicator light.,"Ye mila hai, owner ko batao: found a pink charging case. Features: rubber cover, hook for a lanyard.",train
L0194,F0394,0,same_group_nearby,True,False,True,206.2,-58.65,I lost my pink earbuds case. Features: tiny indicator light.,Mujhe mila hai: silver smartphone found,train
L0194,F0694,0,same_group_nearby,True,False,True,120.4,-38.8,I lost my pink earbuds case. Features: tiny indicator light.,Mujhe mila hai: found a white charger. Features: fast charger.,train
L0194,F0408,0,same_group_nearby,True,False,True,0.0,4.35,I lost my pink earbuds case. Features: tiny indicator light.,Found a black HP laptop. Details: backlit keyboard.,train
L0194,F0439,0,random,True,False,True,632.5,700.52,I lost my pink earbuds case. Features: tiny indicator light.,Found a cream adapter with cable. Details: cloth braided cable.,train
L0194,F0548,0,random,True,False,False,120.4,450.35,I lost my pink earbuds case. Features: tiny indicator light.,"Found a maroon Woodland wallet. Details: frayed at the edges, looks like leather. Kept safely with me.",train
L0195,F0200,1,positive,True,True,True,0.0,46.63,I lost my pink Realme earbuds case. It has lanyard hook.,"Ye mila hai, owner ko batao: found a pink charging case. Features: rubber cover, hook for a lanyard.",train
L0195,F0199,0,twin_hard_negative,True,True,True,0.0,-622.15,I lost my pink Realme earbuds case. It has lanyard hook.,Found pink small case,train
L0195,F0320,0,same_group_nearby,True,False,True,186.8,-68.97,I lost my pink Realme earbuds case. It has lanyard hook.,Mujhe mila hai: found a laptop.,train
L0195,F0752,0,same_group_nearby,True,False,True,0.0,47.52,I lost my pink Realme earbuds case. It has lanyard hook.,"Found a cream Noise fitness band. It has rectangular screen, circular screen, scratch on the glass.",train
L0195,F0392,0,same_group_nearby,True,False,True,247.0,69.52,I lost my pink Realme earbuds case. It has lanyard hook.,Found a green Apple Watch watch. Features: rectangular screen.,train
L0195,F0391,0,random,True,False,True,247.0,357.27,I lost my pink Realme earbuds case. It has lanyard hook.,Found a green fitness band. Details: circular screen.,train
L0195,F0042,0,random,True,False,False,340.1,351.8,I lost my pink Realme earbuds case. It has lanyard hook.,Found a brown Titan specs box. Details: hard case.,train
L0196,F0201,1,positive,True,False,True,134.5,30.77,silver laptop lost,Found a laptop.,val
L0196,F0624,0,same_group_nearby,True,False,True,134.5,-2.0,silver laptop lost,Found a blue laptop. Features: fifteen inch display.,val
L0196,F0463,0,random,True,False,False,290.0,1080.63,silver laptop lost,blue flask found,val
L0196,F0166,0,random,True,False,True,611.9,664.73,silver laptop lost,"Found a black adapter with cable. Features: two-pin adapter, about 1.5 m cable. Kept safely with me.",val
L0197,F0202,1,positive,True,True,True,223.6,70.15,"I lost my white Realme earbuds case. It has scratches on the lid, tiny indicator light, silicone cover.","Found a whiet small case. Details: silicone cover, tiny indicator light, scratches on the lid.",train
L0197,F0203,0,twin_hard_negative,True,True,True,0.0,94.57,"I lost my white Realme earbuds case. It has scratches on the lid, tiny indicator light, silicone cover.",Found a off-white airpods case. It has samll LED light.,train
L0197,F0442,0,same_group_nearby,True,False,True,645.4,68.87,"I lost my white Realme earbuds case. It has scratches on the lid, tiny indicator light, silicone cover.","Ye mila hai, owner ko batao: found a airpods case.",train
L0197,F0274,0,same_group_nearby,True,True,True,223.6,-36.93,"I lost my white Realme earbuds case. It has scratches on the lid, tiny indicator light, silicone cover.",Found a pink Realme airpods case. It has lanyard hook.,train
L0197,F0135,0,same_group_nearby,True,True,True,223.6,-64.98,"I lost my white Realme earbuds case. It has scratches on the lid, tiny indicator light, silicone cover.",Found a white Realme small case. It has small LED light.,train
L0197,F0159,0,random,True,False,False,632.5,70.18,"I lost my white Realme earbuds case. It has scratches on the lid, tiny indicator light, silicone cover.","Found a tan card holder. Features: zipper coin section, frayed at the edges, looks like leather.",train
L0197,F0763,0,random,True,False,False,602.1,-300.88,"I lost my white Realme earbuds case. It has scratches on the lid, tiny indicator light, silicone cover.",Found a silver Borosil water bottle. Details: paint worn off in places.,train
L0198,F0203,1,positive,True,True,True,382.1,3.08,I lost my white Realme earbuds case. It has small LED light.,Found a off-white airpods case. It has samll LED light.,train
L0198,F0202,0,twin_hard_negative,True,True,True,178.9,-21.33,I lost my white Realme earbuds case. It has small LED light.,"Found a whiet small case. Details: silicone cover, tiny indicator light, scratches on the lid.",train
L0198,F0315,0,same_group_nearby,True,True,True,260.0,66.52,I lost my white Realme earbuds case. It has small LED light.,Found a earbuds case.,train
L0198,F0425,0,same_group_nearby,True,False,True,216.3,-24.22,I lost my white Realme earbuds case. It has small LED light.,Found a white smartphone. Features: clear back cover.,train
L0198,F0442,0,same_group_nearby,True,False,True,269.3,-22.62,I lost my white Realme earbuds case. It has small LED light.,"Ye mila hai, owner ko batao: found a airpods case.",train
L0198,F0188,0,random,True,False,True,382.1,-437.55,I lost my white Realme earbuds case. It has small LED light.,Found a white Realme charger. It has about 1.5 m cable.,train
L0198,F0636,0,random,True,False,False,430.5,74.6,I lost my white Realme earbuds case. It has small LED light.,Found green Lifelong umbrella,train
L0199,F0204,0,twin_hard_negative,False,False,True,0.0,519.8,"I lost my maroon-ish red spectacles case. Details: cloth pouch type, small logo, hard case.",Found maroon-ish red spectacle case,train
L0199,F0480,0,same_group_nearby,False,False,True,290.0,-27.27,"I lost my maroon-ish red spectacles case. Details: cloth pouch type, small logo, hard case.",grey umbrella found,train
L0199,F0339,0,same_group_nearby,False,False,True,330.2,71.9,"I lost my maroon-ish red spectacles case. Details: cloth pouch type, small logo, hard case.","Found a grey umbrella. It has one bent rib, automatic open button.",train
L0199,F0647,0,same_group_nearby,False,False,True,386.0,-25.07,"I lost my maroon-ish red spectacles case. Details: cloth pouch type, small logo, hard case.",Found a glasses case.,train
L0199,F0751,0,random,False,False,False,611.9,-563.85,"I lost my maroon-ish red spectacles case. Details: cloth pouch type, small logo, hard case.",Found a silver Syska power bank. Features: type-C input.,train
L0199,F0212,0,random,False,False,False,386.0,472.45,"I lost my maroon-ish red spectacles case. Details: cloth pouch type, small logo, hard case.",Found a maroon-ish red record book. It has hard cover.,train
L0200,F0204,1,positive,True,False,True,0.0,8.07,I lost my red spectacle case. Details: zip closure.,Found maroon-ish red spectacle case,train
L0200,F0588,0,random,True,False,False,410.5,-1198.4,I lost my red spectacle case. Details: zip closure.,"Found a blue Decathlon bottle. Features: one litre bottle, stainless steel, scratched paint. Kept safely with me.",train
L0200,F0669,0,random,True,False,True,570.1,15.78,I lost my red spectacle case. Details: zip closure.,"Found a brown keychain. It has two-wheeler key with cover, tag hanging from it. Kept safely with me.",train
L0201,F0205,1,positive,True,False,True,0.0,2.5,"Lost my laptop, it is blue.",Found a blue notebook computer. Details: in a black laptop sleeve.,train
L0201,F0565,0,same_group_nearby,True,False,True,269.3,-13.93,"Lost my laptop, it is blue.","Found a green Apple Watch fitness band. It has rectangular screen, circular screen.",train
L0201,F0211,0,same_group_nearby,True,False,True,134.5,-46.9,"Lost my laptop, it is blue.",Found a green Fire-Boltt fitness band. It has round dial.,train
L0201,F0195,0,same_group_nearby,True,False,True,328.0,-66.82,"Lost my laptop, it is blue.",Mujhe mila hai: found a power bank.,train
L0201,F0321,0,random,True,False,True,405.0,115.65,"Lost my laptop, it is blue.","Mujhe mila hai: found a white Syska battery pack. It has slim body, four indicator lights.",train
L0201,F0242,0,random,True,False,False,155.6,1242.43,"Lost my laptop, it is blue.",Found a maroon wallet. Details: metal logo.,train
L0202,F0206,1,positive,True,True,True,170.9,92.62,I lost my brown spectacles case. It has tiny logo on the front.,Found a brown specs box. It has small logo.,train
L0202,F0604,0,same_group_nearby,True,False,True,126.5,-11.78,I lost my brown spectacles case. It has tiny logo on the front.,"Mujhe mila hai: found a black key bunch. Details: steel ring, small padlock key.",train
L0202,F0340,0,same_group_nearby,True,False,True,250.0,8.22,I lost my brown spectacles case. It has tiny logo on the front.,"Found a brown Puma purse. It has metal logo, loosk like leather, zip coin pocket.",train
L0202,F0689,0,same_group_nearby,True,True,True,201.0,-18.43,I lost my brown spectacles case. It has tiny logo on the front.,Found light pink umbrella,train
L0202,F0157,0,random,True,False,False,134.2,-1004.62,I lost my brown spectacles case. It has tiny logo on the front.,Found a black adapter with cable. Details: fast charging type.,train
L0202,F0441,0,random,True,False,False,284.3,3.07,I lost my brown spectacles case. It has tiny logo on the front.,Found a blue AirPods airpods case. Details: tiny indicator light.,train
L0203,F0207,1,positive,True,True,True,134.5,2.05,"I lost my dark grey keys. Features: tag hanging from it, small padlock key. Please contact me if found.",Found a keys.,val
L0203,F0732,0,same_group_nearby,True,False,True,290.0,57.47,"I lost my dark grey keys. Features: tag hanging from it, small padlock key. Please contact me if found.",Found a sky blue glasses case. Details: zip closure.,val
L0203,F0336,0,random,True,False,False,522.0,683.22,"I lost my dark grey keys. Features: tag hanging from it, small padlock key. Please contact me if found.",Found a dark grey calculator. Details: faded keys.,val
L0203,F0357,0,random,True,False,False,461.0,-117.6,"I lost my dark grey keys. Features: tag hanging from it, small padlock key. Please contact me if found.",Found a smartwatch.,val
L0204,F0208,1,positive,True,True,True,0.0,8.63,I lost my orange notebook. Features: sticky notes inside.,Found orange Navneet notebook,train
L0204,F0160,0,random,True,False,False,134.5,656.55,I lost my orange notebook. Features: sticky notes inside.,Found a sky blue MacBook notebook computer. It has fifteen inch display.,train
L0204,F0050,0,random,True,False,False,330.2,810.57,I lost my orange notebook. Features: sticky notes inside.,Found a grey notebook computer. It has backlit keyboard.,train
L0205,F0209,1,positive,True,False,True,0.0,23.02,I lost my red keys. It has metal ring.,Found a red keychain. It has metal ring.,train
L0205,F0742,0,same_group_nearby,True,False,True,184.4,-22.58,I lost my red keys. It has metal ring.,"Found a dark grey umbrella. It has pattern on the border, one bent rib.",train
L0205,F0400,0,same_group_nearby,True,False,True,250.0,28.02,I lost my red keys. It has metal ring.,"Found a tan key bunch. Details: plastic tag, two-wheeler key with cover.",train
L0205,F0548,0,same_group_nearby,True,True,True,0.0,18.07,I lost my red keys. It has metal ring.,"Found a maroon Woodland wallet. Details: frayed at the edges, looks like leather. Kept safely with me.",train
L0205,F0283,0,random,True,False,False,372.2,463.25,I lost my red keys. It has metal ring.,"Found a black Cello flask. It has scratched paint, one litre bottle, stainless steel.",train
L0205,F0385,0,random,True,False,False,355.1,-42.58,I lost my red keys. It has metal ring.,Found off-white adapter with cable,train
L0206,F0537,0,same_group_nearby,False,True,True,174.9,5.98,I lost my maroon bag. Details: slightly torn near the strap.,dark grey rucksack found,test
L0206,F0059,0,random,False,True,True,250.0,893.02,I lost my maroon bag. Details: slightly torn near the strap.,"Ye mila hai, owner ko batao: blue rucksack found",test
L0206,F0311,0,random,False,False,False,500.0,-177.6,I lost my maroon bag. Details: slightly torn near the strap.,"Ye mila hai, owner ko batao: found a silver key bunch. Details: metal ring.",test
L0207,F0210,1,positive,True,True,True,134.5,2.77,Kisi ko mila ho toh batao: i lost my white power bank. Details: LED indicator.,white Ambrane charger bank found,val
L0207,F0530,0,same_group_nearby,True,False,True,328.0,-27.37,Kisi ko mila ho toh batao: i lost my white power bank. Details: LED indicator.,"Foudn a white Realme adapter with cable. It has two-pin adapter, cloth braided cable, fast charging type.",val
L0207,F0086,0,same_group_nearby,True,False,True,134.5,-37.57,Kisi ko mila ho toh batao: i lost my white power bank. Details: LED indicator.,pink watch found,val
L0207,F0031,0,same_group_nearby,True,False,True,280.0,-18.07,Kisi ko mila ho toh batao: i lost my white power bank. Details: LED indicator.,"Found a black Realme adapter with cable. Features: cloth braided cable, fast charger, long cable.",val
L0207,F0277,0,random,True,True,True,404.5,-9.72,Kisi ko mila ho toh batao: i lost my white power bank. Details: LED indicator.,white power bank found,val
L0207,F0378,0,random,True,False,True,280.0,-595.9,Kisi ko mila ho toh batao: i lost my white power bank. Details: LED indicator.,Found a blue MacBook laptop. Details: sticker on the lid.,val
L0208,F0211,1,positive,True,True,True,0.0,2.48,"Mera i lost my green Fire-Boltt smartwatch. It has circular screen, rectangular screen. Please contact me if found. kho gaya hai.",Found a green Fire-Boltt fitness band. It has round dial.,train
L0208,F0205,0,same_group_nearby,True,False,True,134.5,51.88,"Mera i lost my green Fire-Boltt smartwatch. It has circular screen, rectangular screen. Please contact me if found. kho gaya hai.",Found a blue notebook computer. Details: in a black laptop sleeve.,train
L0208,F0168,0,same_group_nearby,True,True,True,330.2,-6.27,"Mera i lost my green Fire-Boltt smartwatch. It has circular screen, rectangular screen. Please contact me if found. kho gaya hai.",Found a pink boAt watch. It has rectangular screen.,train
L0208,F0022,0,same_group_nearby,True,False,True,134.5,22.53,"Mera i lost my green Fire-Boltt smartwatch. It has circular screen, rectangular screen. Please contact me if found. kho gaya hai.","Mujhe mila hai: found a silver Dell laptop. Features: in a black laptop sleeve, backlit keyboard.",train
L0208,F0596,0,random,True,False,False,461.0,1297.33,"Mera i lost my green Fire-Boltt smartwatch. It has circular screen, rectangular screen. Please contact me if found. kho gaya hai.",Found a brown Fastrack card holder. It has worn edges.,train
L0208,F0147,0,random,True,False,True,0.0,816.77,"Mera i lost my green Fire-Boltt smartwatch. It has circular screen, rectangular screen. Please contact me if found. kho gaya hai.",black notebook computer found,train
L0209,F0213,1,positive,True,True,True,58.3,40.0,I lost my red umbrella. It has printed edges.,Found a red Lifelong umbrella. Details: foldable umbrella.,train
L0209,F0339,0,same_group_nearby,True,True,True,282.8,19.08,I lost my red umbrella. It has printed edges.,"Found a grey umbrella. It has one bent rib, automatic open button.",train
L0209,F0206,0,same_group_nearby,True,False,True,340.1,-8.75,I lost my red umbrella. It has printed edges.,Found a brown specs box. It has small logo.,train
L0209,F0172,0,random,True,False,False,58.3,-1078.4,I lost my red umbrella. It has printed edges.,Found a orange flask. Details: flip-top lid.,train
L0209,F0197,0,random,True,False,False,570.1,-569.55,I lost my red umbrella. It has printed edges.,maroon-ish red rucksack found,train
L0210,F0214,1,positive,True,True,True,0.0,17.02,"I lost my green Fire-Boltt smartwatch. Details: round dial, glass slightly scratched, rectangular screen. Please contact me if found.",Found a green smartwatch. Details: round dial.,test
L0210,F0175,0,same_group_nearby,True,False,True,0.0,-25.17,"I lost my green Fire-Boltt smartwatch. Details: round dial, glass slightly scratched, rectangular screen. Please contact me if found.",dark adapter with cable found,test
L0210,F0645,0,random,True,False,False,290.0,-675.38,"I lost my green Fire-Boltt smartwatch. Details: round dial, glass slightly scratched, rectangular screen. Please contact me if found.",Found grey backpack,test
L0210,F0255,0,random,True,False,False,386.0,341.32,"I lost my green Fire-Boltt smartwatch. Details: round dial, glass slightly scratched, rectangular screen. Please contact me if found.",Found a red record book. Features: 200 pages.,test
L0211,F0215,1,positive,True,True,True,0.0,47.2,I lost my black charger bank. Features: matte rubber finish.,Found dark power bank,train
L0211,F0216,0,twin_hard_negative,True,True,True,176.9,53.1,I lost my black charger bank. Features: matte rubber finish.,"Ye mila hai, owner ko batao: found a black charger bank. Details: thin power bank.",train
L0211,F0726,0,same_group_nearby,True,False,True,164.0,4.83,I lost my black charger bank. Features: matte rubber finish.,Found a dark grey OnePlus earbuds case. Features: lanyard hook.,train
L0211,F0303,0,same_group_nearby,True,False,True,206.2,68.48,I lost my black charger bank. Features: matte rubber finish.,"Found a blue notebook computer. It has in a black laptop sleeve, 15 inch screen.",train
L0211,F0198,0,same_group_nearby,True,False,True,271.7,-15.95,I lost my black charger bank. Features: matte rubber finish.,"Found a black Samsung phone. Details: ring holder on the back, crack on the top corner. Kept safely with me.",train
L0211,F0205,0,random,True,False,True,405.0,-1033.13,I lost my black charger bank. Features: matte rubber finish.,Found a blue notebook computer. Details: in a black laptop sleeve.,train
L0211,F0526,0,random,True,False,False,120.4,-141.27,I lost my black charger bank. Features: matte rubber finish.,Found a bottle.,train
L0212,F0216,1,positive,True,True,True,176.9,2.62,I lost my black Ambrane charger bank. It has thin power bank.,"Ye mila hai, owner ko batao: found a black charger bank. Details: thin power bank.",train
L0212,F0215,0,twin_hard_negative,True,True,True,0.0,-3.28,I lost my black Ambrane charger bank. It has thin power bank.,Found dark power bank,train
L0212,F0171,0,same_group_nearby,True,False,True,286.4,51.27,I lost my black Ambrane charger bank. It has thin power bank.,Found a blue Noise airpods case. It has lanyard hook.,train
L0212,F0642,0,same_group_nearby,True,False,True,134.2,-4.98,I lost my black Ambrane charger bank. It has thin power bank.,dark grey charger found,train
L0212,F0665,0,same_group_nearby,True,False,True,0.0,15.88,I lost my black Ambrane charger bank. It has thin power bank.,Found a green OnePlus mobile. Details: crack on the top corner.,train
L0212,F0662,0,random,True,False,True,134.2,-138.75,I lost my black Ambrane charger bank. It has thin power bank.,"Found a silver MacBook notebook computer. Features: in a black laptop sleeve, stickers on the top cover.",train
L0212,F0708,0,random,True,False,False,164.0,-484.78,I lost my black Ambrane charger bank. It has thin power bank.,Found red Camlin record book,train
L0213,F0217,1,positive,True,True,True,0.0,2.6,I lost my black Wildcraft wallet. Details: zip coin pocket.,"Found a black Wildcraft purse. It has zip coin pocket, metal logo.",train
L0213,F0485,0,same_group_nearby,True,True,True,237.7,-11.58,I lost my black Wildcraft wallet. Details: zip coin pocket.,"Found a gray Woodland card holder. Details: zipper coin section, worn edges.",train
L0213,F0745,0,random,True,False,True,228.0,-1106.82,I lost my black Wildcraft wallet. Details: zip coin pocket.,Foudn black keys,train
L0213,F0156,0,random,True,False,False,237.7,-865.48,I lost my black Wildcraft wallet. Details: zip coin pocket.,"Found a dark grey charger. Features: two-pin plug, about 1.5 m cable. Kept safely with me.",train
L0214,F0219,1,positive,True,True,True,123.7,0.82,"Lost my water bottle, it is pink.",Found pink flask,train
L0214,F0063,0,same_group_nearby,True,True,True,70.7,-57.07,"Lost my water bottle, it is pink.",Found a rose Decathlon water bottle. It has scratched paint.,train
L0214,F0417,0,random,True,False,False,139.3,271.8,"Lost my water bottle, it is pink.",Found a white charger bank. It has thin power bank.,train
L0214,F0597,0,random,True,False,False,247.0,-1042.93,"Lost my water bottle, it is pink.",Found a navy blue American Tourister backpack. Details: slightly torn near the strap.,train
L0215,F0220,1,positive,True,True,True,164.0,0.55,"I lost my white Apple Watch fitness band. Details: rubber strap, round dial, square dial. Please contact me if found.",white fitness band found,train
L0215,F0096,0,same_group_nearby,True,False,True,176.9,-3.6,"I lost my white Apple Watch fitness band. Details: rubber strap, round dial, square dial. Please contact me if found.","Found a green Motorola mobile. It has dual camera, transparent case. Kept safely with me.",train
L0215,F0298,0,same_group_nearby,True,False,True,260.0,6.85,"I lost my white Apple Watch fitness band. Details: rubber strap, round dial, square dial. Please contact me if found.",Found a white Realme battery pack. Features: rubebr finish.,train
L0215,F0014,0,same_group_nearby,True,False,True,172.0,0.82,"I lost my white Apple Watch fitness band. Details: rubber strap, round dial, square dial. Please contact me if found.","Ye mila hai, owner ko batao: found a black adapter with cable. It has two-pin plug, fast charging type.",train
L0215,F0066,0,random,True,False,False,632.5,-1084.82,"I lost my white Apple Watch fitness band. Details: rubber strap, round dial, square dial. Please contact me if found.",Found green rucksack,train
L0215,F0241,0,random,True,False,False,134.2,-925.3,"I lost my white Apple Watch fitness band. Details: rubber strap, round dial, square dial. Please contact me if found.",Found a purse.,train
L0216,F0221,1,positive,True,True,True,0.0,2.35,"I lost my brown Titan spectacles case. Features: hard shell, cloth pouch type. Please contact me if found.",Found a brown Titan specs box. It has hard case.,val
L0216,F0222,0,twin_hard_negative,True,True,True,136.0,630.97,"I lost my brown Titan spectacles case. Features: hard shell, cloth pouch type. Please contact me if found.","Found a dark brown spetcacle case. It has small logo, soft pouch.",val
L0216,F0512,0,same_group_nearby,True,False,True,206.2,-47.77,"I lost my brown Titan spectacles case. Features: hard shell, cloth pouch type. Please contact me if found.",Found a card holder.,val
L0216,F0056,0,same_group_nearby,True,False,True,72.8,-7.22,"I lost my brown Titan spectacles case. Features: hard shell, cloth pouch type. Please contact me if found.",Found a grey Popy umbrella. Features: bent rib.,val
L0216,F0087,0,random,True,False,False,330.2,-1039.57,"I lost my brown Titan spectacles case. Features: hard shell, cloth pouch type. Please contact me if found.",Found a book.,val
L0216,F0653,0,random,True,False,False,337.3,172.37,"I lost my brown Titan spectacles case. Features: hard shell, cloth pouch type. Please contact me if found.",Found a black battery pack. Features: rubber finish.,val
L0217,F0222,1,positive,True,False,True,126.5,12.35,"I lost my brown spectacles case. It has tiny logo on the front, soft pouch.","Found a dark brown spetcacle case. It has small logo, soft pouch.",val
L0217,F0221,0,twin_hard_negative,True,False,True,155.2,-616.27,"I lost my brown spectacles case. It has tiny logo on the front, soft pouch.",Found a brown Titan specs box. It has hard case.,val
L0217,F0223,0,same_group_nearby,True,True,True,349.9,-10.0,"I lost my brown spectacles case. It has tiny logo on the front, soft pouch.",Found a black umbrella. It has one bent rib.,val
L0217,F0224,0,random,True,False,True,349.9,-92.73,"I lost my brown spectacles case. It has tiny logo on the front, soft pouch.","Found a black Fastrack umbrella. Details: printed edges, folding type.",val
L0217,F0210,0,random,True,False,False,410.5,-343.98,"I lost my brown spectacles case. It has tiny logo on the front, soft pouch.",white Ambrane charger bank found,val
L0218,F0108,0,same_group_nearby,False,False,True,134.5,-63.2,I lost my maroon-ish red umbrella. It has push-button opening.,Found a red glasses case. Details: cloth pouch type.,train
L0218,F0560,0,same_group_nearby,False,True,True,277.8,14.07,I lost my maroon-ish red umbrella. It has push-button opening.,pink umbrella found,train
L0218,F0604,0,same_group_nearby,False,False,True,277.8,-12.05,I lost my maroon-ish red umbrella. It has push-button opening.,"Mujhe mila hai: found a black key bunch. Details: steel ring, small padlock key.",train
L0218,F0738,0,random,False,True,True,362.2,-336.3,I lost my maroon-ish red umbrella. It has push-button opening.,Found a rose umbrella. Details: pattern on the border.,train
L0218,F0413,0,random,False,False,False,134.5,-264.32,I lost my maroon-ish red umbrella. It has push-button opening.,Found a black laptop. It has black sleeve.,train
L0219,F0223,1,positive,True,True,True,0.0,7.67,"I lost my dark grey Fastrack umbrella. It has foldable umbrella, one bent rib.",Found a black umbrella. It has one bent rib.,val
L0219,F0224,0,twin_hard_negative,True,False,True,0.0,-75.07,"I lost my dark grey Fastrack umbrella. It has foldable umbrella, one bent rib.","Found a black Fastrack umbrella. Details: printed edges, folding type.",val
L0219,F0222,0,same_group_nearby,True,False,True,284.3,30.02,"I lost my dark grey Fastrack umbrella. It has foldable umbrella, one bent rib.","Found a dark brown spetcacle case. It has small logo, soft pouch.",val
L0219,F0364,0,random,True,False,False,349.9,-188.13,"I lost my dark grey Fastrack umbrella. It has foldable umbrella, one bent rib.","Found a blue Ambrane charger bank. It has USB-C port, thin power bank.",val
L0219,F0056,0,random,True,True,True,452.8,-608.17,"I lost my dark grey Fastrack umbrella. It has foldable umbrella, one bent rib.",Found a grey Popy umbrella. Features: bent rib.,val
L0220,F0224,1,positive,True,False,True,0.0,2.45,"I lost my black Fastrack umbrella. Features: printed edges, foldable umbrella.","Found a black Fastrack umbrella. Details: printed edges, folding type.",val
L0220,F0223,0,twin_hard_negative,True,True,True,0.0,85.18,"I lost my black Fastrack umbrella. Features: printed edges, foldable umbrella.",Found a black umbrella. It has one bent rib.,val
L0220,F0093,0,random,True,False,False,286.4,2.13,"I lost my black Fastrack umbrella. Features: printed edges, foldable umbrella.",Found a cream Realme earbuds case. Features: hook for a lanyard.,val
L0220,F0285,0,random,True,False,False,585.5,56.03,"I lost my black Fastrack umbrella. Features: printed edges, foldable umbrella.",Found grey scientific calculator,val
L0221,F0225,1,positive,True,True,True,134.5,2.53,"I lost my blue Casio calculator. Features: faded keys, scientific calculator. Please contact me if found.",oFund a blue Casio calculator. Features: scientific type.,train
L0221,F0027,0,same_group_nearby,True,False,True,280.0,40.52,"I lost my blue Casio calculator. Features: faded keys, scientific calculator. Please contact me if found.",Fonud a dark yellow book. Features: sticky notes inside.,train
L0221,F0123,0,same_group_nearby,True,False,True,280.0,26.35,"I lost my blue Casio calculator. Features: faded keys, scientific calculator. Please contact me if found.",Found a grey calculator. It has hard slide-on cover.,train
L0221,F0032,0,same_group_nearby,True,False,True,277.8,-60.35,"I lost my blue Casio calculator. Features: faded keys, scientific calculator. Please contact me if found.",Found a sky blue book. Features: about two hundred pages.,train
L0221,F0610,0,random,True,False,False,404.5,78.73,"I lost my blue Casio calculator. Features: faded keys, scientific calculator. Please contact me if found.",Found a purse.,train
L0221,F0353,0,random,True,False,False,404.5,-249.93,"I lost my blue Casio calculator. Features: faded keys, scientific calculator. Please contact me if found.",silver flask found,train
L0222,F0226,1,positive,True,True,True,134.5,21.65,I lost my white power bank. Features: thin power bank.,Found white battery pack,train
L0222,F0564,0,same_group_nearby,True,False,True,269.3,-4.63,I lost my white power bank. Features: thin power bank.,Found green smartwatch,train
L0222,F0036,0,same_group_nearby,True,False,True,155.6,68.6,I lost my white power bank. Features: thin power bank.,Found a off-white boAt smartwatch. It has rectangular screen.,train
L0222,F0642,0,same_group_nearby,True,False,True,328.0,-23.03,I lost my white power bank. Features: thin power bank.,dark grey charger found,train
L0222,F0225,0,random,True,False,False,134.5,-502.23,I lost my white power bank. Features: thin power bank.,oFund a blue Casio calculator. Features: scientific type.,train
L0222,F0158,0,random,True,False,True,510.4,-1170.88,I lost my white power bank. Features: thin power bank.,Found a blue fitness band. It has scratch on the glass.,train
L0223,F0227,1,positive,True,True,True,134.5,10.92,I lost my blue notebook. It has about two hundred pages.,light blue record book found,test
L0223,F0490,0,same_group_nearby,True,False,True,330.2,53.13,I lost my blue notebook. It has about two hundred pages.,"Found a grey Citizen calculator. Details: solar panel, some keys faded. Kept safely with me.",test
L0223,F0033,0,same_group_nearby,True,False,True,290.0,-23.65,I lost my blue notebook. It has about two hundred pages.,"Found a blue Citizen calculator. It has hard slide-on cover, scientific type. Kept safely with me.",test
L0223,F0627,0,random,True,False,False,602.1,-1308.73,I lost my blue notebook. It has about two hundred pages.,dark keychain found,test
L0223,F0581,0,random,True,True,True,616.2,-954.35,I lost my blue notebook. It has about two hundred pages.,"Found a black Navneet notebook. Details: 200 pages, thick cover, coloured sticky notes sticking out. Kept safely with me.",test
L0224,F0228,1,positive,True,False,True,0.0,38.63,"I lost my green iPhone phone. It has transparent case, pop socket on the back, crack on the top corner. Please contact me if found.","Found a green phone. Details: crack on the top corner, transparent case, ring holder on the back.",train
L0224,F0443,0,same_group_nearby,True,False,True,263.1,-54.27,"I lost my green iPhone phone. It has transparent case, pop socket on the back, crack on the top corner. Please contact me if found.","Found a silver Redmi smartphone. Features: transparent case, dual camera. Kept safely with me.",train
L0224,F0688,0,same_group_nearby,True,False,True,178.9,-47.9,"I lost my green iPhone phone. It has transparent case, pop socket on the back, crack on the top corner. Please contact me if found.",black laptop found,train
L0224,F0375,0,same_group_nearby,True,False,True,294.3,-51.42,"I lost my green iPhone phone. It has transparent case, pop socket on the back, crack on the top corner. Please contact me if found.",green fitness band found,train
L0224,F0706,0,random,True,False,False,447.8,511.85,"I lost my green iPhone phone. It has transparent case, pop socket on the back, crack on the top corner. Please contact me if found.",Found a bottle.,train
L0224,F0719,0,random,True,False,True,412.3,-35.63,"I lost my green iPhone phone. It has transparent case, pop socket on the back, crack on the top corner. Please contact me if found.",Found a white phone. It has crack on the top corner.,train
L0225,F0229,1,positive,True,True,True,0.0,94.22,Lost borwn keys,Found a brown key bunch. Features: small padlock key.,train
L0225,F0323,0,same_group_nearby,True,False,True,155.2,-66.48,Lost borwn keys,Found a dark Fastrack umbrella. Features: folding type.,train
L0225,F0287,0,same_group_nearby,True,False,True,134.5,-47.75,Lost borwn keys,Found a pink umbrella. Details: foldable umbrella.,train
L0225,F0769,0,same_group_nearby,True,False,True,126.5,50.78,Lost borwn keys,"Found a red Fastrack umbrella. Features: push-button opening, folding type, bent rib.",train
L0225,F0155,0,random,True,False,False,382.1,1043.3,Lost borwn keys,Found a white Dell adapter with cable. Details: fast charger.,train
L0225,F0104,0,random,True,False,False,260.0,-340.58,Lost borwn keys,"Found a green bottle. Features: 1 litre size, paint worn off in places, flip-top lid.",train
L0226,F0230,1,positive,True,True,True,150.0,23.43,I lost my black wallet. It has zip coin pocket.,"Found a black Woodland purse. Details: zip coin pocket, looks like leather, small metal logo. Kept safely with me.",test
L0226,F0169,0,same_group_nearby,True,False,True,206.2,0.4,I lost my black wallet. It has zip coin pocket.,light pink umbrella found,test
L0226,F0259,0,same_group_nearby,True,False,True,134.2,8.28,I lost my black wallet. It has zip coin pocket.,"Found a pink umbrella. Details: bent rib, foldable umbrella, pattern on the border.",test
L0226,F0109,0,random,True,False,False,405.0,182.58,I lost my black wallet. It has zip coin pocket.,"Found a blue Classmate record book. Features: hard cover, coloured sticky notes sticking out, spiral notebook.",test
L0226,F0581,0,random,True,False,False,228.0,-861.03,I lost my black wallet. It has zip coin pocket.,"Found a black Navneet notebook. Details: 200 pages, thick cover, coloured sticky notes sticking out. Kept safely with me.",test
L0227,F0231,1,positive,True,True,True,148.7,28.8,"I lost my blue Dell laptop. Features: keyboard lights up, black sleeve, stickers on the top cover.","Ye mila hai, owner ko batao: found blue laptop",train
L0227,F0232,0,twin_hard_negative,True,True,True,148.7,-1563.33,"I lost my blue Dell laptop. Features: keyboard lights up, black sleeve, stickers on the top cover.",Found a light blue notebook computer. Features: in a black laptop sleeve.,train
L0227,F0569,0,same_group_nearby,True,False,True,150.0,-41.85,"I lost my blue Dell laptop. Features: keyboard lights up, black sleeve, stickers on the top cover.",Mujhe mila hai: found a blue phone. Details: two cameras at the back.,train
L0227,F0094,0,same_group_nearby,True,False,True,139.3,-28.33,"I lost my blue Dell laptop. Features: keyboard lights up, black sleeve, stickers on the top cover.",black fitness band found,train
L0227,F0555,0,same_group_nearby,True,False,True,310.6,4.5,"I lost my blue Dell laptop. Features: keyboard lights up, black sleeve, stickers on the top cover.","Mujhe mila hai: found a black Realme adapter with cable. Details: cloth braided cable, two-pin adapter, about 1.5 m cable.",train
L0227,F0708,0,random,True,False,False,139.3,-916.87,"I lost my blue Dell laptop. Features: keyboard lights up, black sleeve, stickers on the top cover.",Found red Camlin record book,train
L0227,F0459,0,random,True,False,True,70.7,-1035.1,"I lost my blue Dell laptop. Features: keyboard lights up, black sleeve, stickers on the top cover.",Found a black Syska power bank. Details: matte rubber finish.,train
L0228,F0232,1,positive,True,True,True,0.0,1.98,"I lost my blue Dell laptop. It has fifteen inch display, in a black laptop sleeve. Please contact me if found.",Found a light blue notebook computer. Features: in a black laptop sleeve.,train
L0228,F0231,0,twin_hard_negative,True,True,True,0.0,1594.12,"I lost my blue Dell laptop. It has fifteen inch display, in a black laptop sleeve. Please contact me if found.","Ye mila hai, owner ko batao: found blue laptop",train
L0228,F0195,0,same_group_nearby,True,False,True,201.0,-19.7,"I lost my blue Dell laptop. It has fifteen inch display, in a black laptop sleeve. Please contact me if found.",Mujhe mila hai: found a power bank.,train
L0228,F0022,0,same_group_nearby,True,True,True,280.0,20.27,"I lost my blue Dell laptop. It has fifteen inch display, in a black laptop sleeve. Please contact me if found.","Mujhe mila hai: found a silver Dell laptop. Features: in a black laptop sleeve, backlit keyboard.",train
L0228,F0205,0,same_group_nearby,True,True,True,280.0,49.62,"I lost my blue Dell laptop. It has fifteen inch display, in a black laptop sleeve. Please contact me if found.",Found a blue notebook computer. Details: in a black laptop sleeve.,train
L0228,F0625,0,random,True,False,False,230.9,1317.73,"I lost my blue Dell laptop. It has fifteen inch display, in a black laptop sleeve. Please contact me if found.","Found a metallic Borosil water bottle. Details: one litre bottle, flip cap.",train
L0228,F0141,0,random,True,False,True,456.5,194.62,"I lost my blue Dell laptop. It has fifteen inch display, in a black laptop sleeve. Please contact me if found.",Found a black Syska charger bank. It has matte rubber finish.,train
L0229,F0233,0,twin_hard_negative,False,True,True,0.0,267.77,I lost my silver Milton flask. Details: flip-top lid.,Found a silver Milton flask. Details: stainless steel.,test
L0229,F0494,0,same_group_nearby,False,True,True,58.3,-0.58,I lost my silver Milton flask. Details: flip-top lid.,"Ye mila hai, owenr ko batao: found a bottle.",test
L0229,F0043,0,random,False,False,False,282.8,538.03,I lost my silver Milton flask. Details: flip-top lid.,Found a black charger. Details: fast charger.,test
L0229,F0590,0,random,False,False,False,531.5,-325.67,I lost my silver Milton flask. Details: flip-top lid.,Found a maroon-ish red Lifelong umbrella. Features: folding type.,test
L0230,F0233,1,positive,True,True,True,120.4,34.35,"I lost my silver Milton water bottle. Details: stainless steel, paint worn off in places. Please contact me if found.",Found a silver Milton flask. Details: stainless steel.,test
L0230,F0533,0,same_group_nearby,True,True,True,134.2,33.87,"I lost my silver Milton water bottle. Details: stainless steel, paint worn off in places. Please contact me if found.",Found a black water bottle. It has scratched paint.,test
L0230,F0581,0,random,True,False,False,228.0,3.85,"I lost my silver Milton water bottle. Details: stainless steel, paint worn off in places. Please contact me if found.","Found a black Navneet notebook. Details: 200 pages, thick cover, coloured sticky notes sticking out. Kept safely with me.",test
L0230,F0269,0,random,True,False,False,134.2,503.35,"I lost my silver Milton water bottle. Details: stainless steel, paint worn off in places. Please contact me if found.",Found a silver battery pack. Details: USB-C port.,test
L0231,F0234,1,positive,True,True,True,0.0,74.55,"I lost my grey Asus laptop. It has 15 inch screen, keyboard lights up, sticker on the lid.","Found a grey Asus notebook computer. Features: keyboard lights up, stickers on the top cover, fifteen inch display.",train
L0231,F0408,0,same_group_nearby,True,True,True,176.9,54.08,"I lost my grey Asus laptop. It has 15 inch screen, keyboard lights up, sticker on the lid.",Found a black HP laptop. Details: backlit keyboard.,train
L0231,F0146,0,same_group_nearby,True,True,True,308.1,-3.08,"I lost my grey Asus laptop. It has 15 inch screen, keyboard lights up, sticker on the lid.",Found grey notebook computer,train
L0231,F0694,0,same_group_nearby,True,False,True,58.3,10.93,"I lost my grey Asus laptop. It has 15 inch screen, keyboard lights up, sticker on the lid.",Mujhe mila hai: found a white charger. Features: fast charger.,train
L0231,F0686,0,random,True,False,True,410.0,835.02,"I lost my grey Asus laptop. It has 15 inch screen, keyboard lights up, sticker on the lid.","Found a white Apple charger. It has fast charging type, two-pin plug, cloth braided cable.",train
L0231,F0651,0,random,True,False,True,589.0,314.37,"I lost my grey Asus laptop. It has 15 inch screen, keyboard lights up, sticker on the lid.",Found a white smartwatch. Details: rubber strap.,train
L0232,F0235,1,positive,True,True,True,0.0,15.32,"I lost my green smartwatch. Features: square dial, scratch on the glass. Please contact me if found.","Found a green Noise smartwatch. It has rectangular screen, glass slightly scratched.",val
L0232,F0236,0,twin_hard_negative,True,False,True,0.0,1339.82,"I lost my green smartwatch. Features: square dial, scratch on the glass. Please contact me if found.",Found a green smartwatch. It has scratch on the glass.,val
L0232,F0007,0,same_group_nearby,True,False,True,134.2,-36.2,"I lost my green smartwatch. Features: square dial, scratch on the glass. Please contact me if found.",Found a white adapter with cable. Details: braided cable.,val
L0232,F0291,0,same_group_nearby,True,False,True,286.4,23.93,"I lost my green smartwatch. Features: square dial, scratch on the glass. Please contact me if found.",Found blue small case,val
L0232,F0559,0,random,True,False,False,172.0,1458.52,"I lost my green smartwatch. Features: square dial, scratch on the glass. Please contact me if found.",Found a navy blue umbrella. Features: pattern on the border.,val
L0232,F0131,0,random,True,False,True,120.4,708.1,"I lost my green smartwatch. Features: square dial, scratch on the glass. Please contact me if found.","Found a grey Asus notebook computer. Features: fifteen inch display, sticker on the lid.",val
L0233,F0236,1,positive,True,False,True,172.0,73.02,I lost my green watch. It has scratch on the glass.,Found a green smartwatch. It has scratch on the glass.,val
L0233,F0235,0,twin_hard_negative,True,False,True,172.0,-1251.48,I lost my green watch. It has scratch on the glass.,"Found a green Noise smartwatch. It has rectangular screen, glass slightly scratched.",val
L0233,F0641,0,same_group_nearby,True,False,True,186.8,-68.32,I lost my green watch. It has scratch on the glass.,Found a phone.,val
L0233,F0640,0,same_group_nearby,True,False,True,186.8,-58.53,I lost my green watch. It has scratch on the glass.,Found a blue smartphone. It has crack on the top corner.,val
L0233,F0031,0,same_group_nearby,True,False,True,0.0,-5.37,I lost my green watch. It has scratch on the glass.,"Found a black Realme adapter with cable. Features: cloth braided cable, fast charger, long cable.",val
L0233,F0087,0,random,True,False,False,383.3,-1298.73,I lost my green watch. It has scratch on the glass.,Found a book.,val
L0233,F0007,0,random,True,False,True,201.0,-1303.0,I lost my green watch. It has scratch on the glass.,Found a white adapter with cable. Details: braided cable.,val
L0234,F0238,1,positive,True,True,True,0.0,2.63,"Lost my smartphone, it is blue.",Fuond a smartphone.,train
L0234,F0239,0,twin_hard_negative,True,True,True,58.3,-1385.6,"Lost my smartphone, it is blue.","Found a blue OnePlus phone. Details: crack on the top corner, transparent case.",train
L0234,F0417,0,same_group_nearby,True,False,True,230.2,9.05,"Lost my smartphone, it is blue.",Found a white charger bank. It has thin power bank.,train
L0234,F0713,0,same_group_nearby,True,False,True,0.0,-61.52,"Lost my smartphone, it is blue.",silver-grey Asus laptop found,train
L0234,F0389,0,same_group_nearby,True,True,True,230.2,2.87,"Lost my smartphone, it is blue.","Found a red Motorola mobile. It has dual camera, clear back cover.",train
L0234,F0163,0,random,True,False,False,410.0,-1035.5,"Lost my smartphone, it is blue.",Found a tan spectacle case. Features: cloth pouch type.,train
L0234,F0424,0,random,True,False,False,510.4,-200.18,"Lost my smartphone, it is blue.",Found maroon backpack,train
L0235,F0239,1,positive,True,True,True,58.3,7.7,I lost my blue phone. Features: crack on the top corner.,"Found a blue OnePlus phone. Details: crack on the top corner, transparent case.",train
L0235,F0238,0,twin_hard_negative,True,True,True,0.0,1395.93,I lost my blue phone. Features: crack on the top corner.,Fuond a smartphone.,train
L0235,F0158,0,same_group_nearby,True,False,True,0.0,30.12,I lost my blue phone. Features: crack on the top corner.,Found a blue fitness band. It has scratch on the glass.,train
L0235,F0267,0,same_group_nearby,True,False,True,0.0,2.87,I lost my blue phone. Features: crack on the top corner.,Found a cream charging case. Features: hook for a lanyard.,train
L0235,F0168,0,same_group_nearby,True,False,True,337.3,41.18,I lost my blue phone. Features: crack on the top corner.,Found a pink boAt watch. It has rectangular screen.,train
L0235,F0758,0,random,True,False,False,0.0,1806.43,I lost my blue phone. Features: crack on the top corner.,"Found a navy blue Hidesign wallet. Details: zipper coin section, metal logo.",train
L0235,F0419,0,random,True,False,True,337.3,724.13,I lost my blue phone. Features: crack on the top corner.,Found a laptop.,train
L0236,F0240,1,positive,True,True,True,133.4,3.83,Kisi ko mila ho toh batao: i lost my grey wallet. Details: worn edges.,"Found a grey Woodland purse. It has metal logo, worn edges, zipper coin section.",train
L0236,F0241,0,twin_hard_negative,True,True,True,126.5,-162.52,Kisi ko mila ho toh batao: i lost my grey wallet. Details: worn edges.,Found a purse.,train
L0236,F0121,0,same_group_nearby,True,False,True,126.5,-57.28,Kisi ko mila ho toh batao: i lost my grey wallet. Details: worn edges.,Found a red specs box. Details: hard case.,train
L0236,F0400,0,same_group_nearby,True,False,True,126.5,2.67,Kisi ko mila ho toh batao: i lost my grey wallet. Details: worn edges.,"Found a tan key bunch. Details: plastic tag, two-wheeler key with cover.",train
L0236,F0610,0,same_group_nearby,True,True,True,178.9,-20.63,Kisi ko mila ho toh batao: i lost my grey wallet. Details: worn edges.,Found a purse.,train
L0236,F0372,0,random,True,False,False,260.0,655.5,Kisi ko mila ho toh batao: i lost my grey wallet. Details: worn edges.,Found a blue Casio scientific calculator. It has some keys faded.,train
L0236,F0429,0,random,True,False,True,260.0,-402.37,Kisi ko mila ho toh batao: i lost my grey wallet. Details: worn edges.,Found a grey glasses case. Features: small logo.,train
L0237,F0241,1,positive,True,True,True,282.8,56.3,"I lost my grey Woodland wallet. Features: metal logo, looks like leather.",Found a purse.,train
L0237,F0240,0,twin_hard_negative,True,True,True,294.3,222.65,"I lost my grey Woodland wallet. Features: metal logo, looks like leather.","Found a grey Woodland purse. It has metal logo, worn edges, zipper coin section.",train
L0237,F0722,0,same_group_nearby,True,False,True,178.9,27.53,"I lost my grey Woodland wallet. Features: metal logo, looks like leather.",Found a dark brown Titan spectacle case. Details: tiny logo on the front.,train
L0237,F0615,0,same_group_nearby,True,False,True,447.8,-21.22,"I lost my grey Woodland wallet. Features: metal logo, looks like leather.",Mujhe mila hai: found a navy blue card holder. Features: leather finish.,train
L0237,F0177,0,same_group_nearby,True,False,True,447.8,-16.03,"I lost my grey Woodland wallet. Features: metal logo, looks like leather.","Mujhe mila hai: found a red keychain. Details: metal ring, small padlock key.",train
L0237,F0180,0,random,True,False,False,456.5,-240.72,"I lost my grey Woodland wallet. Features: metal logo, looks like leather.",pink fitness band found,train
L0237,F0104,0,random,True,False,False,412.3,-459.08,"I lost my grey Woodland wallet. Features: metal logo, looks like leather.","Found a green bottle. Features: 1 litre size, paint worn off in places, flip-top lid.",train
L0238,F0243,1,positive,True,True,True,0.0,3.13,"I lost my black keys. Features: plastic tag, tiny lock key.","Found a black keychain. Details: plastic tag, tiny lock key.",train
L0238,F0179,0,same_group_nearby,True,True,True,174.9,36.27,"I lost my black keys. Features: plastic tag, tiny lock key.",Found a dark brown keys. Details: tiny lock key.,train
L0238,F0436,0,same_group_nearby,True,False,True,250.0,5.7,"I lost my black keys. Features: plastic tag, tiny lock key.",Found grey spectacle case,train
L0238,F0380,0,same_group_nearby,True,False,True,136.0,10.48,"I lost my black keys. Features: plastic tag, tiny lock key.","Found a red specs box. Details: cloth pouch type, zippered.",train
L0238,F0325,0,random,True,False,False,282.8,-557.45,"I lost my black keys. Features: plastic tag, tiny lock key.","Found a blue battery pack. Features: four indicator lights, type-C input. Kept safely with me.",train
L0238,F0667,0,random,True,False,True,308.1,-1107.13,"I lost my black keys. Features: plastic tag, tiny lock key.",Found red specs box,train
L0239,F0244,1,positive,True,True,True,191.0,2.32,"Lost my smartwatch, it is light pink.",Found a rose smartwatch. Features: square dial.,train
L0239,F0443,0,same_group_nearby,True,False,True,170.9,17.62,"Lost my smartwatch, it is light pink.","Found a silver Redmi smartphone. Features: transparent case, dual camera. Kept safely with me.",train
L0239,F0655,0,same_group_nearby,True,False,True,328.0,44.88,"Lost my smartwatch, it is light pink.","Ye mila hai, owner ko batao: found a blue notebook computer. Features: in a black laptop sleeve.",train
L0239,F0375,0,same_group_nearby,True,False,True,174.9,20.47,"Lost my smartwatch, it is light pink.",green fitness band found,train
L0239,F0122,0,random,True,False,True,308.1,320.3,"Lost my smartwatch, it is light pink.","Found a light blue Realme smartphone. Details: dual camera, ring holder on the back, transparent case.",train
L0239,F0199,0,random,True,False,True,250.0,-94.6,"Lost my smartwatch, it is light pink.",Found pink small case,train
L0240,F0245,1,positive,True,True,True,58.3,0.52,Kisi ko mila ho toh batao: grey laptop lost,grey notebook computer found,train
L0240,F0246,0,twin_hard_negative,True,True,True,0.0,-1028.32,Kisi ko mila ho toh batao: grey laptop lost,Found a gray notebook computer. It has backlit keyboard.,train
L0240,F0215,0,same_group_nearby,True,False,True,120.4,-19.68,Kisi ko mila ho toh batao: grey laptop lost,Found dark power bank,train
L0240,F0216,0,same_group_nearby,True,False,True,58.3,-13.78,Kisi ko mila ho toh batao: grey laptop lost,"Ye mila hai, owner ko batao: found a black charger bank. Details: thin power bank.",train
L0240,F0478,0,same_group_nearby,True,True,True,0.0,24.52,Kisi ko mila ho toh batao: grey laptop lost,light pink earbuds case found,train
L0240,F0384,0,random,True,False,False,531.5,-295.32,Kisi ko mila ho toh batao: grey laptop lost,"Found a brown Lenskart spectacle case. Details: hard shell, zippered, tiny logo on the front.",train
L0240,F0314,0,random,True,False,True,372.2,-1196.7,Kisi ko mila ho toh batao: grey laptop lost,"Found a black Noise airpods case. Features: tiny indicator light, scratches on the lid.",train
L0241,F0246,1,positive,True,True,True,0.0,1.57,Lost grey alptop,Found a gray notebook computer. It has backlit keyboard.,train
L0241,F0245,0,twin_hard_negative,True,True,True,58.3,1030.4,Lost grey alptop,grey notebook computer found,train
L0241,F0321,0,same_group_nearby,True,False,True,120.4,43.02,Lost grey alptop,"Mujhe mila hai: found a white Syska battery pack. It has slim body, four indicator lights.",train
L0241,F0542,0,same_group_nearby,True,False,True,0.0,25.42,Lost grey alptop,black phone found,train
L0241,F0609,0,same_group_nearby,True,False,True,247.0,-47.55,Lost grey alptop,"Ye mila hai, owner ko batao: blue laptop found",train
L0241,F0088,0,random,True,False,True,282.8,83.13,Lost grey alptop,white fitness band found,train
L0241,F0757,0,random,True,False,True,355.1,77.75,Lost grey alptop,Found blue battery pack,train
L0242,F0247,1,positive,True,True,True,0.0,17.45,I lost my black Dell notebook computer. Details: backlit keyboard.,"Found a dark grey laptop. Details: keyboard lgihts up, fifteen inch display, black sleeve. Kept safely with me.",train
L0242,F0565,0,same_group_nearby,True,False,True,0.0,53.98,I lost my black Dell notebook computer. Details: backlit keyboard.,"Found a green Apple Watch fitness band. It has rectangular screen, circular screen.",train
L0242,F0239,0,same_group_nearby,True,False,True,247.0,-21.22,I lost my black Dell notebook computer. Details: backlit keyboard.,"Found a blue OnePlus phone. Details: crack on the top corner, transparent case.",train
L0242,F0195,0,same_group_nearby,True,False,True,67.1,1.1,I lost my black Dell notebook computer. Details: backlit keyboard.,Mujhe mila hai: found a power bank.,train
L0242,F0125,0,random,True,False,True,304.6,314.32,I lost my black Dell notebook computer. Details: backlit keyboard.,Found a blue AirPods earbuds case. Features: lanyard hook.,train
L0242,F0623,0,random,True,False,False,134.5,1004.4,I lost my black Dell notebook computer. Details: backlit keyboard.,"Found a grey scientific calculator. It has scientific calculator, slide cover, faded keys. Kept safely with me.",train
L0243,F0248,1,positive,True,True,True,0.0,83.83,navy blue wallte lost,"Ye mila hai, owner ko batao: found a wallet.",test
L0243,F0469,0,same_group_nearby,True,False,True,201.2,-29.85,navy blue wallte lost,"Found a red keychain. Features: tiny lock key, tag hanging from it. Kept safely with me.",test
L0243,F0590,0,same_group_nearby,True,False,True,332.4,-11.28,navy blue wallte lost,Found a maroon-ish red Lifelong umbrella. Features: folding type.,test
L0243,F0536,0,same_group_nearby,True,False,True,155.2,55.0,navy blue wallte lost,"Ye mila hai, owner ko batao: navy blue wallet found",test
L0243,F0169,0,random,True,False,True,0.0,1413.08,navy blue wallte lost,light pink umbrella found,test
L0243,F0638,0,random,True,False,False,155.2,990.88,navy blue wallte lost,"Found a white Mi battery pack. It has rubber finish, USB-C port, thin power bank. Kept safely with me.",test
L0244,F0249,1,positive,True,True,True,0.0,15.83,I lost my pink earbuds case. Features: tiny indicator light.,"Found a pink AirPods charging case. Features: small LED light, lanyard hook, scratches on the lid.",train
L0244,F0097,0,same_group_nearby,True,False,True,247.0,-25.23,I lost my pink earbuds case. Features: tiny indicator light.,"Ye mila hai, owner ko batao: found a light blue Ambrane charger bank. It has matte rubber finish.",train
L0244,F0315,0,same_group_nearby,True,True,True,120.4,-55.52,I lost my pink earbuds case. Features: tiny indicator light.,Found a earbuds case.,train
L0244,F0541,0,same_group_nearby,True,False,True,250.0,-5.08,I lost my pink earbuds case. Features: tiny indicator light.,Found a blue battery pack. Details: matte rubber finish.,train
L0244,F0146,0,random,True,False,True,250.0,-1134.7,I lost my pink earbuds case. Features: tiny indicator light.,Found grey notebook computer,train
L0244,F0691,0,random,True,False,False,340.1,-788.45,I lost my pink earbuds case. Features: tiny indicator light.,"Found a grey scientific calculator. Details: scientific type, faded keys.",train
L0245,F0250,1,positive,True,True,True,133.4,17.42,Lost white phone,Found a off-white iPhone mobile. Features: transparent case.,test
L0245,F0536,0,random,True,False,False,133.4,252.57,Lost white phone,"Ye mila hai, owner ko batao: navy blue wallet found",test
L0245,F0621,0,random,True,False,False,463.2,950.8,Lost white phone,navy blue Popy umbrella found,test
L0246,F0251,1,positive,True,True,True,0.0,13.27,Lost white power bank,"Mujhe mila hai: found a white battery pack. Features: matte rubber finish, slim body.",train
L0246,F0252,0,twin_hard_negative,True,True,True,0.0,865.35,Lost white power bank,white charger bank found,train
L0246,F0413,0,same_group_nearby,True,False,True,304.1,0.67,Lost white power bank,Found a black laptop. It has black sleeve.,train
L0246,F0072,0,same_group_nearby,True,False,True,263.1,16.68,Lost white power bank,Found a silver Ambrane charger bank. Features: thin power bank.,train
L0246,F0739,0,same_group_nearby,True,False,True,216.3,3.45,Lost white power bank,Mujhe mila hai: found a phone.,train
L0246,F0738,0,random,True,False,False,0.0,-71.32,Lost white power bank,Found a rose umbrella. Details: pattern on the border.,train
L0246,F0004,0,random,True,False,False,481.7,31.95,Lost white power bank,Found a grey purse. Features: zip coin pocket.,train
L0247,F0252,1,positive,True,True,True,170.9,3.23,I lost my white Raelme power bank. Details: slim body.,white charger bank found,train
L0247,F0251,0,twin_hard_negative,True,True,True,170.9,-848.85,I lost my white Raelme power bank. Details: slim body.,"Mujhe mila hai: found a white battery pack. Features: matte rubber finish, slim body.",train
L0247,F0194,0,same_group_nearby,True,True,True,174.9,-22.03,I lost my white Raelme power bank. Details: slim body.,"Ye mila hai, owner ko batao: found a silver Ambrane battery pack. It has rubber finish.",train
L0247,F0161,0,same_group_nearby,True,False,True,191.0,-17.0,I lost my white Raelme power bank. Details: slim body.,Found a rose watch. It has square dial.,train
L0247,F0555,0,same_group_nearby,True,False,True,282.8,14.8,I lost my white Raelme power bank. Details: slim body.,"Mujhe mila hai: found a black Realme adapter with cable. Details: cloth braided cable, two-pin adapter, about 1.5 m cable.",train
L0247,F0437,0,random,True,False,False,308.1,-715.18,I lost my white Raelme power bank. Details: slim body.,"Found a blue Citizen scientific calculator. It has solar strip on top, faded keys, slide cover.",train
L0247,F0012,0,random,True,False,False,134.2,-376.55,I lost my white Raelme power bank. Details: slim body.,Found a silver-grey calculator. It has slide cover.,train
L0248,F0253,1,positive,True,True,True,134.5,0.5,I lost my black earbuds case. Features: silicone cover.,Found a black charging case. Features: hook for a lanyard.,val
L0248,F0732,0,random,True,False,False,155.6,-501.83,I lost my black earbuds case. Features: silicone cover.,Found a sky blue glasses case. Details: zip closure.,val
L0248,F0687,0,random,True,False,True,280.2,-758.42,I lost my black earbuds case. Features: silicone cover.,Found a dark green smartwatch. Details: square dial.,val
L0249,F0254,0,twin_hard_negative,False,True,True,178.9,38.83,I lost my orange Classmate notebook. Details: 200 pages.,"Found a orange Classmate record book. It has about two hundred pages, spiral bound.",test
L0249,F0700,0,same_group_nearby,False,True,True,310.6,-58.63,I lost my orange Classmate notebook. Details: 200 pages.,green notebook found,test
L0249,F0567,0,random,False,False,False,310.6,587.48,I lost my orange Classmate notebook. Details: 200 pages.,oFund a card holder.,test
L0249,F0326,0,random,False,False,False,589.0,-424.37,I lost my orange Classmate notebook. Details: 200 pages.,olive green water bottle found,test
L0250,F0254,1,positive,True,True,True,178.9,85.25,I lost my ornage record book. It has spiral bound.,"Found a orange Classmate record book. It has about two hundred pages, spiral bound.",test
L0250,F0700,0,same_group_nearby,True,True,True,310.6,-12.22,I lost my ornage record book. It has spiral bound.,green notebook found,test
L0250,F0311,0,random,True,False,False,223.6,-325.35,I lost my ornage record book. It has spiral bound.,"Ye mila hai, owner ko batao: found a silver key bunch. Details: metal ring.",test
L0250,F0250,0,random,True,False,False,178.9,-466.42,I lost my ornage record book. It has spiral bound.,Found a off-white iPhone mobile. Features: transparent case.,test
L0251,F0255,1,positive,True,True,True,128.1,1.57,"Lost my reocrd book, it is red.",Found a red record book. Features: 200 pages.,test
L0251,F0227,0,same_group_nearby,True,True,True,201.2,-70.78,"Lost my reocrd book, it is red.",light blue record book found,test
L0251,F0109,0,same_group_nearby,True,True,True,201.2,7.57,"Lost my reocrd book, it is red.","Found a blue Classmate record book. Features: hard cover, coloured sticky notes sticking out, spiral notebook.",test
L0251,F0490,0,same_group_nearby,True,False,True,0.0,-28.57,"Lost my reocrd book, it is red.","Found a grey Citizen calculator. Details: solar panel, some keys faded. Kept safely with me.",test
L0251,F0658,0,random,True,False,False,206.2,-958.0,"Lost my reocrd book, it is red.",Found a tan Lenskart glasses case. Features: zippered.,test
L0251,F0167,0,random,True,False,False,420.1,-609.65,"Lost my reocrd book, it is red.",Found a red smartphone. Details: transparent case.,test
L0252,F0256,1,positive,True,True,True,0.0,4.1,"I lost my blue Mi power bank. Details: slim body, LED indicator.",Found a power bank.,test
L0252,F0257,0,twin_hard_negative,True,True,True,186.8,-691.03,"I lost my blue Mi power bank. Details: slim body, LED indicator.","Found a blue Mi battery pack. It has type-C input, four indicator lights.",test
L0252,F0136,0,random,True,False,False,184.4,-145.62,"I lost my blue Mi power bank. Details: slim body, LED indicator.",grey calculator found,test
L0252,F0230,0,random,True,False,False,247.0,266.55,"I lost my blue Mi power bank. Details: slim body, LED indicator.","Found a black Woodland purse. Details: zip coin pocket, looks like leather, small metal logo. Kept safely with me.",test
L0253,F0257,1,positive,True,True,True,0.0,3.97,"I lost my light blue Mi batteyr pack. Details: LED indicator, type-C input.","Found a blue Mi battery pack. It has type-C input, four indicator lights.",test
L0253,F0256,0,twin_hard_negative,True,True,True,186.8,699.1,"I lost my light blue Mi batteyr pack. Details: LED indicator, type-C input.",Found a power bank.,test
L0253,F0696,0,same_group_nearby,True,False,True,280.0,13.62,"I lost my light blue Mi batteyr pack. Details: LED indicator, type-C input.",Found a blue laptop. Details: backlit keyboard.,test
L0253,F0695,0,same_group_nearby,True,False,True,10.0,6.6,"I lost my light blue Mi batteyr pack. Details: LED indicator, type-C input.","Found a blue laptop. It has black sleeve, stickers on the top cover, 15 inch screen. Kept safely with me.",test
L0253,F0062,0,same_group_nearby,True,False,True,277.8,54.47,"I lost my light blue Mi batteyr pack. Details: LED indicator, type-C input.",white smartwatch found,test
L0253,F0661,0,random,True,False,True,362.2,939.42,"I lost my light blue Mi batteyr pack. Details: LED indicator, type-C input.","Ye mila hai, owner ko batao: found a black boAt small case. It has rubber cover, scfufed lid.",test
L0253,F0535,0,random,True,False,False,277.8,11.17,"I lost my light blue Mi batteyr pack. Details: LED indicator, type-C input.","Found a navy blue Hidesign wallet. Details: worn edges, looks like leather.",test
L0254,F0258,1,positive,True,True,True,178.9,2.2,I lost my silver Redmi phone. Features: transparent case.,"Ye mila hai, owner ko batao: metallic Redmi smartphone found",train
L0254,F0321,0,same_group_nearby,True,False,True,260.0,-56.53,I lost my silver Redmi phone. Features: transparent case.,"Mujhe mila hai: found a white Syska battery pack. It has slim body, four indicator lights.",train
L0254,F0146,0,same_group_nearby,True,False,True,126.5,16.13,I lost my silver Redmi phone. Features: transparent case.,Found grey notebook computer,train
L0254,F0674,0,same_group_nearby,True,False,True,277.8,67.35,I lost my silver Redmi phone. Features: transparent case.,Found black earbuds case,train
L0254,F0200,0,random,True,False,True,372.2,739.93,I lost my silver Redmi phone. Features: transparent case.,"Ye mila hai, owner ko batao: found a pink charging case. Features: rubber cover, hook for a lanyard.",train
L0254,F0078,0,random,True,False,True,126.5,137.12,I lost my silver Redmi phone. Features: transparent case.,Found a black Dell laptop. Details: sticekrs on the top cover.,train
L0255,F0259,1,positive,True,True,True,126.5,1.43,I lost my pink umbrella. Features: bent rib.,"Found a pink umbrella. Details: bent rib, foldable umbrella, pattern on the border.",test
L0255,F0260,0,twin_hard_negative,True,True,True,0.0,-955.55,I lost my pink umbrella. Features: bent rib.,Found a pink umbrella. It has push-button opening.,test
L0255,F0169,0,same_group_nearby,True,True,True,155.2,-6.45,I lost my pink umbrella. Features: bent rib.,light pink umbrella found,test
L0255,F0230,0,same_group_nearby,True,False,True,134.5,16.58,I lost my pink umbrella. Features: bent rib.,"Found a black Woodland purse. Details: zip coin pocket, looks like leather, small metal logo. Kept safely with me.",test
L0255,F0661,0,random,True,False,False,216.3,-5.55,I lost my pink umbrella. Features: bent rib.,"Ye mila hai, owner ko batao: found a black boAt small case. It has rubber cover, scfufed lid.",test
L0255,F0658,0,random,True,False,True,260.0,-789.83,I lost my pink umbrella. Features: bent rib.,Found a tan Lenskart glasses case. Features: zippered.,test
L0256,F0260,1,positive,True,True,True,0.0,59.58,"I lost my pink umbrella. It has printed edges, push-button opening.",Found a pink umbrella. It has push-button opening.,test
L0256,F0259,0,twin_hard_negative,True,True,True,126.5,1016.57,"I lost my pink umbrella. It has printed edges, push-button opening.","Found a pink umbrella. Details: bent rib, foldable umbrella, pattern on the border.",test
L0256,F0099,0,random,True,False,False,269.3,247.87,"I lost my pink umbrella. It has printed edges, push-button opening.",Found a red backpack. It has logo in white on the front.,test
L0256,F0770,0,random,True,False,True,133.4,866.5,"I lost my pink umbrella. It has printed edges, push-button opening.",Found a card holder.,test
L0257,F0261,1,positive,True,False,True,134.2,4.17,I lost my silver MacBook laptop. Details: 15 inch screen.,Found a silver notebook computer. Features: keyboard lights up.,train
L0257,F0262,0,twin_hard_negative,True,True,True,191.0,115.97,I lost my silver MacBook laptop. Details: 15 inch screen.,Found silver notebook computer,train
L0257,F0612,0,same_group_nearby,True,False,True,191.0,-17.38,I lost my silver MacBook laptop. Details: 15 inch screen.,"Found a grey smartphone. Details: dual camera, crack on the top corner.",train
L0257,F0740,0,same_group_nearby,True,False,True,328.0,48.18,I lost my silver MacBook laptop. Details: 15 inch screen.,"Found a black laptop. Features: 15 inch screen, sticker on the lid. Kept safely with me.",train
L0257,F0759,0,same_group_nearby,True,False,True,0.0,-47.62,I lost my silver MacBook laptop. Details: 15 inch screen.,Found a black charger. Features: long cable.,train
L0257,F0591,0,random,True,False,False,250.0,-93.47,I lost my silver MacBook laptop. Details: 15 inch screen.,green rucksack found,train
L0257,F0423,0,random,True,False,False,328.0,622.27,I lost my silver MacBook laptop. Details: 15 inch screen.,Found a silver Decathlon bottle. It has steel body.,train
L0258,F0262,1,positive,True,True,True,230.2,16.6,"I lost my silver MacBook laptop. Features: in a black laptop sleeve, fifteen inch display.",Found silver notebook computer,train
L0258,F0261,0,twin_hard_negative,True,False,True,176.9,-95.2,"I lost my silver MacBook laptop. Features: in a black laptop sleeve, fifteen inch display.",Found a silver notebook computer. Features: keyboard lights up.,train
L0258,F0419,0,same_group_nearby,True,True,True,337.3,1.97,"I lost my silver MacBook laptop. Features: in a black laptop sleeve, fifteen inch display.",Found a laptop.,train
L0258,F0666,0,same_group_nearby,True,False,True,176.9,-21.23,"I lost my silver MacBook laptop. Features: in a black laptop sleeve, fifteen inch display.",Found a green phone. Details: ring holder on the back.,train
L0258,F0030,0,same_group_nearby,True,True,True,0.0,-24.8,"I lost my silver MacBook laptop. Features: in a black laptop sleeve, fifteen inch display.","Ye mila hai, owner ko batao: found a blue laptop. Details: sticker on the lid, 15 inch screen.",train
L0258,F0195,0,random,True,False,True,308.1,-692.15,"I lost my silver MacBook laptop. Features: in a black laptop sleeve, fifteen inch display.",Mujhe mila hai: found a power bank.,train
L0258,F0189,0,random,True,False,False,304.6,506.58,"I lost my silver MacBook laptop. Features: in a black laptop sleeve, fifteen inch display.",Found a navy blue bag. It has two front zips.,train
L0259,F0264,1,positive,True,True,True,170.9,2.68,"I lost my maroon Puma wallet. Features: zip coin pocket, small metal logo.",Found a wallet.,train
L0259,F0190,0,same_group_nearby,True,True,True,263.1,22.28,"I lost my maroon Puma wallet. Features: zip coin pocket, small metal logo.","Found a grey purse. Details: zipper coin section, frayed at the edges, metal logo. Kept safely with me.",train
L0259,F0243,0,same_group_nearby,True,False,True,170.9,-64.07,"I lost my maroon Puma wallet. Features: zip coin pocket, small metal logo.","Found a black keychain. Details: plastic tag, tiny lock key.",train
L0259,F0341,0,same_group_nearby,True,False,True,340.1,18.43,"I lost my maroon Puma wallet. Features: zip coin pocket, small metal logo.",Found brown purse,train
L0259,F0066,0,random,True,False,False,480.8,-776.37,"I lost my maroon Puma wallet. Features: zip coin pocket, small metal logo.",Found green rucksack,train
L0259,F0147,0,random,True,False,False,616.2,-385.72,"I lost my maroon Puma wallet. Features: zip coin pocket, small metal logo.",black notebook computer found,train
L0260,F0265,1,positive,True,True,True,0.0,86.78,I lost my blue Casio calculator. Details: scientific type.,Found a blue Casio calculator. Details: solar strip on top.,train
L0260,F0266,0,twin_hard_negative,True,True,True,155.2,940.23,I lost my blue Casio calculator. Details: scientific type.,"Found a blue calculator. It has hard slide-on cover, faded keys. Kept safely with me.",train
L0260,F0708,0,same_group_nearby,True,False,True,269.3,-22.63,I lost my blue Casio calculator. Details: scientific type.,Found red Camlin record book,train
L0260,F0644,0,same_group_nearby,True,False,True,134.5,43.05,I lost my blue Casio calculator. Details: scientific type.,Found a red notebook. It has spiral notebook.,train
L0260,F0027,0,same_group_nearby,True,False,True,277.8,15.95,I lost my blue Casio calculator. Details: scientific type.,Fonud a dark yellow book. Features: sticky notes inside.,train
L0260,F0294,0,random,True,False,False,372.2,366.7,I lost my blue Casio calculator. Details: scientific type.,Found a green Redmi phone. Details: clear back cover.,train
L0260,F0556,0,random,True,False,False,0.0,715.37,I lost my blue Casio calculator. Details: scientific type.,Found a charger.,train
L0261,F0266,1,positive,True,True,True,70.7,3.27,"Mera i lost my blue Casio calculator. Details: hard slide-on cover, faded keys. kho gaya hai.","Found a blue calculator. It has hard slide-on cover, faded keys. Kept safely with me.",train
L0261,F0265,0,twin_hard_negative,True,True,True,134.5,-850.18,"Mera i lost my blue Casio calculator. Details: hard slide-on cover, faded keys. kho gaya hai.",Found a blue Casio calculator. Details: solar strip on top.,train
L0261,F0293,0,same_group_nearby,True,False,True,237.7,24.78,"Mera i lost my blue Casio calculator. Details: hard slide-on cover, faded keys. kho gaya hai.",Found a dark yellow Camlin record book. Features: thick cover.,train
L0261,F0401,0,same_group_nearby,True,True,True,150.0,-15.73,"Mera i lost my blue Casio calculator. Details: hard slide-on cover, faded keys. kho gaya hai.","Found a blue Citizen scientific calculator. Features: scientific calculator, some keys faded. Kept safely with me.",train
L0261,F0504,0,same_group_nearby,True,True,True,134.5,-18.63,"Mera i lost my blue Casio calculator. Details: hard slide-on cover, faded keys. kho gaya hai.",Found a sky blue Casio scientific calculator. It has scientific type.,train
L0261,F0314,0,random,True,False,False,134.5,-1655.12,"Mera i lost my blue Casio calculator. Details: hard slide-on cover, faded keys. kho gaya hai.","Found a black Noise airpods case. Features: tiny indicator light, scratches on the lid.",train
L0261,F0088,0,random,True,False,False,70.7,-1405.17,"Mera i lost my blue Casio calculator. Details: hard slide-on cover, faded keys. kho gaya hai.",white fitness band found,train
L0262,F0267,1,positive,True,True,True,0.0,3.52,I lost my cream earbuds case. Details: scratches on the lid.,Found a cream charging case. Features: hook for a lanyard.,train
L0262,F0247,0,same_group_nearby,True,False,True,304.6,47.02,I lost my cream earbuds case. Details: scratches on the lid.,"Found a dark grey laptop. Details: keyboard lgihts up, fifteen inch display, black sleeve. Kept safely with me.",train
L0262,F0158,0,same_group_nearby,True,False,True,0.0,30.77,I lost my cream earbuds case. Details: scratches on the lid.,Found a blue fitness band. It has scratch on the glass.,train
L0262,F0157,0,same_group_nearby,True,False,True,176.9,3.37,I lost my cream earbuds case. Details: scratches on the lid.,Found a black adapter with cable. Details: fast charging type.,train
L0262,F0287,0,random,True,False,False,304.6,411.18,I lost my cream earbuds case. Details: scratches on the lid.,Found a pink umbrella. Details: foldable umbrella.,train
L0262,F0749,0,random,True,False,True,58.3,1075.1,I lost my cream earbuds case. Details: scratches on the lid.,Found a cream watch. It has circular screen.,train
L0263,F0250,0,same_group_nearby,False,False,True,178.9,17.4,"I lost my black Acer laptop. Details: lback sleeve, stickers on the top cover.",Found a off-white iPhone mobile. Features: transparent case.,test
L0263,F0535,0,random,False,False,False,178.9,683.28,"I lost my black Acer laptop. Details: lback sleeve, stickers on the top cover.","Found a navy blue Hidesign wallet. Details: worn edges, looks like leather.",test
L0263,F0256,0,random,False,False,True,531.5,1371.22,"I lost my black Acer laptop. Details: lback sleeve, stickers on the top cover.",Found a power bank.,test
L0264,F0268,1,positive,True,True,True,0.0,84.67,"I lost my blue Classmate notebook. It has 200 pages, coloured sticky notes sticking out, spiral notebook.",blue notebook found,train
L0264,F0176,0,same_group_nearby,True,False,True,134.5,-33.88,"I lost my blue Classmate notebook. It has 200 pages, coloured sticky notes sticking out, spiral notebook.",Found a silver-grey Citizen calculator. It has some keys faded.,train
L0264,F0451,0,same_group_nearby,True,False,True,67.1,28.77,"I lost my blue Classmate notebook. It has 200 pages, coloured sticky notes sticking out, spiral notebook.",Mujhe mila hai: grey calculator found,train
L0264,F0736,0,same_group_nearby,True,True,True,0.0,55.25,"I lost my blue Classmate notebook. It has 200 pages, coloured sticky notes sticking out, spiral notebook.",Found a book.,train
L0264,F0102,0,random,True,False,True,139.3,908.2,"I lost my blue Classmate notebook. It has 200 pages, coloured sticky notes sticking out, spiral notebook.","Ye mila hai, owner ko batao: found a black rceord book. Details: 200 pages, thick cover. Kept safely with me.",train
L0264,F0742,0,random,True,False,False,139.3,575.15,"I lost my blue Classmate notebook. It has 200 pages, coloured sticky notes sticking out, spiral notebook.","Found a dark grey umbrella. It has pattern on the border, one bent rib.",train
L0265,F0269,1,positive,True,True,True,67.1,-0.82,"I lost my silver Syska power bank. It has type-C input, rubber finish.",Found a silver battery pack. Details: USB-C port.,test
L0265,F0660,0,same_group_nearby,True,False,True,237.7,3.35,"I lost my silver Syska power bank. It has type-C input, rubber finish.","Found a black boAt earbuds case. Details: scuffed lid, small LED light.",test
L0265,F0638,0,same_group_nearby,True,False,True,134.5,-61.08,"I lost my silver Syska power bank. It has type-C input, rubber finish.","Found a white Mi battery pack. It has rubber finish, USB-C port, thin power bank. Kept safely with me.",test
L0265,F0724,0,same_group_nearby,True,False,True,123.7,1.43,"I lost my silver Syska power bank. It has type-C input, rubber finish.","Found a light pink Amazfit watch. Details: glass slightly scratched, circular screen, rectangular screen. Kept safely with me.",test
L0265,F0450,0,random,True,False,False,0.0,-1213.33,"I lost my silver Syska power bank. It has type-C input, rubber finish.",Found a gray sports bag. Features: two front zips.,test
L0265,F0288,0,random,True,False,False,237.7,-522.38,"I lost my silver Syska power bank. It has type-C input, rubber finish.",Found brown card holder,test
L0266,F0270,1,positive,True,True,True,0.0,3.48,I lost my grey Wildcraft backpack. Details: white logo.,Found a bag.,train
L0266,F0271,0,twin_hard_negative,True,True,True,67.1,194.5,I lost my grey Wildcraft backpack. Details: white logo.,Found a grey Wildcraft rucksack. Features: one side pocket.,train
L0266,F0754,0,same_group_nearby,True,True,True,139.3,-50.87,I lost my grey Wildcraft backpack. Details: white logo.,"Found a navy blue Skybags backpack. It has white logo, reflective strip. Kept safely with me.",train
L0266,F0595,0,random,True,False,False,247.0,-359.48,I lost my grey Wildcraft backpack. Details: white logo.,Found a calculator.,train
L0266,F0456,0,random,True,False,False,310.6,-974.87,I lost my grey Wildcraft backpack. Details: white logo.,"Fuond a pink umbrella. Features: foldable umbrella, automatic open button.",train
L0267,F0271,1,positive,True,True,True,0.0,1.67,Lost grey backpakc,Found a grey Wildcraft rucksack. Features: one side pocket.,train
L0267,F0270,0,twin_hard_negative,True,True,True,67.1,-189.35,Lost grey backpakc,Found a bag.,train
L0267,F0551,0,same_group_nearby,True,True,True,201.0,-14.75,Lost grey backpakc,"Found a black Puma rucksack. It has logo in white on the front, reflective strip.",train
L0267,F0085,0,same_group_nearby,True,True,True,134.2,-23.1,Lost grey backpakc,Found a grey backpack. Features: laptop compartment.,train
L0267,F0427,0,same_group_nearby,True,True,True,282.8,-25.63,Lost grey backpakc,Found a sports bag.,train
L0267,F0280,0,random,True,False,False,126.5,-1750.35,Lost grey backpakc,"Found a dark AirPods airpods case. It has rubber cover, small LED light, scuffed lid.",train
L0267,F0453,0,random,True,False,False,201.0,-69.9,Lost grey backpakc,Found a brown keychain. Details: plasitc tag.,train
L0268,F0697,0,same_group_nearby,False,True,True,250.0,21.75,I lost my light blue Casio calculator. Details: scientific type.,Found a sky blue scientific calculator. Details: hard slide-on cover.,train
L0268,F0595,0,same_group_nearby,False,True,True,0.0,-5.73,I lost my light blue Casio calculator. Details: scientific type.,Found a calculator.,train
L0268,F0727,0,same_group_nearby,False,True,True,120.4,18.17,I lost my light blue Casio calculator. Details: scientific type.,"Found a blue Casio calculator. It has solar strip on top, scientific calculator, faded keys. Kept safely with me.",train
L0268,F0065,0,random,False,False,False,370.5,-222.13,I lost my light blue Casio calculator. Details: scientific type.,Found a battery pack.,train
L0268,F0019,0,random,False,False,False,340.1,-368.15,I lost my light blue Casio calculator. Details: scientific type.,Found a pink OnePlus charging case. It has lanyard hook.,train
L0269,F0273,1,positive,True,False,True,0.0,28.53,I lost my navy blue umbrella. It has automatic open button.,"Found a navy blue Lifelong umbrella. Details: push-button opening, folding type, bent rib. Kept safely with me.",train
L0269,F0359,0,same_group_nearby,True,False,True,136.0,66.53,I lost my navy blue umbrella. It has automatic open button.,Found a pink umbrella. Details: foldable umbrella.,train
L0269,F0042,0,same_group_nearby,True,False,True,170.9,35.08,I lost my navy blue umbrella. It has automatic open button.,Found a brown Titan specs box. Details: hard case.,train
L0269,F0190,0,same_group_nearby,True,True,True,282.8,-6.82,I lost my navy blue umbrella. It has automatic open button.,"Found a grey purse. Details: zipper coin section, frayed at the edges, metal logo. Kept safely with me.",train
L0269,F0572,0,random,True,False,True,0.0,81.97,I lost my navy blue umbrella. It has automatic open button.,Found a dark key bunch. It has tiny lock key.,train
L0269,F0712,0,random,True,False,False,170.9,291.82,I lost my navy blue umbrella. It has automatic open button.,"Found a black Tupperware bottle. It has flip cap, stainless steel, paint worn off in places. Kept safely with me.",train
L0270,F0274,1,positive,True,True,True,0.0,14.27,I lost my pink Realme earbuds case. It has tiny indicator light.,Found a pink Realme airpods case. It has lanyard hook.,train
L0270,F0686,0,same_group_nearby,True,False,True,294.3,-31.88,I lost my pink Realme earbuds case. It has tiny indicator light.,"Found a white Apple charger. It has fast charging type, two-pin plug, cloth braided cable.",train
L0270,F0135,0,same_group_nearby,True,True,True,0.0,-13.78,I lost my pink Realme earbuds case. It has tiny indicator light.,Found a white Realme small case. It has small LED light.,train
L0270,F0050,0,same_group_nearby,True,False,True,332.4,18.6,I lost my pink Realme earbuds case. It has tiny indicator light.,Found a grey notebook computer. It has backlit keyboard.,train
L0270,F0678,0,random,True,False,False,282.8,-729.63,I lost my pink Realme earbuds case. It has tiny indicator light.,Found silver key bunhc,train
L0270,F0659,0,random,True,False,True,332.4,128.92,I lost my pink Realme earbuds case. It has tiny indicator light.,Found black charger,train
L0271,F0275,1,positive,True,True,True,447.8,2.28,"I lost my blue Anker power bank. Details: LED indicator, thin power bank. Please contact me if found.","Found a blue power bank. Details: slim body, four indicator lights.",train
L0271,F0420,0,same_group_nearby,True,False,True,310.6,-66.0,"I lost my blue Anker power bank. Details: LED indicator, thin power bank. Please contact me if found.",Found a light blue laptop. It has in a black laptop sleeve.,train
L0271,F0650,0,same_group_nearby,True,False,True,282.8,51.85,"I lost my blue Anker power bank. Details: LED indicator, thin power bank. Please contact me if found.",Found a cream adapter with cable. Details: about 1.5 m cable.,train
L0271,F0611,0,same_group_nearby,True,False,True,0.0,-40.77,"I lost my blue Anker power bank. Details: LED indicator, thin power bank. Please contact me if found.",Found a green Amazfit smartwatch. Features: scratch on the glass.,train
L0271,F0464,0,random,True,True,True,404.5,-168.53,"I lost my blue Anker power bank. Details: LED indicator, thin power bank. Please contact me if found.",Found a black battery pack. Features: matte rubber finish.,train
L0271,F0617,0,random,True,True,True,178.9,918.3,"I lost my blue Anker power bank. Details: LED indicator, thin power bank. Please contact me if found.","Mujhe mila hai: found a silver Anker power bank. It has USB-C port, matte rubber finish, thin power bank. Kept safely with me.",train
L0272,F0276,1,positive,True,True,True,269.3,1.93,"I lost my white power bank. Features: four indicator lights, thin power bank.",Found white charger bank,val
L0272,F0277,0,twin_hard_negative,True,True,True,178.9,-388.85,"I lost my white power bank. Features: four indicator lights, thin power bank.",white power bank found,val
L0272,F0432,0,same_group_nearby,True,False,True,277.8,-1.73,"I lost my white power bank. Features: four indicator lights, thin power bank.","Ye mila hai, owner ko batao: foudn a airpods case.",val
L0272,F0573,0,same_group_nearby,True,False,True,216.3,13.37,"I lost my white power bank. Features: four indicator lights, thin power bank.",Found a adapter with cable.,val
L0272,F0138,0,random,True,False,False,277.8,-688.85,"I lost my white power bank. Features: four indicator lights, thin power bank.","Found a blue scientific calculator. It has solar panel, scientific type.",val
L0272,F0495,0,random,True,False,False,178.9,-1371.0,"I lost my white power bank. Features: four indicator lights, thin power bank.",Mujhe mila hai: found a pink water bottle. Details: flip-top lid.,val
L0273,F0277,1,positive,True,True,True,178.9,2.47,"I lost my white Mi power bank. It has matte rubber finish, four indicator lights. Please contact me if found.",white power bank found,val
L0273,F0276,0,twin_hard_negative,True,True,True,269.3,393.25,"I lost my white Mi power bank. It has matte rubber finish, four indicator lights. Please contact me if found.",Found white charger bank,val
L0273,F0530,0,same_group_nearby,True,False,True,126.5,-15.18,"I lost my white Mi power bank. It has matte rubber finish, four indicator lights. Please contact me if found.","Foudn a white Realme adapter with cable. It has two-pin adapter, cloth braided cable, fast charging type.",val
L0273,F0031,0,same_group_nearby,True,False,True,277.8,-5.88,"I lost my white Mi power bank. It has matte rubber finish, four indicator lights. Please contact me if found.","Found a black Realme adapter with cable. Features: cloth braided cable, fast charger, long cable.",val
L0273,F0272,0,same_group_nearby,True,False,True,178.9,66.45,"I lost my white Mi power bank. It has matte rubber finish, four indicator lights. Please contact me if found.",Found a white Samsung phone. Details: clear back cover.,val
L0273,F0068,0,random,True,False,False,277.8,126.78,"I lost my white Mi power bank. It has matte rubber finish, four indicator lights. Please contact me if found.",Found a navy blue umbrella. Details: automatic open button.,val
L0273,F0145,0,random,True,False,False,269.3,-1332.87,"I lost my white Mi power bank. It has matte rubber finish, four indicator lights. Please contact me if found.",Mujhe mila hai: found a black keys. Features: steel ring.,val
L0274,F0278,1,positive,True,False,True,134.5,2.02,gray spectacles case lost,"Found a gray glasses case. It has soft pouch, tiny logo on the front.",train
L0274,F0628,0,same_group_nearby,True,False,True,201.2,-38.67,gray spectacles case lost,"Found a silver keys. Features: metal ring, bike key with a rubber cover.",train
L0274,F0618,0,same_group_nearby,True,False,True,269.3,-46.6,gray spectacles case lost,Found a grey umbrella. Details: bent rib.,train
L0274,F0520,0,same_group_nearby,True,False,True,155.6,4.68,gray spectacles case lost,Found a red spectacle case. Details: cloth pouch type.,train
L0274,F0729,0,random,True,False,False,201.2,-219.55,gray spectacles case lost,Found a black AirPods charging case. Details: tiny indicator light.,train
L0274,F0016,0,random,True,False,False,155.6,-307.12,gray spectacles case lost,"Found a black charger. Details: two-pin adapter, about 1.5 m cable. Kept safely with me.",train
L0275,F0279,1,positive,True,False,True,126.5,4.13,"I lost my blue Milton water bottle. Features: flip-top lid, paint worn off in places. Please contact me if found.",Found blue flask,val
L0275,F0291,0,random,True,False,False,349.9,-625.43,"I lost my blue Milton water bottle. Features: flip-top lid, paint worn off in places. Please contact me if found.",Found blue small case,val
L0275,F0354,0,random,True,False,False,216.3,-594.78,"I lost my blue Milton water bottle. Features: flip-top lid, paint worn off in places. Please contact me if found.","Mujhe mila hai: found a grey Titan spectacle case. Features: small logo, soft pouch, zip closure. Kept safely with me.",val
L0276,F0280,1,positive,True,False,True,0.0,1.78,I lost my black AirPods earbuds case. It has tiny indicator light.,"Found a dark AirPods airpods case. It has rubber cover, small LED light, scuffed lid.",train
L0276,F0281,0,same_group_nearby,True,False,True,277.8,48.45,I lost my black AirPods earbuds case. It has tiny indicator light.,Found green fitness band,train
L0276,F0247,0,same_group_nearby,True,False,True,134.5,-1.48,I lost my black AirPods earbuds case. It has tiny indicator light.,"Found a dark grey laptop. Details: keyboard lgihts up, fifteen inch display, black sleeve. Kept safely with me.",train
L0276,F0157,0,same_group_nearby,True,True,True,260.0,-45.13,I lost my black AirPods earbuds case. It has tiny indicator light.,Found a black adapter with cable. Details: fast charging type.,train
L0276,F0487,0,random,True,False,False,260.0,1543.88,I lost my black AirPods earbuds case. It has tiny indicator light.,"Found a silver water bottle. Features: stainless steel, flip cap. Kept safely with me.",train
L0276,F0071,0,random,True,False,True,133.4,1544.98,I lost my black AirPods earbuds case. It has tiny indicator light.,Found a silver Ambrane charger bank. Details: rubber finish.,train
L0277,F0281,1,positive,True,True,True,0.0,0.62,I lost my green Apple Watch smartwatch. Details: scratch on the glass.,Found green fitness band,train
L0277,F0247,0,same_group_nearby,True,False,True,148.7,-49.32,I lost my green Apple Watch smartwatch. Details: scratch on the glass.,"Found a dark grey laptop. Details: keyboard lgihts up, fifteen inch display, black sleeve. Kept safely with me.",train
L0277,F0195,0,same_group_nearby,True,False,True,201.0,-65.67,I lost my green Apple Watch smartwatch. Details: scratch on the glass.,Mujhe mila hai: found a power bank.,train
L0277,F0022,0,same_group_nearby,True,False,True,280.0,-25.7,I lost my green Apple Watch smartwatch. Details: scratch on the glass.,"Mujhe mila hai: found a silver Dell laptop. Features: in a black laptop sleeve, backlit keyboard.",train
L0277,F0088,0,random,True,True,True,134.5,156.92,I lost my green Apple Watch smartwatch. Details: scratch on the glass.,white fitness band found,train
L0277,F0401,0,random,True,False,False,172.0,1546.35,I lost my green Apple Watch smartwatch. Details: scratch on the glass.,"Found a blue Citizen scientific calculator. Features: scientific calculator, some keys faded. Kept safely with me.",train
L0278,F0282,1,positive,True,False,True,0.0,1.55,Lost black smartwatch,"Found a black Noise watch. Features: circular screen, silicone strap, scratch on the glass.",train
L0278,F0274,0,same_group_nearby,True,False,True,282.8,62.47,Lost black smartwatch,Found a pink Realme airpods case. It has lanyard hook.,train
L0278,F0553,0,same_group_nearby,True,False,True,284.3,-57.67,Lost black smartwatch,black power bank found,train
L0278,F0652,0,same_group_nearby,True,False,True,282.8,-68.3,Lost black smartwatch,Found a fitness band.,train
L0278,F0406,0,random,True,True,True,191.0,-494.92,Lost black smartwatch,"Found a white charger bank. It has LED indicator, slim body.",train
L0278,F0079,0,random,True,True,True,500.0,0.2,Lost black smartwatch,"Found a white Syska battery pack. Details: type-C input, matte rubber finish.",train
L0279,F0347,0,same_group_nearby,False,False,True,0.0,-6.32,Mera i lost my green umbrella. It has printed edges. kho gaya hai.,Found a grey Woodland card holder. It has zipper coin section.,train
L0279,F0010,0,same_group_nearby,False,False,True,197.2,2.85,Mera i lost my green umbrella. It has printed edges. kho gaya hai.,Found a brown wallet. Details: zipper coin section.,train
L0279,F0120,0,same_group_nearby,False,False,True,174.9,38.85,Mera i lost my green umbrella. It has printed edges. kho gaya hai.,Found a red glasses case. Features: hard shell.,train
L0279,F0359,0,random,False,True,True,72.8,1319.07,Mera i lost my green umbrella. It has printed edges. kho gaya hai.,Found a pink umbrella. Details: foldable umbrella.,train
L0279,F0063,0,random,False,False,False,72.8,1046.98,Mera i lost my green umbrella. It has printed edges. kho gaya hai.,Found a rose Decathlon water bottle. It has scratched paint.,train
L0280,F0285,1,positive,True,True,True,0.0,48.82,"I lost my grey Casio calculator. Features: faded keys, scientific calculator.",Found grey scientific calculator,val
L0280,F0284,0,twin_hard_negative,True,False,True,0.0,-703.05,"I lost my grey Casio calculator. Features: faded keys, scientific calculator.",Found a grey calculator. It has solar strip on top.,val
L0280,F0165,0,random,True,False,False,750.0,-527.47,"I lost my grey Casio calculator. Features: faded keys, scientific calculator.",Found black charger,val
L0280,F0330,0,random,True,False,False,480.8,-746.08,"I lost my grey Casio calculator. Features: faded keys, scientific calculator.",Found a mobile.,val
L0281,F0286,1,positive,True,True,True,148.7,3.52,"I lost my navy blue Popy umbrella. It has bent rib, printed edges. Please contact me if found.",Found navy blue umbrella,train
L0281,F0343,0,same_group_nearby,True,False,True,186.8,-24.97,"I lost my navy blue Popy umbrella. It has bent rib, printed edges. Please contact me if found.",brown keychain found,train
L0281,F0120,0,same_group_nearby,True,False,True,201.0,-55.97,"I lost my navy blue Popy umbrella. It has bent rib, printed edges. Please contact me if found.",Found a red glasses case. Features: hard shell.,train
L0281,F0557,0,same_group_nearby,True,False,True,10.0,-22.78,"I lost my navy blue Popy umbrella. It has bent rib, printed edges. Please contact me if found.","Found a grey Woodland purse. Details: zipper coin section, worn edges, looks like leather. Kept safely with me.",train
L0281,F0690,0,random,True,False,False,201.0,1109.0,"I lost my navy blue Popy umbrella. It has bent rib, printed edges. Please contact me if found.",Found gray calculator,train
L0281,F0077,0,random,True,False,True,277.8,235.28,"I lost my navy blue Popy umbrella. It has bent rib, printed edges. Please contact me if found.","Found a silver keys. It has steel ring, small padlock key.",train
L0282,F0286,0,twin_hard_negative,False,True,True,148.7,-624.8,I lost my blue umbrella. It has automatic open button.,Found navy blue umbrella,train
L0282,F0646,0,same_group_nearby,False,False,True,201.0,67.73,I lost my blue umbrella. It has automatic open button.,Found a light blue specs box. Details: hard case.,train
L0282,F0742,0,same_group_nearby,False,True,True,10.0,-1.97,I lost my blue umbrella. It has automatic open button.,"Found a dark grey umbrella. It has pattern on the border, one bent rib.",train
L0282,F0084,0,same_group_nearby,False,True,True,280.0,5.28,I lost my blue umbrella. It has automatic open button.,Found a red Popy umbrella. It has push-button opening.,train
L0282,F0760,0,random,False,False,True,456.5,262.73,I lost my blue umbrella. It has automatic open button.,"Found a red glasses case. Features: hard case, zippered.",train
L0282,F0665,0,random,False,False,False,172.0,449.2,I lost my blue umbrella. It has automatic open button.,Found a green OnePlus mobile. Details: crack on the top corner.,train
L0283,F0287,1,positive,True,True,True,0.0,1.88,"I lost my rose Lifelong umbrella. It has pattern on the border, push-button opening, foldable umbrella. Please contact me if found.",Found a pink umbrella. Details: foldable umbrella.,train
L0283,F0322,0,same_group_nearby,True,False,True,150.0,-46.58,"I lost my rose Lifelong umbrella. It has pattern on the border, push-button opening, foldable umbrella. Please contact me if found.",Found a silver key bunch. Details: bike key with a rubber cover.,train
L0283,F0631,0,same_group_nearby,True,False,True,148.7,-46.68,"I lost my rose Lifelong umbrella. It has pattern on the border, push-button opening, foldable umbrella. Please contact me if found.",Found a keys.,train
L0283,F0582,0,same_group_nearby,True,False,True,67.1,-47.32,"I lost my rose Lifelong umbrella. It has pattern on the border, push-button opening, foldable umbrella. Please contact me if found.","Found a brown Lenskart glasess case. Features: hard shell, zip closure, tiny logo on the front.",train
L0283,F0616,0,random,True,False,False,269.3,817.82,"I lost my rose Lifelong umbrella. It has pattern on the border, push-button opening, foldable umbrella. Please contact me if found.","Found a grey American Tourister rucksack. Details: logo in white on the front, small tear by the strap, double zip on the front.",train
L0283,F0232,0,random,True,False,False,148.7,-356.95,"I lost my rose Lifelong umbrella. It has pattern on the border, push-button opening, foldable umbrella. Please contact me if found.",Found a light blue notebook computer. Features: in a black laptop sleeve.,train
L0284,F0288,1,positive,True,True,True,134.2,2.67,dark brown card holder lost,Found brown card holder,test
L0284,F0260,0,same_group_nearby,True,False,True,349.9,-62.93,dark brown card holder lost,Found a pink umbrella. It has push-button opening.,test
L0284,F0535,0,same_group_nearby,True,True,True,349.9,-41.18,dark brown card holder lost,"Found a navy blue Hidesign wallet. Details: worn edges, looks like leather.",test
L0284,F0430,0,random,True,False,False,0.0,500.08,dark brown card holder lost,"Ye mila hai, owner ko batao: found a earbuds case.",test
L0284,F0259,0,random,True,False,True,284.3,894.05,dark brown card holder lost,"Found a pink umbrella. Details: bent rib, foldable umbrella, pattern on the border.",test
L0285,F0289,1,positive,True,True,True,0.0,36.85,"I lost my blue power bank. Details: thin power bank, matte rubber finish.","Found a blue Mi battery pack. Features: rubber finish, slim body. Kept safely with me.",train
L0285,F0679,0,same_group_nearby,True,False,True,206.2,55.62,"I lost my blue power bank. Details: thin power bank, matte rubber finish.","Found a black adapter with cable. Features: long cable, cloth braided cable, fast charging type.",train
L0285,F0342,0,same_group_nearby,True,False,True,0.0,52.1,"I lost my blue power bank. Details: thin power bank, matte rubber finish.",Found a maroon-ish red smartphone. Features: pop socket on the back.,train
L0285,F0768,0,same_group_nearby,True,False,True,172.0,-9.27,"I lost my blue power bank. Details: thin power bank, matte rubber finish.",Found a smartphone.,train
L0285,F0743,0,random,True,False,True,405.0,-1100.35,"I lost my blue power bank. Details: thin power bank, matte rubber finish.",Found a white adapter with cable. Features: braided cable.,train
L0285,F0266,0,random,True,False,False,206.2,-64.9,"I lost my blue power bank. Details: thin power bank, matte rubber finish.","Found a blue calculator. It has hard slide-on cover, faded keys. Kept safely with me.",train
L0286,F0290,1,positive,True,True,True,0.0,10.42,Lost blue power bank,blue power bank found,val
L0286,F0377,0,same_group_nearby,True,False,True,206.2,33.28,Lost blue power bank,Found a light blue laptop. Details: sticker on the lid.,val
L0286,F0089,0,same_group_nearby,True,False,True,136.0,3.8,Lost blue power bank,"Found a black Asus notebook computer. Details: backlit keyboard, sticker on the lid. Kept safely with me.",val
L0286,F0139,0,random,True,False,True,304.1,950.43,Lost blue power bank,Found a charger.,val
L0286,F0440,0,random,True,False,False,520.1,247.95,Lost blue power bank,"Found a grey Puma wallet. Features: worn edges, leather finish. Kept safely with me.",val
L0287,F0291,1,positive,True,True,True,0.0,0.2,"I lost my blue AirPods earbuds case. Details: rubber cover, scuffed lid, lanyard hook.",Found blue small case,val
L0287,F0007,0,same_group_nearby,True,False,True,284.3,-59.93,"I lost my blue AirPods earbuds case. Details: rubber cover, scuffed lid, lanyard hook.",Found a white adapter with cable. Details: braided cable.,val
L0287,F0529,0,same_group_nearby,True,False,True,349.9,57.87,"I lost my blue AirPods earbuds case. Details: rubber cover, scuffed lid, lanyard hook.","Found a cream adapter with cable. Details: two-pin adapter, cloth braided cable.",val
L0287,F0235,0,same_group_nearby,True,False,True,286.4,-8.42,"I lost my blue AirPods earbuds case. Details: rubber cover, scuffed lid, lanyard hook.","Found a green Noise smartwatch. It has rectangular screen, glass slightly scratched.",val
L0287,F0470,0,random,True,False,False,284.3,1393.45,"I lost my blue AirPods earbuds case. Details: rubber cover, scuffed lid, lanyard hook.","Found a black rucksack. It has two front zips, white logo, laptop compartment.",val
L0287,F0463,0,random,True,False,False,452.8,1228.83,"I lost my blue AirPods earbuds case. Details: rubber cover, scuffed lid, lanyard hook.",blue flask found,val
L0288,F0191,0,same_group_nearby,False,False,True,260.0,-38.3,"Lost my wallet, it is navy blue.","Found a red Titan glasses case. It has tiny logo on the front, hard case.",train
L0288,F0599,0,same_group_nearby,False,False,True,0.0,54.82,"Lost my wallet, it is navy blue.",Found a black spectacle case. Features: small logo.,train
L0288,F0669,0,same_group_nearby,False,False,True,120.4,0.37,"Lost my wallet, it is navy blue.","Found a brown keychain. It has two-wheeler key with cover, tag hanging from it. Kept safely with me.",train
L0288,F0532,0,random,False,False,True,527.7,-1409.63,"Lost my wallet, it is navy blue.","Ye mila hai, owner ko batao: found a brown key bunch. It has steel ring, plastic tag.",train
L0288,F0668,0,random,False,False,True,120.4,-733.93,"Lost my wallet, it is navy blue.",Found a tan keychain. Details: tiny lock key.,train
L0289,F0292,1,positive,True,True,True,0.0,64.1,"I lost my orange Camlin notebook. Details: sticky notes inside, 200 pages. Please contact me if found.","Found a orange book. Features: sticky notes inside, 200 pages.",train
L0289,F0293,0,twin_hard_negative,True,True,True,0.0,-50.67,"I lost my orange Camlin notebook. Details: sticky notes inside, 200 pages. Please contact me if found.",Found a dark yellow Camlin record book. Features: thick cover.,train
L0289,F0602,0,same_group_nearby,True,False,True,170.9,21.43,"I lost my orange Camlin notebook. Details: sticky notes inside, 200 pages. Please contact me if found.",grey calculator ofund,train
L0289,F0124,0,same_group_nearby,True,False,True,237.7,-52.28,"I lost my orange Camlin notebook. Details: sticky notes inside, 200 pages. Please contact me if found.","Found a grey Citizen calculator. Features: some keys faded, scientific type.",train
L0289,F0313,0,same_group_nearby,True,True,True,340.1,71.35,"I lost my orange Camlin notebook. Details: sticky notes inside, 200 pages. Please contact me if found.",Mujhe mila hai: found a green record book. It has coloured sticky notes sticking out.,train
L0289,F0574,0,random,True,False,False,228.0,-96.33,"I lost my orange Camlin notebook. Details: sticky notes inside, 200 pages. Please contact me if found.",Found a red mobile. Details: two cameras at the back.,train
L0289,F0639,0,random,True,False,False,237.7,-1565.38,"I lost my orange Camlin notebook. Details: sticky notes inside, 200 pages. Please contact me if found.",Found a pink Borosil water bottle. Details: one litre bottle.,train
L0290,F0293,1,positive,True,True,True,0.0,20.93,Mera i lost my orange Camlin record book. It has 200 pages. kho gaya hai.,Found a dark yellow Camlin record book. Features: thick cover.,train
L0290,F0292,0,twin_hard_negative,True,True,True,0.0,135.7,Mera i lost my orange Camlin record book. It has 200 pages. kho gaya hai.,"Found a orange book. Features: sticky notes inside, 200 pages.",train
L0290,F0124,0,same_group_nearby,True,False,True,237.7,19.32,Mera i lost my orange Camlin record book. It has 200 pages. kho gaya hai.,"Found a grey Citizen calculator. Features: some keys faded, scientific type.",train
L0290,F0401,0,same_group_nearby,True,False,True,228.0,-19.58,Mera i lost my orange Camlin record book. It has 200 pages. kho gaya hai.,"Found a blue Citizen scientific calculator. Features: scientific calculator, some keys faded. Kept safely with me.",train
L0290,F0045,0,same_group_nearby,True,False,True,134.2,53.93,Mera i lost my orange Camlin record book. It has 200 pages. kho gaya hai.,"Found a blue calculator. It has slide cover, scientific type, solar strip on top. Kept safely with me.",train
L0290,F0265,0,random,True,False,True,216.3,-854.03,Mera i lost my orange Camlin record book. It has 200 pages. kho gaya hai.,Found a blue Casio calculator. Details: solar strip on top.,train
L0290,F0157,0,random,True,False,False,228.0,-1658.9,Mera i lost my orange Camlin record book. It has 200 pages. kho gaya hai.,Found a black adapter with cable. Details: fast charging type.,train
L0291,F0295,1,positive,True,False,True,0.0,19.93,"I lost my grey Lifelong umbrella. Features: push-button opening, foldable umbrella, bent rib.",Fuond a grey Lifelong umbrella. Details: push-button opening.,test
L0291,F0308,0,same_group_nearby,True,False,True,277.8,-0.85,"I lost my grey Lifelong umbrella. Features: push-button opening, foldable umbrella, bent rib.",brown key bunch found,test
L0291,F0366,0,same_group_nearby,True,False,True,133.4,-61.47,"I lost my grey Lifelong umbrella. Features: push-button opening, foldable umbrella, bent rib.",black specs box found,test
L0291,F0060,0,random,True,False,False,372.2,1012.23,"I lost my grey Lifelong umbrella. Features: push-button opening, foldable umbrella, bent rib.","Found a navy blue American Tourister sports bag. Details: white logo, two front zips.",test
L0291,F0167,0,random,True,False,False,349.9,740.82,"I lost my grey Lifelong umbrella. Features: push-button opening, foldable umbrella, bent rib.",Found a red smartphone. Details: transparent case.,test
L0292,F0297,1,positive,True,True,True,230.2,15.05,"I lost my sky blue Casio calculator. It has scientific calculator, solar strip on top.",Found a light blue scientific calculator. It has solar strip on top.,train
L0292,F0296,0,twin_hard_negative,True,True,True,0.0,320.08,"I lost my sky blue Casio calculator. It has scientific calculator, solar strip on top.","Ye mila hai, owner ko batao: found a sky blue Casio scientific calculator. Features: scientific type, some keys faded.",train
L0292,F0095,0,same_group_nearby,True,True,True,337.3,-57.47,"I lost my sky blue Casio calculator. It has scientific calculator, solar strip on top.",Found a calculator.,train
L0292,F0768,0,random,True,False,False,230.9,1595.63,"I lost my sky blue Casio calculator. It has scientific calculator, solar strip on top.",Found a smartphone.,train
L0292,F0188,0,random,True,False,False,808.0,739.23,"I lost my sky blue Casio calculator. It has scientific calculator, solar strip on top.",Found a white Realme charger. It has about 1.5 m cable.,train
L0293,F0580,0,same_group_nearby,False,True,True,352.3,23.43,"I lost my green Adidas backpack. Features: small tear by the strap, double zip on the front, padded laptop section.",Found red rucksack,train
L0293,F0049,0,same_group_nearby,False,True,True,0.0,25.88,"I lost my green Adidas backpack. Features: small tear by the strap, double zip on the front, padded laptop section.",red sports bag found,train
L0293,F0686,0,random,False,False,False,326.5,113.77,"I lost my green Adidas backpack. Features: small tear by the strap, double zip on the front, padded laptop section.","Found a white Apple charger. It has fast charging type, two-pin plug, cloth braided cable.",train
L0293,F0742,0,random,False,False,False,352.3,-261.82,"I lost my green Adidas backpack. Features: small tear by the strap, double zip on the front, padded laptop section.","Found a dark grey umbrella. It has pattern on the border, one bent rib.",train
L0294,F0298,1,positive,True,True,True,178.9,5.03,"I lost my white Anker power bank. It has USB-C port, rubber finish.",Found a white Realme battery pack. Features: rubebr finish.,train
L0294,F0161,0,same_group_nearby,True,False,True,447.8,27.53,"I lost my white Anker power bank. It has USB-C port, rubber finish.",Found a rose watch. It has square dial.,train
L0294,F0728,0,same_group_nearby,True,False,True,294.3,52.3,"I lost my white Anker power bank. It has USB-C port, rubber finish.",Found a black earbuds case. Features: scratches on the lid.,train
L0294,F0150,0,same_group_nearby,True,False,True,263.1,-31.02,"I lost my white Anker power bank. It has USB-C port, rubber finish.",Found a blue AirPods earbuds case. Details: silicone cover.,train
L0294,F0572,0,random,True,False,False,282.8,-199.2,"I lost my white Anker power bank. It has USB-C port, rubber finish.",Found a dark key bunch. It has tiny lock key.,train
L0294,F0453,0,random,True,False,False,456.5,169.88,"I lost my white Anker power bank. It has USB-C port, rubber finish.",Found a brown keychain. Details: plasitc tag.,train
L0295,F0298,0,twin_hard_negative,False,True,True,382.1,554.7,"I lost my white Realme power bank. Details: type-C input, LED indicator. Please contact me if found.",Found a white Realme battery pack. Features: rubebr finish.,train
L0295,F0652,0,same_group_nearby,False,False,True,223.6,28.1,"I lost my white Realme power bank. Details: type-C input, LED indicator. Please contact me if found.",Found a fitness band.,train
L0295,F0439,0,same_group_nearby,False,False,True,0.0,27.95,"I lost my white Realme power bank. Details: type-C input, LED indicator. Please contact me if found.",Found a cream adapter with cable. Details: cloth braided cable.,train
L0295,F0374,0,same_group_nearby,False,False,True,645.4,-41.17,"I lost my white Realme power bank. Details: type-C input, LED indicator. Please contact me if found.",Found black fitness band,train
L0295,F0571,0,random,False,False,False,382.1,443.3,"I lost my white Realme power bank. Details: type-C input, LED indicator. Please contact me if found.",rose flask found,train
L0295,F0184,0,random,False,False,False,808.0,254.85,"I lost my white Realme power bank. Details: type-C input, LED indicator. Please contact me if found.",Found a blue Casio calculator. Features: some keys faded.,train
L0296,F0299,1,positive,True,True,True,0.0,2.98,Kisi ko mila ho toh batao: i lost my dark phone. Features: clear back cover.,Found a black smartphone. Features: two cameras at the back.,train
L0296,F0441,0,same_group_nearby,True,False,True,0.0,67.55,Kisi ko mila ho toh batao: i lost my dark phone. Features: clear back cover.,Found a blue AirPods airpods case. Details: tiny indicator light.,train
L0296,F0374,0,same_group_nearby,True,False,True,440.1,26.52,Kisi ko mila ho toh batao: i lost my dark phone. Features: clear back cover.,Found black fitness band,train
L0296,F0349,0,same_group_nearby,True,False,True,0.0,-44.35,Kisi ko mila ho toh batao: i lost my dark phone. Features: clear back cover.,Found a black adapter with cable. Features: braided cable.,train
L0296,F0518,0,random,True,False,False,349.9,108.82,Kisi ko mila ho toh batao: i lost my dark phone. Features: clear back cover.,Found a calculator.,train
L0296,F0335,0,random,True,False,True,350.0,-528.72,Kisi ko mila ho toh batao: i lost my dark phone. Features: clear back cover.,Found a fitness band.,train
L0297,F0300,1,positive,True,True,True,0.0,31.37,"I lost my white Noise smartwatch. Features: silicone strap, square dial, circular screen. Please contact me if found.",Found a white smartwatch. It has round dial.,test
L0297,F0761,0,same_group_nearby,True,False,True,134.5,48.62,"I lost my white Noise smartwatch. Features: silicone strap, square dial, circular screen. Please contact me if found.",Found a metallic battery pack. Features: matte rubber finish.,test
L0297,F0698,0,same_group_nearby,True,False,True,134.5,18.03,"I lost my white Noise smartwatch. Features: silicone strap, square dial, circular screen. Please contact me if found.","Found a dark adapter with cable. It has long cable, cloth braided cable, two-pin plug.",test
L0297,F0621,0,random,True,False,False,516.2,-810.33,"I lost my white Noise smartwatch. Features: silicone strap, square dial, circular screen. Please contact me if found.",navy blue Popy umbrella found,test
L0297,F0295,0,random,True,False,False,134.5,-1306.4,"I lost my white Noise smartwatch. Features: silicone strap, square dial, circular screen. Please contact me if found.",Fuond a grey Lifelong umbrella. Details: push-button opening.,test
L0298,F0301,1,positive,True,True,True,134.5,21.22,"I lost my blue Dell laptop. It has sticker on the lid, keyboard lights up, black sleeve. Please contatc me if found.",Found a blue laptop. It has backlit keyboard.,test
L0298,F0302,0,twin_hard_negative,True,True,True,123.7,388.98,"I lost my blue Dell laptop. It has sticker on the lid, keyboard lights up, black sleeve. Please contatc me if found.",Found blue Dell laptop,test
L0298,F0117,0,same_group_nearby,True,False,True,237.7,-7.57,"I lost my blue Dell laptop. It has sticker on the lid, keyboard lights up, black sleeve. Please contatc me if found.","Found a green Samsung smartphone. Features: transparent case, two cameras at the back.",test
L0298,F0731,0,same_group_nearby,True,False,True,134.5,-6.2,"I lost my blue Dell laptop. It has sticker on the lid, keyboard lights up, black sleeve. Please contatc me if found.",Found a pink charging case. Details: lanyard hook.,test
L0298,F0192,0,same_group_nearby,True,False,True,0.0,-41.68,"I lost my blue Dell laptop. It has sticker on the lid, keyboard lights up, black sleeve. Please contatc me if found.",Found a white Samsung charger. Details: two-pin plug.,test
L0298,F0638,0,random,True,False,True,134.5,58.92,"I lost my blue Dell laptop. It has sticker on the lid, keyboard lights up, black sleeve. Please contatc me if found.","Found a white Mi battery pack. It has rubber finish, USB-C port, thin power bank. Kept safely with me.",test
L0298,F0099,0,random,True,False,False,139.3,-279.7,"I lost my blue Dell laptop. It has sticker on the lid, keyboard lights up, black sleeve. Please contatc me if found.",Found a red backpack. It has logo in white on the front.,test
L0299,F0302,1,positive,True,True,True,0.0,3.55,"I lost my blue Dell laptop. Features: fifteen inch display, keyboard lights up. Please contact me if found.",Found blue Dell laptop,test
L0299,F0301,0,twin_hard_negative,True,True,True,133.4,-364.22,"I lost my blue Dell laptop. Features: fifteen inch display, keyboard lights up. Please contact me if found.",Found a blue laptop. It has backlit keyboard.,test
L0299,F0626,0,same_group_nearby,True,False,True,133.4,-0.72,"I lost my blue Dell laptop. Features: fifteen inch display, keyboard lights up. Please contact me if found.",Found a earbuds case.,test
L0299,F0214,0,same_group_nearby,True,False,True,290.0,-52.43,"I lost my blue Dell laptop. Features: fifteen inch display, keyboard lights up. Please contact me if found.",Found a green smartwatch. Details: round dial.,test
L0299,F0416,0,random,True,False,False,290.0,-658.22,"I lost my blue Dell laptop. Features: fifteen inch display, keyboard lights up. Please contact me if found.",Found a dark green rucksack. Features: reflective strip on the straps.,test
L0299,F0167,0,random,True,False,True,452.8,-339.35,"I lost my blue Dell laptop. Features: fifteen inch display, keyboard lights up. Please contact me if found.",Found a red smartphone. Details: transparent case.,test
L0300,F0303,1,positive,True,True,True,0.0,-0.57,"I lost my blue HP laptop. It has 15 inch screen, black sleeve. Please contact me if found.","Found a blue notebook computer. It has in a black laptop sleeve, 15 inch screen.",train
L0300,F0304,0,twin_hard_negative,True,True,True,70.7,-483.73,"I lost my blue HP laptop. It has 15 inch screen, black sleeve. Please contact me if found.",Found a blue notebook computer. Features: keyboard lights up.,train
L0300,F0036,0,same_group_nearby,True,False,True,72.8,68.08,"I lost my blue HP laptop. It has 15 inch screen, black sleeve. Please contact me if found.",Found a off-white boAt smartwatch. It has rectangular screen.,train
L0300,F0564,0,same_group_nearby,True,False,True,70.7,-5.15,"I lost my blue HP laptop. It has 15 inch screen, black sleeve. Please contact me if found.",Found green smartwatch,train
L0300,F0274,0,same_group_nearby,True,False,True,332.4,-32.12,"I lost my blue HP laptop. It has 15 inch screen, black sleeve. Please contact me if found.",Found a pink Realme airpods case. It has lanyard hook.,train
L0300,F0458,0,random,True,False,True,330.2,308.97,"I lost my blue HP laptop. It has 15 inch screen, black sleeve. Please contact me if found.",Found a smartphone.,train
L0300,F0738,0,random,True,False,False,304.1,-530.22,"I lost my blue HP laptop. It has 15 inch screen, black sleeve. Please contact me if found.",Found a rose umbrella. Details: pattern on the border.,train
L0301,F0304,1,positive,True,True,True,0.0,2.32,I lost my blue HP laptop. Details: backlit keyboard.,Found a blue notebook computer. Features: keyboard lights up.,train
L0301,F0303,0,twin_hard_negative,True,True,True,70.7,485.48,I lost my blue HP laptop. Details: backlit keyboard.,"Found a blue notebook computer. It has in a black laptop sleeve, 15 inch screen.",train
L0301,F0419,0,same_group_nearby,True,True,True,70.7,8.67,I lost my blue HP laptop. Details: backlit keyboard.,Found a laptop.,train
L0301,F0607,0,same_group_nearby,True,False,True,148.7,-35.02,I lost my blue HP laptop. Details: backlit keyboard.,"Found a blue boAt watch. Details: glass slightly scratched, silicone strap, rectangular screen. Kept safely with me.",train
L0301,F0716,0,same_group_nearby,True,False,True,139.3,66.73,I lost my blue HP laptop. Details: backlit keyboard.,Found a red smartphone. Features: cracked screen corner.,train
L0301,F0212,0,random,True,False,False,139.3,812.87,I lost my blue HP laptop. Details: backlit keyboard.,Found a maroon-ish red record book. It has hard cover.,train
L0301,F0054,0,random,True,False,False,269.3,1102.43,I lost my blue HP laptop. Details: backlit keyboard.,"Found a blue spectacle case. Features: zippered, cloth pouch type, tiny logo on the front.",train
L0302,F0306,1,positive,True,True,True,0.0,7.65,Lost grey calculator,Found grey scientific calculator,train
L0302,F0307,0,twin_hard_negative,True,True,True,0.0,-255.42,Lost grey calculator,Found a grey calculator. Features: scientific calculator.,train
L0302,F0629,0,same_group_nearby,True,True,True,134.5,-49.57,Lost grey calculator,Found a black Citizen calculator. Details: faded keys.,train
L0302,F0082,0,random,True,False,False,461.0,97.93,Lost grey calculator,blue watch found,train
L0302,F0550,0,random,True,False,False,527.7,-335.43,Lost grey calculator,"Ye mila hai, owner ko batao: found a black Puma sports bag. Details: logo in white on the front, a pocket on the side.",train
L0303,F0307,1,positive,True,True,True,0.0,3.32,Lost grey scientific calculator,Found a grey calculator. Features: scientific calculator.,train
L0303,F0306,0,twin_hard_negative,True,True,True,0.0,266.38,Lost grey scientific calculator,Found grey scientific calculator,train
L0303,F0358,0,same_group_nearby,True,True,True,290.0,-53.87,Lost grey scientific calculator,Found a grey Casio calculator. Features: slide cover.,train
L0303,F0563,0,random,True,False,False,383.3,-121.5,Lost grey scientific calculator,Found a olive green flask. Details: scratched paint.,train
L0303,F0413,0,random,True,False,False,330.2,499.58,Lost grey scientific calculator,Found a black laptop. It has black sleeve.,train
L0304,F0309,1,positive,True,True,True,0.0,35.3,"I lost my navy blue Hidesign wallet. Features: zipper coin section, looks like leather, worn edges. Please contact me if found.","Found a navy blue Hidesign wallet. It has looks like leather, worn edges, zip coin pocket.",train
L0304,F0742,0,same_group_nearby,True,False,True,440.1,-51.72,"I lost my navy blue Hidesign wallet. Features: zipper coin section, looks like leather, worn edges. Please contact me if found.","Found a dark grey umbrella. It has pattern on the border, one bent rib.",train
L0304,F0121,0,same_group_nearby,True,False,True,284.3,-61.07,"I lost my navy blue Hidesign wallet. Features: zipper coin section, looks like leather, worn edges. Please contact me if found.",Found a red specs box. Details: hard case.,train
L0304,F0400,0,same_group_nearby,True,False,True,284.3,-1.12,"I lost my navy blue Hidesign wallet. Features: zipper coin section, looks like leather, worn edges. Please contact me if found.","Found a tan key bunch. Details: plastic tag, two-wheeler key with cover.",train
L0304,F0320,0,random,True,False,False,449.4,93.97,"I lost my navy blue Hidesign wallet. Features: zipper coin section, looks like leather, worn edges. Please contact me if found.",Mujhe mila hai: found a laptop.,train
L0304,F0239,0,random,True,False,False,370.5,-791.68,"I lost my navy blue Hidesign wallet. Features: zipper coin section, looks like leather, worn edges. Please contact me if found.","Found a blue OnePlus phone. Details: crack on the top corner, transparent case.",train
L0305,F0310,1,positive,True,True,True,382.1,1.95,"I lost my silver keychain. It has bike key with a rubber cover, steel ring. Please contact me if found.",Found a silvre keychain. Features: two-wheeler key with cover.,test
L0305,F0311,0,twin_hard_negative,True,True,True,382.1,-1243.78,"I lost my silver keychain. It has bike key with a rubber cover, steel ring. Please contact me if found.","Ye mila hai, owner ko batao: found a silver key bunch. Details: metal ring.",test
L0305,F0770,0,same_group_nearby,True,False,True,133.4,66.2,"I lost my silver keychain. It has bike key with a rubber cover, steel ring. Please contact me if found.",Found a card holder.,test
L0305,F0473,0,same_group_nearby,True,False,True,260.0,-57.32,"I lost my silver keychain. It has bike key with a rubber cover, steel ring. Please contact me if found.","Found a dark brown glasses case. It has hard case, soft pouch, zippered. Kept safely with me.",test
L0305,F0648,0,random,True,False,False,216.3,-1300.08,"I lost my silver keychain. It has bike key with a rubber cover, steel ring. Please contact me if found.","Found a black Camlin record book. Details: spiral notebook, about two hundred pages, thick cover. Kept safely with me.",test
L0305,F0381,0,random,True,False,False,382.1,-465.55,"I lost my silver keychain. It has bike key with a rubber cover, steel ring. Please contact me if found.",grey notebook comupter found,test
L0306,F0311,1,positive,True,True,True,0.0,58.2,I lost my silver keys. It has tiny lock key.,"Ye mila hai, owner ko batao: found a silver key bunch. Details: metal ring.",test
L0306,F0310,0,twin_hard_negative,True,True,True,0.0,1303.93,I lost my silver keys. It has tiny lock key.,Found a silvre keychain. Features: two-wheeler key with cover.,test
L0306,F0256,0,random,True,False,False,750.0,1270.95,I lost my silver keys. It has tiny lock key.,Found a power bank.,test
L0306,F0490,0,random,True,False,False,520.1,1656.42,I lost my silver keys. It has tiny lock key.,"Found a grey Citizen calculator. Details: solar panel, some keys faded. Kept safely with me.",test
L0307,F0312,1,positive,True,False,True,0.0,3.97,"I lost my grey Titan spectacles case. Features: tiny logo on the front, hard case, soft pouch.",Found a grey spectacle case. Details: hard shell.,train
L0307,F0633,0,same_group_nearby,True,False,True,645.4,29.63,"I lost my grey Titan spectacles case. Features: tiny logo on the front, hard case, soft pouch.",Found a card holder.,train
L0307,F0127,0,same_group_nearby,True,False,True,645.4,9.65,"I lost my grey Titan spectacles case. Features: tiny logo on the front, hard case, soft pouch.",Found a black key bunch. It has steel ring.,train
L0307,F0517,0,random,True,False,False,382.1,571.07,"I lost my grey Titan spectacles case. Features: tiny logo on the front, hard case, soft pouch.",Found green water bottle,train
L0307,F0607,0,random,True,False,False,653.0,394.72,"I lost my grey Titan spectacles case. Features: tiny logo on the front, hard case, soft pouch.","Found a blue boAt watch. Details: glass slightly scratched, silicone strap, rectangular screen. Kept safely with me.",train
L0308,F0313,1,positive,True,True,True,0.0,6.07,"Lost my notebook, it is green.",Mujhe mila hai: found a green record book. It has coloured sticky notes sticking out.,train
L0308,F0602,0,same_group_nearby,True,False,True,250.0,-43.85,"Lost my notebook, it is green.",grey calculator ofund,train
L0308,F0292,0,same_group_nearby,True,True,True,340.1,-1.18,"Lost my notebook, it is green.","Found a orange book. Features: sticky notes inside, 200 pages.",train
L0308,F0765,0,same_group_nearby,True,True,True,340.1,-26.1,"Lost my notebook, it is green.",Found a red notebook. Features: spiral notebook.,train
L0308,F0565,0,random,True,False,False,247.0,-1715.6,"Lost my notebook, it is green.","Found a green Apple Watch fitness band. It has rectangular screen, circular screen.",train
L0308,F0570,0,random,True,False,False,462.7,-618.67,"Lost my notebook, it is green.",blue earbuds case fuond,train
L0309,F0314,1,positive,True,True,True,0.0,0.28,"I lost my black Noise earbuds case. Features: small LED light, scuffed lid.","Found a black Noise airpods case. Features: tiny indicator light, scratches on the lid.",train
L0309,F0315,0,twin_hard_negative,True,True,True,260.0,1361.97,"I lost my black Noise earbuds case. Features: small LED light, scuffed lid.",Found a earbuds case.,train
L0309,F0022,0,same_group_nearby,True,False,True,277.8,67.62,"I lost my black Noise earbuds case. Features: small LED light, scuffed lid.","Mujhe mila hai: found a silver Dell laptop. Features: in a black laptop sleeve, backlit keyboard.",train
L0309,F0509,0,same_group_nearby,True,True,True,0.0,46.03,"I lost my black Noise earbuds case. Features: small LED light, scuffed lid.",Found a pink charging case. It has small LED light.,train
L0309,F0168,0,same_group_nearby,True,False,True,155.2,38.82,"I lost my black Noise earbuds case. Features: small LED light, scuffed lid.",Found a pink boAt watch. It has rectangular screen.,train
L0309,F0701,0,random,True,False,False,410.5,477.0,"I lost my black Noise earbuds case. Features: small LED light, scuffed lid.",maroon rucksack found,train
L0309,F0084,0,random,True,False,False,277.8,752.55,"I lost my black Noise earbuds case. Features: small LED light, scuffed lid.",Found a red Popy umbrella. It has push-button opening.,train
L0310,F0315,1,positive,True,True,True,0.0,94.32,"I lost my black earbuds case. Features: scuffed lid, rubber cover.",Found a earbuds case.,train
L0310,F0314,0,twin_hard_negative,True,True,True,260.0,-1267.37,"I lost my black earbuds case. Features: scuffed lid, rubber cover.","Found a black Noise airpods case. Features: tiny indicator light, scratches on the lid.",train
L0310,F0478,0,same_group_nearby,True,False,True,120.4,-46.15,"I lost my black earbuds case. Features: scuffed lid, rubber cover.",light pink earbuds case found,train
L0310,F0665,0,same_group_nearby,True,False,True,0.0,-71.18,"I lost my black earbuds case. Features: scuffed lid, rubber cover.",Found a green OnePlus mobile. Details: crack on the top corner.,train
L0310,F0028,0,same_group_nearby,True,True,True,176.9,-65.67,"I lost my black earbuds case. Features: scuffed lid, rubber cover.",black charging case foudn,train
L0310,F0551,0,random,True,False,False,172.0,515.22,"I lost my black earbuds case. Features: scuffed lid, rubber cover.","Found a black Puma rucksack. It has logo in white on the front, reflective strip.",train
L0310,F0074,0,random,True,True,True,286.4,-165.08,"I lost my black earbuds case. Features: scuffed lid, rubber cover.",Found blue small case,train
L0311,F0316,1,positive,True,False,True,0.0,2.03,"I lost my white Apple charger. Features: long cable, two-pin adapter, cloth braided cable. Please contact me if found.","Found a white Apple adapter with cable. Features: long cable, cloth braided cable, two-pin plug.",train
L0311,F0317,0,twin_hard_negative,True,True,True,120.4,-788.7,"I lost my white Apple charger. Features: long cable, two-pin adapter, cloth braided cable. Please contact me if found.","Found a white Apple charger. Features: about 1.5 m cable, fast charger.",train
L0311,F0237,0,same_group_nearby,True,False,True,184.4,-12.38,"I lost my white Apple charger. Features: long cable, two-pin adapter, cloth braided cable. Please contact me if found.","Found a silver Dell notebook computer. It has backlit keyboard, 15 inch screen. Kept safely with me.",train
L0311,F0289,0,same_group_nearby,True,False,True,120.4,-15.62,"I lost my white Apple charger. Features: long cable, two-pin adapter, cloth braided cable. Please contact me if found.","Found a blue Mi battery pack. Features: rubber finish, slim body. Kept safely with me.",train
L0311,F0750,0,same_group_nearby,True,False,True,58.3,-19.9,"I lost my white Apple charger. Features: long cable, two-pin adapter, cloth braided cable. Please contact me if found.",white smartwatch ofund,train
L0311,F0160,0,random,True,False,True,462.7,-758.68,"I lost my white Apple charger. Features: long cable, two-pin adapter, cloth braided cable. Please contact me if found.",Found a sky blue MacBook notebook computer. It has fifteen inch display.,train
L0311,F0103,0,random,True,False,False,570.1,-696.98,"I lost my white Apple charger. Features: long cable, two-pin adapter, cloth braided cable. Please contact me if found.","Foudn a light blue Camlin notebook. Features: coloured sticky notes sticking out, spiral notebook. Kept safely with me.",train
L0312,F0317,1,positive,True,True,True,120.4,0.17,"I lost my white Apple adapter with cable. It has fast charging type, about 1.5 m cable. Please contact me if found.","Found a white Apple charger. Features: about 1.5 m cable, fast charger.",train
L0312,F0316,0,twin_hard_negative,True,False,True,0.0,790.9,"I lost my white Apple adapter with cable. It has fast charging type, about 1.5 m cable. Please contact me if found.","Found a white Apple adapter with cable. Features: long cable, cloth braided cable, two-pin plug.",train
L0312,F0392,0,same_group_nearby,True,False,True,247.0,42.3,"I lost my white Apple adapter with cable. It has fast charging type, about 1.5 m cable. Please contact me if found.",Found a green Apple Watch watch. Features: rectangular screen.,train
L0312,F0752,0,same_group_nearby,True,False,True,0.0,20.3,"I lost my white Apple adapter with cable. It has fast charging type, about 1.5 m cable. Please contact me if found.","Found a cream Noise fitness band. It has rectangular screen, circular screen, scratch on the glass.",train
L0312,F0374,0,same_group_nearby,True,False,True,184.4,-20.17,"I lost my white Apple adapter with cable. It has fast charging type, about 1.5 m cable. Please contact me if found.",Found black fitness band,train
L0312,F0084,0,random,True,False,False,462.7,-234.62,"I lost my white Apple adapter with cable. It has fast charging type, about 1.5 m cable. Please contact me if found.",Found a red Popy umbrella. It has push-button opening.,train
L0312,F0759,0,random,True,True,True,250.0,-414.35,"I lost my white Apple adapter with cable. It has fast charging type, about 1.5 m cable. Please contact me if found.",Found a black charger. Features: long cable.,train
L0313,F0318,1,positive,True,True,True,0.0,1.87,"Lost my earbuds case, it is pink.",Found a pink airpods case. It has scuffed lid.,train
L0313,F0024,0,same_group_nearby,True,False,True,72.8,-66.4,"Lost my earbuds case, it is pink.","Found a pink Apple Watch fitness band. Features: scratch on the glass, circular screen, square dial. Kept safely with me.",train
L0313,F0443,0,same_group_nearby,True,False,True,304.1,-59.88,"Lost my earbuds case, it is pink.","Found a silver Redmi smartphone. Features: transparent case, dual camera. Kept safely with me.",train
L0313,F0459,0,same_group_nearby,True,False,True,0.0,67.67,"Lost my earbuds case, it is pink.",Found a black Syska power bank. Details: matte rubber finish.,train
L0313,F0751,0,random,True,False,True,337.3,-20.23,"Lost my earbuds case, it is pink.",Found a silver Syska power bank. Features: type-C input.,train
L0313,F0108,0,random,True,False,False,0.0,432.13,"Lost my earbuds case, it is pink.",Found a red glasses case. Details: cloth pouch type.,train
L0314,F0319,1,positive,True,True,True,0.0,14.73,"Mera i lost my brown Hidesign wallet. It has zip coin pocket, worn edges, metal logo. kho gaya hai.","Found a brown Hidesign wallet. It has worn edges, small metal logo, zipper coin section. Kept safely with me.",train
L0314,F0069,0,same_group_nearby,True,False,True,349.9,39.87,"Mera i lost my brown Hidesign wallet. It has zip coin pocket, worn edges, metal logo. kho gaya hai.",Found a black umbrella. Details: pattern on the border.,train
L0314,F0557,0,same_group_nearby,True,True,True,440.1,-70.37,"Mera i lost my brown Hidesign wallet. It has zip coin pocket, worn edges, metal logo. kho gaya hai.","Found a grey Woodland purse. Details: zipper coin section, worn edges, looks like leather. Kept safely with me.",train
L0314,F0148,0,random,True,False,True,742.5,997.92,"Mera i lost my brown Hidesign wallet. It has zip coin pocket, worn edges, metal logo. kho gaya hai.","Ye mila hai, owner ko batao: found dark brown keys",train
L0314,F0478,0,random,True,False,False,370.5,1054.97,"Mera i lost my brown Hidesign wallet. It has zip coin pocket, worn edges, metal logo. kho gaya hai.",light pink earbuds case found,train
L0315,F0645,0,random,False,False,False,133.4,-123.7,"I lost my black Casio scientific calculator. Features: some keys faded, slide cover, solar strip on top. Please contact me if found.",Found grey backpack,test
L0315,F0060,0,random,False,False,False,372.2,553.2,"I lost my black Casio scientific calculator. Features: some keys faded, slide cover, solar strip on top. Please contact me if found.","Found a navy blue American Tourister sports bag. Details: white logo, two front zips.",test
L0316,F0320,1,positive,True,True,True,172.0,1.95,I lost my black MacBook laptop. It has stickers on the top cover.,Mujhe mila hai: found a laptop.,train
L0316,F0619,0,same_group_nearby,True,False,True,176.9,2.3,I lost my black MacBook laptop. It has stickers on the top cover.,Found a blue charger bank. It has thin power bank.,train
L0316,F0164,0,same_group_nearby,True,False,True,172.0,-46.08,I lost my black MacBook laptop. It has stickers on the top cover.,Found black charger bank,train
L0316,F0019,0,same_group_nearby,True,False,True,228.0,-6.15,I lost my black MacBook laptop. It has stickers on the top cover.,Found a pink OnePlus charging case. It has lanyard hook.,train
L0316,F0455,0,random,True,True,True,405.0,406.72,I lost my black MacBook laptop. It has stickers on the top cover.,Found a dark Dell laptop. Details: backlit keyboard.,train
L0316,F0246,0,random,True,True,True,120.4,-720.37,I lost my black MacBook laptop. It has stickers on the top cover.,Found a gray notebook computer. It has backlit keyboard.,train
L0317,F0321,1,positive,True,True,True,150.0,22.18,I lost my off-white pwoer bank. Details: slim body.,"Mujhe mila hai: found a white Syska battery pack. It has slim body, four indicator lights.",train
L0317,F0542,0,same_group_nearby,True,False,True,247.0,4.58,I lost my off-white pwoer bank. Details: slim body.,black phone found,train
L0317,F0088,0,same_group_nearby,True,False,True,70.7,62.3,I lost my off-white pwoer bank. Details: slim body.,white fitness band found,train
L0317,F0757,0,same_group_nearby,True,True,True,123.7,56.92,I lost my off-white pwoer bank. Details: slim body.,Found blue battery pack,train
L0317,F0613,0,random,True,False,False,237.7,521.25,I lost my off-white pwoer bank. Details: slim body.,"Ye mila hai, owner ko batao: found a black book. Features: spiral notebook.",train
L0317,F0234,0,random,True,False,True,304.6,172.48,I lost my off-white pwoer bank. Details: slim body.,"Found a grey Asus notebook computer. Features: keyboard lights up, stickers on the top cover, fifteen inch display.",train
L0318,F0322,1,positive,True,True,True,0.0,2.92,"Lost my keys, it is silver.",Found a silver key bunch. Details: bike key with a rubber cover.,train
L0318,F0127,0,same_group_nearby,True,True,True,164.0,-63.77,"Lost my keys, it is silver.",Found a black key bunch. It has steel ring.,train
L0318,F0483,0,same_group_nearby,True,False,True,206.2,-33.08,"Lost my keys, it is silver.",brown card holder found,train
L0318,F0429,0,same_group_nearby,True,False,True,0.0,34.08,"Lost my keys, it is silver.",Found a grey glasses case. Features: small logo.,train
L0318,F0034,0,random,True,False,True,120.4,566.97,"Lost my keys, it is silver.",Found brown specs box,train
L0318,F0001,0,random,True,False,False,412.3,-144.47,"Lost my keys, it is silver.",dark grey power bank found,train
L0319,F0322,0,twin_hard_negative,False,True,True,0.0,-239.13,Mera i lost my silver keys. Details: tiny lock key. kho gaya hai.,Found a silver key bunch. Details: bike key with a rubber cover.,train
L0319,F0497,0,same_group_nearby,False,False,True,176.9,34.48,Mera i lost my silver keys. Details: tiny lock key. kho gaya hai.,Found a dark umbrella. Features: printed edges.,train
L0319,F0076,0,same_group_nearby,False,True,True,260.0,-69.93,Mera i lost my silver keys. Details: tiny lock key. kho gaya hai.,silver keys found,train
L0319,F0738,0,same_group_nearby,False,False,True,228.0,70.1,Mera i lost my silver keys. Details: tiny lock key. kho gaya hai.,Found a rose umbrella. Details: pattern on the border.,train
L0319,F0412,0,random,False,False,False,0.0,76.37,Mera i lost my silver keys. Details: tiny lock key. kho gaya hai.,"Found a blue flask. Details: paint worn off in places, flip cap. Kept safely with me.",train
L0319,F0672,0,random,False,False,True,527.7,336.1,Mera i lost my silver keys. Details: tiny lock key. kho gaya hai.,Found a navy blue Wildcraft purse. Features: worn edges.,train
L0320,F0323,1,positive,True,True,True,0.0,3.0,I lost my black Fastrack umbrella. Features: printed edges.,Found a dark Fastrack umbrella. Features: folding type.,train
L0320,F0483,0,same_group_nearby,True,False,True,0.0,-62.73,I lost my black Fastrack umbrella. Features: printed edges.,brown card holder found,train
L0320,F0471,0,same_group_nearby,True,False,True,155.2,-26.4,I lost my black Fastrack umbrella. Features: printed edges.,Found a tan glasses case. It has cloth pouch type.,train
L0320,F0745,0,same_group_nearby,True,False,True,206.2,-28.47,I lost my black Fastrack umbrella. Features: printed edges.,Foudn black keys,train
L0320,F0103,0,random,True,False,False,330.2,692.62,I lost my black Fastrack umbrella. Features: printed edges.,"Foudn a light blue Camlin notebook. Features: coloured sticky notes sticking out, spiral notebook. Kept safely with me.",train
L0320,F0299,0,random,True,False,False,420.1,557.03,I lost my black Fastrack umbrella. Features: printed edges.,Found a black smartphone. Features: two cameras at the back.,train
L0321,F0324,0,twin_hard_negative,False,True,True,223.6,514.55,"Mera i lost my blue notebook. It has about two hundred pages, spiral notebook. kho gaya hai.","Found a blue book. It has 200 pages, thick cover.",train
L0321,F0083,0,same_group_nearby,False,False,True,645.4,17.08,"Mera i lost my blue notebook. It has about two hundred pages, spiral notebook. kho gaya hai.",Found grey calculator,train
L0321,F0361,0,same_group_nearby,False,False,True,645.4,-40.15,"Mera i lost my blue notebook. It has about two hundred pages, spiral notebook. kho gaya hai.","Mujhe mila hai: found a blue Casio calculator. It has some keys faded, solar strip on top.",train
L0321,F0022,0,random,False,False,False,519.2,-869.6,"Mera i lost my blue notebook. It has about two hundred pages, spiral notebook. kho gaya hai.","Mujhe mila hai: found a silver Dell laptop. Features: in a black laptop sleeve, backlit keyboard.",train
L0321,F0332,0,random,False,False,True,750.0,909.97,"Mera i lost my blue notebook. It has about two hundred pages, spiral notebook. kho gaya hai.",Found black scientific calculator,train
L0322,F0324,1,positive,True,True,True,0.0,63.88,"I lost my blue notebook. Details: thick cover, about two hundred pages.","Found a blue book. It has 200 pages, thick cover.",train
L0322,F0063,0,random,True,False,False,332.4,-316.77,"I lost my blue notebook. Details: thick cover, about two hundred pages.",Found a rose Decathlon water bottle. It has scratched paint.,train
L0322,F0738,0,random,True,False,False,263.1,-718.95,"I lost my blue notebook. Details: thick cover, about two hundred pages.",Found a rose umbrella. Details: pattern on the border.,train
L0323,F0325,1,positive,True,True,True,178.9,21.55,"I lost my blue power bank. It has USB-C port, four indicator lights.","Found a blue battery pack. Features: four indicator lights, type-C input. Kept safely with me.",train
L0323,F0740,0,same_group_nearby,True,False,True,277.8,67.25,"I lost my blue power bank. It has USB-C port, four indicator lights.","Found a black laptop. Features: 15 inch screen, sticker on the lid. Kept safely with me.",train
L0323,F0467,0,same_group_nearby,True,False,True,126.5,21.22,"I lost my blue power bank. It has USB-C port, four indicator lights.",Found black watch,train
L0323,F0651,0,same_group_nearby,True,False,True,178.9,-1.13,"I lost my blue power bank. It has USB-C port, four indicator lights.",Found a white smartwatch. Details: rubber strap.,train
L0323,F0680,0,random,True,False,False,372.2,-588.13,"I lost my blue power bank. It has USB-C port, four indicator lights.","Found a red umbrella. It has folding type, automatic open button, pirnted edges.",train
L0323,F0714,0,random,True,False,False,126.5,-399.9,"I lost my blue power bank. It has USB-C port, four indicator lights.","Found a red Navneet book. Details: about two hundred pages, spiral notebook. Kept safely with me.",train
L0324,F0326,1,positive,True,True,True,58.3,11.53,"Lost my water bottle, it is green.",olive green water bottle found,test
L0324,F0327,0,twin_hard_negative,True,True,True,186.8,913.48,"Lost my water bottle, it is green.","Mujhe mila hai: found a green bottle. Details: stainless steel, one litre bottle.",test
L0324,F0658,0,random,True,False,False,120.4,732.92,"Lost my water bottle, it is green.",Found a tan Lenskart glasses case. Features: zippered.,test
L0324,F0388,0,random,True,False,False,372.2,1187.6,"Lost my water bottle, it is green.",Found red rucksack,test
L0325,F0327,1,positive,True,True,True,186.8,1.05,I lost my green water bottle. It has one litre bottle.,"Mujhe mila hai: found a green bottle. Details: stainless steel, one litre bottle.",test
L0325,F0326,0,twin_hard_negative,True,True,True,58.3,-900.9,I lost my green water bottle. It has one litre bottle.,olive green water bottle found,test
L0325,F0381,0,random,True,False,False,750.0,-70.07,I lost my green water bottle. It has one litre bottle.,grey notebook comupter found,test
L0325,F0430,0,random,True,False,False,370.5,217.78,I lost my green water bottle. It has one litre bottle.,"Ye mila hai, owner ko batao: found a earbuds case.",test
L0326,F0330,1,positive,True,False,True,0.0,72.83,"I lost my blue phone. Details: pop socket on the back, two cameras at the back, crack on the top corner. Please contact me if found.",Found a mobile.,val
L0326,F0131,0,same_group_nearby,True,False,True,340.1,-11.27,"I lost my blue phone. Details: pop socket on the back, two cameras at the back, crack on the top corner. Please contact me if found.","Found a grey Asus notebook computer. Features: fifteen inch display, sticker on the lid.",val
L0326,F0006,0,same_group_nearby,True,False,True,237.7,30.02,"I lost my blue phone. Details: pop socket on the back, two cameras at the back, crack on the top corner. Please contact me if found.",Found a white Samsung charger. Features: fast charging type.,val
L0326,F0544,0,random,True,False,False,216.3,-736.23,"I lost my blue phone. Details: pop socket on the back, two cameras at the back, crack on the top corner. Please contact me if found.",Found a black specs box. Features: zippered.,val
L0326,F0336,0,random,True,False,False,263.1,416.25,"I lost my blue phone. Details: pop socket on the back, two cameras at the back, crack on the top corner. Please contact me if found.",Found a dark grey calculator. Details: faded keys.,val
L0327,F0331,1,positive,True,False,True,186.8,2.45,Kisi ko mila ho toh batao: i lost my blue Syska power bank. It has four indicator lights.,sky blue power bank found,train
L0327,F0146,0,same_group_nearby,True,False,True,250.0,-5.1,Kisi ko mila ho toh batao: i lost my blue Syska power bank. It has four indicator lights.,Found grey notebook computer,train
L0327,F0178,0,same_group_nearby,True,True,True,250.0,3.85,Kisi ko mila ho toh batao: i lost my blue Syska power bank. It has four indicator lights.,pink fitness band found,train
L0327,F0125,0,same_group_nearby,True,False,True,58.3,52.98,Kisi ko mila ho toh batao: i lost my blue Syska power bank. It has four indicator lights.,Found a blue AirPods earbuds case. Features: lanyard hook.,train
L0327,F0292,0,random,True,False,False,340.1,1507.07,Kisi ko mila ho toh batao: i lost my blue Syska power bank. It has four indicator lights.,"Found a orange book. Features: sticky notes inside, 200 pages.",train
L0327,F0047,0,random,True,False,False,186.8,248.43,Kisi ko mila ho toh batao: i lost my blue Syska power bank. It has four indicator lights.,"Ye mila hai, owner ko batao: found a brown spectacle case. It has soft pouch.",train
L0328,F0332,1,positive,True,True,True,0.0,49.57,"I lost my black Citizen calculator. It has scientific type, slide cover, solar strip on top. Please contact me if found.",Found black scientific calculator,train
L0328,F0765,0,same_group_nearby,True,False,True,340.1,-27.58,"I lost my black Citizen calculator. It has scientific type, slide cover, solar strip on top. Please contact me if found.",Found a red notebook. Features: spiral notebook.,train
L0328,F0292,0,same_group_nearby,True,False,True,340.1,-2.67,"I lost my black Citizen calculator. It has scientific type, slide cover, solar strip on top. Please contact me if found.","Found a orange book. Features: sticky notes inside, 200 pages.",train
L0328,F0313,0,same_group_nearby,True,False,True,0.0,4.58,"I lost my black Citizen calculator. It has scientific type, slide cover, solar strip on top. Please contact me if found.",Mujhe mila hai: found a green record book. It has coloured sticky notes sticking out.,train
L0328,F0329,0,random,True,False,False,570.1,-1584.48,"I lost my black Citizen calculator. It has scientific type, slide cover, solar strip on top. Please contact me if found.","oFund a blue Amazfit smartwatch. Features: square dial, circular screen.",train
L0328,F0630,0,random,True,True,True,372.2,-1722.45,"I lost my black Citizen calculator. It has scientific type, slide cover, solar strip on top. Please contact me if found.",dark scientific calculator found,train
L0329,F0333,1,positive,True,True,True,0.0,1.2,"I lost my silver Anker power bank. It has four indicator lights, USB-C port. Please contact me if found.",Found a silver battery pack. It has type-C input.,train
L0329,F0331,0,same_group_nearby,True,True,True,277.8,-41.53,"I lost my silver Anker power bank. It has four indicator lights, USB-C port. Please contact me if found.",sky blue power bank found,train
L0329,F0394,0,same_group_nearby,True,False,True,155.2,-54.92,"I lost my silver Anker power bank. It has four indicator lights, USB-C port. Please contact me if found.",Mujhe mila hai: silver smartphone found,train
L0329,F0057,0,same_group_nearby,True,False,True,216.3,66.6,"I lost my silver Anker power bank. It has four indicator lights, USB-C port. Please contact me if found.",Found a black smartwatch. It has round dial.,train
L0329,F0718,0,random,True,False,False,382.1,395.7,"I lost my silver Anker power bank. It has four indicator lights, USB-C port. Please contact me if found.",Found a dark Lenskart specs box. It has soft pouch.,train
L0329,F0179,0,random,True,False,False,133.4,884.77,"I lost my silver Anker power bank. It has four indicator lights, USB-C port. Please contact me if found.",Found a dark brown keys. Details: tiny lock key.,train
L0330,F0334,0,twin_hard_negative,False,True,True,0.0,965.48,I lost my pink Apple Wathc fitness band. It has rectangular screen.,"Found a rose Apple Watch fitness band. It has scratch on the glass, square dial.",train
L0330,F0734,0,same_group_nearby,False,False,True,0.0,55.92,I lost my pink Apple Wathc fitness band. It has rectangular screen.,Found a white AirPods charging case. Details: rubber cover.,train
L0330,F0001,0,same_group_nearby,False,False,True,223.6,48.65,I lost my pink Apple Wathc fitness band. It has rectangular screen.,dark grey power bank found,train
L0330,F0572,0,random,False,False,False,500.0,1194.97,I lost my pink Apple Wathc fitness band. It has rectangular screen.,Found a dark key bunch. It has tiny lock key.,train
L0330,F0451,0,random,False,False,False,500.0,35.25,I lost my pink Apple Wathc fitness band. It has rectangular screen.,Mujhe mila hai: grey calculator found,train
L0331,F0334,1,positive,True,True,True,0.0,1.3,pink smartwatch lost,"Found a rose Apple Watch fitness band. It has scratch on the glass, square dial.",train
L0331,F0726,0,same_group_nearby,True,False,True,645.4,7.08,pink smartwatch lost,Found a dark grey OnePlus earbuds case. Features: lanyard hook.,train
L0331,F0274,0,same_group_nearby,True,False,True,223.6,39.18,pink smartwatch lost,Found a pink Realme airpods case. It has lanyard hook.,train
L0331,F0079,0,same_group_nearby,True,False,True,0.0,-23.08,pink smartwatch lost,"Found a white Syska battery pack. Details: type-C input, matte rubber finish.",train
L0331,F0240,0,random,True,False,False,463.2,-330.78,pink smartwatch lost,"Found a grey Woodland purse. It has metal logo, worn edges, zipper coin section.",train
L0331,F0195,0,random,True,False,True,500.0,-1100.2,pink smartwatch lost,Mujhe mila hai: found a power bank.,train
L0332,F0335,1,positive,True,True,True,148.7,2.55,"I lost my pink Noise smartwatch. Details: scratch on the glass, silicone strap, square dial.",Found a fitness band.,train
L0332,F0468,0,same_group_nearby,True,False,True,172.0,-66.53,"I lost my pink Noise smartwatch. Details: scratch on the glass, silicone strap, square dial.",Found a black Mi power bank. Features: type-C input.,train
L0332,F0199,0,same_group_nearby,True,False,True,186.8,-71.42,"I lost my pink Noise smartwatch. Details: scratch on the glass, silicone strap, square dial.",Found pink small case,train
L0332,F0688,0,same_group_nearby,True,False,True,277.8,47.17,"I lost my pink Noise smartwatch. Details: scratch on the glass, silicone strap, square dial.",black laptop found,train
L0332,F0629,0,random,True,False,False,280.0,41.28,"I lost my pink Noise smartwatch. Details: scratch on the glass, silicone strap, square dial.",Found a black Citizen calculator. Details: faded keys.,train
L0332,F0013,0,random,True,False,False,362.2,601.72,"I lost my pink Noise smartwatch. Details: scratch on the glass, silicone strap, square dial.",brown keys found,train
L0333,F0336,1,positive,True,True,True,178.9,10.03,"Mera i lost my black calculator. Features: some keys faded, scientific calculator, solar strip on top. Please contact me if found. kho gaya hai.",Found a dark grey calculator. Details: faded keys.,val
L0333,F0377,0,random,True,False,False,260.0,-566.98,"Mera i lost my black calculator. Features: some keys faded, scientific calculator, solar strip on top. Please contact me if found. kho gaya hai.",Found a light blue laptop. Details: sticker on the lid.,val
L0333,F0699,0,random,True,False,False,0.0,295.6,"Mera i lost my black calculator. Features: some keys faded, scientific calculator, solar strip on top. Please contact me if found. kho gaya hai.",grey umbrella found,val
L0334,F0337,1,positive,True,True,True,0.0,3.32,"I lost my dark brown keys. Details: small padlock key, metal ring. Please contact me if found.",Found brown key bunhc,test
L0334,F0535,0,same_group_nearby,True,False,True,277.8,-17.32,"I lost my dark brown keys. Details: small padlock key, metal ring. Please contact me if found.","Found a navy blue Hidesign wallet. Details: worn edges, looks like leather.",test
L0334,F0260,0,same_group_nearby,True,False,True,277.8,-39.07,"I lost my dark brown keys. Details: small padlock key, metal ring. Please contact me if found.",Found a pink umbrella. It has push-button opening.,test
L0334,F0473,0,random,True,False,True,172.0,644.33,"I lost my dark brown keys. Details: small padlock key, metal ring. Please contact me if found.","Found a dark brown glasses case. It has hard case, soft pouch, zippered. Kept safely with me.",test
L0334,F0537,0,random,True,False,False,202.5,-358.55,"I lost my dark brown keys. Details: small padlock key, metal ring. Please contact me if found.",dark grey rucksack found,test
L0335,F0338,1,positive,True,True,True,0.0,1.73,I lost my pink water bottle. It has stainless steel.,Found a pink water bottle. Details: steel body.,train
L0335,F0393,0,same_group_nearby,True,True,True,260.0,29.0,I lost my pink water bottle. It has stainless steel.,Found a water bottle.,train
L0335,F0350,0,same_group_nearby,True,True,True,0.0,40.17,I lost my pink water bottle. It has stainless steel.,"Found a orange Milton flask. It has steel body, paint worn off in places. Kept safely with me.",train
L0335,F0526,0,same_group_nearby,True,False,True,120.4,47.73,I lost my pink water bottle. It has stainless steel.,Found a bottle.,train
L0335,F0748,0,random,True,False,False,632.5,401.85,I lost my pink water bottle. It has stainless steel.,Found pink earbuds case,train
L0335,F0733,0,random,True,False,False,632.5,-869.9,I lost my pink water bottle. It has stainless steel.,Found a grey umbrella. It has pattern on the border.,train
L0336,F0339,1,positive,True,True,True,134.5,0.65,"I lost my gray umbrella. Details: automatic open button, one bent rib. Please contact me if found.","Found a grey umbrella. It has one bent rib, automatic open button.",train
L0336,F0213,0,same_group_nearby,True,True,True,230.9,21.57,"I lost my gray umbrella. Details: automatic open button, one bent rib. Please contact me if found.",Found a red Lifelong umbrella. Details: foldable umbrella.,train
L0336,F0243,0,same_group_nearby,True,False,True,201.0,58.73,"I lost my gray umbrella. Details: automatic open button, one bent rib. Please contact me if found.","Found a black keychain. Details: plastic tag, tiny lock key.",train
L0336,F0436,0,same_group_nearby,True,False,True,186.8,61.3,"I lost my gray umbrella. Details: automatic open button, one bent rib. Please contact me if found.",Found grey spectacle case,train
L0336,F0126,0,random,True,False,False,0.0,-419.75,"I lost my gray umbrella. Details: automatic open button, one bent rib. Please contact me if found.","Found a blue Dell notebook computer. Details: backlit keyboard, 15 inch screen. Kept safely with me.",train
L0336,F0719,0,random,True,False,False,172.0,-656.12,"I lost my gray umbrella. Details: automatic open button, one bent rib. Please contact me if found.",Found a white phone. It has crack on the top corner.,train
L0337,F0618,0,same_group_nearby,False,False,True,310.6,19.08,"I lost my navy blue Puma purse. Details: metal logo, worn edges, zip coin pocket.",Found a grey umbrella. Details: bent rib.,train
L0337,F0344,0,same_group_nearby,False,False,True,178.9,54.42,"I lost my navy blue Puma purse. Details: metal logo, worn edges, zip coin pocket.",Found a keychain.,train
L0337,F0610,0,same_group_nearby,False,True,True,0.0,-66.55,"I lost my navy blue Puma purse. Details: metal logo, worn edges, zip coin pocket.",Found a purse.,train
L0337,F0126,0,random,False,False,False,456.5,-134.13,"I lost my navy blue Puma purse. Details: metal logo, worn edges, zip coin pocket.","Found a blue Dell notebook computer. Details: backlit keyboard, 15 inch screen. Kept safely with me.",train
L0337,F0346,0,random,False,False,False,522.0,-28.88,"I lost my navy blue Puma purse. Details: metal logo, worn edges, zip coin pocket.",Found a dark grey charger. It has fast charging type.,train
L0338,F0341,1,positive,True,False,True,58.3,23.87,"I lost my brown Puma card holder. Details: worn edges, leather finish.",Found brown purse,train
L0338,F0340,0,twin_hard_negative,True,True,True,58.3,-228.95,"I lost my brown Puma card holder. Details: worn edges, leather finish.","Found a brown Puma purse. It has metal logo, loosk like leather, zip coin pocket.",train
L0338,F0264,0,same_group_nearby,True,True,True,308.1,8.12,"I lost my brown Puma card holder. Details: worn edges, leather finish.",Found a wallet.,train
L0338,F0243,0,same_group_nearby,True,False,True,308.1,-58.63,"I lost my brown Puma card holder. Details: worn edges, leather finish.","Found a black keychain. Details: plastic tag, tiny lock key.",train
L0338,F0273,0,same_group_nearby,True,False,True,308.1,63.07,"I lost my brown Puma card holder. Details: worn edges, leather finish.","Found a navy blue Lifelong umbrella. Details: push-button opening, folding type, bent rib. Kept safely with me.",train
L0338,F0307,0,random,True,False,False,611.9,-997.48,"I lost my brown Puma card holder. Details: worn edges, leather finish.",Found a grey calculator. Features: scientific calculator.,train
L0338,F0126,0,random,True,False,False,230.9,-537.12,"I lost my brown Puma card holder. Details: worn edges, leather finish.","Found a blue Dell notebook computer. Details: backlit keyboard, 15 inch screen. Kept safely with me.",train
L0339,F0342,1,positive,True,True,True,0.0,4.87,I lost my red Vivo phone. Details: crack on the top corner.,Found a maroon-ish red smartphone. Features: pop socket on the back.,train
L0339,F0237,0,same_group_nearby,True,False,True,164.0,-7.15,I lost my red Vivo phone. Details: crack on the top corner.,"Found a silver Dell notebook computer. It has backlit keyboard, 15 inch screen. Kept safely with me.",train
L0339,F0395,0,same_group_nearby,True,True,True,206.2,-17.98,I lost my red Vivo phone. Details: crack on the top corner.,Fuond a mobile.,train
L0339,F0376,0,same_group_nearby,True,False,True,150.0,24.97,I lost my red Vivo phone. Details: crack on the top corner.,Foudn a blue Mi charger bank. Details: USB-C port.,train
L0339,F0572,0,random,True,False,False,134.2,-412.17,I lost my red Vivo phone. Details: crack on the top corner.,Found a dark key bunch. It has tiny lock key.,train
L0339,F0329,0,random,True,False,True,527.7,-1557.67,I lost my red Vivo phone. Details: crack on the top corner.,"oFund a blue Amazfit smartwatch. Features: square dial, circular screen.",train
L0340,F0343,1,positive,True,True,True,0.0,2.73,"I lost my brown keys. Details: plastic tag, small padlock key.",brown keychain found,train
L0340,F0667,0,same_group_nearby,True,False,True,58.3,-18.02,"I lost my brown keys. Details: plastic tag, small padlock key.",Found red specs box,train
L0340,F0120,0,same_group_nearby,True,False,True,250.0,-28.27,"I lost my brown keys. Details: plastic tag, small padlock key.",Found a red glasses case. Features: hard shell.,train
L0340,F0286,0,same_group_nearby,True,False,True,247.0,31.22,"I lost my brown keys. Details: plastic tag, small padlock key.",Found navy blue umbrella,train
L0340,F0116,0,random,True,False,False,570.1,1250.57,"I lost my brown keys. Details: plastic tag, small padlock key.","Found a grey Lenovo notebook computer. It has backlit keyboard, black sleeve, fifteen inch display.",train
L0340,F0718,0,random,True,False,True,750.0,636.32,"I lost my brown keys. Details: plastic tag, small padlock key.",Found a dark Lenskart specs box. It has soft pouch.,train
L0341,F0344,1,positive,True,True,True,0.0,0.65,"I lost my black keys. Details: metal ring, bike key with a rubber cover, tag hanging from it.",Found a keychain.,train
L0341,F0520,0,same_group_nearby,True,False,True,133.4,16.6,"I lost my black keys. Details: metal ring, bike key with a rubber cover, tag hanging from it.",Found a red spectacle case. Details: cloth pouch type.,train
L0341,F0384,0,same_group_nearby,True,False,True,178.9,8.75,"I lost my black keys. Details: metal ring, bike key with a rubber cover, tag hanging from it.","Found a brown Lenskart spectacle case. Details: hard shell, zippered, tiny logo on the front.",train
L0341,F0628,0,same_group_nearby,True,True,True,155.2,-26.75,"I lost my black keys. Details: metal ring, bike key with a rubber cover, tag hanging from it.","Found a silver keys. Features: metal ring, bike key with a rubber cover.",train
L0341,F0511,0,random,True,False,False,277.8,-336.57,"I lost my black keys. Details: metal ring, bike key with a rubber cover, tag hanging from it.","Found a white Vivo phone. It has two cameras at the back, cracked screen corner.",train
L0341,F0509,0,random,True,False,False,0.0,-846.88,"I lost my black keys. Details: metal ring, bike key with a rubber cover, tag hanging from it.",Found a pink charging case. It has small LED light.,train
L0342,F0345,1,positive,True,True,True,155.6,22.3,I lost my navy blue Popy umbrella. Features: foldable umbrella.,"Found a navy blue Lifelong umbrella. It has one bent rib, foldable umbrella.",test
L0342,F0170,0,same_group_nearby,True,False,True,202.5,-2.8,I lost my navy blue Popy umbrella. Features: foldable umbrella.,brown keys found,test
L0342,F0002,0,same_group_nearby,True,False,True,155.6,29.2,I lost my navy blue Popy umbrella. Features: foldable umbrella.,Found a keys.,test
L0342,F0450,0,random,True,False,False,123.7,-16.37,I lost my navy blue Popy umbrella. Features: foldable umbrella.,Found a gray sports bag. Features: two front zips.,test
L0342,F0310,0,random,True,False,True,463.2,1351.65,I lost my navy blue Popy umbrella. Features: foldable umbrella.,Found a silvre keychain. Features: two-wheeler key with cover.,test
L0343,F0345,0,twin_hard_negative,False,True,True,134.5,-338.08,I lost my navy blue umbrella. It has one bent rib.,"Found a navy blue Lifelong umbrella. It has one bent rib, foldable umbrella.",test
L0343,F0308,0,same_group_nearby,False,False,True,134.5,21.0,I lost my navy blue umbrella. It has one bent rib.,brown key bunch found,test
L0343,F0366,0,same_group_nearby,False,False,True,290.0,-39.62,I lost my navy blue umbrella. It has one bent rib.,black specs box found,test
L0343,F0062,0,random,False,False,False,410.5,313.65,I lost my navy blue umbrella. It has one bent rib.,white smartwatch found,test
L0343,F0508,0,random,False,False,True,400.0,-121.97,I lost my navy blue umbrella. It has one bent rib.,Found a maroon Woodland card holder. Details: zipper coin section.,test
L0344,F0346,1,positive,True,False,True,134.5,22.92,"Mera i lost my dark grey Apple adapter with cable. It has fast charging type, cloth braided cable. Please contact me if found. kho gaya hai.",Found a dark grey charger. It has fast charging type.,train
L0344,F0716,0,same_group_nearby,True,False,True,280.2,-7.52,"Mera i lost my dark grey Apple adapter with cable. It has fast charging type, cloth braided cable. Please contact me if found. kho gaya hai.",Found a red smartphone. Features: cracked screen corner.,train
L0344,F0164,0,same_group_nearby,True,False,True,280.0,55.6,"Mera i lost my dark grey Apple adapter with cable. It has fast charging type, cloth braided cable. Please contact me if found. kho gaya hai.",Found black charger bank,train
L0344,F0514,0,same_group_nearby,True,False,True,277.8,-43.52,"Mera i lost my dark grey Apple adapter with cable. It has fast charging type, cloth braided cable. Please contact me if found. kho gaya hai.",Found a phone.,train
L0344,F0343,0,random,True,False,False,462.7,-693.37,"Mera i lost my dark grey Apple adapter with cable. It has fast charging type, cloth braided cable. Please contact me if found. kho gaya hai.",brown keychain found,train
L0344,F0757,0,random,True,False,True,155.6,-542.5,"Mera i lost my dark grey Apple adapter with cable. It has fast charging type, cloth braided cable. Please contact me if found. kho gaya hai.",Found blue battery pack,train
L0345,F0347,1,positive,True,True,True,0.0,20.03,I lost my silver-grey Woodland wallet. Features: frayed at the edges.,Found a grey Woodland card holder. It has zipper coin section.,train
L0345,F0120,0,same_group_nearby,True,False,True,174.9,65.2,I lost my silver-grey Woodland wallet. Features: frayed at the edges.,Found a red glasses case. Features: hard shell.,train
L0345,F0010,0,same_group_nearby,True,True,True,197.2,29.2,I lost my silver-grey Woodland wallet. Features: frayed at the edges.,Found a brown wallet. Details: zipper coin section.,train
L0345,F0147,0,random,True,False,False,290.0,864.07,I lost my silver-grey Woodland wallet. Features: frayed at the edges.,black notebook computer found,train
L0345,F0619,0,random,True,False,False,410.0,893.55,I lost my silver-grey Woodland wallet. Features: frayed at the edges.,Found a blue charger bank. It has thin power bank.,train
L0346,F0348,1,positive,True,True,True,0.0,10.07,"I lost my orange water bottle. It has 1 litre size, flip cap.",Found a orange Cello flask. Features: 1 litre size.,val
L0346,F0145,0,random,True,False,False,645.4,-1238.1,"I lost my orange water bottle. It has 1 litre size, flip cap.",Mujhe mila hai: found a black keys. Features: steel ring.,val
L0346,F0529,0,random,True,False,False,382.1,-1090.95,"I lost my orange water bottle. It has 1 litre size, flip cap.","Found a cream adapter with cable. Details: two-pin adapter, cloth braided cable.",val
L0347,F0349,1,positive,True,True,True,0.0,1.87,I lost my black charger. Details: fast chargign type.,Found a black adapter with cable. Features: braided cable.,train
L0347,F0545,0,same_group_nearby,True,True,True,440.1,-3.03,I lost my black charger. Details: fast chargign type.,"Ye mila hai, owner ko batao: found a white charger. Details: two-pin plug.",train
L0347,F0051,0,same_group_nearby,True,False,True,134.2,-27.57,I lost my black charger. Details: fast chargign type.,Found off-white watch,train
L0347,F0649,0,same_group_nearby,True,False,True,134.2,-12.23,I lost my black charger. Details: fast chargign type.,grey smartphone found,train
L0347,F0313,0,random,True,False,False,370.5,907.93,I lost my black charger. Details: fast chargign type.,Mujhe mila hai: found a green record book. It has coloured sticky notes sticking out.,train
L0347,F0603,0,random,True,False,False,585.5,959.95,I lost my black charger. Details: fast chargign type.,Found a dark key bunch. Features: bike key with a rubber cover.,train
L0348,F0350,1,positive,True,True,True,0.0,70.73,"I lost my orange Milton flask. It has piant worn off in places, stainless steel.","Found a orange Milton flask. It has steel body, paint worn off in places. Kept safely with me.",train
L0348,F0393,0,same_group_nearby,True,True,True,260.0,59.57,"I lost my orange Milton flask. It has piant worn off in places, stainless steel.",Found a water bottle.,train
L0348,F0338,0,same_group_nearby,True,True,True,0.0,32.3,"I lost my orange Milton flask. It has piant worn off in places, stainless steel.",Found a pink water bottle. Details: steel body.,train
L0348,F0517,0,same_group_nearby,True,True,True,260.0,-56.1,"I lost my orange Milton flask. It has piant worn off in places, stainless steel.",Found green water bottle,train
L0348,F0199,0,random,True,False,False,120.4,-572.73,"I lost my orange Milton flask. It has piant worn off in places, stainless steel.",Found pink small case,train
L0348,F0717,0,random,True,False,False,527.7,518.52,"I lost my orange Milton flask. It has piant worn off in places, stainless steel.",Found a red Realme smartphone. Features: ring holder on the back.,train
L0349,F0351,1,positive,True,True,True,0.0,3.88,I lost my brown spectacles case. Features: zippered.,brown specs box found,train
L0349,F0159,0,same_group_nearby,True,False,True,0.0,-71.43,I lost my brown spectacles case. Features: zippered.,"Found a tan card holder. Features: zipper coin section, frayed at the edges, looks like leather.",train
L0349,F0636,0,same_group_nearby,True,False,True,176.9,24.47,I lost my brown spectacles case. Features: zippered.,Found green Lifelong umbrella,train
L0349,F0359,0,same_group_nearby,True,False,True,206.2,-2.38,I lost my brown spectacles case. Features: zippered.,Found a pink umbrella. Details: foldable umbrella.,train
L0349,F0548,0,random,True,False,True,120.4,-559.63,I lost my brown spectacles case. Features: zippered.,"Found a maroon Woodland wallet. Details: frayed at the edges, looks like leather. Kept safely with me.",train
L0349,F0218,0,random,True,False,False,271.7,-479.05,I lost my brown spectacles case. Features: zippered.,Found a dark airpods case. It has scuffed lid.,train
L0350,F0352,1,positive,True,True,True,134.5,93.48,"I lost my black Realme charger. Features: fast charger, braided cable, two-pin adapter.",Found a dark grey Realme adapter with cable. Details: braided cable.,train
L0350,F0156,0,same_group_nearby,True,True,True,269.3,51.32,"I lost my black Realme charger. Features: fast charger, braided cable, two-pin adapter.","Found a dark grey charger. Features: two-pin plug, about 1.5 m cable. Kept safely with me.",train
L0350,F0759,0,same_group_nearby,True,True,True,328.0,24.83,"I lost my black Realme charger. Features: fast charger, braided cable, two-pin adapter.",Found a black charger. Features: long cable.,train
L0350,F0459,0,same_group_nearby,True,False,True,201.2,29.58,"I lost my black Realme charger. Features: fast charger, braided cable, two-pin adapter.",Found a black Syska power bank. Details: matte rubber finish.,train
L0350,F0329,0,random,True,False,True,134.5,-334.85,"I lost my black Realme charger. Features: fast charger, braided cable, two-pin adapter.","oFund a blue Amazfit smartwatch. Features: square dial, circular screen.",train
L0350,F0565,0,random,True,False,True,269.3,-467.45,"I lost my black Realme charger. Features: fast charger, braided cable, two-pin adapter.","Found a green Apple Watch fitness band. It has rectangular screen, circular screen.",train
L0351,F0353,1,positive,True,False,True,0.0,60.02,"I lost my silver Milton water bottle. Features: steel body, paint worn off in places.",silver flask found,train
L0351,F0588,0,same_group_nearby,True,True,True,178.9,-17.07,"I lost my silver Milton water bottle. Features: steel body, paint worn off in places.","Found a blue Decathlon bottle. Features: one litre bottle, stainless steel, scratched paint. Kept safely with me.",train
L0351,F0486,0,same_group_nearby,True,True,True,447.8,-50.78,"I lost my silver Milton water bottle. Features: steel body, paint worn off in places.",Found silver flask,train
L0351,F0082,0,random,True,False,False,282.8,214.08,"I lost my silver Milton water bottle. Features: steel body, paint worn off in places.",blue watch found,train
L0351,F0040,0,random,True,False,False,223.6,1249.52,"I lost my silver Milton water bottle. Features: steel body, paint worn off in places.",Found a mobile.,train
L0352,F0354,1,positive,True,True,True,0.0,2.1,Lost grey spectacles case,"Mujhe mila hai: found a grey Titan spectacle case. Features: small logo, soft pouch, zip closure. Kept safely with me.",val
L0352,F0355,0,twin_hard_negative,True,True,True,0.0,14.85,Lost grey spectacles case,"Found a grey glasses case. Details: hard shell, cloth pouch type.",val
L0352,F0620,0,same_group_nearby,True,False,True,237.7,71.83,Lost grey spectacles case,"Found a dark grey keys. Features: plastic tag, bike key with a rubber cover.",val
L0352,F0544,0,same_group_nearby,True,True,True,216.3,-69.35,Lost grey spectacles case,Found a black specs box. Features: zippered.,val
L0352,F0364,0,random,True,False,False,216.3,1367.97,Lost grey spectacles case,"Found a blue Ambrane charger bank. It has USB-C port, thin power bank.",val
L0352,F0512,0,random,True,False,True,228.0,907.38,Lost grey spectacles case,Found a card holder.,val
L0353,F0355,1,positive,True,True,True,0.0,94.12,I lost my grey Titan glasses case. It has cloth pouch type.,"Found a grey glasses case. Details: hard shell, cloth pouch type.",val
L0353,F0354,0,twin_hard_negative,True,True,True,0.0,81.37,I lost my grey Titan glasses case. It has cloth pouch type.,"Mujhe mila hai: found a grey Titan spectacle case. Features: small logo, soft pouch, zip closure. Kept safely with me.",val
L0353,F0145,0,same_group_nearby,True,False,True,352.3,-38.77,I lost my grey Titan glasses case. It has cloth pouch type.,Mujhe mila hai: found a black keys. Features: steel ring.,val
L0353,F0544,0,same_group_nearby,True,True,True,216.3,9.92,I lost my grey Titan glasses case. It has cloth pouch type.,Found a black specs box. Features: zippered.,val
L0353,F0558,0,same_group_nearby,True,False,True,228.0,5.7,I lost my grey Titan glasses case. It has cloth pouch type.,Found blue umbrelal,val
L0353,F0166,0,random,True,False,False,389.5,863.45,I lost my grey Titan glasses case. It has cloth pouch type.,"Found a black adapter with cable. Features: two-pin adapter, about 1.5 m cable. Kept safely with me.",val
L0353,F0137,0,random,True,False,False,616.2,1714.43,I lost my grey Titan glasses case. It has cloth pouch type.,silver-grey calculator found,val
L0354,F0356,1,positive,True,False,True,72.8,3.27,"I lost my lgiht pink Noise earbuds case. Features: tiny indicator light, scuffed lid, rubber cover. Please contact me if found.",Mujhe mila hai: found a pink airpods case. Features: scuffed lid.,train
L0354,F0220,0,same_group_nearby,True,False,True,197.2,-71.43,"I lost my lgiht pink Noise earbuds case. Features: tiny indicator light, scuffed lid, rubber cover. Please contact me if found.",white fitness band found,train
L0354,F0728,0,same_group_nearby,True,False,True,0.0,-17.87,"I lost my lgiht pink Noise earbuds case. Features: tiny indicator light, scuffed lid, rubber cover. Please contact me if found.",Found a black earbuds case. Features: scratches on the lid.,train
L0354,F0574,0,same_group_nearby,True,False,True,271.7,6.52,"I lost my lgiht pink Noise earbuds case. Features: tiny indicator light, scuffed lid, rubber cover. Please contact me if found.",Found a red mobile. Details: two cameras at the back.,train
L0354,F0516,0,random,True,False,False,202.5,54.03,"I lost my lgiht pink Noise earbuds case. Features: tiny indicator light, scuffed lid, rubber cover. Please contact me if found.","Found a navy blue Hidesign wallet. Details: zip coin pocket, frayed at the edges. Kept safely with me.",train
L0354,F0206,0,random,True,False,False,326.5,-530.42,"I lost my lgiht pink Noise earbuds case. Features: tiny indicator light, scuffed lid, rubber cover. Please contact me if found.",Found a brown specs box. It has small logo.,train
L0355,F0357,1,positive,True,True,True,0.0,4.1,I lost my green Apple Watch smartwatch. Features: rectangular screen.,Found a smartwatch.,val
L0355,F0474,0,same_group_nearby,True,False,True,201.0,35.38,I lost my green Apple Watch smartwatch. Features: rectangular screen.,"Found a craem Realme charging case. Details: scratches on the lid, tiny indicator light.",val
L0355,F0600,0,same_group_nearby,True,False,True,0.0,-41.12,I lost my green Apple Watch smartwatch. Features: rectangular screen.,Found silver laptop,val
L0355,F0445,0,same_group_nearby,True,False,True,284.3,7.0,I lost my green Apple Watch smartwatch. Features: rectangular screen.,Found black charger,val
L0355,F0253,0,random,True,False,True,461.0,681.5,I lost my green Apple Watch smartwatch. Features: rectangular screen.,Found a black charging case. Features: hook for a lanyard.,val
L0355,F0133,0,random,True,False,False,461.0,824.9,I lost my green Apple Watch smartwatch. Features: rectangular screen.,"Found a silver keys. It has steel ring, small padlock key.",val
L0356,F0357,0,twin_hard_negative,False,True,True,0.0,-502.7,I lost my green Apple Watch smartwatch. It has rubber strap.,Found a smartwatch.,val
L0356,F0330,0,same_group_nearby,False,False,True,170.9,-45.3,I lost my green Apple Watch smartwatch. It has rubber strap.,Found a mobile.,val
L0356,F0166,0,same_group_nearby,False,False,True,308.1,-0.83,I lost my green Apple Watch smartwatch. It has rubber strap.,"Found a black adapter with cable. Features: two-pin adapter, about 1.5 m cable. Kept safely with me.",val
L0356,F0512,0,random,False,False,False,134.2,122.37,I lost my green Apple Watch smartwatch. It has rubber strap.,Found a card holder.,val
L0356,F0067,0,random,False,False,True,191.0,546.02,I lost my green Apple Watch smartwatch. It has rubber strap.,white adapter with cable found,val
L0357,F0358,1,positive,True,True,True,155.6,1.85,grey calculaotr lost,Found a grey Casio calculator. Features: slide cover.,train
L0357,F0297,0,same_group_nearby,True,True,True,280.2,-51.9,grey calculaotr lost,Found a light blue scientific calculator. It has solar strip on top.,train
L0357,F0398,0,same_group_nearby,True,False,True,280.0,6.53,grey calculaotr lost,Found red record book,train
L0357,F0268,0,same_group_nearby,True,False,True,269.3,69.2,grey calculaotr lost,blue notebook found,train
L0357,F0208,0,random,True,False,True,134.5,183.82,grey calculaotr lost,Found orange Navneet notebook,train
L0357,F0493,0,random,True,False,False,519.2,1374.35,grey calculaotr lost,green phone found,train
L0358,F0359,1,positive,True,True,True,0.0,1.3,I lost my pink Fastrack umbrella. Details: push-button opening.,Found a pink umbrella. Details: foldable umbrella.,train
L0358,F0360,0,twin_hard_negative,True,True,True,0.0,-788.35,I lost my pink Fastrack umbrella. Details: push-button opening.,Found a umbrella.,train
L0358,F0011,0,same_group_nearby,True,False,True,332.4,16.05,I lost my pink Fastrack umbrella. Details: push-button opening.,Found a dark brown wallet. It has zipper coin section.,train
L0358,F0242,0,same_group_nearby,True,False,True,72.8,-5.0,I lost my pink Fastrack umbrella. Details: push-button opening.,Found a maroon wallet. Details: metal logo.,train
L0358,F0159,0,same_group_nearby,True,False,True,206.2,-67.75,I lost my pink Fastrack umbrella. Details: push-button opening.,"Found a tan card holder. Features: zipper coin section, frayed at the edges, looks like leather.",train
L0358,F0120,0,random,True,False,True,136.0,-1278.92,I lost my pink Fastrack umbrella. Details: push-button opening.,Found a red glasses case. Features: hard shell.,train
L0358,F0393,0,random,True,False,False,155.2,-371.8,I lost my pink Fastrack umbrella. Details: push-button opening.,Found a water bottle.,train
L0359,F0360,1,positive,True,True,True,72.8,2.92,I lost my pink Fastrack umbrella. It has bent rib.,Found a umbrella.,train
L0359,F0359,0,twin_hard_negative,True,True,True,72.8,792.57,I lost my pink Fastrack umbrella. It has bent rib.,Found a pink umbrella. Details: foldable umbrella.,train
L0359,F0229,0,same_group_nearby,True,False,True,133.4,-0.5,I lost my pink Fastrack umbrella. It has bent rib.,Found a brown key bunch. Features: small padlock key.,train
L0359,F0671,0,same_group_nearby,True,False,True,155.6,-24.9,I lost my pink Fastrack umbrella. It has bent rib.,Found a dark blue purse. Features: frayed at the edges.,train
L0359,F0722,0,same_group_nearby,True,False,True,133.4,51.32,I lost my pink Fastrack umbrella. It has bent rib.,Found a dark brown Titan spectacle case. Details: tiny logo on the front.,train
L0359,F0425,0,random,True,False,False,326.5,720.6,I lost my pink Fastrack umbrella. It has bent rib.,Found a white smartphone. Features: clear back cover.,train
L0359,F0768,0,random,True,False,False,202.5,1163.67,I lost my pink Fastrack umbrella. It has bent rib.,Found a smartphone.,train
L0360,F0361,1,positive,True,False,True,352.3,10.48,"Lost my calculator, it is blue.","Mujhe mila hai: found a blue Casio calculator. It has some keys faded, solar strip on top.",train
L0360,F0083,0,same_group_nearby,True,False,True,352.3,67.72,"Lost my calculator, it is blue.",Found grey calculator,train
L0360,F0316,0,random,True,False,False,340.1,891.48,"Lost my calculator, it is blue.","Found a white Apple adapter with cable. Features: long cable, cloth braided cable, two-pin plug.",train
L0360,F0625,0,random,True,False,False,389.5,478.5,"Lost my calculator, it is blue.","Found a metallic Borosil water bottle. Details: one litre bottle, flip cap.",train
L0361,F0362,1,positive,True,True,True,176.9,5.05,I lost my black Casio calculator. It has hard slide-on cover.,Found a dark calculator. It has slide cover.,train
L0361,F0212,0,same_group_nearby,True,False,True,230.2,-54.3,I lost my black Casio calculator. It has hard slide-on cover.,Found a maroon-ish red record book. It has hard cover.,train
L0361,F0401,0,same_group_nearby,True,True,True,176.9,59.4,I lost my black Casio calculator. It has hard slide-on cover.,"Found a blue Citizen scientific calculator. Features: scientific calculator, some keys faded. Kept safely with me.",train
L0361,F0383,0,same_group_nearby,True,False,True,230.9,-4.63,I lost my black Casio calculator. It has hard slide-on cover.,Found a book.,train
L0361,F0397,0,random,True,False,True,410.0,-25.78,I lost my black Casio calculator. It has hard slide-on cover.,Found a dark record book. It has spiral bound.,train
L0361,F0549,0,random,True,False,False,406.1,-984.53,I lost my black Casio calculator. It has hard slide-on cover.,Found a red mobile. It has pop socket on the back.,train
L0362,F0363,1,positive,True,True,True,178.9,20.07,I lost my black OnePlus earbuds case. Details: silicone cover.,"Found a dark grey OnePlus earbuds case. Features: small LED light, rubber cover, hook for a lanyard. Kept safely with me.",val
L0362,F0007,0,random,True,False,True,126.5,-1046.0,I lost my black OnePlus earbuds case. Details: silicone cover.,Found a white adapter with cable. Details: braided cable.,val
L0362,F0145,0,random,True,False,False,269.3,-1075.35,I lost my black OnePlus earbuds case. Details: silicone cover.,Mujhe mila hai: found a black keys. Features: steel ring.,val
L0363,F0364,1,positive,True,True,True,0.0,0.75,I lost my sky blue power bank. It has USB-C port.,"Found a blue Ambrane charger bank. It has USB-C port, thin power bank.",val
L0363,F0528,0,same_group_nearby,True,False,True,0.0,11.15,I lost my sky blue power bank. It has USB-C port.,off-white adapter with cable found,val
L0363,F0067,0,same_group_nearby,True,False,True,269.3,-36.18,I lost my sky blue power bank. It has USB-C port.,white adapter with cable found,val
L0363,F0139,0,same_group_nearby,True,False,True,216.3,56.05,I lost my sky blue power bank. It has USB-C port.,Found a charger.,val
L0363,F0207,0,random,True,False,False,277.8,-965.25,I lost my sky blue power bank. It has USB-C port.,Found a keys.,val
L0363,F0106,0,random,True,False,False,410.5,269.17,I lost my sky blue power bank. It has USB-C port.,Found a black umbrella. Details: push-button opening.,val
L0364,F0365,1,positive,True,False,True,0.0,73.72,I lost my blue boAt earbuds case. It has small LED light.,"Found a blue boAt earbuds case. It has small LED light, rubber cover, lanyard hook. Kept safely with me.",train
L0364,F0609,0,same_group_nearby,True,False,True,237.7,21.77,I lost my blue boAt earbuds case. It has small LED light.,"Ye mila hai, owner ko batao: blue laptop found",train
L0364,F0168,0,same_group_nearby,True,False,True,304.1,-58.97,I lost my blue boAt earbuds case. It has small LED light.,Found a pink boAt watch. It has rectangular screen.,train
L0364,F0195,0,same_group_nearby,True,False,True,170.9,-70.13,I lost my blue boAt earbuds case. It has small LED light.,Mujhe mila hai: found a power bank.,train
L0364,F0155,0,random,True,False,True,480.8,1401.43,I lost my blue boAt earbuds case. It has small LED light.,Found a white Dell adapter with cable. Details: fast charger.,train
L0364,F0583,0,random,True,False,True,352.3,456.48,I lost my blue boAt earbuds case. It has small LED light.,"Mujhe mila hai: found a black Dell adapter with cable. It has about 1.5 m cable, cloth braided cable.",train
L0365,F0366,1,positive,True,True,True,0.0,12.98,Lost black spectacles case,black specs box found,test
L0365,F0508,0,same_group_nearby,True,False,True,123.7,-69.37,Lost black spectacles case,Found a maroon Woodland card holder. Details: zipper coin section.,test
L0365,F0080,0,same_group_nearby,True,True,True,155.6,-23.02,Lost black spectacles case,"Found a grey spectacle case. It has cloth pouch type, small logo. Kept safely with me.",test
L0365,F0567,0,random,True,False,True,123.7,757.38,Lost black spectacles case,oFund a card holder.,test
L0365,F0388,0,random,True,False,False,133.4,921.6,Lost black spectacles case,Found red rucksack,test
L0366,F0367,1,positive,True,True,True,197.2,31.73,"I lost my dark book. Details: 200 pages, spiral notebook, coloured sticky notes sticking out.",Found a black notebook. Details: sticky notes inside.,train
L0366,F0023,0,same_group_nearby,True,True,True,0.0,31.68,"I lost my dark book. Details: 200 pages, spiral notebook, coloured sticky notes sticking out.",Found a black Camlin book. Details: about two hundred pages.,train
L0366,F0715,0,same_group_nearby,True,True,True,197.2,28.93,"I lost my dark book. Details: 200 pages, spiral notebook, coloured sticky notes sticking out.",Found a red notebook. It has spiral notebook.,train
L0366,F0737,0,same_group_nearby,True,True,True,202.5,-26.03,"I lost my dark book. Details: 200 pages, spiral notebook, coloured sticky notes sticking out.",Found a blue Navneet book. It has spiral notebook.,train
L0366,F0268,0,random,True,True,True,123.7,-846.87,"I lost my dark book. Details: 200 pages, spiral notebook, coloured sticky notes sticking out.",blue notebook found,train
L0366,F0013,0,random,True,False,False,326.5,-90.75,"I lost my dark book. Details: 200 pages, spiral notebook, coloured sticky notes sticking out.",brown keys found,train
L0367,F0367,0,twin_hard_negative,False,True,True,139.3,-211.67,"I lost my black notebook. Features: thick cover, 200 pages. Please contact me if found.",Found a black notebook. Details: sticky notes inside.,train
L0367,F0683,0,same_group_nearby,False,False,True,310.6,-44.62,"I lost my black notebook. Features: thick cover, 200 pages. Please contact me if found.",Found grey calculator,train
L0367,F0543,0,same_group_nearby,False,True,True,150.0,37.68,"I lost my black notebook. Features: thick cover, 200 pages. Please contact me if found.",Found a red Camlin notebook. It has hard cover.,train
L0367,F0203,0,random,False,False,False,516.2,-46.55,"I lost my black notebook. Features: thick cover, 200 pages. Please contact me if found.",Found a off-white airpods case. It has samll LED light.,train
L0367,F0251,0,random,False,False,False,237.7,-591.57,"I lost my black notebook. Features: thick cover, 200 pages. Please contact me if found.","Mujhe mila hai: found a white battery pack. Features: matte rubber finish, slim body.",train
L0368,F0369,1,positive,True,True,True,0.0,19.17,"Lost my umbrella, it is grey.",Found a grey umbrella. Details: pattern on the border.,val
L0368,F0370,0,twin_hard_negative,True,True,True,72.8,-391.7,"Lost my umbrella, it is grey.",Found a grey umbrella. It has folding type.,val
L0368,F0133,0,same_group_nearby,True,True,True,330.2,-25.65,"Lost my umbrella, it is grey.","Found a silver keys. It has steel ring, small padlock key.",val
L0368,F0139,0,random,True,False,False,304.1,294.5,"Lost my umbrella, it is grey.",Found a charger.,val
L0368,F0515,0,random,True,False,True,337.3,-647.85,"Lost my umbrella, it is grey.",Fonud a card holder.,val
L0369,F0370,1,positive,True,True,True,72.8,1.05,"I lost my grey umbrella. It has push-button opening, folding type. Please contact me if found.",Found a grey umbrella. It has folding type.,val
L0369,F0369,0,twin_hard_negative,True,True,True,0.0,411.92,"I lost my grey umbrella. It has push-button opening, folding type. Please contact me if found.",Found a grey umbrella. Details: pattern on the border.,val
L0369,F0767,0,same_group_nearby,True,False,True,0.0,31.62,"I lost my grey umbrella. It has push-button opening, folding type. Please contact me if found.","Found a brown wallet. It has small metla logo, zipper coin section.",val
L0369,F0475,0,random,True,False,False,134.5,299.67,"I lost my grey umbrella. It has push-button opening, folding type. Please contact me if found.",Found a earbuds case.,val
L0369,F0223,0,random,True,True,True,420.1,827.75,"I lost my grey umbrella. It has push-button opening, folding type. Please contact me if found.",Found a black umbrella. It has one bent rib.,val
L0370,F0371,1,positive,True,True,True,58.3,40.62,"I lost my blue calculator. Details: faded keys, solar panel, scientific type.",Found a blue Casio scientific calculator. Features: solar strip on top.,train
L0370,F0372,0,twin_hard_negative,True,True,True,176.9,34.65,"I lost my blue calculator. Details: faded keys, solar panel, scientific type.",Found a blue Casio scientific calculator. It has some keys faded.,train
L0370,F0543,0,same_group_nearby,True,False,True,176.9,-31.32,"I lost my blue calculator. Details: faded keys, solar panel, scientific type.",Found a red Camlin notebook. It has hard cover.,train
L0370,F0454,0,random,True,False,False,410.0,-351.93,"I lost my blue calculator. Details: faded keys, solar panel, scientific type.",Found a black Dell notebook computer. Details: stickers on the top cover.,train
L0370,F0044,0,random,True,False,False,389.5,-572.02,"I lost my blue calculator. Details: faded keys, solar panel, scientific type.",Found a gray Skybags sports bag. It has slightly torn near the strap.,train
L0371,F0372,1,positive,True,True,True,0.0,2.5,Lost sky blue calculator,Found a blue Casio scientific calculator. It has some keys faded.,train
L0371,F0371,0,twin_hard_negative,True,True,True,120.4,8.47,Lost sky blue calculator,Found a blue Casio scientific calculator. Features: solar strip on top.,train
L0371,F0543,0,same_group_nearby,True,False,True,0.0,-63.47,Lost sky blue calculator,Found a red Camlin notebook. It has hard cover.,train
L0371,F0191,0,random,True,False,False,260.0,96.13,Lost sky blue calculator,"Found a red Titan glasses case. It has tiny logo on the front, hard case.",train
L0371,F0583,0,random,True,False,False,164.0,-891.97,Lost sky blue calculator,"Mujhe mila hai: found a black Dell adapter with cable. It has about 1.5 m cable, cloth braided cable.",train
L0372,F0373,1,positive,True,True,True,0.0,1.67,I lost my blue notebook. It has spiral notebook.,"Found a blue notebook. Details: sticky notes inside, about two hundred pages, spiral notebook.",test
L0372,F0505,0,same_group_nearby,True,False,True,352.3,-36.05,I lost my blue notebook. It has spiral notebook.,"Found a grey Casio calculator. Details: solar panel, some keys faded, slide cover.",test
L0372,F0638,0,random,True,False,False,216.3,828.23,I lost my blue notebook. It has spiral notebook.,"Found a white Mi battery pack. It has rubber finish, USB-C port, thin power bank. Kept safely with me.",test
L0372,F0327,0,random,True,False,False,362.2,647.62,I lost my blue notebook. It has spiral notebook.,"Mujhe mila hai: found a green bottle. Details: stainless steel, one litre bottle.",test
L0373,F0374,1,positive,True,True,True,230.2,10.13,"I lost my black Apple Watch smartwatch. Features: round dial, rectangular screen, rubber strap.",Found black fitness band,train
L0373,F0685,0,same_group_nearby,True,False,True,176.9,-43.08,"I lost my black Apple Watch smartwatch. Features: round dial, rectangular screen, rubber strap.",Found a pink watch. It has round dial.,train
L0373,F0317,0,same_group_nearby,True,False,True,176.9,30.47,"I lost my black Apple Watch smartwatch. Features: round dial, rectangular screen, rubber strap.","Found a white Apple charger. Features: about 1.5 m cable, fast charger.",train
L0373,F0200,0,same_group_nearby,True,False,True,58.3,49.72,"I lost my black Apple Watch smartwatch. Features: round dial, rectangular screen, rubber strap.","Ye mila hai, owner ko batao: found a pink charging case. Features: rubber cover, hook for a lanyard.",train
L0373,F0158,0,random,True,True,True,0.0,-929.12,"I lost my black Apple Watch smartwatch. Features: round dial, rectangular screen, rubber strap.",Found a blue fitness band. It has scratch on the glass.,train
L0373,F0712,0,random,True,False,False,389.5,611.62,"I lost my black Apple Watch smartwatch. Features: round dial, rectangular screen, rubber strap.","Found a black Tupperware bottle. It has flip cap, stainless steel, paint worn off in places. Kept safely with me.",train
L0374,F0374,0,twin_hard_negative,False,True,True,230.2,-351.25,I lost my black Apple Watch watch. It has rectangular screen.,Found black fitness band,train
L0374,F0713,0,same_group_nearby,False,False,True,0.0,11.17,I lost my black Apple Watch watch. It has rectangular screen.,silver-grey Asus laptop found,train
L0374,F0073,0,same_group_nearby,False,False,True,308.1,12.45,I lost my black Apple Watch watch. It has rectangular screen.,Found a battery pack.,train
L0374,F0659,0,same_group_nearby,False,False,True,337.3,-36.57,I lost my black Apple Watch watch. It has rectangular screen.,Found black charger,train
L0374,F0504,0,random,False,False,False,430.5,318.52,I lost my black Apple Watch watch. It has rectangular screen.,Found a sky blue Casio scientific calculator. It has scientific type.,train
L0374,F0442,0,random,False,False,True,230.2,-45.42,I lost my black Apple Watch watch. It has rectangular screen.,"Ye mila hai, owner ko batao: found a airpods case.",train
L0375,F0375,1,positive,True,False,True,0.0,21.15,Lost green smartwatch,green fitness band found,train
L0375,F0078,0,same_group_nearby,True,False,True,174.9,-27.95,Lost green smartwatch,Found a black Dell laptop. Details: sticekrs on the top cover.,train
L0375,F0244,0,same_group_nearby,True,False,True,197.2,3.0,Lost green smartwatch,Found a rose smartwatch. Features: square dial.,train
L0375,F0655,0,same_group_nearby,True,False,True,155.6,45.57,Lost green smartwatch,"Ye mila hai, owner ko batao: found a blue notebook computer. Features: in a black laptop sleeve.",train
L0375,F0523,0,random,True,False,False,123.7,-220.0,Lost green smartwatch,Fonud a blue flask. It has paint worn off in places.,train
L0375,F0452,0,random,True,False,False,326.5,-238.53,Lost green smartwatch,Found a notebook.,train
L0376,F0376,1,positive,True,True,True,67.1,1.77,I lost my blue power bank. Features: USB-C port.,Foudn a blue Mi charger bank. Details: USB-C port.,train
L0376,F0750,0,same_group_nearby,True,False,True,308.1,-37.87,I lost my blue power bank. Features: USB-C port.,white smartwatch ofund,train
L0376,F0460,0,same_group_nearby,True,True,True,136.0,62.47,I lost my blue power bank. Features: USB-C port.,"Found a dark Syska power bank. Features: USB-C port, matte rubber finish.",train
L0376,F0617,0,same_group_nearby,True,True,True,126.5,-11.3,I lost my blue power bank. Features: USB-C port.,"Mujhe mila hai: found a silver Anker power bank. It has USB-C port, matte rubber finish, thin power bank. Kept safely with me.",train
L0376,F0015,0,random,True,False,True,250.0,-951.42,I lost my blue power bank. Features: USB-C port.,Found a black adapter with cable. Details: long cable.,train
L0376,F0181,0,random,True,False,False,201.0,-1360.03,I lost my blue power bank. Features: USB-C port.,Found light blue scientific calculator,train
L0377,F0377,1,positive,True,True,True,120.4,0.32,"I lost my blue laptop. Details: backlit keyboard, sticker on the lid, fifteen inch display.",Found a light blue laptop. Details: sticker on the lid.,val
L0377,F0378,0,twin_hard_negative,True,True,True,186.8,125.32,"I lost my blue laptop. Details: backlit keyboard, sticker on the lid, fifteen inch display.",Found a blue MacBook laptop. Details: sticker on the lid.,val
L0377,F0089,0,same_group_nearby,True,False,True,250.0,-29.17,"I lost my blue laptop. Details: backlit keyboard, sticker on the lid, fifteen inch display.","Found a black Asus notebook computer. Details: backlit keyboard, sticker on the lid. Kept safely with me.",val
L0377,F0290,0,same_group_nearby,True,False,True,282.8,-22.55,"I lost my blue laptop. Details: backlit keyboard, sticker on the lid, fifteen inch display.",blue power bank found,val
L0377,F0131,0,random,True,True,True,0.0,149.82,"I lost my blue laptop. Details: backlit keyboard, sticker on the lid, fifteen inch display.","Found a grey Asus notebook computer. Features: fifteen inch display, sticker on the lid.",val
L0377,F0357,0,random,True,False,True,250.0,-223.48,"I lost my blue laptop. Details: backlit keyboard, sticker on the lid, fifteen inch display.",Found a smartwatch.,val
L0378,F0378,1,positive,True,True,True,172.0,7.98,"Lost my laptop, it is blue.",Found a blue MacBook laptop. Details: sticker on the lid.,val
L0378,F0377,0,twin_hard_negative,True,True,True,0.0,-117.02,"Lost my laptop, it is blue.",Found a light blue laptop. Details: sticker on the lid.,val
L0378,F0131,0,same_group_nearby,True,True,True,120.4,32.48,"Lost my laptop, it is blue.","Found a grey Asus notebook computer. Features: fifteen inch display, sticker on the lid.",val
L0378,F0067,0,random,True,False,True,164.0,707.9,"Lost my laptop, it is blue.",white adapter with cable found,val
L0378,F0448,0,random,True,False,False,286.4,800.88,"Lost my laptop, it is blue.","Found a dark Milton flask. It has flip cap, paint worn off in places.",val
L0379,F0379,1,positive,True,True,True,120.4,2.87,"Kisi ko mila ho toh batao: i lost my green Skybags backpack. Features: white logo, laptop compartment.","Found a green Skybags bag. Features: logo in white on the front, padded laptop section.",val
L0379,F0152,0,random,True,False,False,260.0,181.57,"Kisi ko mila ho toh batao: i lost my green Skybags backpack. Features: white logo, laptop compartment.","Found a white Syska battery pack. Features: type-C input, thin power bank. Kept safely with me.",val
L0379,F0276,0,random,True,False,False,164.0,917.68,"Kisi ko mila ho toh batao: i lost my green Skybags backpack. Features: white logo, laptop compartment.",Found white charger bank,val
L0380,F0082,0,same_group_nearby,False,False,True,328.0,67.58,"I lost my black Asus laptop. Features: sticker on the lid, in a black laptop sleeve.",blue watch found,train
L0380,F0156,0,same_group_nearby,False,False,True,269.3,68.88,"I lost my black Asus laptop. Features: sticker on the lid, in a black laptop sleeve.","Found a dark grey charger. Features: two-pin plug, about 1.5 m cable. Kept safely with me.",train
L0380,F0759,0,same_group_nearby,False,False,True,328.0,42.4,"I lost my black Asus laptop. Features: sticker on the lid, in a black laptop sleeve.",Found a black charger. Features: long cable.,train
L0380,F0542,0,random,False,False,True,462.7,-337.9,"I lost my black Asus laptop. Features: sticker on the lid, in a black laptop sleeve.",black phone found,train
L0380,F0717,0,random,False,False,True,134.5,898.63,"I lost my black Asus laptop. Features: sticker on the lid, in a black laptop sleeve.",Found a red Realme smartphone. Features: ring holder on the back.,train
L0381,F0380,1,positive,True,True,True,206.2,16.57,Lost red spectacles case,"Found a red specs box. Details: cloth pouch type, zippered.",train
L0381,F0179,0,same_group_nearby,True,False,True,271.7,42.35,Lost red spectacles case,Found a dark brown keys. Details: tiny lock key.,train
L0381,F0339,0,same_group_nearby,True,False,True,206.2,-48.87,Lost red spectacles case,"Found a grey umbrella. It has one bent rib, automatic open button.",train
L0381,F0213,0,same_group_nearby,True,False,True,176.9,-27.95,Lost red spectacles case,Found a red Lifelong umbrella. Details: foldable umbrella.,train
L0381,F0656,0,random,True,False,False,206.2,523.95,Lost red spectacles case,"Found a maroon Wildcraft backpack. It has one side pocket, double zip on the front, slightly torn near the strap.",train
L0381,F0524,0,random,True,False,False,286.4,521.95,Lost red spectacles case,Found a blue laptop. Details: 15 inch screen.,train
L0382,F0381,1,positive,True,True,True,0.0,18.18,"Lost my laptop, it is grey.",grey notebook comupter found,test
L0382,F0388,0,random,True,False,False,382.1,363.42,"Lost my laptop, it is grey.",Found red rucksack,test
L0382,F0302,0,random,True,True,True,463.2,599.98,"Lost my laptop, it is grey.",Found blue Dell laptop,test
L0383,F0385,1,positive,True,True,True,0.0,-0.6,"Lost my charger, it is cream.",Found off-white adapter with cable,train
L0383,F0029,0,same_group_nearby,True,False,True,271.7,-61.33,"Lost my charger, it is cream.",Found light blue laptop,train
L0383,F0739,0,same_group_nearby,True,False,True,133.4,17.8,"Lost my charger, it is cream.",Mujhe mila hai: found a phone.,train
L0383,F0666,0,same_group_nearby,True,False,True,271.7,-27.33,"Lost my charger, it is cream.",Found a green phone. Details: ring holder on the back.,train
L0383,F0025,0,random,True,False,False,294.3,1024.55,"Lost my charger, it is cream.",Found a navy blue wallet. Details: metal logo.,train
L0383,F0754,0,random,True,False,False,197.2,828.02,"Lost my charger, it is cream.","Found a navy blue Skybags backpack. It has white logo, reflective strip. Kept safely with me.",train
L0384,F0386,1,positive,True,True,True,0.0,1.37,pink water bottle lost,rose water bottle found,train
L0384,F0705,0,same_group_nearby,True,True,True,230.9,34.6,pink water bottle lost,"Mujhe mila hai: found a sky blue flask. It has flip-top lid, one liter bottle, stainless steel. Kept safely with me.",train
L0384,F0476,0,same_group_nearby,True,True,True,0.0,24.28,pink water bottle lost,Mujhe mila hai: found a orange water bottle. It has flip cap.,train
L0384,F0523,0,same_group_nearby,True,True,True,148.7,23.85,pink water bottle lost,Fonud a blue flask. It has paint worn off in places.,train
L0384,F0744,0,random,True,False,False,0.0,62.6,pink water bottle lost,Found a black keys. It has small padlock key.,train
L0384,F0190,0,random,True,False,False,456.5,1081.98,pink water bottle lost,"Found a grey purse. Details: zipper coin section, frayed at the edges, metal logo. Kept safely with me.",train
L0385,F0388,1,positive,True,True,True,0.0,2.9,"I lost my red Wildcraft backpack. Features: a pocket on the side, two front zips, logo in white on the front. Please contact me if found.",Found red rucksack,test
L0385,F0490,0,random,True,False,False,155.2,477.65,"I lost my red Wildcraft backpack. Features: a pocket on the side, two front zips, logo in white on the front. Please contact me if found.","Found a grey Citizen calculator. Details: solar panel, some keys faded. Kept safely with me.",test
L0385,F0535,0,random,True,False,False,0.0,-595.75,"I lost my red Wildcraft backpack. Features: a pocket on the side, two front zips, logo in white on the front. Please contact me if found.","Found a navy blue Hidesign wallet. Details: worn edges, looks like leather.",test
L0386,F0389,1,positive,True,False,True,440.1,0.75,"I lost my maroon-ish red iPhone phone. It has two cameras at the back, transparent case.","Found a red Motorola mobile. It has dual camera, clear back cover.",train
L0386,F0390,0,twin_hard_negative,True,False,True,0.0,-1079.88,"I lost my maroon-ish red iPhone phone. It has two cameras at the back, transparent case.","Found a maroon-ish red Motorola smartphone. It has pop socket on the back, clear back cover. Kept safely with me.",train
L0386,F0315,0,same_group_nearby,True,False,True,286.4,-31.08,"I lost my maroon-ish red iPhone phone. It has two cameras at the back, transparent case.",Found a earbuds case.,train
L0386,F0556,0,same_group_nearby,True,False,True,349.9,40.75,"I lost my maroon-ish red iPhone phone. It has two cameras at the back, transparent case.",Found a charger.,train
L0386,F0151,0,same_group_nearby,True,False,True,0.0,70.03,"I lost my maroon-ish red iPhone phone. It has two cameras at the back, transparent case.","Found a blue AirPods charging case. Details: tiny indicator light, rubber cover.",train
L0386,F0127,0,random,True,False,False,440.1,-1100.03,"I lost my maroon-ish red iPhone phone. It has two cameras at the back, transparent case.",Found a black key bunch. It has steel ring.,train
L0386,F0636,0,random,True,False,False,406.1,-23.0,"I lost my maroon-ish red iPhone phone. It has two cameras at the back, transparent case.",Found green Lifelong umbrella,train
L0387,F0390,1,positive,True,True,True,134.2,0.98,I lost my maroon-ish red phone. Details: transparnet case.,"Found a maroon-ish red Motorola smartphone. It has pop socket on the back, clear back cover. Kept safely with me.",train
L0387,F0389,0,twin_hard_negative,True,True,True,352.3,1081.62,I lost my maroon-ish red phone. Details: transparnet case.,"Found a red Motorola mobile. It has dual camera, clear back cover.",train
L0387,F0694,0,same_group_nearby,True,False,True,340.1,-15.38,I lost my maroon-ish red phone. Details: transparnet case.,Mujhe mila hai: found a white charger. Features: fast charger.,train
L0387,F0394,0,same_group_nearby,True,True,True,304.1,-35.23,I lost my maroon-ish red phone. Details: transparnet case.,Mujhe mila hai: silver smartphone found,train
L0387,F0408,0,same_group_nearby,True,False,True,228.0,27.77,I lost my maroon-ish red phone. Details: transparnet case.,Found a black HP laptop. Details: backlit keyboard.,train
L0387,F0733,0,random,True,False,False,480.8,-240.98,I lost my maroon-ish red phone. Details: transparnet case.,Found a grey umbrella. It has pattern on the border.,train
L0387,F0038,0,random,True,False,True,326.5,628.7,I lost my maroon-ish red phone. Details: transparnet case.,Found a blue fitness band. Features: round dial.,train
L0388,F0391,1,positive,True,True,True,0.0,22.07,"I lost my green Apple Watch smartwatch. Features: silicone strap, circular screen, glass slightly scratched. Please contact me if found.",Found a green fitness band. Details: circular screen.,train
L0388,F0392,0,twin_hard_negative,True,False,True,0.0,-265.68,"I lost my green Apple Watch smartwatch. Features: silicone strap, circular screen, glass slightly scratched. Please contact me if found.",Found a green Apple Watch watch. Features: rectangular screen.,train
L0388,F0036,0,same_group_nearby,True,True,True,123.7,-27.92,"I lost my green Apple Watch smartwatch. Features: silicone strap, circular screen, glass slightly scratched. Please contact me if found.",Found a off-white boAt smartwatch. It has rectangular screen.,train
L0388,F0425,0,same_group_nearby,True,False,True,237.7,-23.92,"I lost my green Apple Watch smartwatch. Features: silicone strap, circular screen, glass slightly scratched. Please contact me if found.",Found a white smartphone. Features: clear back cover.,train
L0388,F0455,0,same_group_nearby,True,False,True,269.3,0.6,"I lost my green Apple Watch smartwatch. Features: silicone strap, circular screen, glass slightly scratched. Please contact me if found.",Found a dark Dell laptop. Details: backlit keyboard.,train
L0388,F0032,0,random,True,False,False,134.5,-661.63,"I lost my green Apple Watch smartwatch. Features: silicone strap, circular screen, glass slightly scratched. Please contact me if found.",Found a sky blue book. Features: about two hundred pages.,train
L0388,F0435,0,random,True,False,False,350.0,-178.33,"I lost my green Apple Watch smartwatch. Features: silicone strap, circular screen, glass slightly scratched. Please contact me if found.","Found a navy blue Lifelong umbrella. It has printed edges, one bent rib. Kept safely with me.",train
L0389,F0392,1,positive,True,False,True,0.0,3.8,I lost my green smartwatch. Features: circular screen.,Found a green Apple Watch watch. Features: rectangular screen.,train
L0389,F0391,0,twin_hard_negative,True,True,True,0.0,291.55,I lost my green smartwatch. Features: circular screen.,Found a green fitness band. Details: circular screen.,train
L0389,F0510,0,same_group_nearby,True,False,True,70.7,-33.92,I lost my green smartwatch. Features: circular screen.,"Fuond a white Vivo phone. It has dual camera, ring holder on the back. Kept safely with me.",train
L0389,F0752,0,same_group_nearby,True,True,True,247.0,-18.2,I lost my green smartwatch. Features: circular screen.,"Found a cream Noise fitness band. It has rectangular screen, circular screen, scratch on the glass.",train
L0389,F0539,0,same_group_nearby,True,False,True,139.3,13.92,I lost my green smartwatch. Features: circular screen.,blakc mobile found,train
L0389,F0292,0,random,True,False,False,237.7,769.28,I lost my green smartwatch. Features: circular screen.,"Found a orange book. Features: sticky notes inside, 200 pages.",train
L0389,F0481,0,random,True,False,True,67.1,-837.17,I lost my green smartwatch. Features: circular screen.,Found a cream Noise charging case. It has small LED light.,train
L0390,F0394,1,positive,True,True,True,0.0,36.03,"I lost my silver OnePlus phone. Features: crack on the top corner, ring holder on the back.",Mujhe mila hai: silver smartphone found,train
L0390,F0395,0,twin_hard_negative,True,True,True,0.0,1511.9,"I lost my silver OnePlus phone. Features: crack on the top corner, ring holder on the back.",Fuond a mobile.,train
L0390,F0258,0,same_group_nearby,True,True,True,332.4,27.93,"I lost my silver OnePlus phone. Features: crack on the top corner, ring holder on the back.","Ye mila hai, owner ko batao: metallic Redmi smartphone found",train
L0390,F0140,0,same_group_nearby,True,False,True,70.7,-51.1,"I lost my silver OnePlus phone. Features: crack on the top corner, ring holder on the back.","Ye mila hai, owner ko batao: found blakc battery pack",train
L0390,F0146,0,same_group_nearby,True,False,True,136.0,41.87,"I lost my silver OnePlus phone. Features: crack on the top corner, ring holder on the back.",Found grey notebook computer,train
L0390,F0021,0,random,True,False,True,330.2,1576.8,"I lost my silver OnePlus phone. Features: crack on the top corner, ring holder on the back.",silver notebook computer found,train
L0390,F0347,0,random,True,False,False,72.8,-223.1,"I lost my silver OnePlus phone. Features: crack on the top corner, ring holder on the back.",Found a grey Woodland card holder. It has zipper coin section.,train
L0391,F0395,1,positive,True,False,True,0.0,1.22,"I lost my silver OnePlus mobile. Details: clear back cover, cracked screen corner. Please contact me if found.",Fuond a mobile.,train
L0391,F0394,0,twin_hard_negative,True,False,True,0.0,-1474.65,"I lost my silver OnePlus mobile. Details: clear back cover, cracked screen corner. Please contact me if found.",Mujhe mila hai: silver smartphone found,train
L0391,F0593,0,same_group_nearby,True,False,True,155.2,66.17,"I lost my silver OnePlus mobile. Details: clear back cover, cracked screen corner. Please contact me if found.","Found a white Noise small case. Features: silicone cover, scuffed lid.",train
L0391,F0768,0,same_group_nearby,True,False,True,134.5,-37.3,"I lost my silver OnePlus mobile. Details: clear back cover, cracked screen corner. Please contact me if found.",Found a smartphone.,train
L0391,F0237,0,same_group_nearby,True,True,True,128.1,12.05,"I lost my silver OnePlus mobile. Details: clear back cover, cracked screen corner. Please contact me if found.","Found a silver Dell notebook computer. It has backlit keyboard, 15 inch screen. Kept safely with me.",train
L0391,F0583,0,random,True,False,True,128.1,-1197.33,"I lost my silver OnePlus mobile. Details: clear back cover, cracked screen corner. Please contact me if found.","Mujhe mila hai: found a black Dell adapter with cable. It has about 1.5 m cable, cloth braided cable.",train
L0391,F0738,0,random,True,False,False,304.1,-1082.67,"I lost my silver OnePlus mobile. Details: clear back cover, cracked screen corner. Please contact me if found.",Found a rose umbrella. Details: pattern on the border.,train
L0392,F0396,1,positive,True,True,True,0.0,86.53,"I lost my black Camlin notebook. It has about two hundred pages, sticky notes inside, spiral notebook. Please contact me if found.","Ye mila hai, owner ko batao: found a black notebook. Features: sticky notes inside, 200 pages, spiral bound. Kept safely with me.",train
L0392,F0397,0,twin_hard_negative,True,True,True,0.0,853.42,"I lost my black Camlin notebook. It has about two hundred pages, sticky notes inside, spiral notebook. Please contact me if found.",Found a dark record book. It has spiral bound.,train
L0392,F0027,0,same_group_nearby,True,True,True,202.5,33.32,"I lost my black Camlin notebook. It has about two hundred pages, sticky notes inside, spiral notebook. Please contact me if found.",Fonud a dark yellow book. Features: sticky notes inside.,train
L0392,F0644,0,same_group_nearby,True,True,True,123.7,60.42,"I lost my black Camlin notebook. It has about two hundred pages, sticky notes inside, spiral notebook. Please contact me if found.",Found a red notebook. It has spiral notebook.,train
L0392,F0613,0,same_group_nearby,True,True,True,326.5,8.12,"I lost my black Camlin notebook. It has about two hundred pages, sticky notes inside, spiral notebook. Please contact me if found.","Ye mila hai, owner ko batao: found a black book. Features: spiral notebook.",train
L0392,F0642,0,random,True,False,False,174.9,474.53,"I lost my black Camlin notebook. It has about two hundred pages, sticky notes inside, spiral notebook. Please contact me if found.",dark grey charger found,train
L0392,F0688,0,random,True,False,False,133.4,-244.68,"I lost my black Camlin notebook. It has about two hundred pages, sticky notes inside, spiral notebook. Please contact me if found.",black laptop found,train
L0393,F0397,1,positive,True,True,True,0.0,46.4,"I lost my black Camlin notebook. Features: thick cover, spiral notebook.",Found a dark record book. It has spiral bound.,train
L0393,F0396,0,twin_hard_negative,True,True,True,0.0,-720.48,"I lost my black Camlin notebook. Features: thick cover, spiral notebook.","Ye mila hai, owner ko batao: found a black notebook. Features: sticky notes inside, 200 pages, spiral bound. Kept safely with me.",train
L0393,F0383,0,same_group_nearby,True,True,True,202.5,67.55,"I lost my black Camlin notebook. Features: thick cover, spiral notebook.",Found a book.,train
L0393,F0562,0,same_group_nearby,True,False,True,290.0,2.8,"I lost my black Camlin notebook. Features: thick cover, spiral notebook.",Found a red notebook. Details: coloured sticky notes sticking out.,train
L0393,F0703,0,same_group_nearby,True,True,True,290.0,28.5,"I lost my black Camlin notebook. Features: thick cover, spiral notebook.",Found a balck Citizen scientific calculator. It has hard slide-on cover.,train
L0393,F0270,0,random,True,False,False,123.7,100.18,"I lost my black Camlin notebook. Features: thick cover, spiral notebook.",Found a bag.,train
L0393,F0745,0,random,True,False,False,271.7,-1150.12,"I lost my black Camlin notebook. Features: thick cover, spiral notebook.",Foudn black keys,train
L0394,F0399,1,positive,True,True,True,186.8,2.98,I lost my red notebook. Features: coloured sticky notes sticking out.,"Found a red Camlin record book. Features: spiral notebook, coloured sticky notes sticking out.",train
L0394,F0398,0,twin_hard_negative,True,True,True,0.0,171.62,I lost my red notebook. Features: coloured sticky notes sticking out.,Found red record book,train
L0394,F0095,0,same_group_nearby,True,False,True,134.5,40.67,I lost my red notebook. Features: coloured sticky notes sticking out.,Found a calculator.,train
L0394,F0630,0,same_group_nearby,True,False,True,277.8,54.63,I lost my red notebook. Features: coloured sticky notes sticking out.,dark scientific calculator found,train
L0394,F0303,0,random,True,False,False,134.5,1178.05,I lost my red notebook. Features: coloured sticky notes sticking out.,"Found a blue notebook computer. It has in a black laptop sleeve, 15 inch screen.",train
L0394,F0191,0,random,True,False,False,277.8,1521.83,I lost my red notebook. Features: coloured sticky notes sticking out.,"Found a red Titan glasses case. It has tiny logo on the front, hard case.",train
L0395,F0400,1,positive,True,True,True,0.0,3.48,"I lost my dark brown keys. Details: plastic tag, bike key with a rubber cover.","Found a tan key bunch. Details: plastic tag, two-wheeler key with cover.",train
L0395,F0646,0,same_group_nearby,True,False,True,0.0,22.58,"I lost my dark brown keys. Details: plastic tag, bike key with a rubber cover.",Found a light blue specs box. Details: hard case.,train
L0395,F0121,0,same_group_nearby,True,False,True,0.0,-56.47,"I lost my dark brown keys. Details: plastic tag, bike key with a rubber cover.",Found a red specs box. Details: hard case.,train
L0395,F0240,0,same_group_nearby,True,False,True,174.9,4.65,"I lost my dark brown keys. Details: plastic tag, bike key with a rubber cover.","Found a grey Woodland purse. It has metal logo, worn edges, zipper coin section.",train
L0395,F0383,0,random,True,False,False,201.0,783.22,"I lost my dark brown keys. Details: plastic tag, bike key with a rubber cover.",Found a book.,train
L0395,F0673,0,random,True,False,False,174.9,767.73,"I lost my dark brown keys. Details: plastic tag, bike key with a rubber cover.",Found a olive green Borosil bottle. Details: 1 litre size.,train
L0396,F0770,0,same_group_nearby,False,False,True,202.5,20.1,"I lost my navy blue Hidesign wallet. Features: looks like leather, zipper coin section, worn edges.",Found a card holder.,test
L0396,F0648,0,random,False,False,False,362.2,-1346.18,"I lost my navy blue Hidesign wallet. Features: looks like leather, zipper coin section, worn edges.","Found a black Camlin record book. Details: spiral notebook, about two hundred pages, thick cover. Kept safely with me.",test
L0396,F0534,0,random,False,False,False,449.4,-244.98,"I lost my navy blue Hidesign wallet. Features: looks like leather, zipper coin section, worn edges.",Found a black flask. Details: flip-top lid.,test
L0397,F0401,1,positive,True,True,True,0.0,56.13,"I lost my blue Citizen calculator. It has faded keys, scinetific calculator.","Found a blue Citizen scientific calculator. Features: scientific calculator, some keys faded. Kept safely with me.",train
L0397,F0362,0,same_group_nearby,True,True,True,0.0,1.78,"I lost my blue Citizen calculator. It has faded keys, scinetific calculator.",Found a dark calculator. It has slide cover.,train
L0397,F0504,0,same_group_nearby,True,True,True,260.0,53.23,"I lost my blue Citizen calculator. It has faded keys, scinetific calculator.",Found a sky blue Casio scientific calculator. It has scientific type.,train
L0397,F0614,0,same_group_nearby,True,False,True,228.0,36.9,"I lost my blue Citizen calculator. It has faded keys, scinetific calculator.",Found a black book. Details: 200 pages.,train
L0397,F0017,0,random,True,False,False,134.2,-575.33,"I lost my blue Citizen calculator. It has faded keys, scinetific calculator.",red keychain found,train
L0397,F0461,0,random,True,False,False,412.3,-1169.75,"I lost my blue Citizen calculator. It has faded keys, scinetific calculator.",black smartwatch found,train
L0398,F0401,0,twin_hard_negative,False,True,True,0.0,-111.17,"I lost my blue Citizen calculator. Details: some keys faded, slide cover. Please contact me if found.","Found a blue Citizen scientific calculator. Features: scientific calculator, some keys faded. Kept safely with me.",train
L0398,F0292,0,same_group_nearby,False,False,True,228.0,44.12,"I lost my blue Citizen calculator. Details: some keys faded, slide cover. Please contact me if found.","Found a orange book. Features: sticky notes inside, 200 pages.",train
L0398,F0046,0,same_group_nearby,False,True,True,286.4,60.73,"I lost my blue Citizen calculator. Details: some keys faded, slide cover. Please contact me if found.","Found a light blue Casio calculator. Details: some keys faded, solar panel.",train
L0398,F0765,0,same_group_nearby,False,False,True,228.0,19.2,"I lost my blue Citizen calculator. Details: some keys faded, slide cover. Please contact me if found.",Found a red notebook. Features: spiral notebook.,train
L0398,F0386,0,random,False,False,False,172.0,-1561.6,"I lost my blue Citizen calculator. Details: some keys faded, slide cover. Please contact me if found.",rose water bottle found,train
L0398,F0605,0,random,False,False,False,164.0,-953.0,"I lost my blue Citizen calculator. Details: some keys faded, slide cover. Please contact me if found.",Found a white smartwatch. Features: glass slightly scratched.,train
L0399,F0402,1,positive,True,True,True,269.3,15.82,"I lost my red keys. Details: tiny lock key, steel ring.",Found a red keychain. Features: metal ring.,train
L0399,F0599,0,same_group_nearby,True,False,True,260.0,0.97,"I lost my red keys. Details: tiny lock key, steel ring.",Found a black spectacle case. Features: small logo.,train
L0399,F0465,0,same_group_nearby,True,True,True,277.8,-44.37,"I lost my red keys. Details: tiny lock key, steel ring.",Found brown keychain,train
L0399,F0466,0,same_group_nearby,True,False,True,0.0,-4.28,"I lost my red keys. Details: tiny lock key, steel ring.","Found a black card holder. It has looks like leather, zipper coin section.",train
L0399,F0549,0,random,True,False,False,349.9,-1038.78,"I lost my red keys. Details: tiny lock key, steel ring.",Found a red mobile. It has pop socket on the back.,train
L0399,F0241,0,random,True,False,True,126.5,-1003.8,"I lost my red keys. Details: tiny lock key, steel ring.",Found a purse.,train
L0400,F0431,0,same_group_nearby,False,False,True,286.4,59.02,black charger lost,Found a white small case. Features: tiny indicator light.,test
L0400,F0250,0,same_group_nearby,False,False,True,260.0,-15.2,black charger lost,Found a off-white iPhone mobile. Features: transparent case.,test
L0400,F0567,0,random,False,False,False,150.0,1085.12,black charger lost,oFund a card holder.,test
L0400,F0192,0,random,False,True,True,150.0,1055.23,black charger lost,Found a white Samsung charger. Details: two-pin plug.,test
L0401,F0403,0,twin_hard_negative,False,False,True,0.0,-120.02,I lost my grey HP laptop. It has in a black latpop sleeve.,grey notebook computer found,val
L0401,F0149,0,same_group_nearby,False,False,True,120.4,29.83,I lost my grey HP laptop. It has in a black latpop sleeve.,Found a black laptop. It has sticker on the lid.,val
L0401,F0276,0,same_group_nearby,False,False,True,164.0,2.0,I lost my grey HP laptop. It has in a black latpop sleeve.,Found white charger bank,val
L0401,F0573,0,same_group_nearby,False,False,True,228.0,13.43,I lost my grey HP laptop. It has in a black latpop sleeve.,Found a adapter with cable.,val
L0401,F0699,0,random,False,False,False,260.0,-237.38,I lost my grey HP laptop. It has in a black latpop sleeve.,grey umbrella found,val
L0401,F0221,0,random,False,False,False,206.2,-648.58,I lost my grey HP laptop. It has in a black latpop sleeve.,Found a brown Titan specs box. It has hard case.,val
L0402,F0403,1,positive,True,True,True,120.4,0.77,"Mera i lost my grey HP laptop. Features: sticker on the lid, backlit keyboard. kho gaya hai.",grey notebook computer found,val
L0402,F0139,0,same_group_nearby,True,False,True,340.1,-62.03,"Mera i lost my grey HP laptop. Features: sticker on the lid, backlit keyboard. kho gaya hai.",Found a charger.,val
L0402,F0093,0,same_group_nearby,True,False,True,120.4,-4.58,"Mera i lost my grey HP laptop. Features: sticker on the lid, backlit keyboard. kho gaya hai.",Found a cream Realme earbuds case. Features: hook for a lanyard.,val
L0402,F0530,0,random,True,False,True,250.0,-285.65,"Mera i lost my grey HP laptop. Features: sticker on the lid, backlit keyboard. kho gaya hai.","Foudn a white Realme adapter with cable. It has two-pin adapter, cloth braided cable, fast charging type.",val
L0402,F0370,0,random,True,False,False,355.1,-748.23,"Mera i lost my grey HP laptop. Features: sticker on the lid, backlit keyboard. kho gaya hai.",Found a grey umbrella. It has folding type.,val
L0403,F0404,1,positive,True,True,True,0.0,3.83,I lost my black Navneet notebook. It has spiral notebook.,Found a notebook.,val
L0403,F0546,0,random,True,True,True,349.9,-1241.85,I lost my black Navneet notebook. It has spiral notebook.,Found a dark green Camlin notebook. Features: hard cover.,val
L0403,F0348,0,random,True,False,False,585.5,-396.87,I lost my black Navneet notebook. It has spiral notebook.,Found a orange Cello flask. Features: 1 litre size.,val
L0404,F0405,1,positive,True,True,True,0.0,90.67,"I lost my dark grey Skybags backpack. Details: reflective strip on the straps, a pocket on the side.","Ye mila hai, owner ko batao: found a black rucksack. Details: reflective strip on the straps, a pocket on the side.",val
L0404,F0525,0,random,True,False,False,616.2,-1265.35,"I lost my dark grey Skybags backpack. Details: reflective strip on the straps, a pocket on the side.",Found a pink Lifelong umbrella. Details: automatic open button.,val
L0404,F0448,0,random,True,False,False,742.5,-137.2,"I lost my dark grey Skybags backpack. Details: reflective strip on the straps, a pocket on the side.","Found a dark Milton flask. It has flip cap, paint worn off in places.",val
L0405,F0567,0,same_group_nearby,False,False,True,304.6,6.93,"Lost my spectacle case, it is black.",oFund a card holder.,test
L0405,F0477,0,same_group_nearby,False,False,True,308.1,-70.42,"Lost my spectacle case, it is black.","Found a navy blue purse. Details: frayed at the edges, small metal logo, looks like leather. Kept safely with me.",test
L0405,F0446,0,random,False,False,True,808.0,287.93,"Lost my spectacle case, it is black.",Found a light pink Fastrack umbrella. It has one bent rib.,test
L0405,F0302,0,random,False,False,False,410.0,407.72,"Lost my spectacle case, it is black.",Found blue Dell laptop,test
L0406,F0169,0,same_group_nearby,False,False,True,70.7,-44.42,Lost blue spectacles case,light pink umbrella found,test
L0406,F0230,0,same_group_nearby,False,False,True,0.0,-21.38,Lost blue spectacles case,"Found a black Woodland purse. Details: zip coin pocket, looks like leather, small metal logo. Kept safely with me.",test
L0406,F0259,0,same_group_nearby,False,False,True,67.1,-36.53,Lost blue spectacles case,"Found a pink umbrella. Details: bent rib, foldable umbrella, pattern on the border.",test
L0406,F0648,0,random,False,False,False,237.7,-1552.88,Lost blue spectacles case,"Found a black Camlin record book. Details: spiral notebook, about two hundred pages, thick cover. Kept safely with me.",test
L0406,F0260,0,random,False,False,True,134.5,-993.52,Lost blue spectacles case,Found a pink umbrella. It has push-button opening.,test
L0407,F0407,1,positive,True,True,True,0.0,6.08,Kisi ko mila ho toh batao: lost white charger,"Found a off-white Apple adapter with cable. Details: long cable, fast charging type.",train
L0407,F0135,0,same_group_nearby,True,False,True,294.3,36.77,Kisi ko mila ho toh batao: lost white charger,Found a white Realme small case. It has small LED light.,train
L0407,F0726,0,same_group_nearby,True,False,True,197.2,32.72,Kisi ko mila ho toh batao: lost white charger,Found a dark grey OnePlus earbuds case. Features: lanyard hook.,train
L0407,F0539,0,same_group_nearby,True,False,True,197.2,-62.63,Kisi ko mila ho toh batao: lost white charger,blakc mobile found,train
L0407,F0733,0,random,True,False,False,463.2,-1031.02,Kisi ko mila ho toh batao: lost white charger,Found a grey umbrella. It has pattern on the border.,train
L0407,F0729,0,random,True,False,True,72.8,-416.93,Kisi ko mila ho toh batao: lost white charger,Found a black AirPods charging case. Details: tiny indicator light.,train
L0408,F0408,1,positive,True,True,True,0.0,6.17,"I lost my black HP notebook computer. Details: in a black laptop sleeve, keyboard lights up.",Found a black HP laptop. Details: backlit keyboard.,train
L0408,F0178,0,same_group_nearby,True,False,True,134.2,-42.05,"I lost my black HP notebook computer. Details: in a black laptop sleeve, keyboard lights up.",pink fitness band found,train
L0408,F0180,0,same_group_nearby,True,False,True,172.0,-0.08,"I lost my black HP notebook computer. Details: in a black laptop sleeve, keyboard lights up.",pink fitness band found,train
L0408,F0125,0,same_group_nearby,True,False,True,176.9,7.08,"I lost my black HP notebook computer. Details: in a black laptop sleeve, keyboard lights up.",Found a blue AirPods earbuds case. Features: lanyard hook.,train
L0408,F0452,0,random,True,False,False,228.0,-140.6,"I lost my black HP notebook computer. Details: in a black laptop sleeve, keyboard lights up.",Found a notebook.,train
L0408,F0491,0,random,True,False,False,164.0,1015.83,"I lost my black HP notebook computer. Details: in a black laptop sleeve, keyboard lights up.",silver key bunch found,train
L0409,F0409,1,positive,True,True,True,0.0,0.37,"I lost my blue earbuds case. It has silicone cover, scratches on the lid, tiny indicator light. Please contact me if found.",Found a charging case.,train
L0409,F0261,0,same_group_nearby,True,False,True,286.4,4.2,"I lost my blue earbuds case. It has silicone cover, scratches on the lid, tiny indicator light. Please contact me if found.",Found a silver notebook computer. Features: keyboard lights up.,train
L0409,F0467,0,same_group_nearby,True,False,True,284.3,2.18,"I lost my blue earbuds case. It has silicone cover, scratches on the lid, tiny indicator light. Please contact me if found.",Found black watch,train
L0409,F0549,0,same_group_nearby,True,False,True,0.0,-24.67,"I lost my blue earbuds case. It has silicone cover, scratches on the lid, tiny indicator light. Please contact me if found.",Found a red mobile. It has pop socket on the back.,train
L0409,F0274,0,random,True,True,True,380.5,546.63,"I lost my blue earbuds case. It has silicone cover, scratches on the lid, tiny indicator light. Please contact me if found.",Found a pink Realme airpods case. It has lanyard hook.,train
L0409,F0545,0,random,True,False,True,440.1,270.83,"I lost my blue earbuds case. It has silicone cover, scratches on the lid, tiny indicator light. Please contact me if found.","Ye mila hai, owner ko batao: found a white charger. Details: two-pin plug.",train
L0410,F0410,1,positive,True,True,True,155.6,3.98,"I lost my orange Cello water bottle. Features: scratched paint, flip-top lid. Please contact me if found.","Found a orange Cello bottle. It has apint worn off in places, flip-top lid.",train
L0410,F0283,0,same_group_nearby,True,True,True,277.8,-35.82,"I lost my orange Cello water bottle. Features: scratched paint, flip-top lid. Please contact me if found.","Found a black Cello flask. It has scratched paint, one litre bottle, stainless steel.",train
L0410,F0423,0,same_group_nearby,True,True,True,0.0,-24.25,"I lost my orange Cello water bottle. Features: scratched paint, flip-top lid. Please contact me if found.",Found a silver Decathlon bottle. It has steel body.,train
L0410,F0493,0,random,True,False,False,519.2,293.02,"I lost my orange Cello water bottle. Features: scratched paint, flip-top lid. Please contact me if found.",green phone found,train
L0410,F0120,0,random,True,False,False,328.0,-1203.97,"I lost my orange Cello water bottle. Features: scratched paint, flip-top lid. Please contact me if found.",Found a red glasses case. Features: hard shell.,train
L0411,F0411,1,positive,True,True,True,134.5,2.72,Lost white charger,"Found a off-white Samsung adapter with cable. Details: long cable, two-pin plug, cloth braided cable. Kept safely with me.",val
L0411,F0222,0,random,True,False,False,328.0,816.92,Lost white charger,"Found a dark brown spetcacle case. It has small logo, soft pouch.",val
L0411,F0235,0,random,True,False,True,405.0,-806.37,Lost white charger,"Found a green Noise smartwatch. It has rectangular screen, glass slightly scratched.",val
L0412,F0411,0,twin_hard_negative,False,True,True,134.5,825.33,I lost my white Samsung charger. Details: fast charger.,"Found a off-white Samsung adapter with cable. Details: long cable, two-pin plug, cloth braided cable. Kept safely with me.",val
L0412,F0007,0,same_group_nearby,False,True,True,328.0,-35.27,I lost my white Samsung charger. Details: fast charger.,Found a white adapter with cable. Details: braided cable.,val
L0412,F0687,0,random,False,False,True,280.2,254.22,I lost my white Samsung charger. Details: fast charger.,Found a dark green smartwatch. Details: square dial.,val
L0412,F0475,0,random,False,False,True,280.0,1089.1,I lost my white Samsung charger. Details: fast charger.,Found a earbuds case.,val
L0413,F0412,1,positive,True,True,True,0.0,0.87,blue water bottle lost,"Found a blue flask. Details: paint worn off in places, flip cap. Kept safely with me.",train
L0413,F0457,0,random,True,False,False,405.0,570.1,blue water bottle lost,Found silver smartphone,train
L0413,F0296,0,random,True,False,False,176.9,-235.58,blue water bottle lost,"Ye mila hai, owner ko batao: found a sky blue Casio scientific calculator. Features: scientific type, some keys faded.",train
L0414,F0413,1,positive,True,True,True,0.0,1.33,"I lost my black laptop. Features: 15 inch screen, in a black laptop sleeve, stickers on the top cover. Please contact me if found.",Found a black laptop. It has black sleeve.,train
L0414,F0414,0,twin_hard_negative,True,False,True,155.2,646.65,"I lost my black laptop. Features: 15 inch screen, in a black laptop sleeve, stickers on the top cover. Please contact me if found.",Found a notebook computer.,train
L0414,F0346,0,same_group_nearby,True,False,True,330.2,70.68,"I lost my black laptop. Features: 15 inch screen, in a black laptop sleeve, stickers on the top cover. Please contact me if found.",Found a dark grey charger. It has fast charging type.,train
L0414,F0251,0,same_group_nearby,True,False,True,304.1,13.93,"I lost my black laptop. Features: 15 inch screen, in a black laptop sleeve, stickers on the top cover. Please contact me if found.","Mujhe mila hai: found a white battery pack. Features: matte rubber finish, slim body.",train
L0414,F0740,0,same_group_nearby,True,False,True,201.2,-70.97,"I lost my black laptop. Features: 15 inch screen, in a black laptop sleeve, stickers on the top cover. Please contact me if found.","Found a black laptop. Features: 15 inch screen, sticker on the lid. Kept safely with me.",train
L0414,F0719,0,random,True,False,True,206.2,-270.93,"I lost my black laptop. Features: 15 inch screen, in a black laptop sleeve, stickers on the top cover. Please contact me if found.",Found a white phone. It has crack on the top corner.,train
L0414,F0050,0,random,True,True,True,0.0,431.78,"I lost my black laptop. Features: 15 inch screen, in a black laptop sleeve, stickers on the top cover. Please contact me if found.",Found a grey notebook computer. It has backlit keyboard.,train
L0415,F0414,1,positive,True,False,True,0.0,-0.08,I lost my black MacBook laptop. Features: keyboard lights up.,Found a notebook computer.,train
L0415,F0413,0,twin_hard_negative,True,True,True,155.2,-645.4,I lost my black MacBook laptop. Features: keyboard lights up.,Found a black laptop. It has black sleeve.,train
L0415,F0654,0,same_group_nearby,True,True,True,133.4,25.83,I lost my black MacBook laptop. Features: keyboard lights up.,Found a blue laptop. Features: stickers on the top cover.,train
L0415,F0134,0,same_group_nearby,True,False,True,178.9,-17.77,I lost my black MacBook laptop. Features: keyboard lights up.,cream airpods case found,train
L0415,F0391,0,same_group_nearby,True,False,True,134.5,-69.1,I lost my black MacBook laptop. Features: keyboard lights up.,Found a green fitness band. Details: circular screen.,train
L0415,F0674,0,random,True,False,True,277.8,-1052.32,I lost my black MacBook laptop. Features: keyboard lights up.,Found black earbuds case,train
L0415,F0294,0,random,True,False,True,372.2,-301.18,I lost my black MacBook laptop. Features: keyboard lights up.,Found a green Redmi phone. Details: clear back cover.,train
L0416,F0713,0,same_group_nearby,False,False,True,337.3,8.17,I lost my pink oNise fitness band. Details: circular screen.,silver-grey Asus laptop found,train
L0416,F0414,0,same_group_nearby,False,False,True,155.2,64.98,I lost my pink oNise fitness band. Details: circular screen.,Found a notebook computer.,train
L0416,F0202,0,same_group_nearby,False,False,True,332.4,-47.13,I lost my pink oNise fitness band. Details: circular screen.,"Found a whiet small case. Details: silicone cover, tiny indicator light, scratches on the lid.",train
L0416,F0618,0,random,False,False,False,70.7,-463.02,I lost my pink oNise fitness band. Details: circular screen.,Found a grey umbrella. Details: bent rib.,train
L0416,F0113,0,random,False,False,True,420.1,-1150.05,I lost my pink oNise fitness band. Details: circular screen.,blue small case found,train
L0417,F0415,1,positive,True,False,True,0.0,1.95,"I lost my grey Woodland wallet. It has frayed at the edges, metal logo.",Found a grey card holder. Features: metal logo.,test
L0417,F0327,0,random,True,False,False,653.0,504.02,"I lost my grey Woodland wallet. It has frayed at the edges, metal logo.","Mujhe mila hai: found a green bottle. Details: stainless steel, one litre bottle.",test
L0417,F0183,0,random,True,False,True,808.0,26.83,"I lost my grey Woodland wallet. It has frayed at the edges, metal logo.",Found a silver keychain. Features: small padlock key.,test
L0418,F0089,0,same_group_nearby,False,False,True,250.0,52.75,white phone lost,"Found a black Asus notebook computer. Details: backlit keyboard, sticker on the lid. Kept safely with me.",val
L0418,F0290,0,same_group_nearby,False,False,True,282.8,59.37,white phone lost,blue power bank found,val
L0418,F0475,0,random,False,True,True,186.8,611.8,white phone lost,Found a earbuds case.,val
L0418,F0272,0,random,False,True,True,531.5,857.4,white phone lost,Found a white Samsung phone. Details: clear back cover.,val
L0419,F0417,1,positive,True,True,True,269.3,12.28,"I lost my white Ambrane power bank. Details: four indicator lights, type-C input, slim body.",Found a white charger bank. It has thin power bank.,train
L0419,F0134,0,same_group_nearby,True,False,True,178.9,-19.15,"I lost my white Ambrane power bank. Details: four indicator lights, type-C input, slim body.",cream airpods case found,train
L0419,F0097,0,same_group_nearby,True,True,True,134.5,4.55,"I lost my white Ambrane power bank. Details: four indicator lights, type-C input, slim body.","Ye mila hai, owner ko batao: found a light blue Ambrane charger bank. It has matte rubber finish.",train
L0419,F0541,0,same_group_nearby,True,True,True,126.5,24.7,"I lost my white Ambrane power bank. Details: four indicator lights, type-C input, slim body.",Found a blue battery pack. Details: matte rubber finish.,train
L0419,F0181,0,random,True,False,False,277.8,-953.73,"I lost my white Ambrane power bank. Details: four indicator lights, type-C input, slim body.",Found light blue scientific calculator,train
L0419,F0084,0,random,True,False,False,277.8,-635.15,"I lost my white Ambrane power bank. Details: four indicator lights, type-C input, slim body.",Found a red Popy umbrella. It has push-button opening.,train
L0420,F0418,1,positive,True,True,True,0.0,16.78,"I lost my brown Woodland wallet. Features: looks like leather, frayed at the edges. Please contact me if found.","Found a dark brown Woodland wallet. Features: worn edges, leather finish. Kept safely with me.",train
L0420,F0532,0,same_group_nearby,True,False,True,0.0,46.97,"I lost my brown Woodland wallet. Features: looks like leather, frayed at the edges. Please contact me if found.","Ye mila hai, owner ko batao: found a brown key bunch. It has steel ring, plastic tag.",train
L0420,F0557,0,same_group_nearby,True,True,True,386.0,-27.9,"I lost my brown Woodland wallet. Features: looks like leather, frayed at the edges. Please contact me if found.","Found a grey Woodland purse. Details: zipper coin section, worn edges, looks like leather. Kept safely with me.",train
L0420,F0130,0,random,True,False,False,290.0,491.1,"I lost my brown Woodland wallet. Features: looks like leather, frayed at the edges. Please contact me if found.","Found a silver Realme charger bank. It has type-C input, LED indicator.",train
L0420,F0728,0,random,True,False,False,290.0,1486.07,"I lost my brown Woodland wallet. Features: looks like leather, frayed at the edges. Please contact me if found.",Found a black earbuds case. Features: scratches on the lid.,train
L0421,F0419,1,positive,True,True,True,155.2,1.72,I lost my blue notebook computer. Details: keyboard lights up.,Found a laptop.,train
L0421,F0420,0,twin_hard_negative,True,True,True,134.5,78.35,I lost my blue notebook computer. Details: keyboard lights up.,Found a light blue laptop. It has in a black laptop sleeve.,train
L0421,F0739,0,same_group_nearby,True,False,True,0.0,23.65,I lost my blue notebook computer. Details: keyboard lights up.,Mujhe mila hai: found a phone.,train
L0421,F0666,0,same_group_nearby,True,False,True,260.0,-21.48,I lost my blue notebook computer. Details: keyboard lights up.,Found a green phone. Details: ring holder on the back.,train
L0421,F0126,0,same_group_nearby,True,True,True,277.8,-15.03,I lost my blue notebook computer. Details: keyboard lights up.,"Found a blue Dell notebook computer. Details: backlit keyboard, 15 inch screen. Kept safely with me.",train
L0421,F0242,0,random,True,False,False,133.4,616.85,I lost my blue notebook computer. Details: keyboard lights up.,Found a maroon wallet. Details: metal logo.,train
L0421,F0514,0,random,True,False,True,0.0,23.78,I lost my blue notebook computer. Details: keyboard lights up.,Found a phone.,train
L0422,F0420,1,positive,True,True,True,0.0,3.03,I lost my light blue Dell laptop. Features: in a black laptop sleeve.,Found a light blue laptop. It has in a black laptop sleeve.,train
L0422,F0419,0,twin_hard_negative,True,True,True,70.7,-73.6,I lost my light blue Dell laptop. Features: in a black laptop sleeve.,Found a laptop.,train
L0422,F0142,0,same_group_nearby,True,False,True,123.7,-14.53,I lost my light blue Dell laptop. Features: in a black laptop sleeve.,Found a dark green OnePlus mobile. Details: two cameras at the back.,train
L0422,F0739,0,same_group_nearby,True,False,True,134.5,-51.67,I lost my light blue Dell laptop. Features: in a black laptop sleeve.,Mujhe mila hai: found a phone.,train
L0422,F0605,0,same_group_nearby,True,False,True,139.3,2.47,I lost my light blue Dell laptop. Features: in a black laptop sleeve.,Found a white smartwatch. Features: glass slightly scratched.,train
L0422,F0655,0,random,True,True,True,269.3,-318.08,I lost my light blue Dell laptop. Features: in a black laptop sleeve.,"Ye mila hai, owner ko batao: found a blue notebook computer. Features: in a black laptop sleeve.",train
L0422,F0090,0,random,True,False,False,134.5,945.67,I lost my light blue Dell laptop. Features: in a black laptop sleeve.,Found light blue record book,train
L0423,F0422,1,positive,True,True,True,191.0,0.25,Lost navy blue backpack,Found navy blue backpack,train
L0423,F0421,0,twin_hard_negative,True,False,True,0.0,133.77,Lost navy blue backpack,Found a navy blue backpack. Details: reflective strip.,train
L0423,F0657,0,same_group_nearby,True,True,True,136.0,0.63,Lost navy blue backpack,"Found a maroon bag. It has reflective strip, small tear by the strap, padded laptop section.",train
L0423,F0063,0,random,True,False,False,136.0,448.6,Lost navy blue backpack,Found a rose Decathlon water bottle. It has scratched paint.,train
L0423,F0486,0,random,True,False,False,191.0,-289.38,Lost navy blue backpack,Found silver flask,train
L0424,F0424,1,positive,True,True,True,0.0,16.73,I lost my maroon Wildcraft backpack. Features: double zip on the front.,Found maroon backpack,train
L0424,F0616,0,same_group_nearby,True,True,True,0.0,50.08,I lost my maroon Wildcraft backpack. Features: double zip on the front.,"Found a grey American Tourister rucksack. Details: logo in white on the front, small tear by the strap, double zip on the front.",train
L0424,F0189,0,same_group_nearby,True,True,True,269.3,52.37,I lost my maroon Wildcraft backpack. Features: double zip on the front.,Found a navy blue bag. It has two front zips.,train
L0424,F0296,0,random,True,False,False,510.4,-735.27,I lost my maroon Wildcraft backpack. Features: double zip on the front.,"Ye mila hai, owner ko batao: found a sky blue Casio scientific calculator. Features: scientific type, some keys faded.",train
L0424,F0391,0,random,True,False,False,269.3,143.2,I lost my maroon Wildcraft backpack. Features: double zip on the front.,Found a green fitness band. Details: circular screen.,train
L0425,F0425,1,positive,True,True,True,0.0,76.92,I lost my white phone. It has pop socket on the back.,Found a white smartphone. Features: clear back cover.,train
L0425,F0665,0,same_group_nearby,True,True,True,228.0,2.15,I lost my white phone. It has pop socket on the back.,Found a green OnePlus mobile. Details: crack on the top corner.,train
L0425,F0303,0,same_group_nearby,True,False,True,304.1,4.27,I lost my white phone. It has pop socket on the back.,"Found a blue notebook computer. It has in a black laptop sleeve, 15 inch screen.",train
L0425,F0726,0,same_group_nearby,True,False,True,352.3,-59.38,I lost my white phone. It has pop socket on the back.,Found a dark grey OnePlus earbuds case. Features: lanyard hook.,train
L0425,F0081,0,random,True,False,False,352.3,624.22,I lost my white phone. It has pop socket on the back.,Found a grey purse. It has frayed at the edges.,train
L0425,F0027,0,random,True,False,False,362.2,-459.93,I lost my white phone. It has pop socket on the back.,Fonud a dark yellow book. Features: sticky notes inside.,train
L0426,F0425,0,twin_hard_negative,False,True,True,0.0,261.53,"I lost my white Vivo phone. It has dual camera, crack on the top corner. Please contact me if found.",Found a white smartphone. Features: clear back cover.,train
L0426,F0749,0,same_group_nearby,False,True,True,340.1,62.38,"I lost my white Vivo phone. It has dual camera, crack on the top corner. Please contact me if found.",Found a cream watch. It has circular screen.,train
L0426,F0652,0,same_group_nearby,False,False,True,263.1,26.57,"I lost my white Vivo phone. It has dual camera, crack on the top corner. Please contact me if found.",Found a fitness band.,train
L0426,F0441,0,same_group_nearby,False,False,True,134.2,-1.67,"I lost my white Vivo phone. It has dual camera, crack on the top corner. Please contact me if found.",Found a blue AirPods airpods case. Details: tiny indicator light.,train
L0426,F0769,0,random,False,False,False,170.9,-503.0,"I lost my white Vivo phone. It has dual camera, crack on the top corner. Please contact me if found.","Found a red Fastrack umbrella. Features: push-button opening, folding type, bent rib.",train
L0426,F0017,0,random,False,False,False,170.9,-1.5,"I lost my white Vivo phone. It has dual camera, crack on the top corner. Please contact me if found.",red keychain found,train
L0427,F0426,1,positive,True,True,True,290.0,18.27,I lost my orange water bottle. Details: steel body.,"Found a orange Tupperware flask. Details: scratched paint, stainless steel.",test
L0427,F0250,0,random,True,False,False,410.5,-1736.45,I lost my orange water bottle. Details: steel body.,Found a off-white iPhone mobile. Features: transparent case.,test
L0427,F0167,0,random,True,False,False,742.5,-578.25,I lost my orange water bottle. Details: steel body.,Found a red smartphone. Details: transparent case.,test
L0428,F0427,1,positive,True,True,True,178.9,1.82,Lost black abckpack,Found a sports bag.,train
L0428,F0085,0,same_group_nearby,True,True,True,260.0,4.35,Lost black abckpack,Found a grey backpack. Features: laptop compartment.,train
L0428,F0656,0,same_group_nearby,True,True,True,155.2,-71.93,Lost black abckpack,"Found a maroon Wildcraft backpack. It has one side pocket, double zip on the front, slightly torn near the strap.",train
L0428,F0693,0,same_group_nearby,True,True,True,216.3,-21.17,Lost black abckpack,"Found a black Wildcraft sports bag. It has reflective strip on the straps, padded laptop section, a pocket on the side. Kept safely with me.",train
L0428,F0439,0,random,True,False,False,382.1,-734.05,Lost black abckpack,Found a cream adapter with cable. Details: cloth braided cable.,train
L0428,F0713,0,random,True,False,False,430.5,-440.75,Lost black abckpack,silver-grey Asus laptop found,train
L0429,F0428,1,positive,True,True,True,178.9,6.88,I lost my black small case. Details: small LED light.,Found a black Noise earbuds case. Details: rubber cover.,test
L0429,F0257,0,same_group_nearby,True,False,True,277.8,-22.4,I lost my black small case. Details: small LED light.,"Found a blue Mi battery pack. It has type-C input, four indicator lights.",test
L0429,F0695,0,same_group_nearby,True,False,True,269.3,-19.77,I lost my black small case. Details: small LED light.,"Found a blue laptop. It has black sleeve, stickers on the top cover, 15 inch screen. Kept safely with me.",test
L0429,F0062,0,same_group_nearby,True,False,True,0.0,28.1,I lost my black small case. Details: small LED light.,white smartwatch found,test
L0429,F0117,0,random,True,False,True,216.3,423.47,I lost my black small case. Details: small LED light.,"Found a green Samsung smartphone. Features: transparent case, two cameras at the back.",test
L0429,F0381,0,random,True,False,True,382.1,238.22,I lost my black small case. Details: small LED light.,grey notebook comupter found,test
L0430,F0430,1,positive,True,True,True,0.0,21.18,"I lost my white boAt earbuds case. Features: rubber cover, hook for a lanyard, tiny indicator light. Please contact me if found.","Ye mila hai, owner ko batao: found a earbuds case.",test
L0430,F0431,0,twin_hard_negative,True,True,True,0.0,-1111.75,"I lost my white boAt earbuds case. Features: rubber cover, hook for a lanyard, tiny indicator light. Please contact me if found.",Found a white small case. Features: tiny indicator light.,test
L0430,F0167,0,same_group_nearby,True,False,True,0.0,-27.77,"I lost my white boAt earbuds case. Features: rubber cover, hook for a lanyard, tiny indicator light. Please contact me if found.",Found a red smartphone. Details: transparent case.,test
L0430,F0301,0,same_group_nearby,True,False,True,349.9,-52.63,"I lost my white boAt earbuds case. Features: rubber cover, hook for a lanyard, tiny indicator light. Please contact me if found.",Found a blue laptop. It has backlit keyboard.,test
L0430,F0269,0,same_group_nearby,True,False,True,284.3,45.33,"I lost my white boAt earbuds case. Features: rubber cover, hook for a lanyard, tiny indicator light. Please contact me if found.",Found a silver battery pack. Details: USB-C port.,test
L0430,F0062,0,random,True,False,True,349.9,-476.78,"I lost my white boAt earbuds case. Features: rubber cover, hook for a lanyard, tiny indicator light. Please contact me if found.",white smartwatch found,test
L0430,F0039,0,random,True,False,False,608.3,-580.17,"I lost my white boAt earbuds case. Features: rubber cover, hook for a lanyard, tiny indicator light. Please contact me if found.",Found red notebook,test
L0431,F0431,1,positive,True,True,True,134.2,61.62,"I lost my wihte boAt earbuds case. It has scratches on the lid, tiny indicator light. Please contact me if found.",Found a white small case. Features: tiny indicator light.,test
L0431,F0430,0,twin_hard_negative,True,True,True,134.2,1194.55,"I lost my wihte boAt earbuds case. It has scratches on the lid, tiny indicator light. Please contact me if found.","Ye mila hai, owner ko batao: found a earbuds case.",test
L0431,F0250,0,same_group_nearby,True,False,True,216.3,-12.6,"I lost my wihte boAt earbuds case. It has scratches on the lid, tiny indicator light. Please contact me if found.",Found a off-white iPhone mobile. Features: transparent case.,test
L0431,F0175,0,random,True,False,True,616.2,1390.33,"I lost my wihte boAt earbuds case. It has scratches on the lid, tiny indicator light. Please contact me if found.",dark adapter with cable found,test
L0431,F0109,0,random,True,False,False,481.7,1762.82,"I lost my wihte boAt earbuds case. It has scratches on the lid, tiny indicator light. Please contact me if found.","Found a blue Classmate record book. Features: hard cover, coloured sticky notes sticking out, spiral notebook.",test
L0432,F0432,1,positive,True,False,True,0.0,2.37,"I lost my blue AirPods earbuds case. It has tiny indicator light, hook for a lanyard. Please contact me if found.","Ye mila hai, owner ko batao: foudn a airpods case.",val
L0432,F0276,0,same_group_nearby,True,False,True,280.2,6.03,"I lost my blue AirPods earbuds case. It has tiny indicator light, hook for a lanyard. Please contact me if found.",Found white charger bank,val
L0432,F0067,0,random,True,False,True,280.2,-271.02,"I lost my blue AirPods earbuds case. It has tiny indicator light, hook for a lanyard. Please contact me if found.",white adapter with cable found,val
L0432,F0355,0,random,True,False,False,481.7,-1587.2,"I lost my blue AirPods earbuds case. It has tiny indicator light, hook for a lanyard. Please contact me if found.","Found a grey glasses case. Details: hard shell, cloth pouch type.",val
L0433,F0434,1,positive,True,True,True,134.2,0.9,Lost navy blue umbrella,"Found a blue Lifelong umbrella. It has push-button opening, folding type, printed edges. Kept safely with me.",train
L0433,F0435,0,twin_hard_negative,True,False,True,134.2,-177.4,Lost navy blue umbrella,"Found a navy blue Lifelong umbrella. It has printed edges, one bent rib. Kept safely with me.",train
L0433,F0011,0,same_group_nearby,True,False,True,263.1,63.73,Lost navy blue umbrella,Found a dark brown wallet. It has zipper coin section.,train
L0433,F0632,0,same_group_nearby,True,False,True,340.1,-46.63,Lost navy blue umbrella,Mujhe mila hai: found a black key bunch. Features: bike key with a rubber cover.,train
L0433,F0572,0,same_group_nearby,True,False,True,170.9,64.42,Lost navy blue umbrella,Found a dark key bunch. It has tiny lock key.,train
L0433,F0617,0,random,True,False,False,216.3,488.48,Lost navy blue umbrella,"Mujhe mila hai: found a silver Anker power bank. It has USB-C port, matte rubber finish, thin power bank. Kept safely with me.",train
L0433,F0764,0,random,True,False,False,216.3,-455.23,Lost navy blue umbrella,Found a silver-grey bag. It has slightyl torn near the strap.,train
L0434,F0435,1,positive,True,False,True,0.0,60.98,I lost my navy blue umbrella. Details: one bent rib.,"Found a navy blue Lifelong umbrella. It has printed edges, one bent rib. Kept safely with me.",train
L0434,F0434,0,twin_hard_negative,True,True,True,0.0,239.28,I lost my navy blue umbrella. Details: one bent rib.,"Found a blue Lifelong umbrella. It has push-button opening, folding type, printed edges. Kept safely with me.",train
L0434,F0647,0,same_group_nearby,True,False,True,440.1,-27.38,I lost my navy blue umbrella. Details: one bent rib.,Found a glasses case.,train
L0434,F0604,0,same_group_nearby,True,False,True,349.9,-62.65,I lost my navy blue umbrella. Details: one bent rib.,"Mujhe mila hai: found a black key bunch. Details: steel ring, small padlock key.",train
L0434,F0013,0,same_group_nearby,True,False,True,134.2,-44.9,I lost my navy blue umbrella. Details: one bent rib.,brown keys found,train
L0434,F0228,0,random,True,False,False,380.5,-512.92,I lost my navy blue umbrella. Details: one bent rib.,"Found a green phone. Details: crack on the top corner, transparent case, ring holder on the back.",train
L0434,F0631,0,random,True,False,True,449.4,-696.23,I lost my navy blue umbrella. Details: one bent rib.,Found a keys.,train
L0435,F0436,1,positive,True,True,True,0.0,5.12,"Lost my spectacles case, it is grey.",Found grey spectacle case,train
L0435,F0380,0,same_group_nearby,True,True,True,282.8,9.9,"Lost my spectacles case, it is grey.","Found a red specs box. Details: cloth pouch type, zippered.",train
L0435,F0339,0,same_group_nearby,True,False,True,282.8,-55.53,"Lost my spectacles case, it is grey.","Found a grey umbrella. It has one bent rib, automatic open button.",train
L0435,F0243,0,same_group_nearby,True,False,True,250.0,2.55,"Lost my spectacles case, it is grey.","Found a black keychain. Details: plastic tag, tiny lock key.",train
L0435,F0664,0,random,True,False,False,370.5,603.68,"Lost my spectacles case, it is grey.","Mujhe mila hai: found a black Asus notebook computer. Features: in a black laptop sleeve, keyboard lights up.",train
L0435,F0042,0,random,True,True,True,340.1,130.8,"Lost my spectacles case, it is grey.",Found a brown Titan specs box. Details: hard case.,train
L0436,F0474,0,same_group_nearby,False,False,True,201.0,-36.72,"I lost my blue Lenovo laptop. It has sticker on the lid, black sleeve. Please contact me if found.","Found a craem Realme charging case. Details: scratches on the lid, tiny indicator light.",val
L0436,F0357,0,same_group_nearby,False,False,True,0.0,-68.0,"I lost my blue Lenovo laptop. It has sticker on the lid, black sleeve. Please contact me if found.",Found a smartwatch.,val
L0436,F0445,0,same_group_nearby,False,False,True,284.3,-65.1,"I lost my blue Lenovo laptop. It has sticker on the lid, black sleeve. Please contact me if found.",Found black charger,val
L0436,F0620,0,random,False,False,False,67.1,-278.48,"I lost my blue Lenovo laptop. It has sticker on the lid, black sleeve. Please contact me if found.","Found a dark grey keys. Features: plastic tag, bike key with a rubber cover.",val
L0436,F0132,0,random,False,False,False,461.0,935.63,"I lost my blue Lenovo laptop. It has sticker on the lid, black sleeve. Please contact me if found.","Found a silver keychain. It has steel ring, two-wheeler key with cover, plastic tag.",val
L0437,F0437,1,positive,True,True,True,58.3,1.6,I lost my blue calculator. Features: slide cover.,"Found a blue Citizen scientific calculator. It has solar strip on top, faded keys, slide cover.",train
L0437,F0361,0,same_group_nearby,True,True,True,184.4,11.48,I lost my blue calculator. Features: slide cover.,"Mujhe mila hai: found a blue Casio calculator. It has some keys faded, solar strip on top.",train
L0437,F0083,0,same_group_nearby,True,True,True,184.4,68.72,I lost my blue calculator. Features: slide cover.,Found grey calculator,train
L0437,F0077,0,random,True,False,False,372.2,-531.35,I lost my blue calculator. Features: slide cover.,"Found a silver keys. It has steel ring, small padlock key.",train
L0437,F0553,0,random,True,False,False,370.5,161.32,I lost my blue calculator. Features: slide cover.,black power bank found,train
L0438,F0061,0,random,False,False,False,382.1,1547.78,Lost pink Milton water bottle,Found a white charger. Details: fast charger.,val
L0438,F0620,0,random,False,False,False,134.5,5.57,Lost pink Milton water bottle,"Found a dark grey keys. Features: plastic tag, bike key with a rubber cover.",val
L0439,F0438,1,positive,True,True,True,58.3,12.6,"Lost my power bank, it is silver.",Found a grey Syska battery pack. Details: thin power bank.,train
L0439,F0564,0,same_group_nearby,True,False,True,304.6,-8.33,"Lost my power bank, it is silver.",Found green smartwatch,train
L0439,F0028,0,same_group_nearby,True,False,True,0.0,-0.35,"Lost my power bank, it is silver.",black charging case foudn,train
L0439,F0726,0,same_group_nearby,True,False,True,230.2,-67.4,"Lost my power bank, it is silver.",Found a dark grey OnePlus earbuds case. Features: lanyard hook.,train
L0439,F0036,0,random,True,False,True,410.0,64.9,"Lost my power bank, it is silver.",Found a off-white boAt smartwatch. It has rectangular screen.,train
L0439,F0694,0,random,True,False,True,58.3,-905.53,"Lost my power bank, it is silver.",Mujhe mila hai: found a white charger. Features: fast charger.,train
L0440,F0439,1,positive,True,True,True,0.0,4.72,I lost my white Samsung charger. Details: fast charger.,Found a cream adapter with cable. Details: cloth braided cable.,train
L0440,F0608,0,same_group_nearby,True,False,True,645.4,-23.17,I lost my white Samsung charger. Details: fast charger.,"Foudn a blue notebook computer. It has backlit keyboard, in a black laptop sleeve, stickers on the top cover.",train
L0440,F0652,0,same_group_nearby,True,False,True,223.6,4.87,I lost my white Samsung charger. Details: fast charger.,Found a fitness band.,train
L0440,F0374,0,same_group_nearby,True,False,True,645.4,-64.4,I lost my white Samsung charger. Details: fast charger.,Found black fitness band,train
L0440,F0517,0,random,True,False,False,382.1,-176.97,I lost my white Samsung charger. Details: fast charger.,Found green water bottle,train
L0440,F0160,0,random,True,False,True,519.2,-14.05,I lost my white Samsung charger. Details: fast charger.,Found a sky blue MacBook notebook computer. It has fifteen inch display.,train
L0441,F0440,1,positive,True,True,True,0.0,3.88,grey card holder lost,"Found a grey Puma wallet. Features: worn edges, leather finish. Kept safely with me.",val
L0441,F0061,0,random,True,False,False,0.0,897.15,grey card holder lost,Found a white charger. Details: fast charger.,val
L0441,F0503,0,random,True,False,False,750.0,836.6,grey card holder lost,Found a blue Classmate book. Features: spiral bound.,val
L0442,F0441,1,positive,True,True,True,134.2,2.42,"I lost my blue AirPods earbuds case. Features: tiny indicator light, hook for a lanyard, scuffed lid.",Found a blue AirPods airpods case. Details: tiny indicator light.,train
L0442,F0442,0,twin_hard_negative,True,False,True,352.3,267.22,"I lost my blue AirPods earbuds case. Features: tiny indicator light, hook for a lanyard, scuffed lid.","Ye mila hai, owner ko batao: found a airpods case.",train
L0442,F0539,0,same_group_nearby,True,False,True,352.3,33.97,"I lost my blue AirPods earbuds case. Features: tiny indicator light, hook for a lanyard, scuffed lid.",blakc mobile found,train
L0442,F0374,0,same_group_nearby,True,False,True,352.3,-38.62,"I lost my blue AirPods earbuds case. Features: tiny indicator light, hook for a lanyard, scuffed lid.",Found black fitness band,train
L0442,F0454,0,same_group_nearby,True,False,True,326.5,56.53,"I lost my blue AirPods earbuds case. Features: tiny indicator light, hook for a lanyard, scuffed lid.",Found a black Dell notebook computer. Details: stickers on the top cover.,train
L0442,F0018,0,random,True,False,False,340.1,-94.4,"I lost my blue AirPods earbuds case. Features: tiny indicator light, hook for a lanyard, scuffed lid.",Found a key bunch.,train
L0442,F0675,0,random,True,True,True,481.7,-149.6,"I lost my blue AirPods earbuds case. Features: tiny indicator light, hook for a lanyard, scuffed lid.","Found a black AirPods small case. Features: tiny indicator light, scuffed lid. Kept safely with me.",train
L0443,F0442,1,positive,True,False,True,440.1,2.2,I lost my blue AirPods earbuds case. Features: small LED light.,"Ye mila hai, owner ko batao: found a airpods case.",train
L0443,F0441,0,twin_hard_negative,True,True,True,0.0,-262.6,I lost my blue AirPods earbuds case. Features: small LED light.,Found a blue AirPods airpods case. Details: tiny indicator light.,train
L0443,F0425,0,same_group_nearby,True,False,True,134.2,0.6,I lost my blue AirPods earbuds case. Features: small LED light.,Found a white smartphone. Features: clear back cover.,train
L0443,F0073,0,same_group_nearby,True,False,True,284.3,60.07,I lost my blue AirPods earbuds case. Features: small LED light.,Found a battery pack.,train
L0443,F0171,0,same_group_nearby,True,True,True,0.0,-38.78,I lost my blue AirPods earbuds case. Features: small LED light.,Found a blue Noise airpods case. It has lanyard hook.,train
L0443,F0346,0,random,True,False,True,742.5,-460.37,I lost my blue AirPods earbuds case. Features: small LED light.,Found a dark grey charger. It has fast charging type.,train
L0443,F0400,0,random,True,False,False,284.3,-474.73,I lost my blue AirPods earbuds case. Features: small LED light.,"Found a tan key bunch. Details: plastic tag, two-wheeler key with cover.",train
L0444,F0444,1,positive,True,True,True,0.0,2.45,I lost my silver phone. Features: pop socket on the back.,Found a metallic phone. It has pop socket on the back.,train
L0444,F0443,0,twin_hard_negative,True,True,True,0.0,-1183.68,I lost my silver phone. Features: pop socket on the back.,"Found a silver Redmi smartphone. Features: transparent case, dual camera. Kept safely with me.",train
L0444,F0555,0,same_group_nearby,True,False,True,263.1,-16.53,I lost my silver phone. Features: pop socket on the back.,"Mujhe mila hai: found a black Realme adapter with cable. Details: cloth braided cable, two-pin adapter, about 1.5 m cable.",train
L0444,F0196,0,same_group_nearby,True,False,True,237.7,12.97,I lost my silver phone. Features: pop socket on the back.,cream earbuds case found,train
L0444,F0524,0,same_group_nearby,True,False,True,134.2,62.53,I lost my silver phone. Features: pop socket on the back.,Found a blue laptop. Details: 15 inch screen.,train
L0444,F0685,0,random,True,False,True,228.0,-719.92,I lost my silver phone. Features: pop socket on the back.,Found a pink watch. It has round dial.,train
L0444,F0493,0,random,True,True,True,480.8,-73.73,I lost my silver phone. Features: pop socket on the back.,green phone found,train
L0445,F0445,1,positive,True,True,True,0.0,22.28,"I lost my black Realme charger. Details: long cable, fast charging type, cloth braided cable. Please contact me if found.",Found black charger,val
L0445,F0687,0,same_group_nearby,True,False,True,440.1,-62.13,"I lost my black Realme charger. Details: long cable, fast charging type, cloth braided cable. Please contact me if found.",Found a dark green smartwatch. Details: square dial.,val
L0445,F0357,0,same_group_nearby,True,False,True,284.3,19.38,"I lost my black Realme charger. Details: long cable, fast charging type, cloth braided cable. Please contact me if found.",Found a smartwatch.,val
L0445,F0600,0,same_group_nearby,True,False,True,284.3,-25.83,"I lost my black Realme charger. Details: long cable, fast charging type, cloth braided cable. Please contact me if found.",Found silver laptop,val
L0445,F0462,0,random,True,False,False,420.1,1313.97,"I lost my black Realme charger. Details: long cable, fast charging type, cloth braided cable. Please contact me if found.",blue water bottle found,val
L0445,F0284,0,random,True,False,False,585.5,519.82,"I lost my black Realme charger. Details: long cable, fast charging type, cloth braided cable. Please contact me if found.",Found a grey calculator. It has solar strip on top.,val
L0446,F0445,0,twin_hard_negative,False,True,True,134.2,-862.73,I lost my black Realme charger. Details: two-pin adapter.,Found black charger,val
L0446,F0144,0,same_group_nearby,False,False,True,228.0,-15.98,I lost my black Realme charger. Details: two-pin adapter.,black battery pack found,val
L0446,F0641,0,same_group_nearby,False,False,True,340.1,-1.95,I lost my black Realme charger. Details: two-pin adapter.,Found a phone.,val
L0446,F0640,0,same_group_nearby,False,False,True,340.1,7.83,I lost my black Realme charger. Details: two-pin adapter.,Found a blue smartphone. It has crack on the top corner.,val
L0446,F0222,0,random,False,False,False,170.9,438.17,I lost my black Realme charger. Details: two-pin adapter.,"Found a dark brown spetcacle case. It has small logo, soft pouch.",val
L0446,F0006,0,random,False,True,True,237.7,-451.05,I lost my black Realme charger. Details: two-pin adapter.,Found a white Samsung charger. Features: fast charging type.,val
L0447,F0516,0,same_group_nearby,False,False,True,186.8,7.37,"I lost my grey Lenskart specs box. Features: cloth pouch type, small logo.","Found a navy blue Hidesign wallet. Details: zip coin pocket, frayed at the edges. Kept safely with me.",train
L0447,F0453,0,same_group_nearby,False,False,True,186.8,53.05,"I lost my grey Lenskart specs box. Features: cloth pouch type, small logo.",Found a brown keychain. Details: plasitc tag.,train
L0447,F0035,0,same_group_nearby,False,False,True,340.1,15.83,"I lost my grey Lenskart specs box. Features: cloth pouch type, small logo.",Found a grey purse. It has zip coin pocket.,train
L0447,F0208,0,random,False,False,False,570.1,-1305.23,"I lost my grey Lenskart specs box. Features: cloth pouch type, small logo.",Found orange Navneet notebook,train
L0447,F0461,0,random,False,False,False,531.5,-1260.88,"I lost my grey Lenskart specs box. Features: cloth pouch type, small logo.",black smartwatch found,train
L0448,F0725,0,same_group_nearby,False,False,True,70.7,33.72,Lost black Fastrack umbrella,Found a dark Puma wallet. Features: zip coin pocket.,train
L0448,F0744,0,same_group_nearby,False,False,True,148.7,31.0,Lost black Fastrack umbrella,Found a black keys. It has small padlock key.,train
L0448,F0681,0,same_group_nearby,False,True,True,247.0,65.4,Lost black Fastrack umbrella,"Found a red umbrella. It has one bent rib, foldable umbrella.",train
L0448,F0656,0,random,False,False,False,70.7,1478.77,Lost black Fastrack umbrella,"Found a maroon Wildcraft backpack. It has one side pocket, double zip on the front, slightly torn near the strap.",train
L0448,F0461,0,random,False,False,False,310.6,194.32,Lost black Fastrack umbrella,black smartwatch found,train
L0449,F0446,1,positive,True,True,True,0.0,54.85,"Kisi ko mila ho toh batao: i lost my light pink Fastrack umbrella. Details: printed edges, one bent rib. Please contact me if found.",Found a light pink Fastrack umbrella. It has one bent rib.,test
L0449,F0310,0,same_group_nearby,True,False,True,0.0,60.33,"Kisi ko mila ho toh batao: i lost my light pink Fastrack umbrella. Details: printed edges, one bent rib. Please contact me if found.",Found a silvre keychain. Features: two-wheeler key with cover.,test
L0449,F0428,0,random,True,False,False,223.6,-638.5,"Kisi ko mila ho toh batao: i lost my light pink Fastrack umbrella. Details: printed edges, one bent rib. Please contact me if found.",Found a black Noise earbuds case. Details: rubber cover.,test
L0449,F0345,0,random,True,True,True,519.2,-1269.02,"Kisi ko mila ho toh batao: i lost my light pink Fastrack umbrella. Details: printed edges, one bent rib. Please contact me if found.","Found a navy blue Lifelong umbrella. It has one bent rib, foldable umbrella.",test
L0450,F0447,1,positive,True,True,True,0.0,3.02,"I lost my black Milton water bottle. Details: steel body, scratched paint. Please contact me if found.",Found black bottle,val
L0450,F0448,0,twin_hard_negative,True,True,True,0.0,324.55,"I lost my black Milton water bottle. Details: steel body, scratched paint. Please contact me if found.","Found a dark Milton flask. It has flip cap, paint worn off in places.",val
L0450,F0067,0,random,True,False,False,440.1,231.57,"I lost my black Milton water bottle. Details: steel body, scratched paint. Please contact me if found.",white adapter with cable found,val
L0450,F0756,0,random,True,False,False,452.8,-1024.12,"I lost my black Milton water bottle. Details: steel body, scratched paint. Please contact me if found.","Found a maroon Fastrack wallet. Details: looks like leather, zipper coin section.",val
L0451,F0448,1,positive,True,False,True,0.0,59.15,I lost my black Milton water bottle. It has flip-top lid.,"Found a dark Milton flask. It has flip cap, paint worn off in places.",val
L0451,F0447,0,twin_hard_negative,True,False,True,0.0,-262.38,I lost my black Milton water bottle. It has flip-top lid.,Found black bottle,val
L0451,F0377,0,random,True,False,False,286.4,-858.75,I lost my black Milton water bottle. It has flip-top lid.,Found a light blue laptop. Details: sticker on the lid.,val
L0451,F0546,0,random,True,False,False,349.9,-1079.72,I lost my black Milton water bottle. It has flip-top lid.,Found a dark green Camlin notebook. Features: hard cover.,val
L0452,F0449,1,positive,True,True,True,134.2,11.4,I lost my black Raelme charger. Details: long cable.,"Found a black Realme adapter with cable. Features: about 1.5 m cable, fast charging type. Kept safely with me.",train
L0452,F0114,0,same_group_nearby,True,False,True,216.3,-21.27,I lost my black Raelme charger. Details: long cable.,silver charger bank found,train
L0452,F0194,0,same_group_nearby,True,False,True,326.5,46.83,I lost my black Raelme charger. Details: long cable.,"Ye mila hai, owner ko batao: found a silver Ambrane battery pack. It has rubber finish.",train
L0452,F0298,0,same_group_nearby,True,False,True,216.3,29.37,I lost my black Raelme charger. Details: long cable.,Found a white Realme battery pack. Features: rubebr finish.,train
L0452,F0429,0,random,True,False,False,228.0,-1142.63,I lost my black Raelme charger. Details: long cable.,Found a grey glasses case. Features: small logo.,train
L0452,F0316,0,random,True,False,True,340.1,244.57,I lost my black Raelme charger. Details: long cable.,"Found a white Apple adapter with cable. Features: long cable, cloth braided cable, two-pin plug.",train
L0453,F0450,1,positive,True,True,True,0.0,2.8,I lost my grey backpack. It has two front zips.,Found a gray sports bag. Features: two front zips.,test
L0453,F0554,0,same_group_nearby,True,True,True,148.7,21.92,I lost my grey backpack. It has two front zips.,"Found a red bag. Details: white logo, a pocket on the side. Kept safely with me.",test
L0453,F0002,0,random,True,False,False,269.3,48.37,I lost my grey backpack. It has two front zips.,Found a keys.,test
L0453,F0248,0,random,True,False,False,70.7,248.0,I lost my grey backpack. It has two front zips.,"Ye mila hai, owner ko batao: found a wallet.",test
L0454,F0451,1,positive,True,True,True,126.5,30.62,I lost my grey calculator. Features: scientific type.,Mujhe mila hai: grey calculator found,train
L0454,F0452,0,same_group_nearby,True,False,True,216.3,24.88,I lost my grey calculator. Features: scientific type.,Found a notebook.,train
L0454,F0714,0,same_group_nearby,True,False,True,126.5,33.17,I lost my grey calculator. Features: scientific type.,"Found a red Navneet book. Details: about two hundred pages, spiral notebook. Kept safely with me.",train
L0454,F0358,0,same_group_nearby,True,True,True,133.4,19.17,I lost my grey calculator. Features: scientific type.,Found a grey Casio calculator. Features: slide cover.,train
L0454,F0172,0,random,True,False,False,430.5,-140.37,I lost my grey calculator. Features: scientific type.,Found a orange flask. Details: flip-top lid.,train
L0454,F0574,0,random,True,False,False,260.0,1466.22,I lost my grey calculator. Features: scientific type.,Found a red mobile. Details: two cameras at the back.,train
L0455,F0452,1,positive,True,True,True,134.2,1.87,I lost my rgeen notebook. It has spiral notebook.,Found a notebook.,train
L0455,F0176,0,same_group_nearby,True,False,True,349.9,-55.05,I lost my rgeen notebook. It has spiral notebook.,Found a silver-grey Citizen calculator. It has some keys faded.,train
L0455,F0714,0,same_group_nearby,True,True,True,284.3,10.15,I lost my rgeen notebook. It has spiral notebook.,"Found a red Navneet book. Details: about two hundred pages, spiral notebook. Kept safely with me.",train
L0455,F0451,0,same_group_nearby,True,False,True,284.3,7.6,I lost my rgeen notebook. It has spiral notebook.,Mujhe mila hai: grey calculator found,train
L0455,F0449,0,random,True,False,False,0.0,1353.58,I lost my rgeen notebook. It has spiral notebook.,"Found a black Realme adapter with cable. Features: about 1.5 m cable, fast charging type. Kept safely with me.",train
L0455,F0420,0,random,True,False,False,350.0,607.08,I lost my rgeen notebook. It has spiral notebook.,Found a light blue laptop. It has in a black laptop sleeve.,train
L0456,F0455,1,positive,True,True,True,0.0,3.08,"I lost my black laptop. Details: keyboard lights up, in a black laptop sleeve. Please contact me if found.",Found a dark Dell laptop. Details: backlit keyboard.,train
L0456,F0454,0,twin_hard_negative,True,True,True,155.6,-230.52,"I lost my black laptop. Details: keyboard lights up, in a black laptop sleeve. Please contact me if found.",Found a black Dell notebook computer. Details: stickers on the top cover.,train
L0456,F0391,0,same_group_nearby,True,False,True,269.3,24.55,"I lost my black laptop. Details: keyboard lights up, in a black laptop sleeve. Please contact me if found.",Found a green fitness band. Details: circular screen.,train
L0456,F0116,0,same_group_nearby,True,True,True,134.5,49.15,"I lost my black laptop. Details: keyboard lights up, in a black laptop sleeve. Please contact me if found.","Found a grey Lenovo notebook computer. It has backlit keyboard, black sleeve, fifteen inch display.",train
L0456,F0073,0,same_group_nearby,True,False,True,328.0,38.03,"I lost my black laptop. Details: keyboard lights up, in a black laptop sleeve. Please contact me if found.",Found a battery pack.,train
L0456,F0609,0,random,True,False,True,269.3,-1173.12,"I lost my black laptop. Details: keyboard lights up, in a black laptop sleeve. Please contact me if found.","Ye mila hai, owner ko batao: blue laptop found",train
L0456,F0382,0,random,True,False,False,481.7,-606.62,"I lost my black laptop. Details: keyboard lights up, in a black laptop sleeve. Please contact me if found.","Found a dark grey Wildcraft wallet. It has looks like leather, zip coin pocket. Kept safely with me.",train
L0457,F0456,1,positive,True,True,True,0.0,10.35,"I lost my pink umbrella. It has folding type, push-button opening.","Fuond a pink umbrella. Features: foldable umbrella, automatic open button.",train
L0457,F0382,0,same_group_nearby,True,False,True,263.1,66.48,"I lost my pink umbrella. It has folding type, push-button opening.","Found a dark grey Wildcraft wallet. It has looks like leather, zip coin pocket. Kept safely with me.",train
L0457,F0229,0,same_group_nearby,True,False,True,178.9,-69.43,"I lost my pink umbrella. It has folding type, push-button opening.",Found a brown key bunch. Features: small padlock key.,train
L0457,F0615,0,same_group_nearby,True,True,True,447.8,-66.37,"I lost my pink umbrella. It has folding type, push-button opening.",Mujhe mila hai: found a navy blue card holder. Features: leather finish.,train
L0457,F0265,0,random,True,False,False,178.9,185.65,"I lost my pink umbrella. It has folding type, push-button opening.",Found a blue Casio calculator. Details: solar strip on top.,train
L0457,F0124,0,random,True,False,False,310.6,1059.0,"I lost my pink umbrella. It has folding type, push-button opening.","Found a grey Citizen calculator. Features: some keys faded, scientific type.",train
L0458,F0458,1,positive,True,True,True,0.0,2.98,I lost my silver phone. It has crack on the top corner.,Found a smartphone.,train
L0458,F0457,0,twin_hard_negative,True,False,True,134.5,-260.7,I lost my silver phone. It has crack on the top corner.,Found silver smartphone,train
L0458,F0220,0,same_group_nearby,True,False,True,386.0,51.43,I lost my silver phone. It has crack on the top corner.,white fitness band found,train
L0458,F0071,0,random,True,False,True,290.0,85.33,I lost my silver phone. It has crack on the top corner.,Found a silver Ambrane charger bank. Details: rubber finish.,train
L0458,F0320,0,random,True,False,True,383.3,-614.15,I lost my silver phone. It has crack on the top corner.,Mujhe mila hai: found a laptop.,train
L0459,F0459,1,positive,True,True,True,0.0,20.03,"I lost my black Syska power bank. Features: matte rubber finish, LED indicator.",Found a black Syska power bank. Details: matte rubber finish.,train
L0459,F0460,0,twin_hard_negative,True,True,True,0.0,1298.93,"I lost my black Syska power bank. Features: matte rubber finish, LED indicator.","Found a dark Syska power bank. Features: USB-C port, matte rubber finish.",train
L0459,F0156,0,same_group_nearby,True,False,True,70.7,41.77,"I lost my black Syska power bank. Features: matte rubber finish, LED indicator.","Found a dark grey charger. Features: two-pin plug, about 1.5 m cable. Kept safely with me.",train
L0459,F0467,0,same_group_nearby,True,False,True,136.0,65.05,"I lost my black Syska power bank. Features: matte rubber finish, LED indicator.",Found black watch,train
L0459,F0751,0,same_group_nearby,True,False,True,337.3,-67.87,"I lost my black Syska power bank. Features: matte rubber finish, LED indicator.",Found a silver Syska power bank. Features: type-C input.,train
L0459,F0018,0,random,True,False,False,282.8,353.68,"I lost my black Syska power bank. Features: matte rubber finish, LED indicator.",Found a key bunch.,train
L0459,F0084,0,random,True,False,False,201.2,195.02,"I lost my black Syska power bank. Features: matte rubber finish, LED indicator.",Found a red Popy umbrella. It has push-button opening.,train
L0460,F0460,1,positive,True,True,True,72.8,86.38,"I lost my black Syska power bank. It has matte rubber finish, USB-C port.","Found a dark Syska power bank. Features: USB-C port, matte rubber finish.",train
L0460,F0459,0,twin_hard_negative,True,True,True,72.8,-1192.52,"I lost my black Syska power bank. It has matte rubber finish, USB-C port.",Found a black Syska power bank. Details: matte rubber finish.,train
L0460,F0617,0,same_group_nearby,True,True,True,133.4,12.62,"I lost my black Syska power bank. It has matte rubber finish, USB-C port.","Mujhe mila hai: found a silver Anker power bank. It has USB-C port, matte rubber finish, thin power bank. Kept safely with me.",train
L0460,F0021,0,same_group_nearby,True,False,True,290.0,47.63,"I lost my black Syska power bank. It has matte rubber finish, USB-C port.",silver notebook computer found,train
L0460,F0679,0,same_group_nearby,True,False,True,72.8,9.1,"I lost my black Syska power bank. It has matte rubber finish, USB-C port.","Found a black adapter with cable. Features: long cable, cloth braided cable, fast charging type.",train
L0460,F0026,0,random,True,False,False,202.5,-1501.2,"I lost my black Syska power bank. It has matte rubber finish, USB-C port.","Found a orange record book. It has sticky notes inside, spiral bound. Kept safely with me.",train
L0460,F0437,0,random,True,False,False,410.0,-882.9,"I lost my black Syska power bank. It has matte rubber finish, USB-C port.","Found a blue Citizen scientific calculator. It has solar strip on top, faded keys, slide cover.",train
L0461,F0461,1,positive,True,True,True,0.0,3.88,"I lost my black smartwatch. It has rubber strap, round dial.",black smartwatch found,train
L0461,F0024,0,same_group_nearby,True,True,True,294.3,33.6,"I lost my black smartwatch. It has rubber strap, round dial.","Found a pink Apple Watch fitness band. Features: scratch on the glass, circular screen, square dial. Kept safely with me.",train
L0461,F0244,0,same_group_nearby,True,False,True,447.8,24.82,"I lost my black smartwatch. It has rubber strap, round dial.",Found a rose smartwatch. Features: square dial.,train
L0461,F0688,0,same_group_nearby,True,False,True,178.9,46.48,"I lost my black smartwatch. It has rubber strap, round dial.",black laptop found,train
L0461,F0442,0,random,True,False,True,447.8,862.93,"I lost my black smartwatch. It has rubber strap, round dial.","Ye mila hai, owner ko batao: found a airpods case.",train
L0461,F0216,0,random,True,False,True,589.0,773.3,"I lost my black smartwatch. It has rubber strap, round dial.","Ye mila hai, owner ko batao: found a black charger bank. Details: thin power bank.",train
L0462,F0462,1,positive,True,True,True,155.2,1.53,"I lost my blue Tupperware bottle. Details: stainless steel, scratched paint.",blue water bottle found,val
L0462,F0463,0,twin_hard_negative,True,True,True,133.4,-375.28,"I lost my blue Tupperware bottle. Details: stainless steel, scratched paint.",blue flask found,val
L0462,F0606,0,same_group_nearby,True,True,True,269.3,11.53,"I lost my blue Tupperware bottle. Details: stainless steel, scratched paint.",Found pink flask,val
L0462,F0221,0,random,True,False,False,155.2,-617.87,"I lost my blue Tupperware bottle. Details: stainless steel, scratched paint.",Found a brown Titan specs box. It has hard case.,val
L0462,F0546,0,random,True,False,False,0.0,-1290.22,"I lost my blue Tupperware bottle. Details: stainless steel, scratched paint.",Found a dark green Camlin notebook. Features: hard cover.,val
L0463,F0463,1,positive,True,True,True,0.0,1.03,"Lost my bottle, it is blue.",blue flask found,val
L0463,F0462,0,twin_hard_negative,True,True,True,72.8,377.85,"Lost my bottle, it is blue.",blue water bottle found,val
L0463,F0106,0,random,True,False,False,290.0,437.33,"Lost my bottle, it is blue.",Found a black umbrella. Details: push-button opening.,val
L0463,F0600,0,random,True,False,False,174.9,-961.95,"Lost my bottle, it is blue.",Found silver laptop,val
L0464,F0464,1,positive,True,True,True,0.0,3.52,"I lost my black power bank. Details: matte rubber finish, type-C input.",Found a black battery pack. Features: matte rubber finish.,train
L0464,F0743,0,same_group_nearby,True,False,True,0.0,-69.13,"I lost my black power bank. Details: matte rubber finish, type-C input.",Found a white adapter with cable. Features: braided cable.,train
L0464,F0385,0,same_group_nearby,True,False,True,155.6,32.95,"I lost my black power bank. Details: matte rubber finish, type-C input.",Found off-white adapter with cable,train
L0464,F0635,0,same_group_nearby,True,False,True,201.2,-55.48,"I lost my black power bank. Details: matte rubber finish, type-C input.",Found white earbuds case,train
L0464,F0081,0,random,True,False,False,280.2,1126.18,"I lost my black power bank. Details: matte rubber finish, type-C input.",Found a grey purse. It has frayed at the edges.,train
L0464,F0049,0,random,True,False,False,481.7,340.65,"I lost my black power bank. Details: matte rubber finish, type-C input.",red sports bag found,train
L0465,F0482,0,same_group_nearby,False,False,True,280.0,-0.1,I lost my brown specs box. Details: hard case.,Mujhe mila hai: silver keys found,train
L0465,F0485,0,same_group_nearby,False,False,True,148.7,-11.57,I lost my brown specs box. Details: hard case.,"Found a gray Woodland card holder. Details: zipper coin section, worn edges.",train
L0465,F0633,0,random,False,False,True,10.0,-1151.77,I lost my brown specs box. Details: hard case.,Found a card holder.,train
L0465,F0757,0,random,False,False,False,202.5,-1219.92,I lost my brown specs box. Details: hard case.,Found blue battery pack,train
L0466,F0466,1,positive,True,True,True,178.9,3.23,I lost my dark Fastrack wallet. Features: leather finish.,"Found a black card holder. It has looks like leather, zipper coin section.",train
L0466,F0547,0,same_group_nearby,True,True,True,447.8,71.98,I lost my dark Fastrack wallet. Features: leather finish.,Found a wine red Woodland wallet. Details: zip coin pocket.,train
L0466,F0643,0,same_group_nearby,True,False,True,263.1,40.38,I lost my dark Fastrack wallet. Features: leather finish.,Found a black keys. It has bike key with a rubber cover.,train
L0466,F0402,0,same_group_nearby,True,False,True,447.8,23.33,I lost my dark Fastrack wallet. Features: leather finish.,Found a red keychain. Features: metal ring.,train
L0466,F0729,0,random,True,False,False,332.4,-941.72,I lost my dark Fastrack wallet. Features: leather finish.,Found a black AirPods charging case. Details: tiny indicator light.,train
L0466,F0072,0,random,True,False,False,0.0,-870.07,I lost my dark Fastrack wallet. Features: leather finish.,Found a silver Ambrane charger bank. Features: thin power bank.,train
L0467,F0467,1,positive,True,True,True,0.0,1.98,I lost my black Noise fitness band. Features: rubber strap.,Found black watch,train
L0467,F0740,0,same_group_nearby,True,False,True,328.0,48.02,I lost my black Noise fitness band. Features: rubber strap.,"Found a black laptop. Features: 15 inch screen, sticker on the lid. Kept safely with me.",train
L0467,F0406,0,same_group_nearby,True,False,True,191.0,-10.95,I lost my black Noise fitness band. Features: rubber strap.,"Found a white charger bank. It has LED indicator, slim body.",train
L0467,F0082,0,same_group_nearby,True,True,True,0.0,-22.6,I lost my black Noise fitness band. Features: rubber strap.,blue watch found,train
L0467,F0753,0,random,True,False,False,134.2,-296.45,I lost my black Noise fitness band. Features: rubber strap.,silver key bunch found,train
L0467,F0228,0,random,True,False,True,282.8,-77.68,I lost my black Noise fitness band. Features: rubber strap.,"Found a green phone. Details: crack on the top corner, transparent case, ring holder on the back.",train
L0468,F0468,1,positive,True,True,True,0.0,1.05,"I lost my black Mi power bank. It has slim body, type-C input.",Found a black Mi power bank. Features: type-C input.,train
L0468,F0146,0,same_group_nearby,True,False,True,134.2,-58.85,"I lost my black Mi power bank. It has slim body, type-C input.",Found grey notebook computer,train
L0468,F0234,0,same_group_nearby,True,False,True,176.9,18.78,"I lost my black Mi power bank. It has slim body, type-C input.","Found a grey Asus notebook computer. Features: keyboard lights up, stickers on the top cover, fifteen inch display.",train
L0468,F0390,0,same_group_nearby,True,False,True,286.4,-28.47,"I lost my black Mi power bank. It has slim body, type-C input.","Found a maroon-ish red Motorola smartphone. It has pop socket on the back, clear back cover. Kept safely with me.",train
L0468,F0252,0,random,True,True,True,228.0,1263.97,"I lost my black Mi power bank. It has slim body, type-C input.",white charger bank found,train
L0468,F0177,0,random,True,False,False,164.0,216.75,"I lost my black Mi power bank. It has slim body, type-C input.","Mujhe mila hai: found a red keychain. Details: metal ring, small padlock key.",train
L0469,F0023,0,same_group_nearby,False,False,True,174.9,-39.85,black calculator lost,Found a black Camlin book. Details: about two hundred pages.,train
L0469,F0012,0,same_group_nearby,False,True,True,134.2,52.6,black calculator lost,Found a silver-grey calculator. It has slide cover.,train
L0469,F0715,0,same_group_nearby,False,False,True,191.0,-42.6,black calculator lost,Found a red notebook. It has spiral notebook.,train
L0469,F0305,0,random,False,False,False,308.1,-981.45,black calculator lost,brown purse found,train
L0469,F0385,0,random,False,False,False,174.9,-447.92,black calculator lost,Found off-white adapter with cable,train
L0470,F0469,1,positive,True,True,True,0.0,2.62,"I lost my red keys. It has small padlock key, plastic tag. Please contact me if found.","Found a red keychain. Features: tiny lock key, tag hanging from it. Kept safely with me.",test
L0470,F0477,0,random,True,False,True,328.0,875.28,"I lost my red keys. It has small padlock key, plastic tag. Please contact me if found.","Found a navy blue purse. Details: frayed at the edges, small metal logo, looks like leather. Kept safely with me.",test
L0470,F0345,0,random,True,False,True,0.0,-90.23,"I lost my red keys. It has small padlock key, plastic tag. Please contact me if found.","Found a navy blue Lifelong umbrella. It has one bent rib, foldable umbrella.",test
L0471,F0470,1,positive,True,True,True,0.0,2.75,"I lost my black American Tourister backpack. Details: padded laptop section, logo in white on the front, double zip on the front.","Found a black rucksack. It has two front zips, white logo, laptop compartment.",val
L0471,F0236,0,random,True,False,False,134.2,-74.62,"I lost my black American Tourister backpack. Details: padded laptop section, logo in white on the front, double zip on the front.",Found a green smartwatch. It has scratch on the glass.,val
L0471,F0732,0,random,True,False,False,174.9,-904.57,"I lost my black American Tourister backpack. Details: padded laptop section, logo in white on the front, double zip on the front.",Found a sky blue glasses case. Details: zip closure.,val
L0472,F0471,1,positive,True,False,True,126.5,28.07,I lost my tan Titan specs box. Details: cloth pouch type.,Found a tan glasses case. It has cloth pouch type.,train
L0472,F0323,0,same_group_nearby,True,True,True,136.0,57.47,I lost my tan Titan specs box. Details: cloth pouch type.,Found a dark Fastrack umbrella. Features: folding type.,train
L0472,F0322,0,same_group_nearby,True,False,True,134.2,27.73,I lost my tan Titan specs box. Details: cloth pouch type.,Found a silver key bunch. Details: bike key with a rubber cover.,train
L0472,F0163,0,same_group_nearby,True,False,True,174.9,23.47,I lost my tan Titan specs box. Details: cloth pouch type.,Found a tan spectacle case. Features: cloth pouch type.,train
L0472,F0270,0,random,True,False,False,67.1,1276.3,I lost my tan Titan specs box. Details: cloth pouch type.,Found a bag.,train
L0472,F0602,0,random,True,False,False,0.0,1420.32,I lost my tan Titan specs box. Details: cloth pouch type.,grey calculator ofund,train
L0473,F0472,1,positive,True,True,True,172.0,1.13,"I lost my maroon Puma backpack. Details: small tear by the strap, one side pocket, white logo.",Found a maroon Puma bag. Details: logo in whiet on the front.,train
L0473,F0591,0,same_group_nearby,True,True,True,120.4,22.72,"I lost my maroon Puma backpack. Details: small tear by the strap, one side pocket, white logo.",green rucksack found,train
L0473,F0594,0,same_group_nearby,True,False,True,271.7,45.85,"I lost my maroon Puma backpack. Details: small tear by the strap, one side pocket, white logo.",dark red sports bag found,train
L0473,F0129,0,same_group_nearby,True,True,True,271.7,32.57,"I lost my maroon Puma backpack. Details: small tear by the strap, one side pocket, white logo.","Found a maroon Puma backpack. Features: double zip on the front, a pocket on the side, reflective strip. Kept safely with me.",train
L0473,F0019,0,random,True,False,False,228.0,378.63,"I lost my maroon Puma backpack. Details: small tear by the strap, one side pocket, white logo.",Found a pink OnePlus charging case. It has lanyard hook.,train
L0473,F0095,0,random,True,False,False,206.2,-443.05,"I lost my maroon Puma backpack. Details: small tear by the strap, one side pocket, white logo.",Found a calculator.,train
L0474,F0473,1,positive,True,False,True,120.4,1.37,"I lost my brown spectacle case. Features: hard shell, cloth pouch type, zip closure.","Found a dark brown glasses case. It has hard case, soft pouch, zippered. Kept safely with me.",test
L0474,F0388,0,random,True,False,False,372.2,-61.63,"I lost my brown spectacle case. Features: hard shell, cloth pouch type, zip closure.",Found red rucksack,test
L0474,F0498,0,random,True,False,False,0.0,-160.12,"I lost my brown spectacle case. Features: hard shell, cloth pouch type, zip closure.",Found a notebook computer.,test
L0475,F0474,1,positive,True,True,True,0.0,2.7,Lost white earbuds case,"Found a craem Realme charging case. Details: scratches on the lid, tiny indicator light.",val
L0475,F0475,0,twin_hard_negative,True,False,True,0.0,724.78,Lost white earbuds case,Found a earbuds case.,val
L0475,F0357,0,same_group_nearby,True,False,True,201.0,-28.58,Lost white earbuds case,Found a smartwatch.,val
L0475,F0144,0,random,True,False,True,172.0,821.07,Lost white earbuds case,black battery pack found,val
L0475,F0131,0,random,True,False,True,186.8,344.72,Lost white earbuds case,"Found a grey Asus notebook computer. Features: fifteen inch display, sticker on the lid.",val
L0476,F0475,1,positive,True,False,True,0.0,3.25,I lost my white Realme earbuds case. It has lanyard hook.,Found a earbuds case.,val
L0476,F0474,0,twin_hard_negative,True,False,True,0.0,-718.83,I lost my white Realme earbuds case. It has lanyard hook.,"Found a craem Realme charging case. Details: scratches on the lid, tiny indicator light.",val
L0476,F0087,0,random,True,False,False,383.3,-1116.85,I lost my white Realme earbuds case. It has lanyard hook.,Found a book.,val
L0476,F0558,0,random,True,False,False,172.0,-1106.0,I lost my white Realme earbuds case. It has lanyard hook.,Found blue umbrelal,val
L0477,F0477,1,positive,True,True,True,174.9,9.45,I lost my navy blue wallet. Features: leather finish.,"Found a navy blue purse. Details: frayed at the edges, small metal logo, looks like leather. Kept safely with me.",test
L0477,F0537,0,random,True,False,False,0.0,-688.87,I lost my navy blue wallet. Features: leather finish.,dark grey rucksack found,test
L0477,F0311,0,random,True,False,True,463.2,-872.45,I lost my navy blue wallet. Features: leather finish.,"Ye mila hai, owner ko batao: found a silver key bunch. Details: metal ring.",test
L0478,F0478,1,positive,True,False,True,0.0,3.15,"I lost my pink earbuds case. Features: scuffed lid, silicone cover, small LED light. Please contact me if found.",light pink earbuds case found,train
L0478,F0028,0,same_group_nearby,True,True,True,58.3,-16.37,"I lost my pink earbuds case. Features: scuffed lid, silicone cover, small LED light. Please contact me if found.",black charging case foudn,train
L0478,F0438,0,same_group_nearby,True,False,True,0.0,-3.42,"I lost my pink earbuds case. Features: scuffed lid, silicone cover, small LED light. Please contact me if found.",Found a grey Syska battery pack. Details: thin power bank.,train
L0478,F0425,0,same_group_nearby,True,False,True,340.1,52.88,"I lost my pink earbuds case. Features: scuffed lid, silicone cover, small LED light. Please contact me if found.",Found a white smartphone. Features: clear back cover.,train
L0478,F0361,0,random,True,False,False,184.4,-321.28,"I lost my pink earbuds case. Features: scuffed lid, silicone cover, small LED light. Please contact me if found.","Mujhe mila hai: found a blue Casio calculator. It has some keys faded, solar strip on top.",train
L0478,F0362,0,random,True,False,False,120.4,366.97,"I lost my pink earbuds case. Features: scuffed lid, silicone cover, small LED light. Please contact me if found.",Found a dark calculator. It has slide cover.,train
L0479,F0479,1,positive,True,False,True,123.7,16.58,grey umbrella lost,Found a grey Fastrack umbrella. It has automatic open button.,train
L0479,F0480,0,twin_hard_negative,True,False,True,123.7,-79.4,grey umbrella lost,grey umbrella found,train
L0479,F0213,0,same_group_nearby,True,False,True,304.6,40.68,grey umbrella lost,Found a red Lifelong umbrella. Details: foldable umbrella.,train
L0479,F0206,0,same_group_nearby,True,True,True,237.7,-8.07,grey umbrella lost,Found a brown specs box. It has small logo.,train
L0479,F0339,0,same_group_nearby,True,False,True,70.7,19.77,grey umbrella lost,"Found a grey umbrella. It has one bent rib, automatic open button.",train
L0479,F0229,0,random,True,False,True,134.5,-555.52,grey umbrella lost,Found a brown key bunch. Features: small padlock key.,train
L0479,F0071,0,random,True,False,False,123.7,484.82,grey umbrella lost,Found a silver Ambrane charger bank. Details: rubber finish.,train
L0480,F0480,1,positive,True,True,True,0.0,-0.05,"I lost my grey Fastrack umbrella. It has push-button opening, one bent rib. Please contact me if found.",grey umbrella found,train
L0480,F0479,0,twin_hard_negative,True,True,True,0.0,95.93,"I lost my grey Fastrack umbrella. It has push-button opening, one bent rib. Please contact me if found.",Found a grey Fastrack umbrella. It has automatic open button.,train
L0480,F0017,0,same_group_nearby,True,False,True,174.9,-18.1,"I lost my grey Fastrack umbrella. It has push-button opening, one bent rib. Please contact me if found.",red keychain found,train
L0480,F0013,0,same_group_nearby,True,False,True,326.5,-15.37,"I lost my grey Fastrack umbrella. It has push-button opening, one bent rib. Please contact me if found.",brown keys found,train
L0480,F0604,0,same_group_nearby,True,False,True,133.4,-33.12,"I lost my grey Fastrack umbrella. It has push-button opening, one bent rib. Please contact me if found.","Mujhe mila hai: found a black key bunch. Details: steel ring, small padlock key.",train
L0480,F0271,0,random,True,False,False,174.9,772.98,"I lost my grey Fastrack umbrella. It has push-button opening, one bent rib. Please contact me if found.",Found a grey Wildcraft rucksack. Features: one side pocket.,train
L0480,F0571,0,random,True,False,False,133.4,425.17,"I lost my grey Fastrack umbrella. It has push-button opening, one bent rib. Please contact me if found.",rose flask found,train
L0481,F0482,1,positive,True,True,True,134.5,2.75,I lost my silver keys. Features: tag hagning from it.,Mujhe mila hai: silver keys found,train
L0481,F0418,0,random,True,False,True,0.0,-1321.07,I lost my silver keys. Features: tag hagning from it.,"Found a dark brown Woodland wallet. Features: worn edges, leather finish. Kept safely with me.",train
L0481,F0306,0,random,True,False,False,0.0,-954.2,I lost my silver keys. Features: tag hagning from it.,Found grey scientific calculator,train
L0482,F0483,1,positive,True,True,True,0.0,38.75,I lost my brown card holder. Features: leather finish.,brown card holder found,train
L0482,F0725,0,same_group_nearby,True,True,True,0.0,-31.77,I lost my brown card holder. Features: leather finish.,Found a dark Puma wallet. Features: zip coin pocket.,train
L0482,F0753,0,same_group_nearby,True,False,True,206.2,39.2,I lost my brown card holder. Features: leather finish.,silver key bunch found,train
L0482,F0633,0,same_group_nearby,True,True,True,128.1,28.05,I lost my brown card holder. Features: leather finish.,Found a card holder.,train
L0482,F0341,0,random,True,False,True,282.8,981.05,I lost my brown card holder. Features: leather finish.,Found brown purse,train
L0482,F0179,0,random,True,False,True,72.8,931.68,I lost my brown card holder. Features: leather finish.,Found a dark brown keys. Details: tiny lock key.,train
L0483,F0483,0,twin_hard_negative,False,True,True,155.2,-371.97,I lost my brown Hidesign card holder. It has metal logo.,brown card holder found,train
L0483,F0456,0,same_group_nearby,False,False,True,178.9,-65.75,I lost my brown Hidesign card holder. It has metal logo.,"Fuond a pink umbrella. Features: foldable umbrella, automatic open button.",train
L0483,F0241,0,same_group_nearby,False,True,True,126.5,-64.95,I lost my brown Hidesign card holder. It has metal logo.,Found a purse.,train
L0483,F0121,0,same_group_nearby,False,False,True,126.5,40.28,I lost my brown Hidesign card holder. It has metal logo.,Found a red specs box. Details: hard case.,train
L0483,F0421,0,random,False,False,False,126.5,60.62,I lost my brown Hidesign card holder. It has metal logo.,Found a navy blue backpack. Details: reflective strip.,train
L0483,F0150,0,random,False,False,False,216.3,831.15,I lost my brown Hidesign card holder. It has metal logo.,Found a blue AirPods earbuds case. Details: silicone cover.,train
L0484,F0484,1,positive,True,True,True,382.1,11.87,I lost my blue charging case. Details: hook for a lanyard.,Found a blue AirPods airpods case. Features: lanyard hook.,train
L0484,F0180,0,same_group_nearby,True,False,True,277.8,41.03,I lost my blue charging case. Details: hook for a lanyard.,pink fitness band found,train
L0484,F0333,0,same_group_nearby,True,False,True,0.0,40.4,I lost my blue charging case. Details: hook for a lanyard.,Found a silver battery pack. It has type-C input.,train
L0484,F0258,0,same_group_nearby,True,False,True,178.9,-23.82,I lost my blue charging case. Details: hook for a lanyard.,"Ye mila hai, owner ko batao: metallic Redmi smartphone found",train
L0484,F0322,0,random,True,False,False,260.0,67.03,I lost my blue charging case. Details: hook for a lanyard.,Found a silver key bunch. Details: bike key with a rubber cover.,train
L0484,F0556,0,random,True,False,True,0.0,1141.13,I lost my blue charging case. Details: hook for a lanyard.,Found a charger.,train
L0485,F0486,1,positive,True,True,True,164.0,2.18,"Lost my bottle, it is silver.",Found silver flask,train
L0485,F0487,0,twin_hard_negative,True,True,True,0.0,1258.42,"Lost my bottle, it is silver.","Found a silver water bottle. Features: stainless steel, flip cap. Kept safely with me.",train
L0485,F0588,0,same_group_nearby,True,True,True,260.0,35.9,"Lost my bottle, it is silver.","Found a blue Decathlon bottle. Features: one litre bottle, stainless steel, scratched paint. Kept safely with me.",train
L0485,F0597,0,random,True,False,False,120.4,-245.7,"Lost my bottle, it is silver.",Found a navy blue American Tourister backpack. Details: slightly torn near the strap.,train
L0485,F0391,0,random,True,False,False,150.0,986.27,"Lost my bottle, it is silver.",Found a green fitness band. Details: circular screen.,train
L0486,F0487,1,positive,True,True,True,0.0,59.75,"I lost my silver Decathlon water bottle. Features: flip cap, stainless steel.","Found a silver water bottle. Features: stainless steel, flip cap. Kept safely with me.",train
L0486,F0486,0,twin_hard_negative,True,True,True,164.0,-1196.48,"I lost my silver Decathlon water bottle. Features: flip cap, stainless steel.",Found silver flask,train
L0486,F0712,0,same_group_nearby,True,False,True,228.0,38.87,"I lost my silver Decathlon water bottle. Features: flip cap, stainless steel.","Found a black Tupperware bottle. It has flip cap, stainless steel, paint worn off in places. Kept safely with me.",train
L0486,F0673,0,same_group_nearby,True,True,True,271.7,30.53,"I lost my silver Decathlon water bottle. Features: flip cap, stainless steel.",Found a olive green Borosil bottle. Details: 1 litre size.,train
L0486,F0604,0,random,True,False,False,260.0,-536.43,"I lost my silver Decathlon water bottle. Features: flip cap, stainless steel.","Mujhe mila hai: found a black key bunch. Details: steel ring, small padlock key.",train
L0486,F0372,0,random,True,False,False,0.0,-80.88,"I lost my silver Decathlon water bottle. Features: flip cap, stainless steel.",Found a blue Casio scientific calculator. It has some keys faded.,train
L0487,F0488,1,positive,True,True,True,0.0,69.62,"I lost my silver Realem charger bank. Details: LED indicator, rubber finish.",Found a silver Realme battery pack. Details: matte rubber finish.,train
L0487,F0188,0,same_group_nearby,True,False,True,0.0,20.57,"I lost my silver Realem charger bank. Details: LED indicator, rubber finish.",Found a white Realme charger. It has about 1.5 m cable.,train
L0487,F0275,0,same_group_nearby,True,True,True,645.4,29.35,"I lost my silver Realem charger bank. Details: LED indicator, rubber finish.","Found a blue power bank. Details: slim body, four indicator lights.",train
L0487,F0545,0,same_group_nearby,True,False,True,645.4,53.9,"I lost my silver Realem charger bank. Details: LED indicator, rubber finish.","Ye mila hai, owner ko batao: found a white charger. Details: two-pin plug.",train
L0487,F0504,0,random,True,False,False,382.1,799.43,"I lost my silver Realem charger bank. Details: LED indicator, rubber finish.",Found a sky blue Casio scientific calculator. It has scientific type.,train
L0487,F0718,0,random,True,False,False,0.0,-109.77,"I lost my silver Realem charger bank. Details: LED indicator, rubber finish.",Found a dark Lenskart specs box. It has soft pouch.,train
L0488,F0489,1,positive,True,True,True,70.7,3.13,Mera i lost my grey calculator. It has some keys faded. kho gaya hai.,grey calculator found,test
L0488,F0490,0,twin_hard_negative,True,True,True,70.7,337.2,Mera i lost my grey calculator. It has some keys faded. kho gaya hai.,"Found a grey Citizen calculator. Details: solar panel, some keys faded. Kept safely with me.",test
L0488,F0003,0,random,True,False,False,400.0,37.88,Mera i lost my grey calculator. It has some keys faded. kho gaya hai.,Found a brown key bunch. Features: small padlock key.,test
L0488,F0494,0,random,True,False,False,304.6,-908.13,Mera i lost my grey calculator. It has some keys faded. kho gaya hai.,"Ye mila hai, owenr ko batao: found a bottle.",test
L0489,F0490,1,positive,True,True,True,0.0,0.58,I lost my grey Citizen calculator. Details: faded keys.,"Found a grey Citizen calculator. Details: solar panel, some keys faded. Kept safely with me.",test
L0489,F0489,0,twin_hard_negative,True,True,True,0.0,-333.48,I lost my grey Citizen calculator. Details: faded keys.,grey calculator found,test
L0489,F0227,0,same_group_nearby,True,False,True,201.2,-41.63,I lost my grey Citizen calculator. Details: faded keys.,light blue record book found,test
L0489,F0109,0,same_group_nearby,True,False,True,201.2,36.72,I lost my grey Citizen calculator. Details: faded keys.,"Found a blue Classmate record book. Features: hard cover, coloured sticky notes sticking out, spiral notebook.",test
L0489,F0255,0,same_group_nearby,True,False,True,128.1,30.72,I lost my grey Citizen calculator. Details: faded keys.,Found a red record book. Features: 200 pages.,test
L0489,F0534,0,random,True,False,False,420.1,-552.73,I lost my grey Citizen calculator. Details: faded keys.,Found a black flask. Details: flip-top lid.,test
L0489,F0381,0,random,True,False,False,520.1,-819.4,I lost my grey Citizen calculator. Details: faded keys.,grey notebook comupter found,test
L0490,F0491,1,positive,True,True,True,184.4,2.8,"I lost my silver keys. Details: plastic tag, small padlock key, two-wheeler key with cover. Please contact me if found.",silver key bunch found,train
L0490,F0572,0,same_group_nearby,True,True,True,250.0,11.82,"I lost my silver keys. Details: plastic tag, small padlock key, two-wheeler key with cover. Please contact me if found.",Found a dark key bunch. It has tiny lock key.,train
L0490,F0273,0,same_group_nearby,True,False,True,250.0,-41.62,"I lost my silver keys. Details: plastic tag, small padlock key, two-wheeler key with cover. Please contact me if found.","Found a navy blue Lifelong umbrella. Details: push-button opening, folding type, bent rib. Kept safely with me.",train
L0490,F0359,0,same_group_nearby,True,False,True,282.8,-3.62,"I lost my silver keys. Details: plastic tag, small padlock key, two-wheeler key with cover. Please contact me if found.",Found a pink umbrella. Details: foldable umbrella.,train
L0490,F0097,0,random,True,False,False,247.0,45.43,"I lost my silver keys. Details: plastic tag, small padlock key, two-wheeler key with cover. Please contact me if found.","Ye mila hai, owner ko batao: found a light blue Ambrane charger bank. It has matte rubber finish.",train
L0490,F0386,0,random,True,False,False,186.8,-1157.58,"I lost my silver keys. Details: plastic tag, small padlock key, two-wheeler key with cover. Please contact me if found.",rose water bottle found,train
L0491,F0491,0,twin_hard_negative,False,True,True,184.4,-253.23,I lost my metallic keys. Features: metal ring.,silver key bunch found,train
L0491,F0669,0,same_group_nearby,False,False,True,0.0,-21.82,I lost my metallic keys. Features: metal ring.,"Found a brown keychain. It has two-wheeler key with cover, tag hanging from it. Kept safely with me.",train
L0491,F0643,0,same_group_nearby,False,True,True,340.1,64.53,I lost my metallic keys. Features: metal ring.,Found a black keys. It has bike key with a rubber cover.,train
L0491,F0328,0,same_group_nearby,False,False,True,250.0,-19.85,I lost my metallic keys. Features: metal ring.,tan spectacle case found,train
L0491,F0038,0,random,False,False,False,355.1,-661.97,I lost my metallic keys. Features: metal ring.,Found a blue fitness band. Features: round dial.,train
L0491,F0234,0,random,False,False,False,58.3,-1242.43,I lost my metallic keys. Features: metal ring.,"Found a grey Asus notebook computer. Features: keyboard lights up, stickers on the top cover, fifteen inch display.",train
L0492,F0493,1,positive,True,True,True,382.1,6.05,"Lost my smartphone, it is green.",green phone found,train
L0492,F0161,0,same_group_nearby,True,False,True,269.3,31.45,"Lost my smartphone, it is green.",Found a rose watch. It has square dial.,train
L0492,F0014,0,same_group_nearby,True,False,True,277.8,2.92,"Lost my smartphone, it is green.","Ye mila hai, owner ko batao: found a black adapter with cable. It has two-pin plug, fast charging type.",train
L0492,F0676,0,same_group_nearby,True,True,True,178.9,-41.12,"Lost my smartphone, it is green.",dark green mobile found,train
L0492,F0574,0,random,True,True,True,260.0,80.6,"Lost my smartphone, it is green.",Found a red mobile. Details: two cameras at the back.,train
L0492,F0392,0,random,True,False,True,134.5,-524.45,"Lost my smartphone, it is green.",Found a green Apple Watch watch. Features: rectangular screen.,train
L0493,F0494,1,positive,True,True,True,0.0,3.03,"Mera lost my watre bottle, it is black. kho gaya hai.","Ye mila hai, owenr ko batao: found a bottle.",test
L0493,F0183,0,random,True,False,False,0.0,22.32,"Mera lost my watre bottle, it is black. kho gaya hai.",Found a silver keychain. Features: small padlock key.,test
L0493,F0660,0,random,True,False,False,389.5,744.55,"Mera lost my watre bottle, it is black. kho gaya hai.","Found a black boAt earbuds case. Details: scuffed lid, small LED light.",test
L0494,F0495,1,positive,True,True,True,0.0,3.42,I lost my pink flask. Features: scratched paint.,Mujhe mila hai: found a pink water bottle. Details: flip-top lid.,val
L0494,F0068,0,random,True,False,False,456.5,1109.88,I lost my pink flask. Features: scratched paint.,Found a navy blue umbrella. Details: automatic open button.,val
L0494,F0290,0,random,True,False,False,332.4,251.52,I lost my pink flask. Features: scratched paint.,blue power bank found,val
L0495,F0496,0,twin_hard_negative,False,True,True,123.7,182.93,I lost my blue MacBook laptop. It has 15 inch screen.,"Ye mila hai, owner ko batao: blue notebook computer found",train
L0495,F0375,0,same_group_nearby,False,False,True,0.0,69.08,I lost my blue MacBook laptop. It has 15 inch screen.,green fitness band found,train
L0495,F0468,0,same_group_nearby,False,False,True,271.7,-41.1,I lost my blue MacBook laptop. It has 15 inch screen.,Found a black Mi power bank. Features: type-C input.,train
L0495,F0180,0,same_group_nearby,False,False,True,202.5,-50.08,I lost my blue MacBook laptop. It has 15 inch screen.,pink fitness band found,train
L0495,F0341,0,random,False,False,False,355.1,882.22,I lost my blue MacBook laptop. It has 15 inch screen.,Found brown purse,train
L0495,F0077,0,random,False,False,False,133.4,-29.55,I lost my blue MacBook laptop. It has 15 inch screen.,"Found a silver keys. It has steel ring, small padlock key.",train
L0496,F0496,1,positive,True,True,True,0.0,18.37,I lost my blue laptop. Features: black sleeve.,"Ye mila hai, owner ko batao: blue notebook computer found",train
L0496,F0082,0,same_group_nearby,True,False,True,67.1,49.65,I lost my blue laptop. Features: black sleeve.,blue watch found,train
L0496,F0459,0,same_group_nearby,True,False,True,70.7,29.22,I lost my blue laptop. Features: black sleeve.,Found a black Syska power bank. Details: matte rubber finish.,train
L0496,F0318,0,same_group_nearby,True,False,True,70.7,-36.58,I lost my blue laptop. Features: black sleeve.,Found a pink airpods case. It has scuffed lid.,train
L0496,F0737,0,random,True,False,False,148.7,527.3,I lost my blue laptop. Features: black sleeve.,Found a blue Navneet book. It has spiral notebook.,train
L0496,F0380,0,random,True,False,False,70.7,642.5,I lost my blue laptop. Features: black sleeve.,"Found a red specs box. Details: cloth pouch type, zippered.",train
L0497,F0497,1,positive,True,True,True,0.0,6.12,I lost my black Popy umbrella. It has printed edges.,Found a dark umbrella. Features: printed edges.,train
L0497,F0241,0,same_group_nearby,True,False,True,308.1,3.52,I lost my black Popy umbrella. It has printed edges.,Found a purse.,train
L0497,F0177,0,same_group_nearby,True,False,True,230.2,-68.82,I lost my black Popy umbrella. It has printed edges.,"Mujhe mila hai: found a red keychain. Details: metal ring, small padlock key.",train
L0497,F0637,0,same_group_nearby,True,True,True,176.9,-33.27,I lost my black Popy umbrella. It has printed edges.,Found a olive green umbrella. Details: bent rib.,train
L0497,F0487,0,random,True,False,False,176.9,962.17,I lost my black Popy umbrella. It has printed edges.,"Found a silver water bottle. Features: stainless steel, flip cap. Kept safely with me.",train
L0497,F0651,0,random,True,False,False,589.0,-26.97,I lost my black Popy umbrella. It has printed edges.,Found a white smartwatch. Details: rubber strap.,train
L0498,F0498,1,positive,True,True,True,120.4,3.1,Lost grey Acer laptop,Found a notebook computer.,test
L0498,F0430,0,same_group_nearby,True,False,True,286.4,44.2,Lost grey Acer laptop,"Ye mila hai, owner ko batao: found a earbuds case.",test
L0498,F0638,0,same_group_nearby,True,False,True,260.0,8.08,Lost grey Acer laptop,"Found a white Mi battery pack. It has rubber finish, USB-C port, thin power bank. Kept safely with me.",test
L0498,F0269,0,same_group_nearby,True,False,True,134.2,68.35,Lost grey Acer laptop,Found a silver battery pack. Details: USB-C port.,test
L0498,F0183,0,random,True,False,False,176.9,-649.72,Lost grey Acer laptop,Found a silver keychain. Features: small padlock key.,test
L0498,F0490,0,random,True,False,False,206.2,576.33,Lost grey Acer laptop,"Found a grey Citizen calculator. Details: solar panel, some keys faded. Kept safely with me.",test
L0499,F0499,1,positive,True,True,True,0.0,13.15,"I lost my red Fastrack umbrella. Details: pattern on the border, one bent rib, automatic open button.",maroon-ish red umbrella found,train
L0499,F0710,0,same_group_nearby,True,False,True,223.6,-35.4,"I lost my red Fastrack umbrella. Details: pattern on the border, one bent rib, automatic open button.",Found black specs box,train
L0499,F0081,0,same_group_nearby,True,False,True,447.8,39.8,"I lost my red Fastrack umbrella. Details: pattern on the border, one bent rib, automatic open button.",Found a grey purse. It has frayed at the edges.,train
L0499,F0587,0,same_group_nearby,True,False,True,447.8,-4.87,"I lost my red Fastrack umbrella. Details: pattern on the border, one bent rib, automatic open button.",Found balck key bunch,train
L0499,F0740,0,random,True,False,False,404.5,-1110.12,"I lost my red Fastrack umbrella. Details: pattern on the border, one bent rib, automatic open button.","Found a black laptop. Features: 15 inch screen, sticker on the lid. Kept safely with me.",train
L0499,F0315,0,random,True,False,False,412.3,-416.77,"I lost my red Fastrack umbrella. Details: pattern on the border, one bent rib, automatic open button.",Found a earbuds case.,train
L0500,F0500,1,positive,True,True,True,0.0,1.2,"I lost my white Noise earbuds case. It has lanyard hook, silicone cover, tiny indicator light.","Found a white charigng case. Features: hook for a lanyard, tiny indicator light, rubber cover.",train
L0500,F0501,0,twin_hard_negative,True,True,True,0.0,1225.7,"I lost my white Noise earbuds case. It has lanyard hook, silicone cover, tiny indicator light.","Ye mila hai, owner ko batao: found a earbuds case.",train
L0500,F0168,0,same_group_nearby,True,False,True,282.8,40.98,"I lost my white Noise earbuds case. It has lanyard hook, silicone cover, tiny indicator light.",Found a pink boAt watch. It has rectangular screen.,train
L0500,F0157,0,same_group_nearby,True,False,True,120.4,2.52,"I lost my white Noise earbuds case. It has lanyard hook, silicone cover, tiny indicator light.",Found a black adapter with cable. Details: fast charging type.,train
L0500,F0239,0,same_group_nearby,True,False,True,0.0,7.5,"I lost my white Noise earbuds case. It has lanyard hook, silicone cover, tiny indicator light.","Found a blue OnePlus phone. Details: crack on the top corner, transparent case.",train
L0500,F0001,0,random,True,False,True,531.5,214.48,"I lost my white Noise earbuds case. It has lanyard hook, silicone cover, tiny indicator light.",dark grey power bank found,train
L0500,F0750,0,random,True,False,True,58.3,1758.3,"I lost my white Noise earbuds case. It has lanyard hook, silicone cover, tiny indicator light.",white smartwatch ofund,train
L0501,F0501,1,positive,True,True,True,0.0,3.63,"I lost my white Noise earbuds case. Features: scratches on the lid, silicone cover.","Ye mila hai, owner ko batao: found a earbuds case.",train
L0501,F0500,0,twin_hard_negative,True,True,True,0.0,-1220.87,"I lost my white Noise earbuds case. Features: scratches on the lid, silicone cover.","Found a white charigng case. Features: hook for a lanyard, tiny indicator light, rubber cover.",train
L0501,F0564,0,same_group_nearby,True,False,True,247.0,-25.9,"I lost my white Noise earbuds case. Features: scratches on the lid, silicone cover.",Found green smartwatch,train
L0501,F0425,0,same_group_nearby,True,False,True,340.1,51.33,"I lost my white Noise earbuds case. Features: scratches on the lid, silicone cover.",Found a white smartphone. Features: clear back cover.,train
L0501,F0665,0,same_group_nearby,True,False,True,120.4,-23.43,"I lost my white Noise earbuds case. Features: scratches on the lid, silicone cover.",Found a green OnePlus mobile. Details: crack on the top corner.,train
L0501,F0392,0,random,True,False,True,247.0,-190.43,"I lost my white Noise earbuds case. Features: scratches on the lid, silicone cover.",Found a green Apple Watch watch. Features: rectangular screen.,train
L0501,F0075,0,random,True,False,True,370.5,-879.82,"I lost my white Noise earbuds case. Features: scratches on the lid, silicone cover.",Found a pink watch. Features: square dial.,train
L0502,F0503,1,positive,True,True,True,186.8,19.95,"I lost my blue Classmate notebook. Features: hard cover, spiral bound. Please contact me if found.",Found a blue Classmate book. Features: spiral bound.,val
L0502,F0502,0,twin_hard_negative,True,True,True,0.0,-201.3,"I lost my blue Classmate notebook. Features: hard cover, spiral bound. Please contact me if found.",Found a sky blue Classmate book. Details: sticky notes inside.,val
L0502,F0404,0,random,True,True,True,449.4,-2.72,"I lost my blue Classmate notebook. Features: hard cover, spiral bound. Please contact me if found.",Found a notebook.,val
L0502,F0144,0,random,True,False,False,172.0,-401.58,"I lost my blue Classmate notebook. Features: hard cover, spiral bound. Please contact me if found.",black battery pack found,val
L0503,F0465,0,same_group_nearby,False,False,True,230.9,9.55,"I lost my brown Fastrack wallet. Features: looks like leather, frayed at the edges, metal logo. Please contact me if found.",Found brown keychain,train
L0503,F0669,0,same_group_nearby,False,False,True,58.3,0.43,"I lost my brown Fastrack wallet. Features: looks like leather, frayed at the edges, metal logo. Please contact me if found.","Found a brown keychain. It has two-wheeler key with cover, tag hanging from it. Kept safely with me.",train
L0503,F0328,0,same_group_nearby,False,False,True,308.1,2.4,"I lost my brown Fastrack wallet. Features: looks like leather, frayed at the edges, metal logo. Please contact me if found.",tan spectacle case found,train
L0503,F0324,0,random,False,False,False,589.0,-128.83,"I lost my brown Fastrack wallet. Features: looks like leather, frayed at the edges, metal logo. Please contact me if found.","Found a blue book. It has 200 pages, thick cover.",train
L0503,F0261,0,random,False,False,False,176.9,-956.0,"I lost my brown Fastrack wallet. Features: looks like leather, frayed at the edges, metal logo. Please contact me if found.",Found a silver notebook computer. Features: keyboard lights up.,train
L0504,F0504,1,positive,True,True,True,0.0,-0.88,"I lost my blue Casio calculator. Features: scientific calculator, slide cover.",Found a sky blue Casio scientific calculator. It has scientific type.,train
L0504,F0293,0,same_group_nearby,True,False,True,216.3,42.53,"I lost my blue Casio calculator. Features: scientific calculator, slide cover.",Found a dark yellow Camlin record book. Features: thick cover.,train
L0504,F0614,0,same_group_nearby,True,False,True,216.3,-17.22,"I lost my blue Casio calculator. Features: scientific calculator, slide cover.",Found a black book. Details: 200 pages.,train
L0504,F0266,0,same_group_nearby,True,True,True,155.2,21.02,"I lost my blue Casio calculator. Features: scientific calculator, slide cover.","Found a blue calculator. It has hard slide-on cover, faded keys. Kept safely with me.",train
L0504,F0325,0,random,True,False,False,178.9,-1014.73,"I lost my blue Casio calculator. Features: scientific calculator, slide cover.","Found a blue battery pack. Features: four indicator lights, type-C input. Kept safely with me.",train
L0504,F0051,0,random,True,False,False,216.3,-770.95,"I lost my blue Casio calculator. Features: scientific calculator, slide cover.",Found off-white watch,train
L0505,F0506,1,positive,True,True,True,0.0,15.23,"I lost my maroon-ish red Safari backpack. It has a pocket on the side, logo in white on the front, slightly torn near the strap. Please contact me if found.",oFund a red sports bag. Features: small tear by the strap.,test
L0505,F0761,0,random,True,False,False,349.9,1161.07,"I lost my maroon-ish red Safari backpack. It has a pocket on the side, logo in white on the front, slightly torn near the strap. Please contact me if found.",Found a metallic battery pack. Features: matte rubber finish.,test
L0505,F0227,0,random,True,False,False,608.3,1065.8,"I lost my maroon-ish red Safari backpack. It has a pocket on the side, logo in white on the front, slightly torn near the strap. Please contact me if found.",light blue record book found,test
L0506,F0507,1,positive,True,True,True,0.0,61.83,I lost my silver HP laptop. It has sticker on the lid.,"Found a silver laptop. Details: black sleeve, sticker on the lid.",train
L0506,F0164,0,same_group_nearby,True,False,True,230.9,-50.25,I lost my silver HP laptop. It has sticker on the lid.,Found black charger bank,train
L0506,F0650,0,same_group_nearby,True,False,True,308.1,23.05,I lost my silver HP laptop. It has sticker on the lid.,Found a cream adapter with cable. Details: about 1.5 m cable.,train
L0506,F0545,0,same_group_nearby,True,False,True,230.2,-1.97,I lost my silver HP laptop. It has sticker on the lid.,"Ye mila hai, owner ko batao: found a white charger. Details: two-pin plug.",train
L0506,F0052,0,random,True,False,True,389.5,-25.65,I lost my silver HP laptop. It has sticker on the lid.,Found a white Fire-Boltt watch. Features: silicone strap.,train
L0506,F0569,0,random,True,False,True,176.9,677.62,I lost my silver HP laptop. It has sticker on the lid.,Mujhe mila hai: found a blue phone. Details: two cameras at the back.,train
L0507,F0509,1,positive,True,True,True,0.0,3.53,"I lost my light pink OnePlus earbuds case. It has scuffed lid, tiny indicator light.",Found a pink charging case. It has small LED light.,train
L0507,F0280,0,same_group_nearby,True,True,True,0.0,4.77,"I lost my light pink OnePlus earbuds case. It has scuffed lid, tiny indicator light.","Found a dark AirPods airpods case. It has rubber cover, small LED light, scuffed lid.",train
L0507,F0157,0,same_group_nearby,True,False,True,260.0,-42.15,"I lost my light pink OnePlus earbuds case. It has scuffed lid, tiny indicator light.",Found a black adapter with cable. Details: fast charging type.,train
L0507,F0565,0,same_group_nearby,True,False,True,134.5,38.03,"I lost my light pink OnePlus earbuds case. It has scuffed lid, tiny indicator light.","Found a green Apple Watch fitness band. It has rectangular screen, circular screen.",train
L0507,F0740,0,random,True,False,True,277.8,626.12,"I lost my light pink OnePlus earbuds case. It has scuffed lid, tiny indicator light.","Found a black laptop. Features: 15 inch screen, sticker on the lid. Kept safely with me.",train
L0507,F0551,0,random,True,False,False,277.8,1740.37,"I lost my light pink OnePlus earbuds case. It has scuffed lid, tiny indicator light.","Found a black Puma rucksack. It has logo in white on the front, reflective strip.",train
L0508,F0511,1,positive,True,True,True,0.0,1.92,"I lost my white Vivo phone. Features: crack on the top corner, two cameras at the back. Please cnotact me if found.","Found a white Vivo phone. It has two cameras at the back, cracked screen corner.",train
L0508,F0510,0,twin_hard_negative,True,True,True,134.5,437.32,"I lost my white Vivo phone. Features: crack on the top corner, two cameras at the back. Please cnotact me if found.","Fuond a white Vivo phone. It has dual camera, ring holder on the back. Kept safely with me.",train
L0508,F0016,0,same_group_nearby,True,False,True,202.5,43.28,"I lost my white Vivo phone. Features: crack on the top corner, two cameras at the back. Please cnotact me if found.","Found a black charger. Details: two-pin adapter, about 1.5 m cable. Kept safely with me.",train
L0508,F0459,0,same_group_nearby,True,False,True,134.5,23.13,"I lost my white Vivo phone. Features: crack on the top corner, two cameras at the back. Please cnotact me if found.",Found a black Syska power bank. Details: matte rubber finish.,train
L0508,F0261,0,same_group_nearby,True,False,True,172.0,70.17,"I lost my white Vivo phone. Features: crack on the top corner, two cameras at the back. Please cnotact me if found.",Found a silver notebook computer. Features: keyboard lights up.,train
L0508,F0359,0,random,True,False,False,134.5,788.77,"I lost my white Vivo phone. Features: crack on the top corner, two cameras at the back. Please cnotact me if found.",Found a pink umbrella. Details: foldable umbrella.,train
L0508,F0127,0,random,True,False,False,10.0,-261.42,"I lost my white Vivo phone. Features: crack on the top corner, two cameras at the back. Please cnotact me if found.",Found a black key bunch. It has steel ring.,train
L0509,F0512,1,positive,True,True,True,0.0,2.62,I lost my brown purse. Details: leather finish.,Found a card holder.,val
L0509,F0056,0,same_group_nearby,True,False,True,271.7,43.17,I lost my brown purse. Details: leather finish.,Found a grey Popy umbrella. Features: bent rib.,val
L0509,F0221,0,same_group_nearby,True,False,True,206.2,52.73,I lost my brown purse. Details: leather finish.,Found a brown Titan specs box. It has hard case.,val
L0509,F0153,0,same_group_nearby,True,False,True,286.4,19.12,I lost my brown purse. Details: leather finish.,"Found a pink umbrella. Details: foldable umbrella, automatic open button. Kept safely with me.",val
L0509,F0223,0,random,True,False,True,286.4,659.0,I lost my brown purse. Details: leather finish.,Found a black umbrella. It has one bent rib.,val
L0509,F0723,0,random,True,False,False,405.0,-880.1,I lost my brown purse. Details: leather finish.,Found a red backpack. Details: reflective strip.,val
L0510,F0513,1,positive,True,True,True,134.5,0.63,I lost my white smartwatch. Features: glass slightly scratched.,"Found a white watch. Features: scratch on the glass, silicone strap, rectangular screen. Kept safely with me.",train
L0510,F0050,0,same_group_nearby,True,False,True,330.2,-23.17,I lost my white smartwatch. Features: glass slightly scratched.,Found a grey notebook computer. It has backlit keyboard.,train
L0510,F0226,0,same_group_nearby,True,False,True,0.0,25.75,I lost my white smartwatch. Features: glass slightly scratched.,Found white battery pack,train
L0510,F0303,0,same_group_nearby,True,False,True,330.2,4.05,I lost my white smartwatch. Features: glass slightly scratched.,"Found a blue notebook computer. It has in a black laptop sleeve, 15 inch screen.",train
L0510,F0270,0,random,True,False,False,400.0,413.73,I lost my white smartwatch. Features: glass slightly scratched.,Found a bag.,train
L0510,F0584,0,random,True,False,True,611.9,226.65,I lost my white smartwatch. Features: glass slightly scratched.,Found a dark adapter with cable. It has about 1.5 m cable.,train
L0511,F0514,1,positive,True,True,True,0.0,2.7,Lost wihte smartphone,Found a phone.,train
L0511,F0072,0,same_group_nearby,True,False,True,178.9,15.8,Lost wihte smartphone,Found a silver Ambrane charger bank. Features: thin power bank.,train
L0511,F0419,0,same_group_nearby,True,False,True,155.2,-19.37,Lost wihte smartphone,Found a laptop.,train
L0511,F0464,0,same_group_nearby,True,False,True,277.8,-45.27,Lost wihte smartphone,Found a black battery pack. Features: matte rubber finish.,train
L0511,F0764,0,random,True,False,False,0.0,97.85,Lost wihte smartphone,Found a silver-grey bag. It has slightyl torn near the strap.,train
L0511,F0519,0,random,True,False,False,277.8,-358.22,Lost wihte smartphone,Found a grey specs box. It has hard case.,train
L0512,F0515,1,positive,True,True,True,176.9,3.37,I lost my grey wallet. Features: metal logo.,Fonud a card holder.,val
L0512,F0732,0,same_group_nearby,True,False,True,271.7,-20.17,I lost my grey wallet. Features: metal logo.,Found a sky blue glasses case. Details: zip closure.,val
L0512,F0355,0,random,True,False,True,228.0,-462.7,I lost my grey wallet. Features: metal logo.,"Found a grey glasses case. Details: hard shell, cloth pouch type.",val
L0512,F0756,0,random,True,False,True,271.7,-402.2,I lost my grey wallet. Features: metal logo.,"Found a maroon Fastrack wallet. Details: looks like leather, zipper coin section.",val
L0513,F0516,1,positive,True,True,True,0.0,2.42,"I lost my navy blue Hidesign wallet. It has frayed at the edges, zip coin pocket.","Found a navy blue Hidesign wallet. Details: zip coin pocket, frayed at the edges. Kept safely with me.",train
L0513,F0402,0,same_group_nearby,True,False,True,10.0,-29.28,"I lost my navy blue Hidesign wallet. It has frayed at the edges, zip coin pocket.",Found a red keychain. Features: metal ring.,train
L0513,F0599,0,same_group_nearby,True,False,True,172.0,-44.13,"I lost my navy blue Hidesign wallet. It has frayed at the edges, zip coin pocket.",Found a black spectacle case. Features: small logo.,train
L0513,F0453,0,same_group_nearby,True,False,True,0.0,48.1,"I lost my navy blue Hidesign wallet. It has frayed at the edges, zip coin pocket.",Found a brown keychain. Details: plasitc tag.,train
L0513,F0108,0,random,True,False,True,134.5,-737.58,"I lost my navy blue Hidesign wallet. It has frayed at the edges, zip coin pocket.",Found a red glasses case. Details: cloth pouch type.,train
L0513,F0531,0,random,True,False,True,383.3,-403.13,"I lost my navy blue Hidesign wallet. It has frayed at the edges, zip coin pocket.",Found brown keychain,train
L0514,F0517,1,positive,True,False,True,133.4,16.32,I lost my dark green Borosil water bottle. It has steel body.,Found green water bottle,train
L0514,F0763,0,same_group_nearby,True,False,True,290.0,64.97,I lost my dark green Borosil water bottle. It has steel body.,Found a silver Borosil water bottle. Details: paint worn off in places.,train
L0514,F0177,0,random,True,False,False,197.2,-279.73,I lost my dark green Borosil water bottle. It has steel body.,"Mujhe mila hai: found a red keychain. Details: metal ring, small padlock key.",train
L0514,F0058,0,random,True,False,False,410.0,558.12,I lost my dark green Borosil water bottle. It has steel body.,Found a white charger bank. It has type-C input.,train
L0515,F0519,1,positive,True,True,True,0.0,3.4,I lost my grey spectacles case. Details: tiny logo on the front.,Found a grey specs box. It has hard case.,train
L0515,F0582,0,same_group_nearby,True,True,True,328.0,-20.55,I lost my grey spectacles case. Details: tiny logo on the front.,"Found a brown Lenskart glasess case. Features: hard shell, zip closure, tiny logo on the front.",train
L0515,F0323,0,same_group_nearby,True,False,True,201.2,9.92,I lost my grey spectacles case. Details: tiny logo on the front.,Found a dark Fastrack umbrella. Features: folding type.,train
L0515,F0077,0,same_group_nearby,True,False,True,277.8,-25.28,I lost my grey spectacles case. Details: tiny logo on the front.,"Found a silver keys. It has steel ring, small padlock key.",train
L0515,F0549,0,random,True,False,False,608.3,216.22,I lost my grey spectacles case. Details: tiny logo on the front.,Found a red mobile. It has pop socket on the back.,train
L0515,F0274,0,random,True,False,False,404.5,787.52,I lost my grey spectacles case. Details: tiny logo on the front.,Found a pink Realme airpods case. It has lanyard hook.,train
L0516,F0520,1,positive,True,False,True,0.0,1.02,Kisi ko mila ho toh batao: red spectacles case lost,Found a red spectacle case. Details: cloth pouch type.,train
L0516,F0384,0,same_group_nearby,True,False,True,294.3,-6.83,Kisi ko mila ho toh batao: red spectacles case lost,"Found a brown Lenskart spectacle case. Details: hard shell, zippered, tiny logo on the front.",train
L0516,F0628,0,same_group_nearby,True,False,True,72.8,-42.33,Kisi ko mila ho toh batao: red spectacles case lost,"Found a silver keys. Features: metal ring, bike key with a rubber cover.",train
L0516,F0618,0,same_group_nearby,True,True,True,123.7,-50.27,Kisi ko mila ho toh batao: red spectacles case lost,Found a grey umbrella. Details: bent rib.,train
L0516,F0543,0,random,True,False,False,271.7,474.27,Kisi ko mila ho toh batao: red spectacles case lost,Found a red Camlin notebook. It has hard cover.,train
L0516,F0721,0,random,True,False,True,463.2,540.65,Kisi ko mila ho toh batao: red spectacles case lost,Found a brown Titan glasses case. It has zip closure.,train
L0517,F0521,1,positive,True,True,True,155.6,17.65,I lost my sky blue Fire-Boltt smartwatch. It has rectangular screen.,Found a blue Fire-Boltt watch. Features: silicone strap.,train
L0517,F0352,0,same_group_nearby,True,False,True,134.5,-5.12,I lost my sky blue Fire-Boltt smartwatch. It has rectangular screen.,Found a dark grey Realme adapter with cable. Details: braided cable.,train
L0517,F0082,0,same_group_nearby,True,True,True,328.0,-48.58,I lost my sky blue Fire-Boltt smartwatch. It has rectangular screen.,blue watch found,train
L0517,F0156,0,same_group_nearby,True,False,True,269.3,-47.28,I lost my sky blue Fire-Boltt smartwatch. It has rectangular screen.,"Found a dark grey charger. Features: two-pin plug, about 1.5 m cable. Kept safely with me.",train
L0517,F0427,0,random,True,False,False,404.5,1125.4,I lost my sky blue Fire-Boltt smartwatch. It has rectangular screen.,Found a sports bag.,train
L0517,F0734,0,random,True,False,True,519.2,-427.0,I lost my sky blue Fire-Boltt smartwatch. It has rectangular screen.,Found a white AirPods charging case. Details: rubber cover.,train
L0518,F0093,0,same_group_nearby,False,False,True,134.2,16.38,"I lost my black phone. It has ring holder on the back, clear back cover.",Found a cream Realme earbuds case. Features: hook for a lanyard.,val
L0518,F0055,0,same_group_nearby,False,False,True,126.5,43.1,"I lost my black phone. It has ring holder on the back, clear back cover.",Found a watch.,val
L0518,F0139,0,same_group_nearby,False,False,True,170.9,-41.07,"I lost my black phone. It has ring holder on the back, clear back cover.",Found a charger.,val
L0518,F0086,0,random,False,False,True,461.0,-274.88,"I lost my black phone. It has ring holder on the back, clear back cover.",pink watch found,val
L0518,F0682,0,random,False,False,False,67.1,-907.08,"I lost my black phone. It has ring holder on the back, clear back cover.","Found a silver-grey Hidesign purse. Details: small metal logo, zip coin pocket, worn edges.",val
L0519,F0522,1,positive,True,True,True,123.7,6.52,blue wtaer bottle lost,"Found a blue Cello bottle. Details: steel body, scratched paint.",train
L0519,F0523,0,twin_hard_negative,True,True,True,123.7,-1563.68,blue wtaer bottle lost,Fonud a blue flask. It has paint worn off in places.,train
L0519,F0587,0,random,True,False,False,197.2,-1.53,blue wtaer bottle lost,Found balck key bunch,train
L0519,F0103,0,random,True,False,False,290.0,-696.35,blue wtaer bottle lost,"Foudn a light blue Camlin notebook. Features: coloured sticky notes sticking out, spiral notebook. Kept safely with me.",train
L0520,F0523,1,positive,True,True,True,0.0,2.78,"I lost my blue Cello water bottle. It has one litre bottle, paint worn off in places. Please contact me if found.",Fonud a blue flask. It has paint worn off in places.,train
L0520,F0522,0,twin_hard_negative,True,True,True,0.0,1572.98,"I lost my blue Cello water bottle. It has one litre bottle, paint worn off in places. Please contact me if found.","Found a blue Cello bottle. Details: steel body, scratched paint.",train
L0520,F0586,0,same_group_nearby,True,True,True,123.7,9.1,"I lost my blue Cello water bottle. It has one litre bottle, paint worn off in places. Please contact me if found.",Found a blue water bottle. It has steel body.,train
L0520,F0476,0,same_group_nearby,True,True,True,148.7,3.22,"I lost my blue Cello water bottle. It has one litre bottle, paint worn off in places. Please contact me if found.",Mujhe mila hai: found a orange water bottle. It has flip cap.,train
L0520,F0705,0,same_group_nearby,True,True,True,304.6,13.53,"I lost my blue Cello water bottle. It has one litre bottle, paint worn off in places. Please contact me if found.","Mujhe mila hai: found a sky blue flask. It has flip-top lid, one liter bottle, stainless steel. Kept safely with me.",train
L0520,F0171,0,random,True,False,False,350.0,1022.92,"I lost my blue Cello water bottle. It has one litre bottle, paint worn off in places. Please contact me if found.",Found a blue Noise airpods case. It has lanyard hook.,train
L0520,F0460,0,random,True,False,False,70.7,1647.53,"I lost my blue Cello water bottle. It has one litre bottle, paint worn off in places. Please contact me if found.","Found a dark Syska power bank. Features: USB-C port, matte rubber finish.",train
L0521,F0524,0,twin_hard_negative,False,True,True,0.0,1363.88,I lost my blue Asus laptop. Details: in a black laptop sleeve.,Found a blue laptop. Details: 15 inch screen.,train
L0521,F0057,0,same_group_nearby,False,False,True,134.2,66.12,I lost my blue Asus laptop. Details: in a black laptop sleeve.,Found a black smartwatch. It has round dial.,train
L0521,F0146,0,same_group_nearby,False,True,True,284.3,-49.57,I lost my blue Asus laptop. Details: in a black laptop sleeve.,Found grey notebook computer,train
L0521,F0390,0,same_group_nearby,False,False,True,0.0,-19.18,I lost my blue Asus laptop. Details: in a black laptop sleeve.,"Found a maroon-ish red Motorola smartphone. It has pop socket on the back, clear back cover. Kept safely with me.",train
L0521,F0472,0,random,False,False,False,449.4,173.03,I lost my blue Asus laptop. Details: in a black laptop sleeve.,Found a maroon Puma bag. Details: logo in whiet on the front.,train
L0521,F0607,0,random,False,False,True,449.4,345.73,I lost my blue Asus laptop. Details: in a black laptop sleeve.,"Found a blue boAt watch. Details: glass slightly scratched, silicone strap, rectangular screen. Kept safely with me.",train
L0522,F0524,1,positive,True,True,True,134.2,13.17,I lost my blue Asus laptop. It has in a black alptop sleeve.,Found a blue laptop. Details: 15 inch screen.,train
L0522,F0041,0,same_group_nearby,True,False,True,263.1,47.6,I lost my blue Asus laptop. It has in a black alptop sleeve.,Found a light blue iPhone phone. It has dual camera.,train
L0522,F0196,0,same_group_nearby,True,False,True,237.7,-36.4,I lost my blue Asus laptop. It has in a black alptop sleeve.,cream earbuds case found,train
L0522,F0574,0,same_group_nearby,True,False,True,228.0,-48.55,I lost my blue Asus laptop. It has in a black alptop sleeve.,Found a red mobile. Details: two cameras at the back.,train
L0522,F0539,0,random,True,False,True,352.3,-643.48,I lost my blue Asus laptop. It has in a black alptop sleeve.,blakc mobile found,train
L0522,F0365,0,random,True,False,True,0.0,-1511.57,I lost my blue Asus laptop. It has in a black alptop sleeve.,"Found a blue boAt earbuds case. It has small LED light, rubber cover, lanyard hook. Kept safely with me.",train
L0523,F0525,1,positive,True,False,True,134.2,16.23,"I lost my pink Lifelong umbrella. It has printed edges, push-button opening, one bent rib.",Found a pink Lifelong umbrella. Details: automatic open button.,val
L0523,F0007,0,random,True,False,False,284.3,-368.32,"I lost my pink Lifelong umbrella. It has printed edges, push-button opening, one bent rib.",Found a white adapter with cable. Details: braided cable.,val
L0523,F0354,0,random,True,False,True,134.2,-277.53,"I lost my pink Lifelong umbrella. It has printed edges, push-button opening, one bent rib.","Mujhe mila hai: found a grey Titan spectacle case. Features: small logo, soft pouch, zip closure. Kept safely with me.",val
L0524,F0526,1,positive,True,False,True,0.0,1.08,"I lost my pink water bottle. Features: stainless steel, flip cap, paint worn off in places. Please contact me if found.",Found a bottle.,train
L0524,F0527,0,twin_hard_negative,True,True,True,0.0,787.25,"I lost my pink water bottle. Features: stainless steel, flip cap, paint worn off in places. Please contact me if found.",Found a water bottle.,train
L0524,F0706,0,same_group_nearby,True,True,True,184.4,28.38,"I lost my pink water bottle. Features: stainless steel, flip cap, paint worn off in places. Please contact me if found.",Found a bottle.,train
L0524,F0350,0,same_group_nearby,True,True,True,120.4,-6.48,"I lost my pink water bottle. Features: stainless steel, flip cap, paint worn off in places. Please contact me if found.","Found a orange Milton flask. It has steel body, paint worn off in places. Kept safely with me.",train
L0524,F0338,0,same_group_nearby,True,True,True,120.4,-44.92,"I lost my pink water bottle. Features: stainless steel, flip cap, paint worn off in places. Please contact me if found.",Found a pink water bottle. Details: steel body.,train
L0524,F0750,0,random,True,False,False,58.3,768.38,"I lost my pink water bottle. Features: stainless steel, flip cap, paint worn off in places. Please contact me if found.",white smartwatch ofund,train
L0524,F0597,0,random,True,False,False,0.0,-902.5,"I lost my pink water bottle. Features: stainless steel, flip cap, paint worn off in places. Please contact me if found.",Found a navy blue American Tourister backpack. Details: slightly torn near the strap.,train
L0525,F0527,1,positive,True,True,True,0.0,2.27,"I lost my pink Tupperware water bottle. It has 1 litre size, paint worn off in places. Please contact me if found.",Found a water bottle.,train
L0525,F0526,0,twin_hard_negative,True,False,True,0.0,-783.9,"I lost my pink Tupperware water bottle. It has 1 litre size, paint worn off in places. Please contact me if found.",Found a bottle.,train
L0525,F0522,0,same_group_nearby,True,True,True,247.0,9.18,"I lost my pink Tupperware water bottle. It has 1 litre size, paint worn off in places. Please contact me if found.","Found a blue Cello bottle. Details: steel body, scratched paint.",train
L0525,F0488,0,random,True,False,False,750.0,-865.78,"I lost my pink Tupperware water bottle. It has 1 litre size, paint worn off in places. Please contact me if found.",Found a silver Realme battery pack. Details: matte rubber finish.,train
L0525,F0011,0,random,True,False,False,531.5,-414.78,"I lost my pink Tupperware water bottle. It has 1 litre size, paint worn off in places. Please contact me if found.",Found a dark brown wallet. It has zipper coin section.,train
L0526,F0528,1,positive,True,False,True,0.0,19.28,I lost my white Dell charger. It has fast charger.,off-white adapter with cable found,val
L0526,F0529,0,twin_hard_negative,True,False,True,0.0,-1329.97,I lost my white Dell charger. It has fast charger.,"Found a cream adapter with cable. Details: two-pin adapter, cloth braided cable.",val
L0526,F0236,0,same_group_nearby,True,True,True,260.0,-71.75,I lost my white Dell charger. It has fast charger.,Found a green smartwatch. It has scratch on the glass.,val
L0526,F0067,0,same_group_nearby,True,False,True,269.3,-28.05,I lost my white Dell charger. It has fast charger.,white adapter with cable found,val
L0526,F0139,0,same_group_nearby,True,False,True,216.3,64.18,I lost my white Dell charger. It has fast charger.,Found a charger.,val
L0526,F0128,0,random,True,False,False,372.2,-220.98,I lost my white Dell charger. It has fast charger.,Found a black notebook. Features: coloured tsicky notes sticking out.,val
L0526,F0210,0,random,True,False,True,410.5,-129.3,I lost my white Dell charger. It has fast charger.,white Ambrane charger bank found,val
L0527,F0529,1,positive,True,False,True,0.0,4.08,Kisi ko mila ho toh batao: lost white Dell chagrer,"Found a cream adapter with cable. Details: two-pin adapter, cloth braided cable.",val
L0527,F0528,0,twin_hard_negative,True,True,True,0.0,1353.33,Kisi ko mila ho toh batao: lost white Dell chagrer,off-white adapter with cable found,val
L0527,F0291,0,same_group_nearby,True,False,True,349.9,-53.58,Kisi ko mila ho toh batao: lost white Dell chagrer,Found blue small case,val
L0527,F0235,0,same_group_nearby,True,False,True,260.0,-62.2,Kisi ko mila ho toh batao: lost white Dell chagrer,"Found a green Noise smartwatch. It has rectangular screen, glass slightly scratched.",val
L0527,F0067,0,random,True,True,True,269.3,1306.0,Kisi ko mila ho toh batao: lost white Dell chagrer,white adapter with cable found,val
L0527,F0470,0,random,True,False,False,126.5,1339.67,Kisi ko mila ho toh batao: lost white Dell chagrer,"Found a black rucksack. It has two front zips, white logo, laptop compartment.",val
L0528,F0530,1,positive,True,True,True,0.0,5.33,"I lost my white eRalme charger. Features: two-pin adapter, fast charging type, cloth braided cable. Please contact me if found.","Foudn a white Realme adapter with cable. It has two-pin adapter, cloth braided cable, fast charging type.",val
L0528,F0031,0,same_group_nearby,True,True,True,201.0,14.63,"I lost my white eRalme charger. Features: two-pin adapter, fast charging type, cloth braided cable. Please contact me if found.","Found a black Realme adapter with cable. Features: cloth braided cable, fast charger, long cable.",val
L0528,F0277,0,same_group_nearby,True,False,True,282.8,22.98,"I lost my white eRalme charger. Features: two-pin adapter, fast charging type, cloth braided cable. Please contact me if found.",white power bank found,val
L0528,F0144,0,same_group_nearby,True,False,True,134.2,-62.35,"I lost my white eRalme charger. Features: two-pin adapter, fast charging type, cloth braided cable. Please contact me if found.",black battery pack found,val
L0528,F0131,0,random,True,False,True,250.0,-538.7,"I lost my white eRalme charger. Features: two-pin adapter, fast charging type, cloth braided cable. Please contact me if found.","Found a grey Asus notebook computer. Features: fifteen inch display, sticker on the lid.",val
L0528,F0110,0,random,True,False,False,126.5,477.27,"I lost my white eRalme charger. Features: two-pin adapter, fast charging type, cloth braided cable. Please contact me if found.",grey calculator found,val
L0529,F0531,1,positive,True,True,True,134.5,3.63,"I lost my brown keys. Features: bike key with a rubber cover, plastic tag.",Found brown keychain,train
L0529,F0532,0,twin_hard_negative,True,True,True,134.5,-1101.82,"I lost my brown keys. Features: bike key with a rubber cover, plastic tag.","Ye mila hai, owner ko batao: found a brown key bunch. It has steel ring, plastic tag.",train
L0529,F0264,0,same_group_nearby,True,False,True,328.0,-22.6,"I lost my brown keys. Features: bike key with a rubber cover, plastic tag.",Found a wallet.,train
L0529,F0242,0,same_group_nearby,True,False,True,155.6,64.05,"I lost my brown keys. Features: bike key with a rubber cover, plastic tag.",Found a maroon wallet. Details: metal logo.,train
L0529,F0359,0,same_group_nearby,True,False,True,201.2,70.35,"I lost my brown keys. Features: bike key with a rubber cover, plastic tag.",Found a pink umbrella. Details: foldable umbrella.,train
L0529,F0485,0,random,True,False,True,269.3,180.35,"I lost my brown keys. Features: bike key with a rubber cover, plastic tag.","Found a gray Woodland card holder. Details: zipper coin section, worn edges.",train
L0529,F0643,0,random,True,True,True,481.7,394.53,"I lost my brown keys. Features: bike key with a rubber cover, plastic tag.",Found a black keys. It has bike key with a rubber cover.,train
L0530,F0532,1,positive,True,False,True,0.0,-0.03,"I lost my brown keys. Features: plastic tag, metal ring.","Ye mila hai, owner ko batao: found a brown key bunch. It has steel ring, plastic tag.",train
L0530,F0531,0,twin_hard_negative,True,False,True,0.0,1105.42,"I lost my brown keys. Features: plastic tag, metal ring.",Found brown keychain,train
L0530,F0418,0,same_group_nearby,True,False,True,0.0,-30.22,"I lost my brown keys. Features: plastic tag, metal ring.","Found a dark brown Woodland wallet. Features: worn edges, leather finish. Kept safely with me.",train
L0530,F0484,0,random,True,False,False,602.1,133.47,"I lost my brown keys. Features: plastic tag, metal ring.",Found a blue AirPods airpods case. Features: lanyard hook.,train
L0530,F0574,0,random,True,False,False,527.7,1463.45,"I lost my brown keys. Features: plastic tag, metal ring.",Found a red mobile. Details: two cameras at the back.,train
L0531,F0745,0,same_group_nearby,False,False,True,260.0,20.33,red spectacles case lost,Foudn black keys,train
L0531,F0323,0,same_group_nearby,False,False,True,155.2,51.8,red spectacles case lost,Found a dark Fastrack umbrella. Features: folding type.,train
L0531,F0631,0,same_group_nearby,False,False,True,277.8,21.97,red spectacles case lost,Found a keys.,train
L0531,F0531,0,random,False,False,True,410.5,938.85,red spectacles case lost,Found brown keychain,train
L0531,F0420,0,random,False,False,False,134.5,460.77,red spectacles case lost,Found a light blue laptop. It has in a black laptop sleeve.,train
L0532,F0733,0,same_group_nearby,False,False,True,0.0,20.73,I lost my maroon-ish red spcetacles case. Features: zippered.,Found a grey umbrella. It has pattern on the border.,train
L0532,F0557,0,same_group_nearby,False,False,True,645.4,45.7,I lost my maroon-ish red spcetacles case. Features: zippered.,"Found a grey Woodland purse. Details: zipper coin section, worn edges, looks like leather. Kept safely with me.",train
L0532,F0735,0,same_group_nearby,False,True,True,0.0,-4.6,I lost my maroon-ish red spcetacles case. Features: zippered.,red specs box fuond,train
L0532,F0343,0,random,False,False,True,750.0,43.52,I lost my maroon-ish red spcetacles case. Features: zippered.,brown keychain found,train
L0532,F0569,0,random,False,False,False,632.5,1520.35,I lost my maroon-ish red spcetacles case. Features: zippered.,Mujhe mila hai: found a blue phone. Details: two cameras at the back.,train
L0533,F0533,1,positive,True,True,True,0.0,2.45,"I lost my dark grey Decathlon bottle. Features: 1 litre size, stainless steel, paint worn off in places. Please contact me if found.",Found a black water bottle. It has scratched paint.,test
L0533,F0534,0,twin_hard_negative,True,False,True,284.3,426.6,"I lost my dark grey Decathlon bottle. Features: 1 litre size, stainless steel, paint worn off in places. Please contact me if found.",Found a black flask. Details: flip-top lid.,test
L0533,F0115,0,same_group_nearby,True,False,True,282.8,32.2,"I lost my dark grey Decathlon bottle. Features: 1 litre size, stainless steel, paint worn off in places. Please contact me if found.","Found a orange Cello bottle. It has scratched paint, steel body.",test
L0533,F0233,0,same_group_nearby,True,True,True,250.0,2.93,"I lost my dark grey Decathlon bottle. Features: 1 litre size, stainless steel, paint worn off in places. Please contact me if found.",Found a silver Milton flask. Details: stainless steel.,test
L0533,F0117,0,random,True,False,False,170.9,345.18,"I lost my dark grey Decathlon bottle. Features: 1 litre size, stainless steel, paint worn off in places. Please contact me if found.","Found a green Samsung smartphone. Features: transparent case, two cameras at the back.",test
L0533,F0388,0,random,True,False,False,126.5,505.17,"I lost my dark grey Decathlon bottle. Features: 1 litre size, stainless steel, paint worn off in places. Please contact me if found.",Found red rucksack,test
L0534,F0534,1,positive,True,False,True,0.0,47.92,"I lost my black water bottle. It has flip-top lid, srcatched paint.",Found a black flask. Details: flip-top lid.,test
L0534,F0533,0,twin_hard_negative,True,True,True,284.3,-376.23,"I lost my black water bottle. It has flip-top lid, srcatched paint.",Found a black water bottle. It has scratched paint.,test
L0534,F0059,0,random,True,False,False,370.5,73.63,"I lost my black water bottle. It has flip-top lid, srcatched paint.","Ye mila hai, owner ko batao: blue rucksack found",test
L0534,F0080,0,random,True,False,False,608.3,-818.13,"I lost my black water bottle. It has flip-top lid, srcatched paint.","Found a grey spectacle case. It has cloth pouch type, small logo. Kept safely with me.",test
L0535,F0535,1,positive,True,True,True,0.0,1.3,"I lost my navy blue Hidesign wallet. Details: worn edges, looks like leather. Please contact me if found.","Found a navy blue Hidesign wallet. Details: worn edges, looks like leather.",test
L0535,F0536,0,twin_hard_negative,True,True,True,0.0,-429.43,"I lost my navy blue Hidesign wallet. Details: worn edges, looks like leather. Please contact me if found.","Ye mila hai, owner ko batao: navy blue wallet found",test
L0535,F0337,0,same_group_nearby,True,False,True,277.8,21.93,"I lost my navy blue Hidesign wallet. Details: worn edges, looks like leather. Please contact me if found.",Found brown key bunhc,test
L0535,F0260,0,same_group_nearby,True,False,True,0.0,-20.45,"I lost my navy blue Hidesign wallet. Details: worn edges, looks like leather. Please contact me if found.",Found a pink umbrella. It has push-button opening.,test
L0535,F0288,0,same_group_nearby,True,True,True,216.3,45.15,"I lost my navy blue Hidesign wallet. Details: worn edges, looks like leather. Please contact me if found.",Found brown card holder,test
L0535,F0311,0,random,True,False,True,382.1,-523.52,"I lost my navy blue Hidesign wallet. Details: worn edges, looks like leather. Please contact me if found.","Ye mila hai, owner ko batao: found a silver key bunch. Details: metal ring.",test
L0535,F0257,0,random,True,False,False,277.8,-5.9,"I lost my navy blue Hidesign wallet. Details: worn edges, looks like leather. Please contact me if found.","Found a blue Mi battery pack. It has type-C input, four indicator lights.",test
L0536,F0536,1,positive,True,True,True,0.0,11.48,I lost my navy blue Hidesign wallet. Features: looks like leather.,"Ye mila hai, owner ko batao: navy blue wallet found",test
L0536,F0535,0,twin_hard_negative,True,True,True,0.0,442.22,I lost my navy blue Hidesign wallet. Features: looks like leather.,"Found a navy blue Hidesign wallet. Details: worn edges, looks like leather.",test
L0536,F0590,0,same_group_nearby,True,False,True,178.9,-54.8,I lost my navy blue Hidesign wallet. Features: looks like leather.,Found a maroon-ish red Lifelong umbrella. Features: folding type.,test
L0536,F0711,0,same_group_nearby,True,False,True,260.0,1.87,I lost my navy blue Hidesign wallet. Features: looks like leather.,Found a red key bunch. Features: steel ring.,test
L0536,F0248,0,same_group_nearby,True,False,True,155.2,40.32,I lost my navy blue Hidesign wallet. Features: looks like leather.,"Ye mila hai, owner ko batao: found a wallet.",test
L0536,F0257,0,random,True,False,False,277.8,435.02,I lost my navy blue Hidesign wallet. Features: looks like leather.,"Found a blue Mi battery pack. It has type-C input, four indicator lights.",test
L0536,F0506,0,random,True,False,False,349.9,422.83,I lost my navy blue Hidesign wallet. Features: looks like leather.,oFund a red sports bag. Features: small tear by the strap.,test
L0537,F0537,1,positive,True,True,True,0.0,19.92,I lost my black Wildcraft backpack. Details: reflective strip.,dark grey rucksack found,test
L0537,F0538,0,twin_hard_negative,True,True,True,174.9,855.72,I lost my black Wildcraft backpack. Details: reflective strip.,"Found a black Wildcraft backpack. It has reflective strip, one side pocket.",test
L0537,F0302,0,random,True,False,False,0.0,1196.37,I lost my black Wildcraft backpack. Details: reflective strip.,Found blue Dell laptop,test
L0537,F0250,0,random,True,False,False,133.4,-304.73,I lost my black Wildcraft backpack. Details: reflective strip.,Found a off-white iPhone mobile. Features: transparent case.,test
L0538,F0538,1,positive,True,True,True,174.9,1.85,"I lost my black Wildcraft backpack. Features: a pocket on the side, reflective strip.","Found a black Wildcraft backpack. It has reflective strip, one side pocket.",test
L0538,F0537,0,twin_hard_negative,True,True,True,0.0,-833.95,"I lost my black Wildcraft backpack. Features: a pocket on the side, reflective strip.",dark grey rucksack found,test
L0538,F0117,0,random,True,False,False,326.5,-54.05,"I lost my black Wildcraft backpack. Features: a pocket on the side, reflective strip.","Found a green Samsung smartphone. Features: transparent case, two cameras at the back.",test
L0538,F0099,0,random,True,True,True,197.2,-326.18,"I lost my black Wildcraft backpack. Features: a pocket on the side, reflective strip.",Found a red backpack. It has logo in white on the front.,test
L0539,F0540,1,positive,True,True,True,0.0,65.02,"I lost my red Navneet book. Details: coloured sticky notes sticking out, spiral bound, thick cover. Please contact me if found.",red record book found,test
L0539,F0698,0,random,True,False,False,410.5,1278.95,"I lost my red Navneet book. Details: coloured sticky notes sticking out, spiral bound, thick cover. Please contact me if found.","Found a dark adapter with cable. It has long cable, cloth braided cable, two-pin plug.",test
L0539,F0498,0,random,True,False,False,570.1,683.25,"I lost my red Navneet book. Details: coloured sticky notes sticking out, spiral bound, thick cover. Please contact me if found.",Found a notebook computer.,test
L0540,F0541,1,positive,True,False,True,0.0,-0.78,I lost my blue power bank. Details: USB-C port.,Found a blue battery pack. Details: matte rubber finish.,train
L0540,F0389,0,same_group_nearby,True,False,True,191.0,-19.38,I lost my blue power bank. Details: USB-C port.,"Found a red Motorola mobile. It has dual camera, clear back cover.",train
L0540,F0584,0,same_group_nearby,True,True,True,308.1,8.0,I lost my blue power bank. Details: USB-C port.,Found a dark adapter with cable. It has about 1.5 m cable.,train
L0540,F0417,0,same_group_nearby,True,False,True,191.0,-13.2,I lost my blue power bank. Details: USB-C port.,Found a white charger bank. It has thin power bank.,train
L0540,F0721,0,random,True,False,False,500.0,35.97,I lost my blue power bank. Details: USB-C port.,Found a brown Titan glasses case. It has zip closure.,train
L0540,F0619,0,random,True,False,True,308.1,-521.85,I lost my blue power bank. Details: USB-C port.,Found a blue charger bank. It has thin power bank.,train
L0541,F0542,1,positive,True,False,True,0.0,2.72,"I lost my black Realme phone. It has ring holder on the back, clear back cover, cracked screen corner.",black phone found,train
L0541,F0481,0,same_group_nearby,True,False,True,250.0,-1.3,"I lost my black Realme phone. It has ring holder on the back, clear back cover, cracked screen corner.",Found a cream Noise charging case. It has small LED light.,train
L0541,F0321,0,same_group_nearby,True,False,True,120.4,20.32,"I lost my black Realme phone. It has ring holder on the back, clear back cover, cracked screen corner.","Mujhe mila hai: found a white Syska battery pack. It has slim body, four indicator lights.",train
L0541,F0140,0,same_group_nearby,True,False,True,247.0,0.02,"I lost my black Realme phone. It has ring holder on the back, clear back cover, cracked screen corner.","Ye mila hai, owner ko batao: found blakc battery pack",train
L0541,F0675,0,random,True,False,True,462.7,666.22,"I lost my black Realme phone. It has ring holder on the back, clear back cover, cracked screen corner.","Found a black AirPods small case. Features: tiny indicator light, scuffed lid. Kept safely with me.",train
L0541,F0683,0,random,True,False,False,531.5,1110.67,"I lost my black Realme phone. It has ring holder on the back, clear back cover, cracked screen corner.",Found grey calculator,train
L0542,F0289,0,same_group_nearby,False,False,True,176.9,7.38,I lost my black boAt smartwatch. Details: rubber strap.,"Found a blue Mi battery pack. Features: rubber finish, slim body. Kept safely with me.",train
L0542,F0237,0,same_group_nearby,False,False,True,230.2,10.62,I lost my black boAt smartwatch. Details: rubber strap.,"Found a silver Dell notebook computer. It has backlit keyboard, 15 inch screen. Kept safely with me.",train
L0542,F0316,0,same_group_nearby,False,False,True,58.3,25.03,I lost my black boAt smartwatch. Details: rubber strap.,"Found a white Apple adapter with cable. Features: long cable, cloth braided cable, two-pin plug.",train
L0542,F0681,0,random,False,False,False,58.3,-1468.17,I lost my black boAt smartwatch. Details: rubber strap.,"Found a red umbrella. It has one bent rib, foldable umbrella.",train
L0542,F0198,0,random,False,False,True,410.0,-638.88,I lost my black boAt smartwatch. Details: rubber strap.,"Found a black Samsung phone. Details: ring holder on the back, crack on the top corner. Kept safely with me.",train
L0543,F0515,0,random,False,False,False,337.3,-783.43,I lost my black rucksack. Details: laptop compartment.,Fonud a card holder.,val
L0543,F0463,0,random,False,False,False,72.8,-64.27,I lost my black rucksack. Details: laptop compartment.,blue flask found,val
L0544,F0544,1,positive,True,True,True,0.0,33.88,black spectacles case lost,Found a black specs box. Features: zippered.,val
L0544,F0558,0,same_group_nearby,True,False,True,260.0,29.67,black spectacles case lost,Found blue umbrelal,val
L0544,F0145,0,same_group_nearby,True,False,True,269.3,-14.8,black spectacles case lost,Mujhe mila hai: found a black keys. Features: steel ring.,val
L0544,F0432,0,random,True,False,False,277.8,1707.65,black spectacles case lost,"Ye mila hai, owner ko batao: foudn a airpods case.",val
L0544,F0600,0,random,True,False,False,126.5,340.33,black spectacles case lost,Found silver laptop,val
L0545,F0546,1,positive,True,True,True,133.4,0.42,I lost my green Camlin book. It has spiral notebook.,Found a dark green Camlin notebook. Features: hard cover.,val
L0545,F0166,0,random,True,False,False,410.0,499.45,I lost my green Camlin book. It has spiral notebook.,"Found a black adapter with cable. Features: two-pin adapter, about 1.5 m cable. Kept safely with me.",val
L0545,F0055,0,random,True,False,False,133.4,1222.7,I lost my green Camlin book. It has spiral notebook.,Found a watch.,val
L0546,F0548,1,positive,True,False,True,0.0,22.28,"I lost my maroon Woodland wallet. Features: worn edges, leather finish.","Found a maroon Woodland wallet. Details: frayed at the edges, looks like leather. Kept safely with me.",train
L0546,F0547,0,twin_hard_negative,True,True,True,184.4,935.32,"I lost my maroon Woodland wallet. Features: worn edges, leather finish.",Found a wine red Woodland wallet. Details: zip coin pocket.,train
L0546,F0400,0,same_group_nearby,True,False,True,250.0,32.23,"I lost my maroon Woodland wallet. Features: worn edges, leather finish.","Found a tan key bunch. Details: plastic tag, two-wheeler key with cover.",train
L0546,F0121,0,same_group_nearby,True,False,True,250.0,-27.72,"I lost my maroon Woodland wallet. Features: worn edges, leather finish.",Found a red specs box. Details: hard case.,train
L0546,F0209,0,same_group_nearby,True,False,True,0.0,27.23,"I lost my maroon Woodland wallet. Features: worn edges, leather finish.",Found a red keychain. It has metal ring.,train
L0546,F0413,0,random,True,False,False,282.8,-22.75,"I lost my maroon Woodland wallet. Features: worn edges, leather finish.",Found a black laptop. It has black sleeve.,train
L0546,F0280,0,random,True,False,False,372.2,-716.4,"I lost my maroon Woodland wallet. Features: worn edges, leather finish.","Found a dark AirPods airpods case. It has rubber cover, small LED light, scuffed lid.",train
L0547,F0549,1,positive,True,False,True,0.0,1.55,"I lost my red iPhone phone. It has ring holder on the back, cracked screen corner, transparent case.",Found a red mobile. It has pop socket on the back.,train
L0547,F0409,0,same_group_nearby,True,False,True,0.0,26.58,"I lost my red iPhone phone. It has ring holder on the back, cracked screen corner, transparent case.",Found a charging case.,train
L0547,F0261,0,same_group_nearby,True,False,True,286.4,30.42,"I lost my red iPhone phone. It has ring holder on the back, cracked screen corner, transparent case.",Found a silver notebook computer. Features: keyboard lights up.,train
L0547,F0583,0,same_group_nearby,True,False,True,440.1,-39.92,"I lost my red iPhone phone. It has ring holder on the back, cracked screen corner, transparent case.","Mujhe mila hai: found a black Dell adapter with cable. It has about 1.5 m cable, cloth braided cable.",train
L0547,F0612,0,random,True,False,True,440.1,8.87,"I lost my red iPhone phone. It has ring holder on the back, cracked screen corner, transparent case.","Found a grey smartphone. Details: dual camera, crack on the top corner.",train
L0547,F0753,0,random,True,False,False,286.4,-270.03,"I lost my red iPhone phone. It has ring holder on the back, cracked screen corner, transparent case.",silver key bunch found,train
L0548,F0550,1,positive,True,True,True,0.0,67.13,I lost my black Puma backpack. Features: logo in white on the front.,"Ye mila hai, owner ko batao: found a black Puma sports bag. Details: logo in white on the front, a pocket on the side.",train
L0548,F0551,0,twin_hard_negative,True,True,True,172.0,1685.37,I lost my black Puma backpack. Features: logo in white on the front.,"Found a black Puma rucksack. It has logo in white on the front, reflective strip.",train
L0548,F0597,0,same_group_nearby,True,True,True,120.4,-12.25,I lost my black Puma backpack. Features: logo in white on the front.,Found a navy blue American Tourister backpack. Details: slightly torn near the strap.,train
L0548,F0057,0,random,True,False,False,228.0,300.97,I lost my black Puma backpack. Features: logo in white on the front.,Found a black smartwatch. It has round dial.,train
L0548,F0323,0,random,True,False,False,206.2,291.93,I lost my black Puma backpack. Features: logo in white on the front.,Found a dark Fastrack umbrella. Features: folding type.,train
L0549,F0551,1,positive,True,True,True,172.0,6.17,I lost my black Puma backpack. It has reflective strip.,"Found a black Puma rucksack. It has logo in white on the front, reflective strip.",train
L0549,F0550,0,twin_hard_negative,True,True,True,0.0,-1612.07,I lost my black Puma backpack. It has reflective strip.,"Ye mila hai, owner ko batao: found a black Puma sports bag. Details: logo in white on the front, a pocket on the side.",train
L0549,F0271,0,same_group_nearby,True,True,True,134.2,22.58,I lost my black Puma backpack. It has reflective strip.,Found a grey Wildcraft rucksack. Features: one side pocket.,train
L0549,F0693,0,same_group_nearby,True,True,True,228.0,-27.7,I lost my black Puma backpack. It has reflective strip.,"Found a black Wildcraft sports bag. It has reflective strip on the straps, padded laptop section, a pocket on the side. Kept safely with me.",train
L0549,F0085,0,same_group_nearby,True,True,True,0.0,-2.18,I lost my black Puma backpack. It has reflective strip.,Found a grey backpack. Features: laptop compartment.,train
L0549,F0479,0,random,True,False,False,271.7,-654.47,I lost my black Puma backpack. It has reflective strip.,Found a grey Fastrack umbrella. It has automatic open button.,train
L0549,F0070,0,random,True,False,False,412.3,-46.23,I lost my black Puma backpack. It has reflective strip.,Found a fitness band.,train
L0550,F0552,1,positive,True,True,True,0.0,11.57,"Mera i lost my navy blue Nike sports bag. Details: double zip on the front, white logo, one side pocket. kho gaya hai.",Mujhe mila hai: found blue sports bag,train
L0550,F0577,0,same_group_nearby,True,True,True,330.2,6.87,"Mera i lost my navy blue Nike sports bag. Details: double zip on the front, white logo, one side pocket. kho gaya hai.",Found a grey American Tourister rucksack. It has reflective strip on the straps.,train
L0550,F0598,0,same_group_nearby,True,True,True,282.8,-21.02,"Mera i lost my navy blue Nike sports bag. Details: double zip on the front, white logo, one side pocket. kho gaya hai.","Mujhe mila hai: found a navy blue American Tourister bag. Features: small tear by the strap, two front zips. Kept safely with me.",train
L0550,F0458,0,random,True,False,False,330.2,1226.08,"Mera i lost my navy blue Nike sports bag. Details: double zip on the front, white logo, one side pocket. kho gaya hai.",Found a smartphone.,train
L0550,F0037,0,random,True,False,False,332.4,941.63,"Mera i lost my navy blue Nike sports bag. Details: double zip on the front, white logo, one side pocket. kho gaya hai.",Found a dark green book. Details: spiral bound.,train
L0551,F0553,1,positive,True,False,True,134.2,19.13,"I lost my black Mi power bank. Details: matte rubber finish, type-C input.",black power bank found,train
L0551,F0662,0,same_group_nearby,True,False,True,170.9,14.07,"I lost my black Mi power bank. Details: matte rubber finish, type-C input.","Found a silver MacBook notebook computer. Features: in a black laptop sleeve, stickers on the top cover.",train
L0551,F0441,0,same_group_nearby,True,False,True,134.2,-19.73,"I lost my black Mi power bank. Details: matte rubber finish, type-C input.",Found a blue AirPods airpods case. Details: tiny indicator light.,train
L0551,F0317,0,same_group_nearby,True,False,True,228.0,-40.43,"I lost my black Mi power bank. Details: matte rubber finish, type-C input.","Found a white Apple charger. Features: about 1.5 m cable, fast charger.",train
L0551,F0075,0,random,True,False,True,134.2,-687.68,"I lost my black Mi power bank. Details: matte rubber finish, type-C input.",Found a pink watch. Features: square dial.,train
L0551,F0122,0,random,True,False,True,389.5,-275.07,"I lost my black Mi power bank. Details: matte rubber finish, type-C input.","Found a light blue Realme smartphone. Details: dual camera, ring holder on the back, transparent case.",train
L0552,F0554,1,positive,True,True,True,0.0,3.95,I lost my red backpack. Features: logo in white on the front.,"Found a red bag. Details: white logo, a pocket on the side. Kept safely with me.",test
L0552,F0450,0,same_group_nearby,True,True,True,148.7,-15.17,I lost my red backpack. Features: logo in white on the front.,Found a gray sports bag. Features: two front zips.,test
L0552,F0428,0,random,True,False,False,456.5,654.02,I lost my red backpack. Features: logo in white on the front.,Found a black Noise earbuds case. Details: rubber cover.,test
L0552,F0433,0,random,True,False,False,148.7,242.17,I lost my red backpack. Features: logo in white on the front.,"Found a blue MacBook notebook computer. Details: in a black laptop sleeve, keyboard lights up, sticker on the lid.",test
L0553,F0556,1,positive,True,True,True,178.9,14.2,"I lost my white Mi adapter with cable. Details: cloth braided cable, long cable. Please contact me if found.",Found a charger.,train
L0553,F0097,0,same_group_nearby,True,False,True,310.6,-27.35,"I lost my white Mi adapter with cable. Details: cloth braided cable, long cable. Please contact me if found.","Ye mila hai, owner ko batao: found a light blue Ambrane charger bank. It has matte rubber finish.",train
L0553,F0654,0,same_group_nearby,True,False,True,294.3,-7.45,"I lost my white Mi adapter with cable. Details: cloth braided cable, long cable. Please contact me if found.",Found a blue laptop. Features: stickers on the top cover.,train
L0553,F0389,0,same_group_nearby,True,False,True,447.8,-25.8,"I lost my white Mi adapter with cable. Details: cloth braided cable, long cable. Please contact me if found.","Found a red Motorola mobile. It has dual camera, clear back cover.",train
L0553,F0261,0,random,True,False,True,412.3,-795.0,"I lost my white Mi adapter with cable. Details: cloth braided cable, long cable. Please contact me if found.",Found a silver notebook computer. Features: keyboard lights up.,train
L0553,F0013,0,random,True,False,False,263.1,-408.67,"I lost my white Mi adapter with cable. Details: cloth braided cable, long cable. Please contact me if found.",brown keys found,train
L0554,F0557,1,positive,True,True,True,128.1,1.78,"I lost my grey wallet. Details: leather finish, zipper coin section, worn edges.","Found a grey Woodland purse. Details: zipper coin section, worn edges, looks like leather. Kept safely with me.",train
L0554,F0343,0,same_group_nearby,True,False,True,282.8,-0.4,"I lost my grey wallet. Details: leather finish, zipper coin section, worn edges.",brown keychain found,train
L0554,F0120,0,same_group_nearby,True,False,True,136.0,-31.4,"I lost my grey wallet. Details: leather finish, zipper coin section, worn edges.",Found a red glasses case. Features: hard shell.,train
L0554,F0286,0,same_group_nearby,True,False,True,70.7,28.08,"I lost my grey wallet. Details: leather finish, zipper coin section, worn edges.",Found navy blue umbrella,train
L0554,F0375,0,random,True,False,False,72.8,358.48,"I lost my grey wallet. Details: leather finish, zipper coin section, worn edges.",green fitness band found,train
L0554,F0225,0,random,True,False,False,330.2,602.02,"I lost my grey wallet. Details: leather finish, zipper coin section, worn edges.",oFund a blue Casio calculator. Features: scientific type.,train
L0555,F0558,1,positive,True,True,True,0.0,3.13,"I lost my navy blue umbrella. Features: pattern on the border, foldable umbrella. Please contact me if found.",Found blue umbrelal,val
L0555,F0559,0,twin_hard_negative,True,False,True,172.0,1482.73,"I lost my navy blue umbrella. Features: pattern on the border, foldable umbrella. Please contact me if found.",Found a navy blue umbrella. Features: pattern on the border.,val
L0555,F0544,0,same_group_nearby,True,False,True,260.0,7.35,"I lost my navy blue umbrella. Features: pattern on the border, foldable umbrella. Please contact me if found.",Found a black specs box. Features: zippered.,val
L0555,F0145,0,same_group_nearby,True,False,True,164.0,-41.33,"I lost my navy blue umbrella. Features: pattern on the border, foldable umbrella. Please contact me if found.",Mujhe mila hai: found a black keys. Features: steel ring.,val
L0555,F0006,0,random,True,False,False,150.0,773.6,"I lost my navy blue umbrella. Features: pattern on the border, foldable umbrella. Please contact me if found.",Found a white Samsung charger. Features: fast charging type.,val
L0555,F0193,0,random,True,False,True,134.2,1323.37,"I lost my navy blue umbrella. Features: pattern on the border, foldable umbrella. Please contact me if found.",Mujhe mila hai: found tan specs box,val
L0556,F0559,1,positive,True,False,True,172.0,23.27,I lost my navy blue umbrella. It has one bent rib.,Found a navy blue umbrella. Features: pattern on the border.,val
L0556,F0558,0,twin_hard_negative,True,True,True,0.0,-1456.33,I lost my navy blue umbrella. It has one bent rib.,Found blue umbrelal,val
L0556,F0068,0,same_group_nearby,True,True,True,172.0,-41.15,I lost my navy blue umbrella. It has one bent rib.,Found a navy blue umbrella. Details: automatic open button.,val
L0556,F0699,0,same_group_nearby,True,True,True,260.0,-14.07,I lost my navy blue umbrella. It has one bent rib.,grey umbrella found,val
L0556,F0369,0,random,True,True,True,206.2,-234.83,I lost my navy blue umbrella. It has one bent rib.,Found a grey umbrella. Details: pattern on the border.,val
L0556,F0330,0,random,True,False,False,228.0,-643.05,I lost my navy blue umbrella. It has one bent rib.,Found a mobile.,val
L0557,F0560,1,positive,True,True,True,382.1,86.1,"I lost my pink Lifelong umbrella. Details: foldable umbrella, pattern on the border, one bent rib.",pink umbrella found,train
L0557,F0384,0,same_group_nearby,True,False,True,223.6,-31.53,"I lost my pink Lifelong umbrella. Details: foldable umbrella, pattern on the border, one bent rib.","Found a brown Lenskart spectacle case. Details: hard shell, zippered, tiny logo on the front.",train
L0557,F0561,0,same_group_nearby,True,False,True,223.6,-12.9,"I lost my pink Lifelong umbrella. Details: foldable umbrella, pattern on the border, one bent rib.",Found brown purse,train
L0557,F0187,0,random,True,False,False,585.5,690.52,"I lost my pink Lifelong umbrella. Details: foldable umbrella, pattern on the border, one bent rib.","Found a white Samsung phone. Details: transparent case, two cameras at the back, crack on the top corner. Kept safely with me.",train
L0557,F0733,0,random,True,True,True,0.0,-862.0,"I lost my pink Lifelong umbrella. Details: foldable umbrella, pattern on the border, one bent rib.",Found a grey umbrella. It has pattern on the border.,train
L0558,F0691,0,same_group_nearby,False,False,True,340.1,35.3,I lost my green notebook. It has about two hundred pages.,"Found a grey scientific calculator. Details: scientific type, faded keys.",train
L0558,F0726,0,random,False,False,False,184.4,541.2,I lost my green notebook. It has about two hundred pages.,Found a dark grey OnePlus earbuds case. Features: lanyard hook.,train
L0558,F0287,0,random,False,False,False,247.0,-185.57,I lost my green notebook. It has about two hundred pages.,Found a pink umbrella. Details: foldable umbrella.,train
L0559,F0561,1,positive,True,True,True,178.9,5.88,I lost my brown Woodland purse. Features: looks like leather.,Found brown purse,train
L0559,F0628,0,same_group_nearby,True,False,True,155.2,-48.25,I lost my brown Woodland purse. Features: looks like leather.,"Found a silver keys. Features: metal ring, bike key with a rubber cover.",train
L0559,F0618,0,same_group_nearby,True,False,True,134.5,-56.18,I lost my brown Woodland purse. Features: looks like leather.,Found a grey umbrella. Details: bent rib.,train
L0559,F0384,0,same_group_nearby,True,False,True,178.9,-12.75,I lost my brown Woodland purse. Features: looks like leather.,"Found a brown Lenskart spectacle case. Details: hard shell, zippered, tiny logo on the front.",train
L0559,F0759,0,random,True,False,False,126.5,-341.6,I lost my brown Woodland purse. Features: looks like leather.,Found a black charger. Features: long cable.,train
L0559,F0261,0,random,True,False,False,260.0,-289.82,I lost my brown Woodland purse. Features: looks like leather.,Found a silver notebook computer. Features: keyboard lights up.,train
L0560,F0562,1,positive,True,False,True,134.5,4.07,Lost red notebook,Found a red notebook. Details: coloured sticky notes sticking out.,train
L0560,F0383,0,same_group_nearby,True,True,True,280.0,68.82,Lost red notebook,Found a book.,train
L0560,F0703,0,same_group_nearby,True,True,True,134.5,29.77,Lost red notebook,Found a balck Citizen scientific calculator. It has hard slide-on cover.,train
L0560,F0397,0,same_group_nearby,True,True,True,155.6,47.67,Lost red notebook,Found a dark record book. It has spiral bound.,train
L0560,F0114,0,random,True,False,False,277.8,5.42,Lost red notebook,silver charger bank found,train
L0560,F0095,0,random,True,False,True,201.2,-1445.62,Lost red notebook,Found a calculator.,train
L0561,F0563,1,positive,True,True,True,0.0,1.03,I lost my green Milton water bottle. Features: one litre bottle.,Found a olive green flask. Details: scratched paint.,train
L0561,F0639,0,same_group_nearby,True,True,True,148.7,46.67,I lost my green Milton water bottle. Features: one litre bottle.,Found a pink Borosil water bottle. Details: one litre bottle.,train
L0561,F0386,0,same_group_nearby,True,True,True,0.0,70.43,I lost my green Milton water bottle. Features: one litre bottle.,rose water bottle found,train
L0561,F0104,0,same_group_nearby,True,True,True,172.0,-3.47,I lost my green Milton water bottle. Features: one litre bottle.,"Found a green bottle. Features: 1 litre size, paint worn off in places, flip-top lid.",train
L0561,F0589,0,random,True,True,True,10.0,-72.42,I lost my green Milton water bottle. Features: one litre bottle.,"Ye mila hai, owner ko batao: found a blue Decathlon water bottle. Details: paint worn off in places.",train
L0561,F0382,0,random,True,False,False,362.2,567.25,I lost my green Milton water bottle. Features: one litre bottle.,"Found a dark grey Wildcraft wallet. It has looks like leather, zip coin pocket. Kept safely with me.",train
L0562,F0565,1,positive,True,True,True,0.0,3.45,I lost my green Apple Watch smartwatch. Details: round dial.,"Found a green Apple Watch fitness band. It has rectangular screen, circular screen.",train
L0562,F0564,0,twin_hard_negative,True,True,True,0.0,1116.92,I lost my green Apple Watch smartwatch. Details: round dial.,Found green smartwatch,train
L0562,F0281,0,same_group_nearby,True,True,True,148.7,16.85,I lost my green Apple Watch smartwatch. Details: round dial.,Found green fitness band,train
L0562,F0239,0,same_group_nearby,True,False,True,247.0,-71.75,I lost my green Apple Watch smartwatch. Details: round dial.,"Found a blue OnePlus phone. Details: crack on the top corner, transparent case.",train
L0562,F0158,0,same_group_nearby,True,True,True,304.6,-49.33,I lost my green Apple Watch smartwatch. Details: round dial.,Found a blue fitness band. It has scratch on the glass.,train
L0562,F0694,0,random,True,False,True,247.0,219.72,I lost my green Apple Watch smartwatch. Details: round dial.,Mujhe mila hai: found a white charger. Features: fast charger.,train
L0562,F0616,0,random,True,False,False,269.3,1147.02,I lost my green Apple Watch smartwatch. Details: round dial.,"Found a grey American Tourister rucksack. Details: logo in white on the front, small tear by the strap, double zip on the front.",train
L0563,F0567,1,positive,True,True,True,0.0,15.83,I lost my brown Wildcraft wallet. Details: metal logo.,oFund a card holder.,test
L0563,F0566,0,twin_hard_negative,True,True,True,70.7,641.83,I lost my brown Wildcraft wallet. Details: metal logo.,"Found a dark brown Hidesign wallet. Details: metal logo, looks like leather. Kept safely with me.",test
L0563,F0477,0,same_group_nearby,True,True,True,67.1,-61.52,I lost my brown Wildcraft wallet. Details: metal logo.,"Found a navy blue purse. Details: frayed at the edges, small metal logo, looks like leather. Kept safely with me.",test
L0563,F0506,0,random,True,False,False,350.0,-437.98,I lost my brown Wildcraft wallet. Details: metal logo.,oFund a red sports bag. Features: small tear by the strap.,test
L0563,F0469,0,random,True,False,True,269.3,-934.18,I lost my brown Wildcraft wallet. Details: metal logo.,"Found a red keychain. Features: tiny lock key, tag hanging from it. Kept safely with me.",test
L0564,F0568,1,positive,True,True,True,0.0,10.87,"I lost my navy blue Hidesign wallet. It has leather finish, small metal logo. Please contact me if found.",Found a wallet.,train
L0564,F0760,0,same_group_nearby,True,False,True,223.6,0.4,"I lost my navy blue Hidesign wallet. It has leather finish, small metal logo. Please contact me if found.","Found a red glasses case. Features: hard case, zippered.",train
L0564,F0647,0,same_group_nearby,True,False,True,645.4,18.85,"I lost my navy blue Hidesign wallet. It has leather finish, small metal logo. Please contact me if found.",Found a glasses case.,train
L0564,F0708,0,random,True,False,False,645.4,-313.8,"I lost my navy blue Hidesign wallet. It has leather finish, small metal logo. Please contact me if found.",Found red Camlin record book,train
L0564,F0449,0,random,True,False,False,585.5,535.3,"I lost my navy blue Hidesign wallet. It has leather finish, small metal logo. Please contact me if found.","Found a black Realme adapter with cable. Features: about 1.5 m cable, fast charging type. Kept safely with me.",train
L0565,F0569,1,positive,True,True,True,0.0,15.87,I lost my blue phone. It has ring holder on the back.,Mujhe mila hai: found a blue phone. Details: two cameras at the back.,train
L0565,F0194,0,same_group_nearby,True,False,True,271.7,25.38,I lost my blue phone. It has ring holder on the back.,"Ye mila hai, owner ko batao: found a silver Ambrane battery pack. It has rubber finish.",train
L0565,F0728,0,same_group_nearby,True,False,True,271.7,55.18,I lost my blue phone. It has ring holder on the back.,Found a black earbuds case. Features: scratches on the lid.,train
L0565,F0298,0,same_group_nearby,True,False,True,260.0,7.92,I lost my blue phone. It has ring holder on the back.,Found a white Realme battery pack. Features: rubebr finish.,train
L0565,F0267,0,random,True,False,True,176.9,-1554.45,I lost my blue phone. It has ring holder on the back.,Found a cream charging case. Features: hook for a lanyard.,train
L0565,F0181,0,random,True,False,False,172.0,-1120.98,I lost my blue phone. It has ring holder on the back.,Found light blue scientific calculator,train
L0566,F0570,1,positive,True,False,True,0.0,3.18,Lost blue aerbuds case,blue earbuds case fuond,train
L0566,F0726,0,same_group_nearby,True,False,True,280.2,-39.35,Lost blue aerbuds case,Found a dark grey OnePlus earbuds case. Features: lanyard hook.,train
L0566,F0741,0,same_group_nearby,True,False,True,280.2,-67.38,Lost blue aerbuds case,Found a black Dell laptop. Details: keyboard lights up.,train
L0566,F0513,0,same_group_nearby,True,True,True,0.0,20.88,Lost blue aerbuds case,"Found a white watch. Features: scratch on the glass, silicone strap, rectangular screen. Kept safely with me.",train
L0566,F0200,0,random,True,False,True,462.7,-167.7,Lost blue aerbuds case,"Ye mila hai, owner ko batao: found a pink charging case. Features: rubber cover, hook for a lanyard.",train
L0566,F0322,0,random,True,False,False,405.0,-814.58,Lost blue aerbuds case,Found a silver key bunch. Details: bike key with a rubber cover.,train
L0567,F0571,1,positive,True,True,True,178.9,11.88,"Lost my water bottle, it is pink.",rose flask found,train
L0567,F0376,0,random,True,False,False,310.6,356.18,"Lost my water bottle, it is pink.",Foudn a blue Mi charger bank. Details: USB-C port.,train
L0567,F0154,0,random,True,False,False,223.6,353.9,"Lost my water bottle, it is pink.",Found white adapter with cable,train
L0568,F0572,1,positive,True,True,True,174.9,20.73,black keys lost,Found a dark key bunch. It has tiny lock key.,train
L0568,F0351,0,same_group_nearby,True,False,True,271.7,11.57,black keys lost,brown specs box found,train
L0568,F0242,0,same_group_nearby,True,False,True,0.0,-1.0,black keys lost,Found a maroon wallet. Details: metal logo.,train
L0568,F0273,0,same_group_nearby,True,False,True,174.9,-32.7,black keys lost,"Found a navy blue Lifelong umbrella. Details: push-button opening, folding type, bent rib. Kept safely with me.",train
L0568,F0759,0,random,True,False,False,174.9,-765.08,black keys lost,Found a black charger. Features: long cable.,train
L0568,F0607,0,random,True,False,False,202.5,-659.82,black keys lost,"Found a blue boAt watch. Details: glass slightly scratched, silicone strap, rectangular screen. Kept safely with me.",train
L0569,F0573,1,positive,True,True,True,0.0,35.95,"I lost my white Mi charger. Details: fast charging type, two-pin adapter, about 1.5 m cable. Please contact me if found.",Found a adapter with cable.,val
L0569,F0149,0,same_group_nearby,True,False,True,340.1,52.35,"I lost my white Mi charger. Details: fast charging type, two-pin adapter, about 1.5 m cable. Please contact me if found.",Found a black laptop. It has sticker on the lid.,val
L0569,F0276,0,same_group_nearby,True,False,True,352.3,24.52,"I lost my white Mi charger. Details: fast charging type, two-pin adapter, about 1.5 m cable. Please contact me if found.",Found white charger bank,val
L0569,F0223,0,random,True,False,False,134.2,-19.8,"I lost my white Mi charger. Details: fast charging type, two-pin adapter, about 1.5 m cable. Please contact me if found.",Found a black umbrella. It has one bent rib.,val
L0569,F0330,0,random,True,False,True,0.0,-843.85,"I lost my white Mi charger. Details: fast charging type, two-pin adapter, about 1.5 m cable. Please contact me if found.",Found a mobile.,val
L0570,F0574,1,positive,True,True,True,0.0,2.53,"I lost my red Vivo mobile. It has dual camera, cracked screen corner, clear back cover.",Found a red mobile. Details: two cameras at the back.,train
L0570,F0196,0,same_group_nearby,True,False,True,150.0,14.68,"I lost my red Vivo mobile. It has dual camera, cracked screen corner, clear back cover.",cream earbuds case found,train
L0570,F0187,0,same_group_nearby,True,True,True,286.4,-8.27,"I lost my red Vivo mobile. It has dual camera, cracked screen corner, clear back cover.","Found a white Samsung phone. Details: transparent case, two cameras at the back, crack on the top corner. Kept safely with me.",train
L0570,F0252,0,same_group_nearby,True,False,True,228.0,-26.38,"I lost my red Vivo mobile. It has dual camera, cracked screen corner, clear back cover.",white charger bank found,train
L0570,F0684,0,random,True,False,False,286.4,-1258.93,"I lost my red Vivo mobile. It has dual camera, cracked screen corner, clear back cover.","Found a green Camlin notebook. It has spiral notebook, about two hundred pages. Kept safely with me.",train
L0570,F0161,0,random,True,False,True,164.0,-46.62,"I lost my red Vivo mobile. It has dual camera, cracked screen corner, clear back cover.",Found a rose watch. It has square dial.,train
L0571,F0756,0,random,False,False,False,463.2,-1357.97,"I lost my green Noise smartwatch. Details: rubber strap, rectangular screen, circular screen.","Found a maroon Fastrack wallet. Details: looks like leather, zipper coin section.",val
L0571,F0687,0,random,False,True,True,645.4,-1232.52,"I lost my green Noise smartwatch. Details: rubber strap, rectangular screen, circular screen.",Found a dark green smartwatch. Details: square dial.,val
L0572,F0575,1,positive,True,False,True,0.0,5.23,"I lost my brown Fastrack wallet. Features: frayed at the edges, zipper coin section, small metal logo.",Fonud a brown Fastrack wallet. Details: metal logo.,train
L0572,F0637,0,same_group_nearby,True,False,True,176.9,18.37,"I lost my brown Fastrack wallet. Features: frayed at the edges, zipper coin section, small metal logo.",Found a olive green umbrella. Details: bent rib.,train
L0572,F0177,0,same_group_nearby,True,False,True,230.2,-17.18,"I lost my brown Fastrack wallet. Features: frayed at the edges, zipper coin section, small metal logo.","Mujhe mila hai: found a red keychain. Details: metal ring, small padlock key.",train
L0572,F0047,0,same_group_nearby,True,False,True,230.9,-39.25,"I lost my brown Fastrack wallet. Features: frayed at the edges, zipper coin section, small metal logo.","Ye mila hai, owner ko batao: found a brown spectacle case. It has soft pouch.",train
L0572,F0220,0,random,True,False,False,230.2,981.0,"I lost my brown Fastrack wallet. Features: frayed at the edges, zipper coin section, small metal logo.",white fitness band found,train
L0572,F0262,0,random,True,False,False,230.2,160.83,"I lost my brown Fastrack wallet. Features: frayed at the edges, zipper coin section, small metal logo.",Found silver notebook computer,train
L0573,F0576,1,positive,True,True,True,0.0,19.77,Kisi ko mila ho toh batao: i lost my silver-grey Ameircan Tourister backpack. It has laptop compartment.,Found a rucksack.,train
L0573,F0577,0,twin_hard_negative,True,True,True,0.0,-715.62,Kisi ko mila ho toh batao: i lost my silver-grey Ameircan Tourister backpack. It has laptop compartment.,Found a grey American Tourister rucksack. It has reflective strip on the straps.,train
L0573,F0580,0,same_group_nearby,True,True,True,386.0,26.03,Kisi ko mila ho toh batao: i lost my silver-grey Ameircan Tourister backpack. It has laptop compartment.,Found red rucksack,train
L0573,F0141,0,random,True,False,False,522.0,-762.55,Kisi ko mila ho toh batao: i lost my silver-grey Ameircan Tourister backpack. It has laptop compartment.,Found a black Syska charger bank. It has matte rubber finish.,train
L0573,F0392,0,random,True,False,False,400.0,24.95,Kisi ko mila ho toh batao: i lost my silver-grey Ameircan Tourister backpack. It has laptop compartment.,Found a green Apple Watch watch. Features: rectangular screen.,train
L0574,F0577,1,positive,True,True,True,134.5,3.7,Lost grey backpack,Found a grey American Tourister rucksack. It has reflective strip on the straps.,train
L0574,F0576,0,twin_hard_negative,True,True,True,134.5,739.08,Lost grey backpack,Found a rucksack.,train
L0574,F0552,0,same_group_nearby,True,True,True,201.2,8.4,Lost grey backpack,Mujhe mila hai: found blue sports bag,train
L0574,F0032,0,random,True,False,False,277.8,348.32,Lost grey backpack,Found a sky blue book. Features: about two hundred pages.,train
L0574,F0443,0,random,True,False,False,481.7,164.82,Lost grey backpack,"Found a silver Redmi smartphone. Features: transparent case, dual camera. Kept safely with me.",train
L0575,F0578,1,positive,True,True,True,134.5,2.23,"I lost my gray calculator. Features: slide cover, faded keys, solar panel. Please contact me if found.",Found a grey Casio scientific calculator. Details: some keys faded.,train
L0575,F0579,0,twin_hard_negative,True,True,True,0.0,-1275.58,"I lost my gray calculator. Features: slide cover, faded keys, solar panel. Please contact me if found.",Found a grey calculator. Features: some keys faded.,train
L0575,F0042,0,random,True,False,False,481.7,-80.53,"I lost my gray calculator. Features: slide cover, faded keys, solar panel. Please contact me if found.",Found a brown Titan specs box. Details: hard case.,train
L0575,F0258,0,random,True,False,False,404.5,-1123.43,"I lost my gray calculator. Features: slide cover, faded keys, solar panel. Please contact me if found.","Ye mila hai, owner ko batao: metallic Redmi smartphone found",train
L0576,F0579,1,positive,True,True,True,0.0,73.33,"I lost my grey Casio calculator. Details: scientific type, faded keys.",Found a grey calculator. Features: some keys faded.,train
L0576,F0578,0,twin_hard_negative,True,True,True,134.5,1351.15,"I lost my grey Casio calculator. Details: scientific type, faded keys.",Found a grey Casio scientific calculator. Details: some keys faded.,train
L0576,F0095,0,same_group_nearby,True,True,True,201.2,17.83,"I lost my grey Casio calculator. Details: scientific type, faded keys.",Found a calculator.,train
L0576,F0630,0,same_group_nearby,True,True,True,277.8,31.8,"I lost my grey Casio calculator. Details: scientific type, faded keys.",dark scientific calculator found,train
L0576,F0532,0,random,True,False,False,134.5,127.67,"I lost my grey Casio calculator. Details: scientific type, faded keys.","Ye mila hai, owner ko batao: found a brown key bunch. It has steel ring, plastic tag.",train
L0576,F0637,0,random,True,False,False,405.0,550.57,"I lost my grey Casio calculator. Details: scientific type, faded keys.",Found a olive green umbrella. Details: bent rib.,train
L0577,F0580,1,positive,True,True,True,10.0,3.3,"I lost my red Wildcraft backpack. Features: one side pocket, logo in white on the front, small tear by the strap.",Found red rucksack,train
L0577,F0179,0,random,True,False,False,202.5,189.38,"I lost my red Wildcraft backpack. Features: one side pocket, logo in white on the front, small tear by the strap.",Found a dark brown keys. Details: tiny lock key.,train
L0577,F0465,0,random,True,False,False,0.0,562.9,"I lost my red Wildcraft backpack. Features: one side pocket, logo in white on the front, small tear by the strap.",Found brown keychain,train
L0578,F0581,1,positive,True,True,True,0.0,2.67,I lost my dark grey notebook. Features: sticky notes inside.,"Found a black Navneet notebook. Details: 200 pages, thick cover, coloured sticky notes sticking out. Kept safely with me.",test
L0578,F0260,0,random,True,False,False,216.3,-85.0,I lost my dark grey notebook. Features: sticky notes inside.,Found a pink umbrella. It has push-button opening.,test
L0578,F0498,0,random,True,False,False,340.1,436.92,I lost my dark grey notebook. Features: sticky notes inside.,Found a notebook computer.,test
L0579,F0582,1,positive,True,True,True,0.0,0.2,"I lost my brown spectacles case. It has hard shell, tiny logo on the front, zippered.","Found a brown Lenskart glasess case. Features: hard shell, zip closure, tiny logo on the front.",train
L0579,F0753,0,same_group_nearby,True,False,True,134.2,-34.62,"I lost my brown spectacles case. It has hard shell, tiny logo on the front, zippered.",silver key bunch found,train
L0579,F0127,0,same_group_nearby,True,False,True,191.0,-65.75,"I lost my brown spectacles case. It has hard shell, tiny logo on the front, zippered.",Found a black key bunch. It has steel ring.,train
L0579,F0323,0,same_group_nearby,True,False,True,136.0,30.67,"I lost my brown spectacles case. It has hard shell, tiny logo on the front, zippered.",Found a dark Fastrack umbrella. Features: folding type.,train
L0579,F0468,0,random,True,False,False,134.2,-16.08,"I lost my brown spectacles case. It has hard shell, tiny logo on the front, zippered.",Found a black Mi power bank. Features: type-C input.,train
L0579,F0365,0,random,True,False,False,170.9,-187.27,"I lost my brown spectacles case. It has hard shell, tiny logo on the front, zippered.","Found a blue boAt earbuds case. It has small LED light, rubber cover, lanyard hook. Kept safely with me.",train
L0580,F0583,1,positive,True,True,True,230.2,3.05,"I lost my black charger. It has long cable, cloth braided cable.","Mujhe mila hai: found a black Dell adapter with cable. It has about 1.5 m cable, cloth braided cable.",train
L0580,F0584,0,twin_hard_negative,True,True,True,0.0,869.97,"I lost my black charger. It has long cable, cloth braided cable.",Found a dark adapter with cable. It has about 1.5 m cable.,train
L0580,F0406,0,same_group_nearby,True,False,True,230.2,58.43,"I lost my black charger. It has long cable, cloth braided cable.","Found a white charger bank. It has LED indicator, slim body.",train
L0580,F0156,0,same_group_nearby,True,True,True,304.6,48.08,"I lost my black charger. It has long cable, cloth braided cable.","Found a dark grey charger. Features: two-pin plug, about 1.5 m cable. Kept safely with me.",train
L0580,F0612,0,same_group_nearby,True,False,True,230.2,51.83,"I lost my black charger. It has long cable, cloth braided cable.","Found a grey smartphone. Details: dual camera, crack on the top corner.",train
L0580,F0652,0,random,True,False,True,589.0,485.05,"I lost my black charger. It has long cable, cloth braided cable.",Found a fitness band.,train
L0580,F0407,0,random,True,True,True,410.0,557.08,"I lost my black charger. It has long cable, cloth braided cable.","Found a off-white Apple adapter with cable. Details: long cable, fast charging type.",train
L0581,F0584,1,positive,True,True,True,0.0,2.38,"I lost my black Dell charger. Details: two-pin adapter, baout 1.5 m cable.",Found a dark adapter with cable. It has about 1.5 m cable.,train
L0581,F0583,0,twin_hard_negative,True,True,True,230.2,-864.53,"I lost my black Dell charger. Details: two-pin adapter, baout 1.5 m cable.","Mujhe mila hai: found a black Dell adapter with cable. It has about 1.5 m cable, cloth braided cable.",train
L0581,F0541,0,same_group_nearby,True,False,True,308.1,-6.4,"I lost my black Dell charger. Details: two-pin adapter, baout 1.5 m cable.",Found a blue battery pack. Details: matte rubber finish.,train
L0581,F0097,0,same_group_nearby,True,False,True,304.6,-26.55,"I lost my black Dell charger. Details: two-pin adapter, baout 1.5 m cable.","Ye mila hai, owner ko batao: found a light blue Ambrane charger bank. It has matte rubber finish.",train
L0581,F0315,0,same_group_nearby,True,False,True,176.9,-56.83,"I lost my black Dell charger. Details: two-pin adapter, baout 1.5 m cable.",Found a earbuds case.,train
L0581,F0686,0,random,True,True,True,410.0,-297.92,"I lost my black Dell charger. Details: two-pin adapter, baout 1.5 m cable.","Found a white Apple charger. It has fast charging type, two-pin plug, cloth braided cable.",train
L0581,F0049,0,random,True,False,False,389.5,-385.8,"I lost my black Dell charger. Details: two-pin adapter, baout 1.5 m cable.",red sports bag found,train
L0582,F0585,1,positive,True,True,True,0.0,2.07,"I lost my pink Milton bottle. Details: steel body, paint worn off in places.","Found a pink Milton flask. Details: stainless steel, scratched paint.",val
L0582,F0068,0,random,True,False,False,202.5,552.63,"I lost my pink Milton bottle. Details: steel body, paint worn off in places.",Found a navy blue umbrella. Details: automatic open button.,val
L0582,F0186,0,random,True,False,False,326.5,496.1,"I lost my pink Milton bottle. Details: steel body, paint worn off in places.","Found a maroon Hidesign purse. Features: leather finish, zip coin pocket, metal logo. Kept safely with me.",val
L0583,F0586,1,positive,True,True,True,123.7,1.82,Lost blue water bottle,Found a blue water bottle. It has steel body.,train
L0583,F0476,0,same_group_nearby,True,True,True,148.7,-4.07,Lost blue water bottle,Mujhe mila hai: found a orange water bottle. It has flip cap.,train
L0583,F0523,0,same_group_nearby,True,True,True,0.0,-4.5,Lost blue water bottle,Fonud a blue flask. It has paint worn off in places.,train
L0583,F0639,0,same_group_nearby,True,True,True,0.0,-50.75,Lost blue water bottle,Found a pink Borosil water bottle. Details: one litre bottle.,train
L0583,F0716,0,random,True,False,False,139.3,563.62,Lost blue water bottle,Found a red smartphone. Features: cracked screen corner.,train
L0583,F0564,0,random,True,False,False,0.0,977.78,Lost blue water bottle,Found green smartwatch,train
L0584,F0587,1,positive,True,True,True,128.1,0.12,I lost my black keys. It has two-wheeler key with cover.,Found balck key bunch,train
L0584,F0081,0,same_group_nearby,True,False,True,128.1,44.78,I lost my black keys. It has two-wheeler key with cover.,Found a grey purse. It has frayed at the edges.,train
L0584,F0499,0,same_group_nearby,True,False,True,332.4,18.13,I lost my black keys. It has two-wheeler key with cover.,maroon-ish red umbrella found,train
L0584,F0054,0,same_group_nearby,True,False,True,201.2,41.78,I lost my black keys. It has two-wheeler key with cover.,"Found a blue spectacle case. Features: zippered, cloth pouch type, tiny logo on the front.",train
L0584,F0729,0,random,True,False,False,0.0,-1088.47,I lost my black keys. It has two-wheeler key with cover.,Found a black AirPods charging case. Details: tiny indicator light.,train
L0584,F0025,0,random,True,False,True,332.4,-23.3,I lost my black keys. It has two-wheeler key with cover.,Found a navy blue wallet. Details: metal logo.,train
L0585,F0588,1,positive,True,False,True,382.1,1.07,I lost my blue Decathlon water bottle. Features: paint worn off in places.,"Found a blue Decathlon bottle. Features: one litre bottle, stainless steel, scratched paint. Kept safely with me.",train
L0585,F0589,0,twin_hard_negative,True,False,True,645.4,-319.4,I lost my blue Decathlon water bottle. Features: paint worn off in places.,"Ye mila hai, owner ko batao: found a blue Decathlon water bottle. Details: paint worn off in places.",train
L0585,F0486,0,same_group_nearby,True,False,True,645.4,-32.65,I lost my blue Decathlon water bottle. Features: paint worn off in places.,Found silver flask,train
L0585,F0078,0,random,True,False,False,500.0,37.98,I lost my blue Decathlon water bottle. Features: paint worn off in places.,Found a black Dell laptop. Details: sticekrs on the top cover.,train
L0585,F0424,0,random,True,False,False,519.2,824.97,I lost my blue Decathlon water bottle. Features: paint worn off in places.,Found maroon backpack,train
L0586,F0589,1,positive,True,True,True,269.3,22.38,"I lost my blue Decathlon flask. Features: scratched paint, flip cap.","Ye mila hai, owner ko batao: found a blue Decathlon water bottle. Details: paint worn off in places.",train
L0586,F0588,0,twin_hard_negative,True,True,True,0.0,342.85,"I lost my blue Decathlon flask. Features: scratched paint, flip cap.","Found a blue Decathlon bottle. Features: one litre bottle, stainless steel, scratched paint. Kept safely with me.",train
L0586,F0451,0,random,True,False,False,126.5,174.92,"I lost my blue Decathlon flask. Features: scratched paint, flip cap.",Mujhe mila hai: grey calculator found,train
L0586,F0264,0,random,True,False,False,126.5,1226.25,"I lost my blue Decathlon flask. Features: scratched paint, flip cap.",Found a wallet.,train
L0587,F0590,1,positive,True,True,True,0.0,12.08,"Lost my umbrella, it is red.",Found a maroon-ish red Lifelong umbrella. Features: folding type.,test
L0587,F0311,0,same_group_nearby,True,False,True,223.6,-15.72,"Lost my umbrella, it is red.","Ye mila hai, owner ko batao: found a silver key bunch. Details: metal ring.",test
L0587,F0388,0,random,True,False,False,178.9,1107.75,"Lost my umbrella, it is red.",Found red rucksack,test
L0587,F0387,0,random,True,False,False,589.0,1421.12,"Lost my umbrella, it is red.","Found a gray MacBook laptop. Details: keyboard lights up, fifteen inch display, stickers on the top cover.",test
L0588,F0591,1,positive,True,True,True,58.3,3.83,"Mera i lost my green backpack. Details: laptop compartment, slightly torn near the strap, one side pocket. kho gaya hai.",green rucksack found,train
L0588,F0472,0,same_group_nearby,True,True,True,230.9,-17.75,"Mera i lost my green backpack. Details: laptop compartment, slightly torn near the strap, one side pocket. kho gaya hai.",Found a maroon Puma bag. Details: logo in whiet on the front.,train
L0588,F0527,0,random,True,False,False,58.3,1251.87,"Mera i lost my green backpack. Details: laptop compartment, slightly torn near the strap, one side pocket. kho gaya hai.",Found a water bottle.,train
L0588,F0478,0,random,True,False,False,58.3,698.37,"Mera i lost my green backpack. Details: laptop compartment, slightly torn near the strap, one side pocket. kho gaya hai.",light pink earbuds case found,train
L0589,F0592,1,positive,True,False,True,197.2,21.55,I lost my green umbrella. It has pattern on the border.,Found a umbrella.,test
L0589,F0183,0,random,True,True,True,410.0,-672.5,I lost my green umbrella. It has pattern on the border.,Found a silver keychain. Features: small padlock key.,test
L0589,F0696,0,random,True,False,False,155.6,-517.4,I lost my green umbrella. It has pattern on the border.,Found a blue laptop. Details: backlit keyboard.,test
L0590,F0593,1,positive,True,False,True,178.9,70.25,"I lost my white Noise small case. Features: scuffed lid, silicone cover. Please contact me if found.","Found a white Noise small case. Features: silicone cover, scuffed lid.",train
L0590,F0041,0,same_group_nearby,True,False,True,0.0,-16.85,"I lost my white Noise small case. Features: scuffed lid, silicone cover. Please contact me if found.",Found a light blue iPhone phone. It has dual camera.,train
L0590,F0679,0,same_group_nearby,True,False,True,332.4,31.67,"I lost my white Noise small case. Features: scuffed lid, silicone cover. Please contact me if found.","Found a black adapter with cable. Features: long cable, cloth braided cable, fast charging type.",train
L0590,F0617,0,same_group_nearby,True,False,True,178.9,35.18,"I lost my white Noise small case. Features: scuffed lid, silicone cover. Please contact me if found.","Mujhe mila hai: found a silver Anker power bank. It has USB-C port, matte rubber finish, thin power bank. Kept safely with me.",train
L0590,F0513,0,random,True,False,True,404.5,-552.35,"I lost my white Noise small case. Features: scuffed lid, silicone cover. Please contact me if found.","Found a white watch. Features: scratch on the glass, silicone strap, rectangular screen. Kept safely with me.",train
L0590,F0209,0,random,True,False,False,531.5,-956.62,"I lost my white Noise small case. Features: scuffed lid, silicone cover. Please contact me if found.",Found a red keychain. It has metal ring.,train
L0591,F0595,1,positive,True,True,True,0.0,4.35,"I lost my silver-grey Casio scientific calculator. It has scientific calculator, solar panel. Please contact me if found.",Found a calculator.,train
L0591,F0697,0,same_group_nearby,True,True,True,250.0,31.83,"I lost my silver-grey Casio scientific calculator. It has scientific calculator, solar panel. Please contact me if found.",Found a sky blue scientific calculator. Details: hard slide-on cover.,train
L0591,F0184,0,same_group_nearby,True,True,True,58.3,22.07,"I lost my silver-grey Casio scientific calculator. It has scientific calculator, solar panel. Please contact me if found.",Found a blue Casio calculator. Features: some keys faded.,train
L0591,F0012,0,same_group_nearby,True,True,True,120.4,-15.13,"I lost my silver-grey Casio scientific calculator. It has scientific calculator, solar panel. Please contact me if found.",Found a silver-grey calculator. It has slide cover.,train
L0591,F0549,0,random,True,False,False,370.5,-645.22,"I lost my silver-grey Casio scientific calculator. It has scientific calculator, solar panel. Please contact me if found.",Found a red mobile. It has pop socket on the back.,train
L0591,F0758,0,random,True,False,False,58.3,563.12,"I lost my silver-grey Casio scientific calculator. It has scientific calculator, solar panel. Please contact me if found.","Found a navy blue Hidesign wallet. Details: zipper coin section, metal logo.",train
L0592,F0596,1,positive,True,True,True,0.0,0.73,Mera i lost my brown Fastrack wallet. Features: zip coin pocket. kho gaya hai.,Found a brown Fastrack card holder. It has worn edges.,train
L0592,F0359,0,same_group_nearby,True,False,True,136.0,1.52,Mera i lost my brown Fastrack wallet. Features: zip coin pocket. kho gaya hai.,Found a pink umbrella. Details: foldable umbrella.,train
L0592,F0042,0,same_group_nearby,True,False,True,170.9,-29.93,Mera i lost my brown Fastrack wallet. Features: zip coin pocket. kho gaya hai.,Found a brown Titan specs box. Details: hard case.,train
L0592,F0190,0,same_group_nearby,True,True,True,282.8,-71.83,Mera i lost my brown Fastrack wallet. Features: zip coin pocket. kho gaya hai.,"Found a grey purse. Details: zipper coin section, frayed at the edges, metal logo. Kept safely with me.",train
L0592,F0344,0,random,True,False,True,126.5,-448.12,Mera i lost my brown Fastrack wallet. Features: zip coin pocket. kho gaya hai.,Found a keychain.,train
L0592,F0372,0,random,True,False,False,134.2,107.05,Mera i lost my brown Fastrack wallet. Features: zip coin pocket. kho gaya hai.,Found a blue Casio scientific calculator. It has some keys faded.,train
L0593,F0597,1,positive,True,True,True,0.0,16.73,"Lost my backpack, it is navy blue.",Found a navy blue American Tourister backpack. Details: slightly torn near the strap.,train
L0593,F0598,0,twin_hard_negative,True,True,True,0.0,192.5,"Lost my backpack, it is navy blue.","Mujhe mila hai: found a navy blue American Tourister bag. Features: small tear by the strap, two front zips. Kept safely with me.",train
L0593,F0674,0,random,True,False,False,462.7,265.48,"Lost my backpack, it is navy blue.",Found black earbuds case,train
L0593,F0052,0,random,True,False,False,340.1,799.03,"Lost my backpack, it is navy blue.",Found a white Fire-Boltt watch. Features: silicone strap.,train
L0594,F0598,1,positive,True,True,True,58.3,1.13,I lost my navy blue backpack. It has two front zips.,"Mujhe mila hai: found a navy blue American Tourister bag. Features: small tear by the strap, two front zips. Kept safely with me.",train
L0594,F0597,0,twin_hard_negative,True,True,True,58.3,-174.63,I lost my navy blue backpack. It has two front zips.,Found a navy blue American Tourister backpack. Details: slightly torn near the strap.,train
L0594,F0552,0,same_group_nearby,True,True,True,337.3,33.72,I lost my navy blue backpack. It has two front zips.,Mujhe mila hai: found blue sports bag,train
L0594,F0551,0,random,True,True,True,230.9,1522.98,I lost my navy blue backpack. It has two front zips.,"Found a black Puma rucksack. It has logo in white on the front, reflective strip.",train
L0594,F0738,0,random,True,False,False,389.5,409.05,I lost my navy blue backpack. It has two front zips.,Found a rose umbrella. Details: pattern on the border.,train
L0595,F0599,1,positive,True,True,True,176.9,6.98,"I lost my black Titan spectacles case. Details: tiny logo on the front, hard shell, soft pouch. Please contact me if found.",Found a black spectacle case. Features: small logo.,train
L0595,F0465,0,same_group_nearby,True,False,True,230.9,-38.35,"I lost my black Titan spectacles case. Details: tiny logo on the front, hard shell, soft pouch. Please contact me if found.",Found brown keychain,train
L0595,F0402,0,same_group_nearby,True,False,True,230.2,21.83,"I lost my black Titan spectacles case. Details: tiny logo on the front, hard shell, soft pouch. Please contact me if found.",Found a red keychain. Features: metal ring.,train
L0595,F0669,0,same_group_nearby,True,True,True,58.3,-47.47,"I lost my black Titan spectacles case. Details: tiny logo on the front, hard shell, soft pouch. Please contact me if found.","Found a brown keychain. It has two-wheeler key with cover, tag hanging from it. Kept safely with me.",train
L0595,F0309,0,random,True,False,True,406.1,-796.18,"I lost my black Titan spectacles case. Details: tiny logo on the front, hard shell, soft pouch. Please contact me if found.","Found a navy blue Hidesign wallet. It has looks like leather, worn edges, zip coin pocket.",train
L0595,F0258,0,random,True,False,False,589.0,-1359.65,"I lost my black Titan spectacles case. Details: tiny logo on the front, hard shell, soft pouch. Please contact me if found.","Ye mila hai, owner ko batao: metallic Redmi smartphone found",train
L0596,F0600,1,positive,True,True,True,170.9,0.82,"I lost my silver Dell laptop. It has sticker on the lid, in a black laptop sleeve, fifteen inch display.",Found silver laptop,val
L0596,F0357,0,same_group_nearby,True,False,True,170.9,46.03,"I lost my silver Dell laptop. It has sticker on the lid, in a black laptop sleeve, fifteen inch display.",Found a smartwatch.,val
L0596,F0687,0,same_group_nearby,True,False,True,352.3,-35.48,"I lost my silver Dell laptop. It has sticker on the lid, in a black laptop sleeve, fifteen inch display.",Found a dark green smartwatch. Details: square dial.,val
L0596,F0445,0,same_group_nearby,True,False,True,134.2,48.93,"I lost my silver Dell laptop. It has sticker on the lid, in a black laptop sleeve, fifteen inch display.",Found black charger,val
L0596,F0606,0,random,True,False,False,352.3,1350.62,"I lost my silver Dell laptop. It has sticker on the lid, in a black laptop sleeve, fifteen inch display.",Found pink flask,val
L0596,F0087,0,random,True,False,False,616.2,-320.7,"I lost my silver Dell laptop. It has sticker on the lid, in a black laptop sleeve, fifteen inch display.",Found a book.,val
L0597,F0601,0,twin_hard_negative,False,True,True,67.1,-155.57,I lost my grey backpack. Details: slightly torn near the strap.,Foudn a gray backpack. Details: reflective strip.,train
L0597,F0151,0,random,False,False,False,350.0,532.57,I lost my grey backpack. Details: slightly torn near the strap.,"Found a blue AirPods charging case. Details: tiny indicator light, rubber cover.",train
L0597,F0726,0,random,False,False,False,139.3,204.42,I lost my grey backpack. Details: slightly torn near the strap.,Found a dark grey OnePlus earbuds case. Features: lanyard hook.,train
L0598,F0601,1,positive,True,True,True,174.9,3.58,"I lost my grey American Tourister bag. Features: white logo, reflective strip on the straps, one side pocket. Please contact me if found.",Foudn a gray backpack. Details: reflective strip.,train
L0598,F0044,0,same_group_nearby,True,True,True,326.5,70.7,"I lost my grey American Tourister bag. Features: white logo, reflective strip on the straps, one side pocket. Please contact me if found.",Found a gray Skybags sports bag. It has slightly torn near the strap.,train
L0598,F0764,0,same_group_nearby,True,True,True,133.4,67.62,"I lost my grey American Tourister bag. Features: white logo, reflective strip on the straps, one side pocket. Please contact me if found.",Found a silver-grey bag. It has slightyl torn near the strap.,train
L0598,F0005,0,same_group_nearby,True,True,True,174.9,-24.43,"I lost my grey American Tourister bag. Features: white logo, reflective strip on the straps, one side pocket. Please contact me if found.",Found a maroon Nike rucksack. Features: logo in white on the front.,train
L0598,F0252,0,random,True,False,False,326.5,834.23,"I lost my grey American Tourister bag. Features: white logo, reflective strip on the straps, one side pocket. Please contact me if found.",white charger bank found,train
L0598,F0597,0,random,True,True,True,355.1,-686.12,"I lost my grey American Tourister bag. Features: white logo, reflective strip on the straps, one side pocket. Please contact me if found.",Found a navy blue American Tourister backpack. Details: slightly torn near the strap.,train
L0599,F0602,1,positive,True,True,True,170.9,1.8,I lost my grey Casio calculator. Features: solar panel.,grey calculator ofund,train
L0599,F0313,0,same_group_nearby,True,False,True,340.1,51.72,I lost my grey Casio calculator. Features: solar panel.,Mujhe mila hai: found a green record book. It has coloured sticky notes sticking out.,train
L0599,F0124,0,same_group_nearby,True,True,True,237.7,-71.92,I lost my grey Casio calculator. Features: solar panel.,"Found a grey Citizen calculator. Features: some keys faded, scientific type.",train
L0599,F0090,0,same_group_nearby,True,False,True,216.3,-9.45,I lost my grey Casio calculator. Features: solar panel.,Found light blue record book,train
L0599,F0073,0,random,True,False,False,170.9,-419.78,I lost my grey Casio calculator. Features: solar panel.,Found a battery pack.,train
L0599,F0049,0,random,True,False,False,0.0,-717.48,I lost my grey Casio calculator. Features: solar panel.,red sports bag found,train
L0600,F0603,1,positive,True,False,True,0.0,51.67,black keys lost,Found a dark key bunch. Features: bike key with a rubber cover.,train
L0600,F0604,0,twin_hard_negative,True,True,True,382.1,-809.37,black keys lost,"Mujhe mila hai: found a black key bunch. Details: steel ring, small padlock key.",train
L0600,F0587,0,same_group_nearby,True,True,True,645.4,-28.68,black keys lost,Found balck key bunch,train
L0600,F0710,0,same_group_nearby,True,False,True,0.0,-59.22,black keys lost,Found black specs box,train
L0600,F0499,0,same_group_nearby,True,False,True,223.6,-10.67,black keys lost,maroon-ish red umbrella found,train
L0600,F0765,0,random,True,False,False,480.8,-32.52,black keys lost,Found a red notebook. Features: spiral notebook.,train
L0600,F0317,0,random,True,False,False,632.5,-815.22,black keys lost,"Found a white Apple charger. Features: about 1.5 m cable, fast charger.",train
L0601,F0604,1,positive,True,True,True,133.4,12.35,"Lost my keys, it is dark.","Mujhe mila hai: found a black key bunch. Details: steel ring, small padlock key.",train
L0601,F0603,0,twin_hard_negative,True,False,True,463.2,873.38,"Lost my keys, it is dark.",Found a dark key bunch. Features: bike key with a rubber cover.,train
L0601,F0108,0,same_group_nearby,True,False,True,72.8,-38.8,"Lost my keys, it is dark.",Found a red glasses case. Details: cloth pouch type.,train
L0601,F0480,0,same_group_nearby,True,False,True,0.0,45.42,"Lost my keys, it is dark.",grey umbrella found,train
L0601,F0647,0,same_group_nearby,True,True,True,197.2,47.62,"Lost my keys, it is dark.",Found a glasses case.,train
L0601,F0213,0,random,True,False,True,410.0,165.5,"Lost my keys, it is dark.",Found a red Lifelong umbrella. Details: foldable umbrella.,train
L0601,F0739,0,random,True,False,False,133.4,-237.13,"Lost my keys, it is dark.",Mujhe mila hai: found a phone.,train
L0602,F0605,1,positive,True,True,True,230.2,1.3,whtie smartwatch lost,Found a white smartwatch. Features: glass slightly scratched.,train
L0602,F0420,0,same_group_nearby,True,False,True,304.6,1.87,whtie smartwatch lost,Found a light blue laptop. It has in a black laptop sleeve.,train
L0602,F0262,0,same_group_nearby,True,False,True,230.2,-60.13,whtie smartwatch lost,Found silver notebook computer,train
L0602,F0164,0,same_group_nearby,True,False,True,230.9,46.42,whtie smartwatch lost,Found black charger bank,train
L0602,F0216,0,random,True,False,True,0.0,386.67,whtie smartwatch lost,"Ye mila hai, owner ko batao: found a black charger bank. Details: thin power bank.",train
L0602,F0596,0,random,True,False,False,308.1,545.88,whtie smartwatch lost,Found a brown Fastrack card holder. It has worn edges.,train
L0603,F0605,0,twin_hard_negative,False,True,True,230.2,436.53,"Lost my smartwatch, it is white.",Found a white smartwatch. Features: glass slightly scratched.,train
L0603,F0234,0,same_group_nearby,False,False,True,0.0,-0.88,"Lost my smartwatch, it is white.","Found a grey Asus notebook computer. Features: keyboard lights up, stickers on the top cover, fifteen inch display.",train
L0603,F0331,0,same_group_nearby,False,False,True,230.9,-70.97,"Lost my smartwatch, it is white.",sky blue power bank found,train
L0603,F0199,0,same_group_nearby,False,False,True,58.3,-23.5,"Lost my smartwatch, it is white.",Found pink small case,train
L0603,F0468,0,random,False,False,True,176.9,-18.62,"Lost my smartwatch, it is white.",Found a black Mi power bank. Features: type-C input.,train
L0603,F0350,0,random,False,False,False,176.9,619.97,"Lost my smartwatch, it is white.","Found a orange Milton flask. It has steel body, paint worn off in places. Kept safely with me.",train
L0604,F0653,0,same_group_nearby,False,False,True,337.3,-67.25,"I lost my green Amazfit smartwatch. It has glass slightly scratched, rubber strap.",Found a black battery pack. Features: rubber finish.,val
L0604,F0530,0,same_group_nearby,False,False,True,136.0,4.88,"I lost my green Amazfit smartwatch. It has glass slightly scratched, rubber strap.","Foudn a white Realme adapter with cable. It has two-pin adapter, cloth braided cable, fast charging type.",val
L0604,F0086,0,same_group_nearby,False,True,True,330.2,-5.32,"I lost my green Amazfit smartwatch. It has glass slightly scratched, rubber strap.",pink watch found,val
L0604,F0186,0,random,False,False,False,304.1,90.32,"I lost my green Amazfit smartwatch. It has glass slightly scratched, rubber strap.","Found a maroon Hidesign purse. Features: leather finish, zip coin pocket, metal logo. Kept safely with me.",val
L0604,F0007,0,random,False,False,True,136.0,-1283.45,"I lost my green Amazfit smartwatch. It has glass slightly scratched, rubber strap.",Found a white adapter with cable. Details: braided cable.,val
L0605,F0606,1,positive,True,True,True,164.0,7.5,"I lost my pink Cello bottle. It has flip cap, scratched paint, one litre bottle.",Found pink flask,val
L0605,F0462,0,same_group_nearby,True,True,True,206.2,-2.5,"I lost my pink Cello bottle. It has flip cap, scratched paint, one litre bottle.",blue water bottle found,val
L0605,F0056,0,random,True,False,False,271.7,-631.47,"I lost my pink Cello bottle. It has flip cap, scratched paint, one litre bottle.",Found a grey Popy umbrella. Features: bent rib.,val
L0605,F0558,0,random,True,False,False,0.0,-1652.97,"I lost my pink Cello bottle. It has flip cap, scratched paint, one litre bottle.",Found blue umbrelal,val
L0606,F0607,1,positive,True,True,True,0.0,1.5,I lost my blue boAt smartwatch. Details: square dial.,"Found a blue boAt watch. Details: glass slightly scratched, silicone strap, rectangular screen. Kept safely with me.",train
L0606,F0635,0,same_group_nearby,True,False,True,134.5,-39.72,I lost my blue boAt smartwatch. Details: square dial.,Found white earbuds case,train
L0606,F0385,0,same_group_nearby,True,False,True,202.5,48.72,I lost my blue boAt smartwatch. Details: square dial.,Found off-white adapter with cable,train
L0606,F0182,0,same_group_nearby,True,False,True,134.5,20.55,I lost my blue boAt smartwatch. Details: square dial.,Found a silver mobile. It has dual camera.,train
L0606,F0035,0,random,True,False,False,362.2,1013.92,I lost my blue boAt smartwatch. Details: square dial.,Found a grey purse. It has zip coin pocket.,train
L0606,F0420,0,random,True,False,True,148.7,121.82,I lost my blue boAt smartwatch. Details: square dial.,Found a light blue laptop. It has in a black laptop sleeve.,train
L0607,F0608,1,positive,True,True,True,447.8,3.62,"I lost my blue Dell laptop. Features: sticker on the lid, black sleeve, backlit keyboard. Please contact me if found.","Foudn a blue notebook computer. It has backlit keyboard, in a black laptop sleeve, stickers on the top cover.",train
L0607,F0609,0,twin_hard_negative,True,False,True,310.6,-885.07,"I lost my blue Dell laptop. Features: sticker on the lid, black sleeve, backlit keyboard. Please contact me if found.","Ye mila hai, owner ko batao: blue laptop found",train
L0607,F0374,0,same_group_nearby,True,False,True,447.8,-37.62,"I lost my blue Dell laptop. Features: sticker on the lid, black sleeve, backlit keyboard. Please contact me if found.",Found black fitness band,train
L0607,F0038,0,same_group_nearby,True,False,True,294.3,-63.73,"I lost my blue Dell laptop. Features: sticker on the lid, black sleeve, backlit keyboard. Please contact me if found.",Found a blue fitness band. Features: round dial.,train
L0607,F0662,0,same_group_nearby,True,True,True,282.8,37.22,"I lost my blue Dell laptop. Features: sticker on the lid, black sleeve, backlit keyboard. Please contact me if found.","Found a silver MacBook notebook computer. Features: in a black laptop sleeve, stickers on the top cover.",train
L0607,F0143,0,random,True,False,False,522.0,215.0,"I lost my blue Dell laptop. Features: sticker on the lid, black sleeve, backlit keyboard. Please contact me if found.","Found a brown Lenskart glasses case. Details: hard case, tiny logo on the front.",train
L0607,F0707,0,random,True,False,False,404.5,-296.57,"I lost my blue Dell laptop. Features: sticker on the lid, black sleeve, backlit keyboard. Please contact me if found.","Found a red Camlin notebook. It has spiral notebook, thick cover, about two hundred pages.",train
L0608,F0609,1,positive,True,False,True,134.5,1.9,"I lost my blue Dell laptop. Details: backlit keyboard, 15 inch screen. Please contact me if found.","Ye mila hai, owner ko batao: blue laptop found",train
L0608,F0608,0,twin_hard_negative,True,True,True,269.3,890.58,"I lost my blue Dell laptop. Details: backlit keyboard, 15 inch screen. Please contact me if found.","Foudn a blue notebook computer. It has backlit keyboard, in a black laptop sleeve, stickers on the top cover.",train
L0608,F0281,0,same_group_nearby,True,False,True,277.8,-23.72,"I lost my blue Dell laptop. Details: backlit keyboard, 15 inch screen. Please contact me if found.",Found green fitness band,train
L0608,F0365,0,same_group_nearby,True,False,True,216.3,53.85,"I lost my blue Dell laptop. Details: backlit keyboard, 15 inch screen. Please contact me if found.","Found a blue boAt earbuds case. It has small LED light, rubber cover, lanyard hook. Kept safely with me.",train
L0608,F0565,0,same_group_nearby,True,False,True,134.5,-37.12,"I lost my blue Dell laptop. Details: backlit keyboard, 15 inch screen. Please contact me if found.","Found a green Apple Watch fitness band. It has rectangular screen, circular screen.",train
L0608,F0713,0,random,True,True,True,430.5,1211.77,"I lost my blue Dell laptop. Details: backlit keyboard, 15 inch screen. Please contact me if found.",silver-grey Asus laptop found,train
L0608,F0209,0,random,True,False,False,372.2,673.25,"I lost my blue Dell laptop. Details: backlit keyboard, 15 inch screen. Please contact me if found.",Found a red keychain. It has metal ring.,train
L0609,F0610,1,positive,True,True,True,0.0,2.6,I lost my maroon Woodland wallet. Details: small metal logo.,Found a purse.,train
L0609,F0646,0,same_group_nearby,True,False,True,282.8,45.0,I lost my maroon Woodland wallet. Details: small metal logo.,Found a light blue specs box. Details: hard case.,train
L0609,F0400,0,same_group_nearby,True,False,True,282.8,25.9,I lost my maroon Woodland wallet. Details: small metal logo.,"Found a tan key bunch. Details: plastic tag, two-wheeler key with cover.",train
L0609,F0742,0,same_group_nearby,True,False,True,447.8,-24.7,I lost my maroon Woodland wallet. Details: small metal logo.,"Found a dark grey umbrella. It has pattern on the border, one bent rib.",train
L0609,F0706,0,random,True,False,False,447.8,246.13,I lost my maroon Woodland wallet. Details: small metal logo.,Found a bottle.,train
L0609,F0398,0,random,True,False,False,456.5,-577.85,I lost my maroon Woodland wallet. Details: small metal logo.,Found red record book,train
L0610,F0611,1,positive,True,True,True,0.0,58.53,"I lost my green Amazfit smartwatch. It has silicone strap, scratch on the glass.",Found a green Amazfit smartwatch. Features: scratch on the glass.,train
L0610,F0262,0,same_group_nearby,True,False,True,447.8,-28.7,"I lost my green Amazfit smartwatch. It has silicone strap, scratch on the glass.",Found silver notebook computer,train
L0610,F0730,0,same_group_nearby,True,False,True,263.1,19.1,"I lost my green Amazfit smartwatch. It has silicone strap, scratch on the glass.","Found a silver MacBook laptop. Features: backlit keyboard, black sleeve.",train
L0610,F0605,0,same_group_nearby,True,True,True,447.8,32.73,"I lost my green Amazfit smartwatch. It has silicone strap, scratch on the glass.",Found a white smartwatch. Features: glass slightly scratched.,train
L0610,F0022,0,random,True,False,True,404.5,-697.48,"I lost my green Amazfit smartwatch. It has silicone strap, scratch on the glass.","Mujhe mila hai: found a silver Dell laptop. Features: in a black laptop sleeve, backlit keyboard.",train
L0610,F0735,0,random,True,False,False,223.6,-719.23,"I lost my green Amazfit smartwatch. It has silicone strap, scratch on the glass.",red specs box fuond,train
L0611,F0614,1,positive,True,True,True,134.2,7.65,"I lost my black book. Features: about two hundred pages, hard cover.",Found a black book. Details: 200 pages.,train
L0611,F0613,0,twin_hard_negative,True,True,True,134.2,-903.6,"I lost my black book. Features: about two hundred pages, hard cover.","Ye mila hai, owner ko batao: found a black book. Features: spiral notebook.",train
L0611,F0401,0,same_group_nearby,True,False,True,286.4,26.88,"I lost my black book. Features: about two hundred pages, hard cover.","Found a blue Citizen scientific calculator. Features: scientific calculator, some keys faded. Kept safely with me.",train
L0611,F0504,0,same_group_nearby,True,False,True,349.9,23.98,"I lost my black book. Features: about two hundred pages, hard cover.",Found a sky blue Casio scientific calculator. It has scientific type.,train
L0611,F0293,0,same_group_nearby,True,True,True,134.2,67.4,"I lost my black book. Features: about two hundred pages, hard cover.",Found a dark yellow Camlin record book. Features: thick cover.,train
L0611,F0076,0,random,True,False,False,349.9,-1083.88,"I lost my black book. Features: about two hundred pages, hard cover.",silver keys found,train
L0611,F0073,0,random,True,False,False,284.3,-282.08,"I lost my black book. Features: about two hundred pages, hard cover.",Found a battery pack.,train
L0612,F0615,1,positive,True,False,True,10.0,0.93,"Lost my wallet, it is navy blue.",Mujhe mila hai: found a navy blue card holder. Features: leather finish.,train
L0612,F0229,0,same_group_nearby,True,False,True,277.8,-2.13,"Lost my wallet, it is navy blue.",Found a brown key bunch. Features: small padlock key.,train
L0612,F0177,0,same_group_nearby,True,False,True,10.0,6.12,"Lost my wallet, it is navy blue.","Mujhe mila hai: found a red keychain. Details: metal ring, small padlock key.",train
L0612,F0671,0,same_group_nearby,True,True,True,280.0,-26.53,"Lost my wallet, it is navy blue.",Found a dark blue purse. Features: frayed at the edges.,train
L0612,F0215,0,random,True,False,False,172.0,625.03,"Lost my wallet, it is navy blue.",Found dark power bank,train
L0612,F0261,0,random,True,False,False,172.0,72.33,"Lost my wallet, it is navy blue.",Found a silver notebook computer. Features: keyboard lights up.,train
L0613,F0616,0,twin_hard_negative,False,True,True,277.8,167.05,"I lost my grey American Tourister backpack. Details: one side pocket, reflective strip on the straps, small tear by the strap.","Found a grey American Tourister rucksack. Details: logo in white on the front, small tear by the strap, double zip on the front.",train
L0613,F0580,0,same_group_nearby,False,True,True,269.3,-26.5,"I lost my grey American Tourister backpack. Details: one side pocket, reflective strip on the straps, small tear by the strap.",Found red rucksack,train
L0613,F0049,0,same_group_nearby,False,True,True,216.3,-24.05,"I lost my grey American Tourister backpack. Details: one side pocket, reflective strip on the straps, small tear by the strap.",red sports bag found,train
L0613,F0148,0,random,False,False,False,410.5,107.4,"I lost my grey American Tourister backpack. Details: one side pocket, reflective strip on the straps, small tear by the strap.","Ye mila hai, owner ko batao: found dark brown keys",train
L0613,F0346,0,random,False,False,False,410.5,-246.78,"I lost my grey American Tourister backpack. Details: one side pocket, reflective strip on the straps, small tear by the strap.",Found a dark grey charger. It has fast charging type.,train
L0614,F0616,1,positive,True,True,True,155.6,29.18,I lost my grey backpack. Features: double zip on the front.,"Found a grey American Tourister rucksack. Details: logo in white on the front, small tear by the strap, double zip on the front.",train
L0614,F0189,0,same_group_nearby,True,True,True,123.7,31.47,I lost my grey backpack. Features: double zip on the front.,Found a navy blue bag. It has two front zips.,train
L0614,F0424,0,same_group_nearby,True,True,True,155.6,-4.17,I lost my grey backpack. Features: double zip on the front.,Found maroon backpack,train
L0614,F0274,0,random,True,False,False,294.3,-27.88,I lost my grey backpack. Features: double zip on the front.,Found a pink Realme airpods case. It has lanyard hook.,train
L0614,F0721,0,random,True,False,False,463.2,254.23,I lost my grey backpack. Features: double zip on the front.,Found a brown Titan glasses case. It has zip closure.,train
L0615,F0617,1,positive,True,True,True,178.9,11.68,"I lost my metallic Anker battery pack. Features: thin power bank, type-C input, rubber finish. Please contact me if found.","Mujhe mila hai: found a silver Anker power bank. It has USB-C port, matte rubber finish, thin power bank. Kept safely with me.",train
L0615,F0395,0,same_group_nearby,True,False,True,332.4,-18.2,"I lost my metallic Anker battery pack. Features: thin power bank, type-C input, rubber finish. Please contact me if found.",Fuond a mobile.,train
L0615,F0593,0,same_group_nearby,True,False,True,178.9,46.75,"I lost my metallic Anker battery pack. Features: thin power bank, type-C input, rubber finish. Please contact me if found.","Found a white Noise small case. Features: silicone cover, scuffed lid.",train
L0615,F0041,0,same_group_nearby,True,False,True,0.0,-40.35,"I lost my metallic Anker battery pack. Features: thin power bank, type-C input, rubber finish. Please contact me if found.",Found a light blue iPhone phone. It has dual camera.,train
L0615,F0591,0,random,True,False,False,531.5,-1244.05,"I lost my metallic Anker battery pack. Features: thin power bank, type-C input, rubber finish. Please contact me if found.",green rucksack found,train
L0615,F0383,0,random,True,False,False,456.5,-195.38,"I lost my metallic Anker battery pack. Features: thin power bank, type-C input, rubber finish. Please contact me if found.",Found a book.,train
L0616,F0618,1,positive,True,True,True,0.0,1.1,"I lost my grey umbrella. Details: push-button opening, bent rib. Please contact me if found.",Found a grey umbrella. Details: bent rib.,train
L0616,F0384,0,same_group_nearby,True,False,True,310.6,44.53,"I lost my grey umbrella. Details: push-button opening, bent rib. Please contact me if found.","Found a brown Lenskart spectacle case. Details: hard shell, zippered, tiny logo on the front.",train
L0616,F0628,0,same_group_nearby,True,False,True,70.7,9.03,"I lost my grey umbrella. Details: push-button opening, bent rib. Please contact me if found.","Found a silver keys. Features: metal ring, bike key with a rubber cover.",train
L0616,F0034,0,same_group_nearby,True,False,True,247.0,66.62,"I lost my grey umbrella. Details: push-button opening, bent rib. Please contact me if found.",Found brown specs box,train
L0616,F0662,0,random,True,False,False,67.1,184.7,"I lost my grey umbrella. Details: push-button opening, bent rib. Please contact me if found.","Found a silver MacBook notebook computer. Features: in a black laptop sleeve, stickers on the top cover.",train
L0616,F0612,0,random,True,False,False,139.3,-254.08,"I lost my grey umbrella. Details: push-button opening, bent rib. Please contact me if found.","Found a grey smartphone. Details: dual camera, crack on the top corner.",train
L0617,F0618,0,twin_hard_negative,False,True,True,0.0,476.25,Kisi ko mila ho toh batao: lost grey umbrella,Found a grey umbrella. Details: bent rib.,train
L0617,F0048,0,same_group_nearby,False,False,True,247.0,-65.0,Kisi ko mila ho toh batao: lost grey umbrella,Found brown specs box,train
L0617,F0631,0,same_group_nearby,False,False,True,148.7,-22.38,Kisi ko mila ho toh batao: lost grey umbrella,Found a keys.,train
L0617,F0429,0,same_group_nearby,False,False,True,150.0,8.88,Kisi ko mila ho toh batao: lost grey umbrella,Found a grey glasses case. Features: small logo.,train
L0617,F0524,0,random,False,False,False,350.0,1314.25,Kisi ko mila ho toh batao: lost grey umbrella,Found a blue laptop. Details: 15 inch screen.,train
L0617,F0372,0,random,False,False,False,150.0,1066.75,Kisi ko mila ho toh batao: lost grey umbrella,Found a blue Casio scientific calculator. It has some keys faded.,train
L0618,F0619,1,positive,True,True,True,0.0,3.33,I lost my blue Syska power bank. Details: slim body.,Found a blue charger bank. It has thin power bank.,train
L0618,F0650,0,same_group_nearby,True,False,True,308.1,28.25,I lost my blue Syska power bank. Details: slim body.,Found a cream adapter with cable. Details: about 1.5 m cable.,train
L0618,F0507,0,same_group_nearby,True,False,True,0.0,67.03,I lost my blue Syska power bank. Details: slim body.,"Found a silver laptop. Details: black sleeve, sticker on the lid.",train
L0618,F0015,0,same_group_nearby,True,False,True,58.3,-45.42,I lost my blue Syska power bank. Details: slim body.,Found a black adapter with cable. Details: long cable.,train
L0618,F0667,0,random,True,False,False,0.0,-814.77,I lost my blue Syska power bank. Details: slim body.,Found red specs box,train
L0618,F0204,0,random,True,False,False,611.9,685.32,I lost my blue Syska power bank. Details: slim body.,Found maroon-ish red spectacle case,train
L0619,F0620,1,positive,True,True,True,150.0,7.3,I lost my black keychain. Features: two-wheeler key with cover.,"Found a dark grey keys. Features: plastic tag, bike key with a rubber cover.",val
L0619,F0354,0,same_group_nearby,True,False,True,228.0,-62.43,I lost my black keychain. Features: two-wheeler key with cover.,"Mujhe mila hai: found a grey Titan spectacle case. Features: small logo, soft pouch, zip closure. Kept safely with me.",val
L0619,F0355,0,same_group_nearby,True,False,True,228.0,-49.68,I lost my black keychain. Features: two-wheeler key with cover.,"Found a grey glasses case. Details: hard shell, cloth pouch type.",val
L0619,F0756,0,same_group_nearby,True,False,True,271.7,10.82,I lost my black keychain. Features: two-wheeler key with cover.,"Found a maroon Fastrack wallet. Details: looks like leather, zipper coin section.",val
L0619,F0641,0,random,True,False,False,120.4,1081.47,I lost my black keychain. Features: two-wheeler key with cover.,Found a phone.,val
L0619,F0277,0,random,True,False,False,412.3,1152.77,I lost my black keychain. Features: two-wheeler key with cover.,white power bank found,val
L0620,F0621,1,positive,True,True,True,0.0,7.43,navy blue umbrella lost,navy blue Popy umbrella found,test
L0620,F0469,0,random,True,False,True,519.2,-775.65,navy blue umbrella lost,"Found a red keychain. Features: tiny lock key, tag hanging from it. Kept safely with me.",test
L0620,F0446,0,random,True,True,True,0.0,455.37,navy blue umbrella lost,Found a light pink Fastrack umbrella. It has one bent rib.,test
L0621,F0726,0,same_group_nearby,False,False,True,197.2,-62.77,"I lost my silver Lenovo laptop. Details: fifteen inch display, keyboard lights up. Please contact me if found.",Found a dark grey OnePlus earbuds case. Features: lanyard hook.,train
L0621,F0215,0,same_group_nearby,False,False,True,271.7,-20.4,"I lost my silver Lenovo laptop. Details: fifteen inch display, keyboard lights up. Please contact me if found.",Found dark power bank,train
L0621,F0303,0,same_group_nearby,False,True,True,72.8,0.88,"I lost my silver Lenovo laptop. Details: fifteen inch display, keyboard lights up. Please contact me if found.","Found a blue notebook computer. It has in a black laptop sleeve, 15 inch screen.",train
L0621,F0213,0,random,False,False,False,410.0,-51.37,"I lost my silver Lenovo laptop. Details: fifteen inch display, keyboard lights up. Please contact me if found.",Found a red Lifelong umbrella. Details: foldable umbrella.,train
L0621,F0610,0,random,False,False,False,294.3,-425.1,"I lost my silver Lenovo laptop. Details: fifteen inch display, keyboard lights up. Please contact me if found.",Found a purse.,train
L0622,F0622,0,twin_hard_negative,False,True,True,178.9,-698.08,"I lost my orange Decathlon water bottle. Details: stainless steel, paint worn off in places, 1 litre size. Please contact me if found.",Found a dark yellow Decathlon water bottle. Features: flip-top lid.,train
L0622,F0283,0,same_group_nearby,False,True,True,178.9,-19.53,"I lost my orange Decathlon water bottle. Details: stainless steel, paint worn off in places, 1 litre size. Please contact me if found.","Found a black Cello flask. It has scratched paint, one litre bottle, stainless steel.",train
L0622,F0410,0,same_group_nearby,False,True,True,294.3,20.27,"I lost my orange Decathlon water bottle. Details: stainless steel, paint worn off in places, 1 litre size. Please contact me if found.","Found a orange Cello bottle. It has apint worn off in places, flip-top lid.",train
L0622,F0397,0,random,False,False,False,294.3,303.82,"I lost my orange Decathlon water bottle. Details: stainless steel, paint worn off in places, 1 litre size. Please contact me if found.",Found a dark record book. It has spiral bound.,train
L0622,F0344,0,random,False,False,False,178.9,-357.1,"I lost my orange Decathlon water bottle. Details: stainless steel, paint worn off in places, 1 litre size. Please contact me if found.",Found a keychain.,train
L0623,F0622,1,positive,True,True,True,0.0,20.33,I lost my orange water bottle. It has one litre bottle.,Found a dark yellow Decathlon water bottle. Features: flip-top lid.,train
L0623,F0158,0,random,True,False,False,430.5,-504.5,I lost my orange water bottle. It has one litre bottle.,Found a blue fitness band. It has scratch on the glass.,train
L0623,F0051,0,random,True,False,False,216.3,334.45,I lost my orange water bottle. It has one litre bottle.,Found off-white watch,train
L0624,F0623,1,positive,True,False,True,382.1,2.7,"I lost my grey Casio calculator. Features: slide cover, some keys faded, scientific type.","Found a grey scientific calculator. It has scientific calculator, slide cover, faded keys. Kept safely with me.",train
L0624,F0102,0,same_group_nearby,True,False,True,645.4,50.1,"I lost my grey Casio calculator. Features: slide cover, some keys faded, scientific type.","Ye mila hai, owner ko batao: found a black rceord book. Details: 200 pages, thick cover. Kept safely with me.",train
L0624,F0205,0,random,True,False,False,519.2,-931.28,"I lost my grey Casio calculator. Features: slide cover, some keys faded, scientific type.",Found a blue notebook computer. Details: in a black laptop sleeve.,train
L0624,F0188,0,random,True,False,False,0.0,-170.35,"I lost my grey Casio calculator. Features: slide cover, some keys faded, scientific type.",Found a white Realme charger. It has about 1.5 m cable.,train
L0625,F0624,1,positive,True,True,True,0.0,1.62,blue laptop lost,Found a blue laptop. Features: fifteen inch display.,val
L0625,F0201,0,same_group_nearby,True,True,True,0.0,34.38,blue laptop lost,Found a laptop.,val
L0625,F0699,0,random,True,False,False,277.8,1252.87,blue laptop lost,grey umbrella found,val
L0625,F0277,0,random,True,False,True,404.5,1101.47,blue laptop lost,white power bank found,val
L0626,F0625,1,positive,True,True,True,0.0,1.15,Lost silver water bottle,"Found a metallic Borosil water bottle. Details: one litre bottle, flip cap.",train
L0626,F0612,0,random,True,False,False,230.2,-760.88,Lost silver water bottle,"Found a grey smartphone. Details: dual camera, crack on the top corner.",train
L0626,F0710,0,random,True,False,False,808.0,379.4,Lost silver water bottle,Found black specs box,train
L0627,F0626,1,positive,True,True,True,0.0,0.02,"I lost my blue Noise small case. Features: scratches on the lid, rubber cover. Please contact me if found.",Found a earbuds case.,test
L0627,F0302,0,same_group_nearby,True,False,True,133.4,4.28,"I lost my blue Noise small case. Features: scratches on the lid, rubber cover. Please contact me if found.",Found blue Dell laptop,test
L0627,F0492,0,random,True,False,True,410.5,-1293.1,"I lost my blue Noise small case. Features: scratches on the lid, rubber cover. Please contact me if found.",Found a grey notebook computer. Details: stickers on the top cover.,test
L0627,F0257,0,random,True,False,True,277.8,-838.13,"I lost my blue Noise small case. Features: scratches on the lid, rubber cover. Please contact me if found.","Found a blue Mi battery pack. It has type-C input, four indicator lights.",test
L0628,F0628,1,positive,True,True,True,0.0,1.37,sliver key bunch lost,"Found a silver keys. Features: metal ring, bike key with a rubber cover.",train
L0628,F0646,0,same_group_nearby,True,False,True,136.0,-49.8,sliver key bunch lost,Found a light blue specs box. Details: hard case.,train
L0628,F0400,0,same_group_nearby,True,True,True,136.0,-68.9,sliver key bunch lost,"Found a tan key bunch. Details: plastic tag, two-wheeler key with cover.",train
L0628,F0034,0,same_group_nearby,True,False,True,282.8,58.95,sliver key bunch lost,Found brown specs box,train
L0628,F0655,0,random,True,False,False,201.2,-387.52,sliver key bunch lost,"Ye mila hai, owner ko batao: found a blue notebook computer. Features: in a black laptop sleeve.",train
L0628,F0171,0,random,True,False,False,420.1,367.05,sliver key bunch lost,Found a blue Noise airpods case. It has lanyard hook.,train
L0629,F0630,1,positive,True,True,True,155.2,50.88,"I lost my black Citizen calculator. It has some keys faded, scientific calculator.",dark scientific calculator found,train
L0629,F0629,0,twin_hard_negative,True,True,True,201.2,426.22,"I lost my black Citizen calculator. It has some keys faded, scientific calculator.",Found a black Citizen calculator. Details: faded keys.,train
L0629,F0399,0,same_group_nearby,True,False,True,282.8,-0.77,"I lost my black Citizen calculator. It has some keys faded, scientific calculator.","Found a red Camlin record book. Features: spiral notebook, coloured sticky notes sticking out.",train
L0629,F0095,0,same_group_nearby,True,True,True,0.0,36.92,"I lost my black Citizen calculator. It has some keys faded, scientific calculator.",Found a calculator.,train
L0629,F0281,0,random,True,False,False,134.5,69.65,"I lost my black Citizen calculator. It has some keys faded, scientific calculator.",Found green fitness band,train
L0629,F0264,0,random,True,False,False,136.0,1225.97,"I lost my black Citizen calculator. It has some keys faded, scientific calculator.",Found a wallet.,train
L0630,F0631,1,positive,True,True,True,186.8,1.85,I lost my dark grey keys. Details: emtal ring.,Found a keys.,train
L0630,F0632,0,twin_hard_negative,True,True,True,0.0,889.83,I lost my dark grey keys. Details: emtal ring.,Mujhe mila hai: found a black key bunch. Features: bike key with a rubber cover.,train
L0630,F0429,0,same_group_nearby,True,False,True,120.4,33.12,I lost my dark grey keys. Details: emtal ring.,Found a grey glasses case. Features: small logo.,train
L0630,F0678,0,same_group_nearby,True,True,True,250.0,65.38,I lost my dark grey keys. Details: emtal ring.,Found silver key bunhc,train
L0630,F0633,0,same_group_nearby,True,False,True,184.4,-44.75,I lost my dark grey keys. Details: emtal ring.,Found a card holder.,train
L0630,F0612,0,random,True,False,False,184.4,245.3,I lost my dark grey keys. Details: emtal ring.,"Found a grey smartphone. Details: dual camera, crack on the top corner.",train
L0630,F0409,0,random,True,False,False,370.5,263.02,I lost my dark grey keys. Details: emtal ring.,Found a charging case.,train
L0631,F0632,1,positive,True,False,True,58.3,3.9,"I lost my black keys. It has small padlock key, two-wheeler key with cover.",Mujhe mila hai: found a black key bunch. Features: bike key with a rubber cover.,train
L0631,F0631,0,twin_hard_negative,True,False,True,230.9,-884.08,"I lost my black keys. It has small padlock key, two-wheeler key with cover.",Found a keys.,train
L0631,F0264,0,same_group_nearby,True,False,True,308.1,6.57,"I lost my black keys. It has small padlock key, two-wheeler key with cover.",Found a wallet.,train
L0631,F0243,0,same_group_nearby,True,False,True,308.1,-60.18,"I lost my black keys. It has small padlock key, two-wheeler key with cover.","Found a black keychain. Details: plastic tag, tiny lock key.",train
L0631,F0341,0,same_group_nearby,True,False,True,58.3,22.32,"I lost my black keys. It has small padlock key, two-wheeler key with cover.",Found brown purse,train
L0631,F0655,0,random,True,False,False,510.4,-766.4,"I lost my black keys. It has small padlock key, two-wheeler key with cover.","Ye mila hai, owner ko batao: found a blue notebook computer. Features: in a black laptop sleeve.",train
L0631,F0743,0,random,True,False,False,510.4,-620.47,"I lost my black keys. It has small padlock key, two-wheeler key with cover.",Found a white adapter with cable. Features: braided cable.,train
L0632,F0633,1,positive,True,True,True,280.2,21.65,"I lost my navy blue Wildcraft wallet. It has zipper coin section, frayed at the edges. Please contact me if found.",Found a card holder.,train
L0632,F0725,0,same_group_nearby,True,True,True,201.2,-38.17,"I lost my navy blue Wildcraft wallet. It has zipper coin section, frayed at the edges. Please contact me if found.",Found a dark Puma wallet. Features: zip coin pocket.,train
L0632,F0471,0,same_group_nearby,True,False,True,277.8,68.68,"I lost my navy blue Wildcraft wallet. It has zipper coin section, frayed at the edges. Please contact me if found.",Found a tan glasses case. It has cloth pouch type.,train
L0632,F0582,0,same_group_nearby,True,False,True,328.0,67.62,"I lost my navy blue Wildcraft wallet. It has zipper coin section, frayed at the edges. Please contact me if found.","Found a brown Lenskart glasess case. Features: hard shell, zip closure, tiny logo on the front.",train
L0632,F0442,0,random,True,False,False,280.2,981.48,"I lost my navy blue Wildcraft wallet. It has zipper coin section, frayed at the edges. Please contact me if found.","Ye mila hai, owner ko batao: found a airpods case.",train
L0632,F0036,0,random,True,False,False,155.6,975.88,"I lost my navy blue Wildcraft wallet. It has zipper coin section, frayed at the edges. Please contact me if found.",Found a off-white boAt smartwatch. It has rectangular screen.,train
L0633,F0634,1,positive,True,True,True,0.0,14.22,"I lost my blue Asus laptop. It has backlit keyboard, sticker on the lid. Please contact me if found.","Found a light blue Asus laptop. Features: sticker on the lid, keyboard lights up. Kept safely with me.",test
L0633,F0174,0,random,True,False,True,611.9,876.9,"I lost my blue Asus laptop. It has backlit keyboard, sticker on the lid. Please contact me if found.",Found a black adapter with cable. Features: two-pin adapter.,test
L0633,F0494,0,random,True,False,False,0.0,367.58,"I lost my blue Asus laptop. It has backlit keyboard, sticker on the lid. Please contact me if found.","Ye mila hai, owenr ko batao: found a bottle.",test
L0634,F0635,1,positive,True,False,True,155.2,64.32,"I lost my white Noise earbuds case. Features: scuffed lid, tiny indicator light. Please contact me if found.",Found white earbuds case,train
L0634,F0759,0,same_group_nearby,True,False,True,126.5,0.27,"I lost my white Noise earbuds case. Features: scuffed lid, tiny indicator light. Please contact me if found.",Found a black charger. Features: long cable.,train
L0634,F0651,0,same_group_nearby,True,False,True,178.9,27.68,"I lost my white Noise earbuds case. Features: scuffed lid, tiny indicator light. Please contact me if found.",Found a white smartwatch. Details: rubber strap.,train
L0634,F0743,0,same_group_nearby,True,False,True,277.8,50.67,"I lost my white Noise earbuds case. Features: scuffed lid, tiny indicator light. Please contact me if found.",Found a white adapter with cable. Features: braided cable.,train
L0634,F0764,0,random,True,False,False,0.0,266.43,"I lost my white Noise earbuds case. Features: scuffed lid, tiny indicator light. Please contact me if found.",Found a silver-grey bag. It has slightyl torn near the strap.,train
L0634,F0721,0,random,True,False,False,382.1,876.6,"I lost my white Noise earbuds case. Features: scuffed lid, tiny indicator light. Please contact me if found.",Found a brown Titan glasses case. It has zip closure.,train
L0635,F0637,1,positive,True,True,True,176.9,92.78,green umbrella lost,Found a olive green umbrella. Details: bent rib.,train
L0635,F0636,0,twin_hard_negative,True,True,True,0.0,868.9,green umbrella lost,Found green Lifelong umbrella,train
L0635,F0177,0,same_group_nearby,True,False,True,230.2,57.23,green umbrella lost,"Mujhe mila hai: found a red keychain. Details: metal ring, small padlock key.",train
L0635,F0615,0,same_group_nearby,True,True,True,230.2,52.05,green umbrella lost,Mujhe mila hai: found a navy blue card holder. Features: leather finish.,train
L0635,F0769,0,same_group_nearby,True,True,True,308.1,5.55,green umbrella lost,"Found a red Fastrack umbrella. Features: push-button opening, folding type, bent rib.",train
L0635,F0050,0,random,True,False,False,337.3,670.22,green umbrella lost,Found a grey notebook computer. It has backlit keyboard.,train
L0635,F0124,0,random,True,False,False,304.6,1177.42,green umbrella lost,"Found a grey Citizen calculator. Features: some keys faded, scientific type.",train
L0636,F0638,1,positive,True,False,True,155.2,30.13,I lost my white Mi power bank. Details: matte rubber finish.,"Found a white Mi battery pack. It has rubber finish, USB-C port, thin power bank. Kept safely with me.",test
L0636,F0301,0,same_group_nearby,True,False,True,155.2,-7.57,I lost my white Mi power bank. Details: matte rubber finish.,Found a blue laptop. It has backlit keyboard.,test
L0636,F0731,0,same_group_nearby,True,False,True,155.2,-34.98,I lost my white Mi power bank. Details: matte rubber finish.,Found a pink charging case. Details: lanyard hook.,test
L0636,F0111,0,same_group_nearby,True,False,True,206.2,-27.0,I lost my white Mi power bank. Details: matte rubber finish.,Found a olive green Apple Watch fitness band. Details: scratch on the glass.,test
L0636,F0259,0,random,True,False,False,136.0,460.22,I lost my white Mi power bank. Details: matte rubber finish.,"Found a pink umbrella. Details: bent rib, foldable umbrella, pattern on the border.",test
L0636,F0626,0,random,True,False,True,155.2,355.93,I lost my white Mi power bank. Details: matte rubber finish.,Found a earbuds case.,test
L0637,F0639,1,positive,True,True,True,0.0,1.52,pink water bottle lost,Found a pink Borosil water bottle. Details: one litre bottle.,train
L0637,F0104,0,same_group_nearby,True,True,True,150.0,-48.62,pink water bottle lost,"Found a green bottle. Features: 1 litre size, paint worn off in places, flip-top lid.",train
L0637,F0476,0,same_group_nearby,True,True,True,148.7,48.2,pink water bottle lost,Mujhe mila hai: found a orange water bottle. It has flip cap.,train
L0637,F0523,0,same_group_nearby,True,True,True,0.0,47.77,pink water bottle lost,Fonud a blue flask. It has paint worn off in places.,train
L0637,F0743,0,random,True,False,False,269.3,459.27,pink water bottle lost,Found a white adapter with cable. Features: braided cable.,train
L0637,F0594,0,random,True,False,False,123.7,386.15,pink water bottle lost,dark red sports bag found,train
L0638,F0640,1,positive,True,False,True,120.4,81.85,"Mera i lost my blue Motorola phone. It has ring holder on the back, clear back cover, crack on the top corner. kho gaya hai.",Found a blue smartphone. It has crack on the top corner.,val
L0638,F0641,0,twin_hard_negative,True,False,True,120.4,72.07,"Mera i lost my blue Motorola phone. It has ring holder on the back, clear back cover, crack on the top corner. kho gaya hai.",Found a phone.,val
L0638,F0475,0,same_group_nearby,True,False,True,172.0,-38.25,"Mera i lost my blue Motorola phone. It has ring holder on the back, clear back cover, crack on the top corner. kho gaya hai.",Found a earbuds case.,val
L0638,F0653,0,same_group_nearby,True,False,True,176.9,53.58,"Mera i lost my blue Motorola phone. It has ring holder on the back, clear back cover, crack on the top corner. kho gaya hai.",Found a black battery pack. Features: rubber finish.,val
L0638,F0144,0,same_group_nearby,True,False,True,0.0,58.03,"Mera i lost my blue Motorola phone. It has ring holder on the back, clear back cover, crack on the top corner. kho gaya hai.",black battery pack found,val
L0638,F0585,0,random,True,False,False,271.7,-282.88,"Mera i lost my blue Motorola phone. It has ring holder on the back, clear back cover, crack on the top corner. kho gaya hai.","Found a pink Milton flask. Details: stainless steel, scratched paint.",val
L0638,F0128,0,random,True,False,False,120.4,64.17,"Mera i lost my blue Motorola phone. It has ring holder on the back, clear back cover, crack on the top corner. kho gaya hai.",Found a black notebook. Features: coloured tsicky notes sticking out.,val
L0639,F0641,1,positive,True,True,True,0.0,1.63,I lost my sky blue phone. It has dual camera.,Found a phone.,val
L0639,F0640,0,twin_hard_negative,True,True,True,0.0,11.42,I lost my sky blue phone. It has dual camera.,Found a blue smartphone. It has crack on the top corner.,val
L0639,F0144,0,same_group_nearby,True,False,True,120.4,-12.4,I lost my sky blue phone. It has dual camera.,black battery pack found,val
L0639,F0031,0,same_group_nearby,True,False,True,186.8,64.58,I lost my sky blue phone. It has dual camera.,"Found a black Realme adapter with cable. Features: cloth braided cable, fast charger, long cable.",val
L0639,F0530,0,same_group_nearby,True,False,True,250.0,55.28,I lost my sky blue phone. It has dual camera.,"Foudn a white Realme adapter with cable. It has two-pin adapter, cloth braided cable, fast charging type.",val
L0639,F0207,0,random,True,False,False,462.7,-742.4,I lost my sky blue phone. It has dual camera.,Found a keys.,val
L0639,F0606,0,random,True,False,False,184.4,442.53,I lost my sky blue phone. It has dual camera.,Found pink flask,val
L0640,F0642,1,positive,True,True,True,126.5,3.03,I lost my dark Dell charger. It has two-pin adapter.,dark grey charger found,train
L0640,F0135,0,same_group_nearby,True,False,True,178.9,-33.58,I lost my dark Dell charger. It has two-pin adapter.,Found a white Realme small case. It has small LED light.,train
L0640,F0665,0,same_group_nearby,True,False,True,260.0,23.9,I lost my dark Dell charger. It has two-pin adapter.,Found a green OnePlus mobile. Details: crack on the top corner.,train
L0640,F0686,0,same_group_nearby,True,True,True,133.4,-51.68,I lost my dark Dell charger. It has two-pin adapter.,"Found a white Apple charger. It has fast charging type, two-pin plug, cloth braided cable.",train
L0640,F0488,0,random,True,False,True,382.1,-265.62,I lost my dark Dell charger. It has two-pin adapter.,Found a silver Realme battery pack. Details: matte rubber finish.,train
L0640,F0610,0,random,True,False,False,178.9,-399.97,I lost my dark Dell charger. It has two-pin adapter.,Found a purse.,train
L0641,F0643,1,positive,True,True,True,170.9,7.65,"I lost my black keys. It has bike key with a rubber cover, plastic tag, steel ring. Please contact me if found.",Found a black keys. It has bike key with a rubber cover.,train
L0641,F0402,0,same_group_nearby,True,True,True,191.0,-9.4,"I lost my black keys. It has bike key with a rubber cover, plastic tag, steel ring. Please contact me if found.",Found a red keychain. Features: metal ring.,train
L0641,F0466,0,same_group_nearby,True,False,True,126.5,-29.5,"I lost my black keys. It has bike key with a rubber cover, plastic tag, steel ring. Please contact me if found.","Found a black card holder. It has looks like leather, zipper coin section.",train
L0641,F0547,0,same_group_nearby,True,False,True,191.0,39.25,"I lost my black keys. It has bike key with a rubber cover, plastic tag, steel ring. Please contact me if found.",Found a wine red Woodland wallet. Details: zip coin pocket.,train
L0641,F0521,0,random,True,False,False,174.9,-995.5,"I lost my black keys. It has bike key with a rubber cover, plastic tag, steel ring. Please contact me if found.",Found a blue Fire-Boltt watch. Features: silicone strap.,train
L0641,F0017,0,random,True,True,True,0.0,-651.53,"I lost my black keys. It has bike key with a rubber cover, plastic tag, steel ring. Please contact me if found.",red keychain found,train
L0642,F0644,1,positive,True,True,True,0.0,23.25,Lost red notebook,Found a red notebook. It has spiral notebook.,train
L0642,F0707,0,same_group_nearby,True,True,True,269.3,-30.18,Lost red notebook,"Found a red Camlin notebook. It has spiral notebook, thick cover, about two hundred pages.",train
L0642,F0265,0,same_group_nearby,True,False,True,134.5,66.98,Lost red notebook,Found a blue Casio calculator. Details: solar strip on top.,train
L0642,F0708,0,same_group_nearby,True,True,True,139.3,-42.43,Lost red notebook,Found red Camlin record book,train
L0642,F0362,0,random,True,False,True,150.0,847.08,Lost red notebook,Found a dark calculator. It has slide cover.,train
L0642,F0400,0,random,True,False,False,67.1,57.67,Lost red notebook,"Found a tan key bunch. Details: plastic tag, two-wheeler key with cover.",train
L0643,F0645,1,positive,True,True,True,0.0,1.37,"I lost my grey Skybags sports bag. Features: double zip on the front, one side pocket.",Found grey backpack,test
L0643,F0540,0,random,True,False,False,290.0,-203.53,"I lost my grey Skybags sports bag. Features: double zip on the front, one side pocket.",red record book found,test
L0643,F0098,0,random,True,True,True,326.5,968.13,"I lost my grey Skybags sports bag. Features: double zip on the front, one side pocket.","Found a maroon Nike sports bag. Features: a pocket on the side, reflective strip, two front zips. Kept safely with me.",test
L0644,F0646,1,positive,True,True,True,0.0,4.93,I lost my blue Lenskart specs box. Features: soft pouch.,Found a light blue specs box. Details: hard case.,train
L0644,F0647,0,twin_hard_negative,True,False,True,191.0,218.38,I lost my blue Lenskart specs box. Features: soft pouch.,Found a glasses case.,train
L0644,F0628,0,same_group_nearby,True,False,True,136.0,56.1,I lost my blue Lenskart specs box. Features: soft pouch.,"Found a silver keys. Features: metal ring, bike key with a rubber cover.",train
L0644,F0004,0,same_group_nearby,True,False,True,328.0,-37.87,I lost my blue Lenskart specs box. Features: soft pouch.,Found a grey purse. Features: zip coin pocket.,train
L0644,F0309,0,same_group_nearby,True,False,True,284.3,22.25,I lost my blue Lenskart specs box. Features: soft pouch.,"Found a navy blue Hidesign wallet. It has looks like leather, worn edges, zip coin pocket.",train
L0644,F0708,0,random,True,False,False,191.0,-114.27,I lost my blue Lenskart specs box. Features: soft pouch.,Found red Camlin record book,train
L0644,F0684,0,random,True,False,False,284.3,-437.02,I lost my blue Lenskart specs box. Features: soft pouch.,"Found a green Camlin notebook. It has spiral notebook, about two hundred pages. Kept safely with me.",train
L0645,F0647,1,positive,True,False,True,191.0,3.8,Lost blue spectacles case,Found a glasses case.,train
L0645,F0646,0,twin_hard_negative,True,True,True,0.0,-209.65,Lost blue spectacles case,Found a light blue specs box. Details: hard case.,train
L0645,F0480,0,same_group_nearby,True,False,True,174.9,1.6,Lost blue spectacles case,grey umbrella found,train
L0645,F0013,0,same_group_nearby,True,False,True,170.9,-13.72,Lost blue spectacles case,brown keys found,train
L0645,F0604,0,same_group_nearby,True,False,True,126.5,-31.47,Lost blue spectacles case,"Mujhe mila hai: found a black key bunch. Details: steel ring, small padlock key.",train
L0645,F0176,0,random,True,False,False,126.5,-888.38,Lost blue spectacles case,Found a silver-grey Citizen calculator. It has some keys faded.,train
L0645,F0199,0,random,True,False,False,250.0,-686.85,Lost blue spectacles case,Found pink small case,train
L0646,F0142,0,same_group_nearby,False,True,True,294.3,17.28,I lost my white Realme mobile. Features: pop sokcet on the back.,Found a dark green OnePlus mobile. Details: two cameras at the back.,train
L0646,F0413,0,same_group_nearby,False,False,True,332.4,-22.63,I lost my white Realme mobile. Features: pop sokcet on the back.,Found a black laptop. It has black sleeve.,train
L0646,F0182,0,same_group_nearby,False,True,True,332.4,-66.42,I lost my white Realme mobile. Features: pop sokcet on the back.,Found a silver mobile. It has dual camera.,train
L0646,F0657,0,random,False,False,False,332.4,-140.4,I lost my white Realme mobile. Features: pop sokcet on the back.,"Found a maroon bag. It has reflective strip, small tear by the strap, padded laptop section.",train
L0646,F0127,0,random,False,False,False,447.8,-470.53,I lost my white Realme mobile. Features: pop sokcet on the back.,Found a black key bunch. It has steel ring.,train
L0647,F0648,1,positive,True,False,True,0.0,5.37,I lost my black notebook. It has spiral bound.,"Found a black Camlin record book. Details: spiral notebook, about two hundred pages, thick cover. Kept safely with me.",test
L0647,F0269,0,random,True,False,False,170.9,1151.9,I lost my black notebook. It has spiral bound.,Found a silver battery pack. Details: USB-C port.,test
L0647,F0366,0,random,True,False,False,326.5,276.52,I lost my black notebook. It has spiral bound.,black specs box found,test
L0648,F0650,1,positive,True,False,True,170.9,0.75,I lost my white charger. It has cloth braided cable.,Found a cream adapter with cable. Details: about 1.5 m cable.,train
L0648,F0349,0,same_group_nearby,True,False,True,134.2,-19.37,I lost my white charger. It has cloth braided cable.,Found a black adapter with cable. Features: braided cable.,train
L0648,F0038,0,same_group_nearby,True,False,True,326.5,25.38,I lost my white charger. It has cloth braided cable.,Found a blue fitness band. Features: round dial.,train
L0648,F0019,0,same_group_nearby,True,False,True,0.0,-32.62,I lost my white charger. It has cloth braided cable.,Found a pink OnePlus charging case. It has lanyard hook.,train
L0648,F0398,0,random,True,False,False,362.2,-723.35,I lost my white charger. It has cloth braided cable.,Found red record book,train
L0648,F0058,0,random,True,True,True,389.5,480.73,I lost my white charger. It has cloth braided cable.,Found a white charger bank. It has type-C input.,train
L0649,F0651,1,positive,True,True,True,0.0,0.67,I lost my cream fitness band. Features: silicone strap.,Found a white smartwatch. Details: rubber strap.,train
L0649,F0652,0,twin_hard_negative,True,True,True,0.0,436.7,I lost my cream fitness band. Features: silicone strap.,Found a fitness band.,train
L0649,F0467,0,same_group_nearby,True,True,True,282.8,23.02,I lost my cream fitness band. Features: silicone strap.,Found black watch,train
L0649,F0759,0,same_group_nearby,True,False,True,282.8,-26.75,I lost my cream fitness band. Features: silicone strap.,Found a black charger. Features: long cable.,train
L0649,F0459,0,same_group_nearby,True,False,True,332.4,-22.0,I lost my cream fitness band. Features: silicone strap.,Found a black Syska power bank. Details: matte rubber finish.,train
L0649,F0725,0,random,True,False,False,332.4,-346.38,I lost my cream fitness band. Features: silicone strap.,Found a dark Puma wallet. Features: zip coin pocket.,train
L0649,F0141,0,random,True,False,True,0.0,-357.6,I lost my cream fitness band. Features: silicone strap.,Found a black Syska charger bank. It has matte rubber finish.,train
L0650,F0652,1,positive,True,True,True,178.9,7.37,"I lost my white Amazfit smartwatch. Features: square dial, glass slightly scratched. Please contact me if found.",Found a fitness band.,train
L0650,F0651,0,twin_hard_negative,True,True,True,178.9,-428.67,"I lost my white Amazfit smartwatch. Features: square dial, glass slightly scratched. Please contact me if found.",Found a white smartwatch. Details: rubber strap.,train
L0650,F0454,0,same_group_nearby,True,False,True,133.4,33.25,"I lost my white Amazfit smartwatch. Features: square dial, glass slightly scratched. Please contact me if found.",Found a black Dell notebook computer. Details: stickers on the top cover.,train
L0650,F0374,0,same_group_nearby,True,True,True,269.3,-61.9,"I lost my white Amazfit smartwatch. Features: square dial, glass slightly scratched. Please contact me if found.",Found black fitness band,train
L0650,F0441,0,same_group_nearby,True,False,True,349.9,-20.87,"I lost my white Amazfit smartwatch. Features: square dial, glass slightly scratched. Please contact me if found.",Found a blue AirPods airpods case. Details: tiny indicator light.,train
L0650,F0299,0,random,True,False,True,349.9,-85.43,"I lost my white Amazfit smartwatch. Features: square dial, glass slightly scratched. Please contact me if found.",Found a black smartphone. Features: two cameras at the back.,train
L0650,F0562,0,random,True,False,False,410.5,481.98,"I lost my white Amazfit smartwatch. Features: square dial, glass slightly scratched. Please contact me if found.",Found a red notebook. Details: coloured sticky notes sticking out.,train
L0651,F0653,0,twin_hard_negative,False,True,True,0.0,843.15,"I lost my dark grey Syska power bank. Features: USB-C port, four indicator lights.",Found a black battery pack. Features: rubber finish.,val
L0651,F0474,0,same_group_nearby,False,False,True,230.9,29.23,"I lost my dark grey Syska power bank. Features: USB-C port, four indicator lights.","Found a craem Realme charging case. Details: scratches on the lid, tiny indicator light.",val
L0651,F0357,0,same_group_nearby,False,False,True,308.1,-2.05,"I lost my dark grey Syska power bank. Features: USB-C port, four indicator lights.",Found a smartwatch.,val
L0651,F0600,0,same_group_nearby,False,False,True,308.1,-47.27,"I lost my dark grey Syska power bank. Features: USB-C port, four indicator lights.",Found silver laptop,val
L0651,F0364,0,random,False,True,True,430.5,1083.6,"I lost my dark grey Syska power bank. Features: USB-C port, four indicator lights.","Found a blue Ambrane charger bank. It has USB-C port, thin power bank.",val
L0651,F0370,0,random,False,False,False,410.0,452.7,"I lost my dark grey Syska power bank. Features: USB-C port, four indicator lights.",Found a grey umbrella. It has folding type.,val
L0652,F0653,1,positive,True,True,True,0.0,1.52,black Syska power bank lost,Found a black battery pack. Features: rubber finish.,val
L0652,F0640,0,same_group_nearby,True,False,True,58.3,29.78,black Syska power bank lost,Found a blue smartphone. It has crack on the top corner.,val
L0652,F0144,0,same_group_nearby,True,True,True,176.9,5.97,black Syska power bank lost,black battery pack found,val
L0652,F0641,0,same_group_nearby,True,False,True,58.3,20.0,black Syska power bank lost,Found a phone.,val
L0652,F0290,0,random,True,True,True,337.3,-642.75,black Syska power bank lost,blue power bank found,val
L0652,F0530,0,random,True,False,True,308.1,73.65,black Syska power bank lost,"Foudn a white Realme adapter with cable. It has two-pin adapter, cloth braided cable, fast charging type.",val
L0653,F0654,1,positive,True,True,True,155.6,2.03,I lost my blue laptop. Details: backlit keyboard.,Found a blue laptop. Features: stickers on the top cover.,train
L0653,F0655,0,twin_hard_negative,True,True,True,0.0,-932.83,I lost my blue laptop. Details: backlit keyboard.,"Ye mila hai, owner ko batao: found a blue notebook computer. Features: in a black laptop sleeve.",train
L0653,F0414,0,same_group_nearby,True,False,True,277.8,-23.88,I lost my blue laptop. Details: backlit keyboard.,Found a notebook computer.,train
L0653,F0417,0,same_group_nearby,True,False,True,280.2,-10.13,I lost my blue laptop. Details: backlit keyboard.,Found a white charger bank. It has thin power bank.,train
L0653,F0541,0,same_group_nearby,True,False,True,328.0,2.28,I lost my blue laptop. Details: backlit keyboard.,Found a blue battery pack. Details: matte rubber finish.,train
L0653,F0560,0,random,True,False,False,277.8,-390.82,I lost my blue laptop. Details: backlit keyboard.,pink umbrella found,train
L0653,F0656,0,random,True,False,False,201.2,288.12,I lost my blue laptop. Details: backlit keyboard.,"Found a maroon Wildcraft backpack. It has one side pocket, double zip on the front, slightly torn near the strap.",train
L0654,F0655,1,positive,True,True,True,0.0,2.3,I lost my blue Lenovo laptop. It has fifteen inch display.,"Ye mila hai, owner ko batao: found a blue notebook computer. Features: in a black laptop sleeve.",train
L0654,F0654,0,twin_hard_negative,True,True,True,155.6,937.17,I lost my blue Lenovo laptop. It has fifteen inch display.,Found a blue laptop. Features: stickers on the top cover.,train
L0654,F0024,0,same_group_nearby,True,False,True,155.6,-31.48,I lost my blue Lenovo laptop. It has fifteen inch display.,"Found a pink Apple Watch fitness band. Features: scratch on the glass, circular screen, square dial. Kept safely with me.",train
L0654,F0244,0,same_group_nearby,True,False,True,280.2,-40.27,I lost my blue Lenovo laptop. It has fifteen inch display.,Found a rose smartwatch. Features: square dial.,train
L0654,F0078,0,same_group_nearby,True,True,True,328.0,-71.22,I lost my blue Lenovo laptop. It has fifteen inch display.,Found a black Dell laptop. Details: sticekrs on the top cover.,train
L0654,F0644,0,random,True,False,False,269.3,286.5,I lost my blue Lenovo laptop. It has fifteen inch display.,Found a red notebook. It has spiral notebook.,train
L0654,F0587,0,random,True,False,False,280.2,1298.88,I lost my blue Lenovo laptop. It has fifteen inch display.,Found balck key bunch,train
L0655,F0656,1,positive,True,True,True,0.0,19.12,I lost my maroon Wildrcaft rucksack. Details: slightly torn near the strap.,"Found a maroon Wildcraft backpack. It has one side pocket, double zip on the front, slightly torn near the strap.",train
L0655,F0657,0,twin_hard_negative,True,True,True,0.0,-1055.97,I lost my maroon Wildrcaft rucksack. Details: slightly torn near the strap.,"Found a maroon bag. It has reflective strip, small tear by the strap, padded laptop section.",train
L0655,F0693,0,same_group_nearby,True,True,True,304.1,69.88,I lost my maroon Wildrcaft rucksack. Details: slightly torn near the strap.,"Found a black Wildcraft sports bag. It has reflective strip on the straps, padded laptop section, a pocket on the side. Kept safely with me.",train
L0655,F0270,0,same_group_nearby,True,True,True,70.7,-70.85,I lost my maroon Wildrcaft rucksack. Details: slightly torn near the strap.,Found a bag.,train
L0655,F0275,0,random,True,False,False,128.1,-812.43,I lost my maroon Wildrcaft rucksack. Details: slightly torn near the strap.,"Found a blue power bank. Details: slim body, four indicator lights.",train
L0655,F0631,0,random,True,False,False,134.5,-1319.52,I lost my maroon Wildrcaft rucksack. Details: slightly torn near the strap.,Found a keys.,train
L0656,F0657,1,positive,True,True,True,0.0,4.08,"Lost my backpack, it is maroon.","Found a maroon bag. It has reflective strip, small tear by the strap, padded laptop section.",train
L0656,F0656,0,twin_hard_negative,True,True,True,0.0,1079.17,"Lost my backpack, it is maroon.","Found a maroon Wildcraft backpack. It has one side pocket, double zip on the front, slightly torn near the strap.",train
L0656,F0594,0,same_group_nearby,True,False,True,72.8,-68.97,"Lost my backpack, it is maroon.",dark red sports bag found,train
L0656,F0422,0,same_group_nearby,True,True,True,128.1,3.7,"Lost my backpack, it is maroon.",Found navy blue backpack,train
L0656,F0442,0,random,True,False,False,128.1,653.77,"Lost my backpack, it is maroon.","Ye mila hai, owner ko batao: found a airpods case.",train
L0656,F0651,0,random,True,False,False,332.4,-18.83,"Lost my backpack, it is maroon.",Found a white smartwatch. Details: rubber strap.,train
L0657,F0658,1,positive,True,True,True,150.0,57.28,"I lost my brown Lenskart spectacles case. Details: hard shell, zippered.",Found a tan Lenskart glasses case. Features: zippered.,test
L0657,F0337,0,same_group_nearby,True,False,True,148.7,-66.05,"I lost my brown Lenskart spectacles case. Details: hard shell, zippered.",Found brown key bunhc,test
L0657,F0288,0,same_group_nearby,True,False,True,237.7,-42.83,"I lost my brown Lenskart spectacles case. Details: hard shell, zippered.",Found brown card holder,test
L0657,F0119,0,random,True,False,False,400.0,-190.27,"I lost my brown Lenskart spectacles case. Details: hard shell, zippered.",green smartphoen found,test
L0657,F0731,0,random,True,False,False,134.5,353.35,"I lost my brown Lenskart spectacles case. Details: hard shell, zippered.",Found a pink charging case. Details: lanyard hook.,test
L0658,F0659,1,positive,True,True,True,136.0,11.87,"I lost my black Apple charger. Features: two-pin plug, fast charger.",Found black charger,train
L0658,F0455,0,same_group_nearby,True,False,True,328.0,25.93,"I lost my black Apple charger. Features: two-pin plug, fast charger.",Found a dark Dell laptop. Details: backlit keyboard.,train
L0658,F0202,0,same_group_nearby,True,False,True,282.8,4.3,"I lost my black Apple charger. Features: two-pin plug, fast charger.","Found a whiet small case. Details: silicone cover, tiny indicator light, scratches on the lid.",train
L0658,F0442,0,same_group_nearby,True,False,True,191.0,3.02,"I lost my black Apple charger. Features: two-pin plug, fast charger.","Ye mila hai, owner ko batao: found a airpods case.",train
L0658,F0338,0,random,True,False,False,134.2,-326.98,"I lost my black Apple charger. Features: two-pin plug, fast charger.",Found a pink water bottle. Details: steel body.,train
L0658,F0451,0,random,True,False,False,0.0,-1070.9,"I lost my black Apple charger. Features: two-pin plug, fast charger.",Mujhe mila hai: grey calculator found,train
L0659,F0660,1,positive,True,True,True,0.0,0.08,"I lost my black boAt earbuds case. It has small LED light, scratches on the lid.","Found a black boAt earbuds case. Details: scuffed lid, small LED light.",test
L0659,F0661,0,twin_hard_negative,True,True,True,0.0,358.75,"I lost my black boAt earbuds case. It has small LED light, scratches on the lid.","Ye mila hai, owner ko batao: found a black boAt small case. It has rubber cover, scfufed lid.",test
L0659,F0498,0,same_group_nearby,True,False,True,340.1,-69.33,"I lost my black boAt earbuds case. It has small LED light, scratches on the lid.",Found a notebook computer.,test
L0659,F0269,0,same_group_nearby,True,False,True,170.9,-4.08,"I lost my black boAt earbuds case. It has small LED light, scratches on the lid.",Found a silver battery pack. Details: USB-C port.,test
L0659,F0638,0,same_group_nearby,True,False,True,216.3,-64.35,"I lost my black boAt earbuds case. It has small LED light, scratches on the lid.","Found a white Mi battery pack. It has rubber finish, USB-C port, thin power bank. Kept safely with me.",test
L0659,F0634,0,random,True,False,True,389.5,-1094.8,"I lost my black boAt earbuds case. It has small LED light, scratches on the lid.","Found a light blue Asus laptop. Features: sticker on the lid, keyboard lights up. Kept safely with me.",test
L0659,F0174,0,random,True,False,True,616.2,-232.12,"I lost my black boAt earbuds case. It has small LED light, scratches on the lid.",Found a black adapter with cable. Features: two-pin adapter.,test
L0660,F0661,1,positive,True,True,True,0.0,19.15,I lost my lback boAt earbuds case. It has scuffed lid.,"Ye mila hai, owner ko batao: found a black boAt small case. It has rubber cover, scfufed lid.",test
L0660,F0660,0,twin_hard_negative,True,True,True,0.0,-339.52,I lost my lback boAt earbuds case. It has scuffed lid.,"Found a black boAt earbuds case. Details: scuffed lid, small LED light.",test
L0660,F0670,0,same_group_nearby,True,False,True,304.1,8.53,I lost my lback boAt earbuds case. It has scuffed lid.,"Found a sky blue Samsung smartphone. Features: crack on the top corner, two cameras at the back, pop socket on the back.",test
L0660,F0301,0,random,True,False,True,216.3,-441.65,I lost my lback boAt earbuds case. It has scuffed lid.,Found a blue laptop. It has backlit keyboard.,test
L0660,F0505,0,random,True,False,False,352.3,-1268.23,I lost my lback boAt earbuds case. It has scuffed lid.,"Found a grey Casio calculator. Details: solar panel, some keys faded, slide cover.",test
L0661,F0720,0,same_group_nearby,False,False,True,123.7,68.37,I lost my white Syska power bank. It has rubber finish.,Found a silver notebook computer. Features: stickers on the top cover.,train
L0661,F0205,0,same_group_nearby,False,False,True,269.3,-70.18,I lost my white Syska power bank. It has rubber finish.,Found a blue notebook computer. Details: in a black laptop sleeve.,train
L0661,F0246,0,same_group_nearby,False,False,True,247.0,1.52,I lost my white Syska power bank. It has rubber finish.,Found a gray notebook computer. It has backlit keyboard.,train
L0661,F0287,0,random,False,False,False,0.0,241.02,I lost my white Syska power bank. It has rubber finish.,Found a pink umbrella. Details: foldable umbrella.,train
L0661,F0702,0,random,False,False,False,269.3,1073.82,I lost my white Syska power bank. It has rubber finish.,"Found a red book. Features: spiral bound, sticky notes inside, thick cover.",train
L0662,F0662,1,positive,True,True,True,0.0,6.65,silver notebook computer lost,"Found a silver MacBook notebook computer. Features: in a black laptop sleeve, stickers on the top cover.",train
L0662,F0294,0,same_group_nearby,True,False,True,250.0,49.95,silver notebook computer lost,Found a green Redmi phone. Details: clear back cover.,train
L0662,F0441,0,same_group_nearby,True,False,True,284.3,-27.15,silver notebook computer lost,Found a blue AirPods airpods case. Details: tiny indicator light.,train
L0662,F0749,0,same_group_nearby,True,False,True,250.0,36.9,silver notebook computer lost,Found a cream watch. It has circular screen.,train
L0662,F0518,0,random,True,False,False,126.5,14.12,silver notebook computer lost,Found a calculator.,train
L0662,F0738,0,random,True,False,False,170.9,-366.25,silver notebook computer lost,Found a rose umbrella. Details: pattern on the border.,train
L0663,F0663,1,positive,True,True,True,0.0,10.05,I lost my black laptop. Features: sticker on the lid.,Found black notebook computer,train
L0663,F0664,0,twin_hard_negative,True,True,True,0.0,1574.12,I lost my black laptop. Features: sticker on the lid.,"Mujhe mila hai: found a black Asus notebook computer. Features: in a black laptop sleeve, keyboard lights up.",train
L0663,F0113,0,same_group_nearby,True,False,True,0.0,-39.32,I lost my black laptop. Features: sticker on the lid.,blue small case found,train
L0663,F0481,0,same_group_nearby,True,False,True,284.3,-22.02,I lost my black laptop. Features: sticker on the lid.,Found a cream Noise charging case. It has small LED light.,train
L0663,F0365,0,same_group_nearby,True,False,True,134.2,-39.02,I lost my black laptop. Features: sticker on the lid.,"Found a blue boAt earbuds case. It has small LED light, rubber cover, lanyard hook. Kept safely with me.",train
L0663,F0608,0,random,True,True,True,440.1,797.72,I lost my black laptop. Features: sticker on the lid.,"Foudn a blue notebook computer. It has backlit keyboard, in a black laptop sleeve, stickers on the top cover.",train
L0663,F0757,0,random,True,False,True,452.8,34.33,I lost my black laptop. Features: sticker on the lid.,Found blue battery pack,train
L0664,F0664,1,positive,True,False,True,0.0,3.48,"I lost my black laptop. It has backlit keyboard, in a black laptop sleeve. Please contact me if found.","Mujhe mila hai: found a black Asus notebook computer. Features: in a black laptop sleeve, keyboard lights up.",train
L0664,F0663,0,twin_hard_negative,True,False,True,0.0,-1560.58,"I lost my black laptop. It has backlit keyboard, in a black laptop sleeve. Please contact me if found.",Found black notebook computer,train
L0664,F0593,0,same_group_nearby,True,False,True,349.9,36.62,"I lost my black laptop. It has backlit keyboard, in a black laptop sleeve. Please contact me if found.","Found a white Noise small case. Features: silicone cover, scuffed lid.",train
L0664,F0289,0,same_group_nearby,True,True,True,286.4,-20.73,"I lost my black laptop. It has backlit keyboard, in a black laptop sleeve. Please contact me if found.","Found a blue Mi battery pack. Features: rubber finish, slim body. Kept safely with me.",train
L0664,F0237,0,same_group_nearby,True,False,True,440.1,-17.5,"I lost my black laptop. It has backlit keyboard, in a black laptop sleeve. Please contact me if found.","Found a silver Dell notebook computer. It has backlit keyboard, 15 inch screen. Kept safely with me.",train
L0664,F0413,0,random,True,False,True,420.1,-1040.23,"I lost my black laptop. It has backlit keyboard, in a black laptop sleeve. Please contact me if found.",Found a black laptop. It has black sleeve.,train
L0664,F0048,0,random,True,False,False,370.5,-1464.17,"I lost my black laptop. It has backlit keyboard, in a black laptop sleeve. Please contact me if found.",Found brown specs box,train
L0665,F0665,1,positive,True,True,True,0.0,3.72,"Lost my phone, it is dark green.",Found a green OnePlus mobile. Details: crack on the top corner.,train
L0665,F0666,0,twin_hard_negative,True,True,True,0.0,-494.18,"Lost my phone, it is dark green.",Found a green phone. Details: ring holder on the back.,train
L0665,F0726,0,same_group_nearby,True,False,True,164.0,-57.82,"Lost my phone, it is dark green.",Found a dark grey OnePlus earbuds case. Features: lanyard hook.,train
L0665,F0171,0,same_group_nearby,True,False,True,286.4,39.1,"Lost my phone, it is dark green.",Found a blue Noise airpods case. It has lanyard hook.,train
L0665,F0642,0,same_group_nearby,True,False,True,134.2,-17.15,"Lost my phone, it is dark green.",dark grey charger found,train
L0665,F0722,0,random,True,False,False,260.0,-590.8,"Lost my phone, it is dark green.",Found a dark brown Titan spectacle case. Details: tiny logo on the front.,train
L0665,F0150,0,random,True,False,True,228.0,334.07,"Lost my phone, it is dark green.",Found a blue AirPods earbuds case. Details: silicone cover.,train
L0666,F0666,1,positive,True,True,True,120.4,80.97,"I lost my green OnePlus mobile. Details: transparent case, ring holder on the back. Please contatc me if found.",Found a green phone. Details: ring holder on the back.,train
L0666,F0665,0,twin_hard_negative,True,True,True,120.4,578.87,"I lost my green OnePlus mobile. Details: transparent case, ring holder on the back. Please contatc me if found.",Found a green OnePlus mobile. Details: crack on the top corner.,train
L0666,F0612,0,same_group_nearby,True,False,True,184.4,-14.55,"I lost my green OnePlus mobile. Details: transparent case, ring holder on the back. Please contatc me if found.","Found a grey smartphone. Details: dual camera, crack on the top corner.",train
L0666,F0729,0,same_group_nearby,True,False,True,282.8,67.68,"I lost my green OnePlus mobile. Details: transparent case, ring holder on the back. Please contatc me if found.",Found a black AirPods charging case. Details: tiny indicator light.,train
L0666,F0511,0,same_group_nearby,True,True,True,186.8,-61.25,"I lost my green OnePlus mobile. Details: transparent case, ring holder on the back. Please contatc me if found.","Found a white Vivo phone. It has two cameras at the back, cracked screen corner.",train
L0666,F0208,0,random,True,False,False,570.1,-248.17,"I lost my green OnePlus mobile. Details: transparent case, ring holder on the back. Please contatc me if found.",Found orange Navneet notebook,train
L0666,F0556,0,random,True,False,True,372.2,816.2,"I lost my green OnePlus mobile. Details: transparent case, ring holder on the back. Please contatc me if found.",Found a charger.,train
L0667,F0667,1,positive,True,True,True,58.3,2.78,I lost my red Titan specs box. It has soft pouch.,Found red specs box,train
L0667,F0343,0,same_group_nearby,True,False,True,0.0,23.53,I lost my red Titan specs box. It has soft pouch.,brown keychain found,train
L0667,F0010,0,same_group_nearby,True,False,True,184.4,-43.47,I lost my red Titan specs box. It has soft pouch.,Found a brown wallet. Details: zipper coin section.,train
L0667,F0120,0,same_group_nearby,True,True,True,250.0,-7.47,I lost my red Titan specs box. It has soft pouch.,Found a red glasses case. Features: hard shell.,train
L0667,F0390,0,random,True,False,False,370.5,242.72,I lost my red Titan specs box. It has soft pouch.,"Found a maroon-ish red Motorola smartphone. It has pop socket on the back, clear back cover. Kept safely with me.",train
L0667,F0143,0,random,True,True,True,570.1,1149.17,I lost my red Titan specs box. It has soft pouch.,"Found a brown Lenskart glasses case. Details: hard case, tiny logo on the front.",train
L0668,F0669,1,positive,True,False,True,0.0,0.63,"I lost my brown keys. It has two-wheeler key with cover, tag hanging from it.","Found a brown keychain. It has two-wheeler key with cover, tag hanging from it. Kept safely with me.",train
L0668,F0668,0,twin_hard_negative,True,True,True,0.0,-733.67,"I lost my brown keys. It has two-wheeler key with cover, tag hanging from it.",Found a tan keychain. Details: tiny lock key.,train
L0668,F0328,0,same_group_nearby,True,False,True,250.0,2.6,"I lost my brown keys. It has two-wheeler key with cover, tag hanging from it.",tan spectacle case found,train
L0668,F0402,0,same_group_nearby,True,True,True,184.4,69.93,"I lost my brown keys. It has two-wheeler key with cover, tag hanging from it.",Found a red keychain. Features: metal ring.,train
L0668,F0465,0,same_group_nearby,True,True,True,186.8,9.75,"I lost my brown keys. It has two-wheeler key with cover, tag hanging from it.",Found brown keychain,train
L0668,F0196,0,random,True,False,False,247.0,66.27,"I lost my brown keys. It has two-wheeler key with cover, tag hanging from it.",cream earbuds case found,train
L0668,F0046,0,random,True,False,False,370.5,231.17,"I lost my brown keys. It has two-wheeler key with cover, tag hanging from it.","Found a light blue Casio calculator. Details: some keys faded, solar panel.",train
L0669,F0670,1,positive,True,True,True,70.7,17.23,"Kisi ko mila ho toh batao: lost my phone, it is blue.","Found a sky blue Samsung smartphone. Features: crack on the top corner, two cameras at the back, pop socket on the back.",test
L0669,F0302,0,same_group_nearby,True,False,True,123.7,-65.18,"Kisi ko mila ho toh batao: lost my phone, it is blue.",Found blue Dell laptop,test
L0669,F0661,0,same_group_nearby,True,False,True,237.7,27.85,"Kisi ko mila ho toh batao: lost my phone, it is blue.","Ye mila hai, owner ko batao: found a black boAt small case. It has rubber cover, scfufed lid.",test
L0669,F0626,0,same_group_nearby,True,False,True,134.5,-69.45,"Kisi ko mila ho toh batao: lost my phone, it is blue.",Found a earbuds case.,test
L0669,F0490,0,random,True,False,False,70.7,173.0,"Kisi ko mila ho toh batao: lost my phone, it is blue.","Found a grey Citizen calculator. Details: solar panel, some keys faded. Kept safely with me.",test
L0669,F0119,0,random,True,True,True,400.0,-1003.98,"Kisi ko mila ho toh batao: lost my phone, it is blue.",green smartphoen found,test
L0670,F0671,1,positive,True,True,True,0.0,1.97,I lost my navy blue Wildcraft card holder. Details: zip coin pocket.,Found a dark blue purse. Features: frayed at the edges.,train
L0670,F0672,0,twin_hard_negative,True,True,True,134.5,411.17,I lost my navy blue Wildcraft card holder. Details: zip coin pocket.,Found a navy blue Wildcraft purse. Features: worn edges.,train
L0670,F0360,0,same_group_nearby,True,False,True,201.2,29.78,I lost my navy blue Wildcraft card holder. Details: zip coin pocket.,Found a umbrella.,train
L0670,F0769,0,same_group_nearby,True,False,True,328.0,-17.07,I lost my navy blue Wildcraft card holder. Details: zip coin pocket.,"Found a red Fastrack umbrella. Features: push-button opening, folding type, bent rib.",train
L0670,F0615,0,same_group_nearby,True,False,True,280.2,29.43,I lost my navy blue Wildcraft card holder. Details: zip coin pocket.,Mujhe mila hai: found a navy blue card holder. Features: leather finish.,train
L0670,F0745,0,random,True,False,True,405.0,-165.8,I lost my navy blue Wildcraft card holder. Details: zip coin pocket.,Foudn black keys,train
L0670,F0516,0,random,True,True,True,280.0,1158.27,I lost my navy blue Wildcraft card holder. Details: zip coin pocket.,"Found a navy blue Hidesign wallet. Details: zip coin pocket, frayed at the edges. Kept safely with me.",train
L0671,F0672,1,positive,True,True,True,0.0,3.05,"I lost my navy blue Fastrack wallet. Details: frayed at the edges, metal logo.",Found a navy blue Wildcraft purse. Features: worn edges.,train
L0671,F0671,0,twin_hard_negative,True,True,True,134.5,-406.15,"I lost my navy blue Fastrack wallet. Details: frayed at the edges, metal logo.",Found a dark blue purse. Features: frayed at the edges.,train
L0671,F0520,0,same_group_nearby,True,False,True,290.0,-22.37,"I lost my navy blue Fastrack wallet. Details: frayed at the edges, metal logo.",Found a red spectacle case. Details: cloth pouch type.,train
L0671,F0278,0,same_group_nearby,True,False,True,0.0,-25.03,"I lost my navy blue Fastrack wallet. Details: frayed at the edges, metal logo.","Found a gray glasses case. It has soft pouch, tiny logo on the front.",train
L0671,F0628,0,same_group_nearby,True,False,True,330.2,-65.72,"I lost my navy blue Fastrack wallet. Details: frayed at the edges, metal logo.","Found a silver keys. Features: metal ring, bike key with a rubber cover.",train
L0671,F0712,0,random,True,False,False,616.2,636.6,"I lost my navy blue Fastrack wallet. Details: frayed at the edges, metal logo.","Found a black Tupperware bottle. It has flip cap, stainless steel, paint worn off in places. Kept safely with me.",train
L0671,F0293,0,random,True,False,False,616.2,748.3,"I lost my navy blue Fastrack wallet. Details: frayed at the edges, metal logo.",Found a dark yellow Camlin record book. Features: thick cover.,train
L0672,F0673,1,positive,True,True,True,174.9,3.92,Lost green Borosil bottle,Found a olive green Borosil bottle. Details: 1 litre size.,train
L0672,F0487,0,same_group_nearby,True,True,True,134.2,33.13,Lost green Borosil bottle,"Found a silver water bottle. Features: stainless steel, flip cap. Kept safely with me.",train
L0672,F0712,0,same_group_nearby,True,False,True,170.9,12.25,Lost green Borosil bottle,"Found a black Tupperware bottle. It has flip cap, stainless steel, paint worn off in places. Kept safely with me.",train
L0672,F0589,0,random,True,True,True,191.0,-1509.85,Lost green Borosil bottle,"Ye mila hai, owner ko batao: found a blue Decathlon water bottle. Details: paint worn off in places.",train
L0672,F0040,0,random,True,False,False,500.0,77.2,Lost green Borosil bottle,Found a mobile.,train
L0673,F0674,1,positive,True,False,True,0.0,0.88,"Lost my earbuds case, it is black.",Found black earbuds case,train
L0673,F0675,0,twin_hard_negative,True,True,True,0.0,522.9,"Lost my earbuds case, it is black.","Found a black AirPods small case. Features: tiny indicator light, scuffed lid. Kept safely with me.",train
L0673,F0180,0,same_group_nearby,True,False,True,280.0,0.58,"Lost my earbuds case, it is black.",pink fitness band found,train
L0673,F0331,0,same_group_nearby,True,False,True,280.0,-42.78,"Lost my earbuds case, it is black.",sky blue power bank found,train
L0673,F0333,0,same_group_nearby,True,False,True,277.8,-0.05,"Lost my earbuds case, it is black.",Found a silver battery pack. It has type-C input.,train
L0673,F0455,0,random,True,False,True,0.0,962.63,"Lost my earbuds case, it is black.",Found a dark Dell laptop. Details: backlit keyboard.,train
L0673,F0549,0,random,True,False,True,608.3,262.62,"Lost my earbuds case, it is black.",Found a red mobile. It has pop socket on the back.,train
L0674,F0675,1,positive,True,True,True,0.0,21.93,"I lost my black charging case. Features: scratches on the lid, tiny indicator light.","Found a black AirPods small case. Features: tiny indicator light, scuffed lid. Kept safely with me.",train
L0674,F0674,0,twin_hard_negative,True,False,True,0.0,-500.08,"I lost my black charging case. Features: scratches on the lid, tiny indicator light.",Found black earbuds case,train
L0674,F0320,0,same_group_nearby,True,False,True,280.0,56.9,"I lost my black charging case. Features: scratches on the lid, tiny indicator light.",Mujhe mila hai: found a laptop.,train
L0674,F0164,0,same_group_nearby,True,False,True,280.0,8.87,"I lost my black charging case. Features: scratches on the lid, tiny indicator light.",Found black charger bank,train
L0674,F0716,0,same_group_nearby,True,False,True,280.2,-54.25,"I lost my black charging case. Features: scratches on the lid, tiny indicator light.",Found a red smartphone. Features: cracked screen corner.,train
L0674,F0642,0,random,True,False,True,328.0,341.52,"I lost my black charging case. Features: scratches on the lid, tiny indicator light.",dark grey charger found,train
L0674,F0065,0,random,True,False,True,608.3,194.82,"I lost my black charging case. Features: scratches on the lid, tiny indicator light.",Found a battery pack.,train
L0675,F0676,1,positive,True,True,True,178.9,4.0,I lost my green phone. Features: transparent case.,dark green mobile found,train
L0675,F0151,0,same_group_nearby,True,False,True,349.9,-45.72,I lost my green phone. Features: transparent case.,"Found a blue AirPods charging case. Details: tiny indicator light, rubber cover.",train
L0675,F0014,0,same_group_nearby,True,False,True,277.8,48.03,I lost my green phone. Features: transparent case.,"Ye mila hai, owner ko batao: found a black adapter with cable. It has two-pin plug, fast charging type.",train
L0675,F0298,0,same_group_nearby,True,False,True,0.0,54.07,I lost my green phone. Features: transparent case.,Found a white Realme battery pack. Features: rubebr finish.,train
L0675,F0057,0,random,True,False,True,216.3,-1110.33,I lost my green phone. Features: transparent case.,Found a black smartwatch. It has round dial.,train
L0675,F0104,0,random,True,False,False,260.0,-1393.47,I lost my green phone. Features: transparent case.,"Found a green bottle. Features: 1 litre size, paint worn off in places, flip-top lid.",train
L0676,F0677,1,positive,True,True,True,134.2,2.65,"I lost my black charger. Details: about 1.5 m cable, cloth braided cable. Please contact me if found.",Mujhe mila hai: found black adapter with cable,train
L0676,F0303,0,same_group_nearby,True,False,True,304.1,25.63,"I lost my black charger. Details: about 1.5 m cable, cloth braided cable. Please contact me if found.","Found a blue notebook computer. It has in a black laptop sleeve, 15 inch screen.",train
L0676,F0074,0,same_group_nearby,True,False,True,134.2,-70.38,"I lost my black charger. Details: about 1.5 m cable, cloth braided cable. Please contact me if found.",Found blue small case,train
L0676,F0282,0,same_group_nearby,True,False,True,170.9,-66.83,"I lost my black charger. Details: about 1.5 m cable, cloth braided cable. Please contact me if found.","Found a black Noise watch. Features: circular screen, silicone strap, scratch on the glass.",train
L0676,F0334,0,random,True,False,True,480.8,-43.8,"I lost my black charger. Details: about 1.5 m cable, cloth braided cable. Please contact me if found.","Found a rose Apple Watch fitness band. It has scratch on the glass, square dial.",train
L0676,F0769,0,random,True,False,False,170.9,-666.25,"I lost my black charger. Details: about 1.5 m cable, cloth braided cable. Please contact me if found.","Found a red Fastrack umbrella. Features: push-button opening, folding type, bent rib.",train
L0677,F0679,1,positive,True,True,True,136.0,2.78,"Lost my charger, it is black.","Found a black adapter with cable. Features: long cable, cloth braided cable, fast charging type.",train
L0677,F0041,0,same_group_nearby,True,False,True,282.8,-45.73,"Lost my charger, it is black.",Found a light blue iPhone phone. It has dual camera.,train
L0677,F0664,0,same_group_nearby,True,False,True,284.3,8.23,"Lost my charger, it is black.","Mujhe mila hai: found a black Asus notebook computer. Features: in a black laptop sleeve, keyboard lights up.",train
L0677,F0289,0,same_group_nearby,True,False,True,134.2,-15.98,"Lost my charger, it is black.","Found a blue Mi battery pack. Features: rubber finish, slim body. Kept safely with me.",train
L0677,F0240,0,random,True,False,False,174.9,-979.33,"Lost my charger, it is black.","Found a grey Woodland purse. It has metal logo, worn edges, zipper coin section.",train
L0677,F0351,0,random,True,False,False,134.2,-426.93,"Lost my charger, it is black.",brown specs box found,train
L0678,F0680,1,positive,True,True,True,0.0,17.05,"I lost my red umbrella. It has push-button opening, folding type, printed edges.","Found a red umbrella. It has folding type, automatic open button, pirnted edges.",train
L0678,F0681,0,twin_hard_negative,True,True,True,0.0,288.68,"I lost my red umbrella. It has push-button opening, folding type, printed edges.","Found a red umbrella. It has one bent rib, foldable umbrella.",train
L0678,F0010,0,same_group_nearby,True,False,True,184.4,30.8,"I lost my red umbrella. It has push-button opening, folding type, printed edges.",Found a brown wallet. Details: zipper coin section.,train
L0678,F0120,0,same_group_nearby,True,False,True,250.0,66.8,"I lost my red umbrella. It has push-button opening, folding type, printed edges.",Found a red glasses case. Features: hard shell.,train
L0678,F0347,0,random,True,False,True,355.1,21.63,"I lost my red umbrella. It has push-button opening, folding type, printed edges.",Found a grey Woodland card holder. It has zipper coin section.,train
L0678,F0283,0,random,True,False,False,372.2,1234.95,"I lost my red umbrella. It has push-button opening, folding type, printed edges.","Found a black Cello flask. It has scratched paint, one litre bottle, stainless steel.",train
L0679,F0681,1,positive,True,True,True,0.0,2.33,red umbrella lost,"Found a red umbrella. It has one bent rib, foldable umbrella.",train
L0679,F0680,0,twin_hard_negative,True,True,True,0.0,-269.3,red umbrella lost,"Found a red umbrella. It has folding type, automatic open button, pirnted edges.",train
L0679,F0483,0,same_group_nearby,True,False,True,282.8,41.17,red umbrella lost,brown card holder found,train
L0679,F0127,0,same_group_nearby,True,False,True,184.4,10.48,red umbrella lost,Found a black key bunch. It has steel ring.,train
L0679,F0692,0,same_group_nearby,True,False,True,0.0,-15.67,red umbrella lost,Found a black wallet. It has zip coin pocket.,train
L0679,F0130,0,random,True,False,False,355.1,332.63,red umbrella lost,"Found a silver Realme charger bank. It has type-C input, LED indicator.",train
L0679,F0292,0,random,True,False,False,340.1,1512.42,red umbrella lost,"Found a orange book. Features: sticky notes inside, 200 pages.",train
L0680,F0682,1,positive,True,False,True,70.7,8.0,I lost my grey wallet. Features: worn edges.,"Found a silver-grey Hidesign purse. Details: small metal logo, zip coin pocket, worn edges.",val
L0680,F0515,0,same_group_nearby,True,False,True,337.3,-68.33,I lost my grey wallet. Features: worn edges.,Fonud a card holder.,val
L0680,F0068,0,random,True,False,True,134.5,792.37,I lost my grey wallet. Features: worn edges.,Found a navy blue umbrella. Details: automatic open button.,val
L0680,F0445,0,random,True,False,False,420.1,-264.03,I lost my grey wallet. Features: worn edges.,Found black charger,val
L0681,F0684,1,positive,True,True,True,0.0,14.72,"I lost my dark green notebook. Features: spiral bound, 200 pages. Please contact me if found.","Found a green Camlin notebook. It has spiral notebook, about two hundred pages. Kept safely with me.",train
L0681,F0769,0,random,True,False,False,284.3,148.37,"I lost my dark green notebook. Features: spiral bound, 200 pages. Please contact me if found.","Found a red Fastrack umbrella. Features: push-button opening, folding type, bent rib.",train
L0681,F0258,0,random,True,False,False,380.5,-89.48,"I lost my dark green notebook. Features: spiral bound, 200 pages. Please contact me if found.","Ye mila hai, owner ko batao: metallic Redmi smartphone found",train
L0682,F0685,1,positive,True,False,True,120.4,3.37,"I lost my pink Niose smartwatch. Details: rectangular screen, round dial, rubber strap.",Found a pink watch. It has round dial.,train
L0682,F0619,0,same_group_nearby,True,False,True,58.3,-19.08,"I lost my pink Niose smartwatch. Details: rectangular screen, round dial, rubber strap.",Found a blue charger bank. It has thin power bank.,train
L0682,F0320,0,same_group_nearby,True,True,True,186.8,-19.43,"I lost my pink Niose smartwatch. Details: rectangular screen, round dial, rubber strap.",Mujhe mila hai: found a laptop.,train
L0682,F0052,0,same_group_nearby,True,False,True,340.1,-42.87,"I lost my pink Niose smartwatch. Details: rectangular screen, round dial, rubber strap.",Found a white Fire-Boltt watch. Features: silicone strap.,train
L0682,F0309,0,random,True,False,False,370.5,-78.1,"I lost my pink Niose smartwatch. Details: rectangular screen, round dial, rubber strap.","Found a navy blue Hidesign wallet. It has looks like leather, worn edges, zip coin pocket.",train
L0682,F0340,0,random,True,False,False,0.0,102.77,"I lost my pink Niose smartwatch. Details: rectangular screen, round dial, rubber strap.","Found a brown Puma purse. It has metal logo, loosk like leather, zip coin pocket.",train
L0683,F0235,0,same_group_nearby,False,False,True,228.0,16.9,"I lost my white boAt earbuds case. It has lanyard hook, scuffed lid, smlal LED light. Please contact me if found.","Found a green Noise smartwatch. It has rectangular screen, glass slightly scratched.",val
L0683,F0291,0,same_group_nearby,False,True,True,134.2,25.52,"I lost my white boAt earbuds case. It has lanyard hook, scuffed lid, smlal LED light. Please contact me if found.",Found blue small case,val
L0683,F0007,0,same_group_nearby,False,False,True,170.9,-34.62,"I lost my white boAt earbuds case. It has lanyard hook, scuffed lid, smlal LED light. Please contact me if found.",Found a white adapter with cable. Details: braided cable.,val
L0683,F0687,0,random,False,False,True,352.3,254.87,"I lost my white boAt earbuds case. It has lanyard hook, scuffed lid, smlal LED light. Please contact me if found.",Found a dark green smartwatch. Details: square dial.,val
L0683,F0620,0,random,False,False,False,237.7,125.9,"I lost my white boAt earbuds case. It has lanyard hook, scuffed lid, smlal LED light. Please contact me if found.","Found a dark grey keys. Features: plastic tag, bike key with a rubber cover.",val
L0684,F0686,1,positive,True,True,True,0.0,19.95,I lost my white charger. Features: cloth braided cable.,"Found a white Apple charger. It has fast charging type, two-pin plug, cloth braided cable.",train
L0684,F0741,0,same_group_nearby,True,False,True,197.2,5.97,I lost my white charger. Features: cloth braided cable.,Found a black Dell laptop. Details: keyboard lights up.,train
L0684,F0135,0,same_group_nearby,True,False,True,294.3,38.05,I lost my white charger. Features: cloth braided cable.,Found a white Realme small case. It has small LED light.,train
L0684,F0198,0,same_group_nearby,True,False,True,0.0,13.22,I lost my white charger. Features: cloth braided cable.,"Found a black Samsung phone. Details: ring holder on the back, crack on the top corner. Kept safely with me.",train
L0684,F0398,0,random,True,False,False,202.5,-908.78,I lost my white charger. Features: cloth braided cable.,Found red record book,train
L0684,F0465,0,random,True,False,False,202.5,489.22,I lost my white charger. Features: cloth braided cable.,Found brown keychain,train
L0685,F0687,1,positive,True,True,True,280.2,17.35,"I lost my green Apple Watch smartwatch. Details: rubber strap, square dial. Please contact me if found.",Found a dark green smartwatch. Details: square dial.,val
L0685,F0201,0,same_group_nearby,True,False,True,0.0,-33.23,"I lost my green Apple Watch smartwatch. Details: rubber strap, square dial. Please contact me if found.",Found a laptop.,val
L0685,F0600,0,same_group_nearby,True,False,True,328.0,53.65,"I lost my green Apple Watch smartwatch. Details: rubber strap, square dial. Please contact me if found.",Found silver laptop,val
L0685,F0624,0,same_group_nearby,True,False,True,0.0,-66.0,"I lost my green Apple Watch smartwatch. Details: rubber strap, square dial. Please contact me if found.",Found a blue laptop. Features: fifteen inch display.,val
L0685,F0165,0,random,True,False,True,462.7,774.88,"I lost my green Apple Watch smartwatch. Details: rubber strap, square dial. Please contact me if found.",Found black charger,val
L0685,F0512,0,random,True,False,False,405.0,723.93,"I lost my green Apple Watch smartwatch. Details: rubber strap, square dial. Please contact me if found.",Found a card holder.,val
L0686,F0688,1,positive,True,True,True,178.9,2.68,"I lost my black notebook computer. Features: stickers on the top cover, backlit keyboard, fifteen inch display.",black laptop found,train
L0686,F0318,0,same_group_nearby,True,False,True,332.4,58.07,"I lost my black notebook computer. Features: stickers on the top cover, backlit keyboard, fifteen inch display.",Found a pink airpods case. It has scuffed lid.,train
L0686,F0461,0,same_group_nearby,True,False,True,0.0,-39.92,"I lost my black notebook computer. Features: stickers on the top cover, backlit keyboard, fifteen inch display.",black smartwatch found,train
L0686,F0078,0,same_group_nearby,True,True,True,282.8,-49.93,"I lost my black notebook computer. Features: stickers on the top cover, backlit keyboard, fifteen inch display.",Found a black Dell laptop. Details: sticekrs on the top cover.,train
L0686,F0185,0,random,True,False,False,380.5,722.23,"I lost my black notebook computer. Features: stickers on the top cover, backlit keyboard, fifteen inch display.",navy blue umbrella found,train
L0686,F0265,0,random,True,False,False,178.9,351.52,"I lost my black notebook computer. Features: stickers on the top cover, backlit keyboard, fifteen inch display.",Found a blue Casio calculator. Details: solar strip on top.,train
L0687,F0689,1,positive,True,False,True,148.7,2.52,"I lost my pink Lifelong umbrella. Details: foldable umbrella, automatic open button. Please contact me if found.",Found light pink umbrella,train
L0687,F0480,0,same_group_nearby,True,True,True,123.7,42.23,"I lost my pink Lifelong umbrella. Details: foldable umbrella, automatic open button. Please contact me if found.",grey umbrella found,train
L0687,F0013,0,same_group_nearby,True,False,True,237.7,26.92,"I lost my pink Lifelong umbrella. Details: foldable umbrella, automatic open button. Please contact me if found.",brown keys found,train
L0687,F0760,0,same_group_nearby,True,False,True,310.6,25.98,"I lost my pink Lifelong umbrella. Details: foldable umbrella, automatic open button. Please contact me if found.","Found a red glasses case. Features: hard case, zippered.",train
L0687,F0444,0,random,True,False,False,237.7,652.13,"I lost my pink Lifelong umbrella. Details: foldable umbrella, automatic open button. Please contact me if found.",Found a metallic phone. It has pop socket on the back.,train
L0687,F0520,0,random,True,False,True,123.7,-74.5,"I lost my pink Lifelong umbrella. Details: foldable umbrella, automatic open button. Please contact me if found.",Found a red spectacle case. Details: cloth pouch type.,train
L0688,F0690,1,positive,True,False,True,284.3,33.57,"I lost my gray Casio scientific calculator. It has hard slide-on cover, scientific type, solar panel. Please contact me if found.",Found gray calculator,train
L0688,F0691,0,twin_hard_negative,True,False,True,134.2,-565.35,"I lost my gray Casio scientific calculator. It has hard slide-on cover, scientific type, solar panel. Please contact me if found.","Found a grey scientific calculator. Details: scientific type, faded keys.",train
L0688,F0715,0,same_group_nearby,True,False,True,440.1,-63.77,"I lost my gray Casio scientific calculator. It has hard slide-on cover, scientific type, solar panel. Please contact me if found.",Found a red notebook. It has spiral notebook.,train
L0688,F0367,0,same_group_nearby,True,False,True,440.1,-60.97,"I lost my gray Casio scientific calculator. It has hard slide-on cover, scientific type, solar panel. Please contact me if found.",Found a black notebook. Details: sticky notes inside.,train
L0688,F0012,0,same_group_nearby,True,False,True,286.4,31.43,"I lost my gray Casio scientific calculator. It has hard slide-on cover, scientific type, solar panel. Please contact me if found.",Found a silver-grey calculator. It has slide cover.,train
L0688,F0124,0,random,True,False,True,350.0,484.18,"I lost my gray Casio scientific calculator. It has hard slide-on cover, scientific type, solar panel. Please contact me if found.","Found a grey Citizen calculator. Features: some keys faded, scientific type.",train
L0688,F0180,0,random,True,False,False,449.4,-860.68,"I lost my gray Casio scientific calculator. It has hard slide-on cover, scientific type, solar panel. Please contact me if found.",pink fitness band found,train
L0689,F0691,1,positive,True,True,True,0.0,24.48,I lost my grey calculator. Features: faded keys.,"Found a grey scientific calculator. Details: scientific type, faded keys.",train
L0689,F0690,0,twin_hard_negative,True,True,True,170.9,623.4,I lost my grey calculator. Features: faded keys.,Found gray calculator,train
L0689,F0032,0,same_group_nearby,True,False,True,216.3,28.97,I lost my grey calculator. Features: faded keys.,Found a sky blue book. Features: about two hundred pages.,train
L0689,F0127,0,random,True,False,False,352.3,-311.53,I lost my grey calculator. Features: faded keys.,Found a black key bunch. It has steel ring.,train
L0689,F0766,0,random,True,False,True,0.0,428.38,I lost my grey calculator. Features: faded keys.,"Found a red Camlin notebook. It has sticky notes inside, spiral bound.",train
L0690,F0693,1,positive,True,True,True,0.0,3.35,"I lost my black Wildcraft bag. Features: padded laptop section, reflective strip, one side pocket.","Found a black Wildcraft sports bag. It has reflective strip on the straps, padded laptop section, a pocket on the side. Kept safely with me.",train
L0690,F0427,0,same_group_nearby,True,True,True,263.1,26.33,"I lost my black Wildcraft bag. Features: padded laptop section, reflective strip, one side pocket.",Found a sports bag.,train
L0690,F0085,0,same_group_nearby,True,True,True,228.0,28.87,"I lost my black Wildcraft bag. Features: padded laptop section, reflective strip, one side pocket.",Found a grey backpack. Features: laptop compartment.,train
L0690,F0656,0,same_group_nearby,True,True,True,304.1,-47.42,"I lost my black Wildcraft bag. Features: padded laptop section, reflective strip, one side pocket.","Found a maroon Wildcraft backpack. It has one side pocket, double zip on the front, slightly torn near the strap.",train
L0690,F0482,0,random,True,False,False,481.7,-280.98,"I lost my black Wildcraft bag. Features: padded laptop section, reflective strip, one side pocket.",Mujhe mila hai: silver keys found,train
L0690,F0745,0,random,True,False,False,228.0,-1387.68,"I lost my black Wildcraft bag. Features: padded laptop section, reflective strip, one side pocket.",Foudn black keys,train
L0691,F0694,1,positive,True,True,True,0.0,81.77,I lost my white charger. It has about 1.5 m cable.,Mujhe mila hai: found a white charger. Features: fast charger.,train
L0691,F0146,0,same_group_nearby,True,False,True,250.0,67.75,I lost my white charger. It has about 1.5 m cable.,Found grey notebook computer,train
L0691,F0542,0,same_group_nearby,True,False,True,0.0,-22.52,I lost my white charger. It has about 1.5 m cable.,black phone found,train
L0691,F0246,0,same_group_nearby,True,False,True,0.0,-46.37,I lost my white charger. It has about 1.5 m cable.,Found a gray notebook computer. It has backlit keyboard.,train
L0691,F0380,0,random,True,False,False,282.8,975.82,I lost my white charger. It has about 1.5 m cable.,"Found a red specs box. Details: cloth pouch type, zippered.",train
L0691,F0598,0,random,True,False,False,0.0,45.98,I lost my white charger. It has about 1.5 m cable.,"Mujhe mila hai: found a navy blue American Tourister bag. Features: small tear by the strap, two front zips. Kept safely with me.",train
L0692,F0695,1,positive,True,False,True,280.2,3.68,"I lost my blue Lenovo laptop. Details: black sleeve, stickers on the top cover, fifteen inch display.","Found a blue laptop. It has black sleeve, stickers on the top cover, 15 inch screen. Kept safely with me.",test
L0692,F0696,0,twin_hard_negative,True,False,True,0.0,10.7,"I lost my blue Lenovo laptop. Details: black sleeve, stickers on the top cover, fifteen inch display.",Found a blue laptop. Details: backlit keyboard.,test
L0692,F0062,0,same_group_nearby,True,False,True,277.8,51.55,"I lost my blue Lenovo laptop. Details: black sleeve, stickers on the top cover, fifteen inch display.",white smartwatch found,test
L0692,F0257,0,same_group_nearby,True,False,True,280.0,1.05,"I lost my blue Lenovo laptop. Details: black sleeve, stickers on the top cover, fifteen inch display.","Found a blue Mi battery pack. It has type-C input, four indicator lights.",test
L0692,F0117,0,random,True,True,True,481.7,446.92,"I lost my blue Lenovo laptop. Details: black sleeve, stickers on the top cover, fifteen inch display.","Found a green Samsung smartphone. Features: transparent case, two cameras at the back.",test
L0692,F0446,0,random,True,False,False,519.2,723.68,"I lost my blue Lenovo laptop. Details: black sleeve, stickers on the top cover, fifteen inch display.",Found a light pink Fastrack umbrella. It has one bent rib.,test
L0693,F0696,1,positive,True,True,True,0.0,10.3,"I lost my blue Lenovo laptop. Details: sticker on the lid, keyboard lights up.",Found a blue laptop. Details: backlit keyboard.,test
L0693,F0695,0,twin_hard_negative,True,True,True,280.2,3.28,"I lost my blue Lenovo laptop. Details: sticker on the lid, keyboard lights up.","Found a blue laptop. It has black sleeve, stickers on the top cover, 15 inch screen. Kept safely with me.",test
L0693,F0062,0,same_group_nearby,True,False,True,277.8,51.15,"I lost my blue Lenovo laptop. Details: sticker on the lid, keyboard lights up.",white smartwatch found,test
L0693,F0257,0,same_group_nearby,True,False,True,280.0,0.65,"I lost my blue Lenovo laptop. Details: sticker on the lid, keyboard lights up.","Found a blue Mi battery pack. It has type-C input, four indicator lights.",test
L0693,F0381,0,random,True,True,True,519.2,261.27,"I lost my blue Lenovo laptop. Details: sticker on the lid, keyboard lights up.",grey notebook comupter found,test
L0693,F0431,0,random,True,False,True,608.3,-583.82,"I lost my blue Lenovo laptop. Details: sticker on the lid, keyboard lights up.",Found a white small case. Features: tiny indicator light.,test
L0694,F0697,1,positive,True,True,True,0.0,22.03,I lost my blue Casio calculator. It has hard slide-on cover.,Found a sky blue scientific calculator. Details: hard slide-on cover.,train
L0694,F0683,0,same_group_nearby,True,True,True,282.8,49.72,I lost my blue Casio calculator. It has hard slide-on cover.,Found grey calculator,train
L0694,F0012,0,same_group_nearby,True,True,True,134.2,-24.93,I lost my blue Casio calculator. It has hard slide-on cover.,Found a silver-grey calculator. It has slide cover.,train
L0694,F0037,0,same_group_nearby,True,False,True,282.8,-27.08,I lost my blue Casio calculator. It has hard slide-on cover.,Found a dark green book. Details: spiral bound.,train
L0694,F0752,0,random,True,False,False,250.0,-243.28,I lost my blue Casio calculator. It has hard slide-on cover.,"Found a cream Noise fitness band. It has rectangular screen, circular screen, scratch on the glass.",train
L0694,F0143,0,random,True,False,False,461.0,-31.13,I lost my blue Casio calculator. It has hard slide-on cover.,"Found a brown Lenskart glasses case. Details: hard case, tiny logo on the front.",train
L0695,F0698,1,positive,True,True,True,178.9,19.15,"I lost my black Realme adapter with cable. Features: two-pin plug, long cable, cloth braided cable. Please contact me if found.","Found a dark adapter with cable. It has long cable, cloth braided cable, two-pin plug.",test
L0695,F0300,0,same_group_nearby,True,False,True,310.6,32.48,"I lost my black Realme adapter with cable. Features: two-pin plug, long cable, cloth braided cable. Please contact me if found.",Found a white smartwatch. It has round dial.,test
L0695,F0761,0,same_group_nearby,True,False,True,178.9,49.73,"I lost my black Realme adapter with cable. Features: two-pin plug, long cable, cloth braided cable. Please contact me if found.",Found a metallic battery pack. Features: matte rubber finish.,test
L0695,F0695,0,random,True,False,True,447.8,-1081.28,"I lost my black Realme adapter with cable. Features: two-pin plug, long cable, cloth braided cable. Please contact me if found.","Found a blue laptop. It has black sleeve, stickers on the top cover, 15 inch screen. Kept safely with me.",test
L0695,F0112,0,random,True,False,True,404.5,-1458.67,"I lost my black Realme adapter with cable. Features: two-pin plug, long cable, cloth braided cable. Please contact me if found.",Found a blue HP notebook computer. It has 15 inch screen.,test
L0696,F0699,1,positive,True,False,True,134.5,32.3,I lost my grey umbrella. Details: folding type.,grey umbrella found,val
L0696,F0559,0,same_group_nearby,True,False,True,148.7,69.63,I lost my grey umbrella. Details: folding type.,Found a navy blue umbrella. Features: pattern on the border.,val
L0696,F0009,0,same_group_nearby,True,False,True,0.0,-36.35,I lost my grey umbrella. Details: folding type.,"Found a pink Fastrack umbrella. It has folding type, pattern on the border.",val
L0696,F0186,0,same_group_nearby,True,False,True,237.7,-51.32,I lost my grey umbrella. Details: folding type.,"Found a maroon Hidesign purse. Features: leather finish, zip coin pocket, metal logo. Kept safely with me.",val
L0696,F0166,0,random,True,False,False,304.6,-552.22,I lost my grey umbrella. Details: folding type.,"Found a black adapter with cable. Features: two-pin adapter, about 1.5 m cable. Kept safely with me.",val
L0696,F0411,0,random,True,False,False,400.0,-564.48,I lost my grey umbrella. Details: folding type.,"Found a off-white Samsung adapter with cable. Details: long cable, two-pin plug, cloth braided cable. Kept safely with me.",val
L0697,F0700,1,positive,True,True,True,67.1,59.52,Mera i lost my green notebook. Details: thick cover. kho gaya hai.,green notebook found,test
L0697,F0373,0,same_group_nearby,True,True,True,170.9,-50.22,Mera i lost my green notebook. Details: thick cover. kho gaya hai.,"Found a blue notebook. Details: sticky notes inside, about two hundred pages, spiral notebook.",test
L0697,F0366,0,random,True,False,False,174.9,-38.77,Mera i lost my green notebook. Details: thick cover. kho gaya hai.,black specs box found,test
L0697,F0227,0,random,True,True,True,328.0,1302.38,Mera i lost my green notebook. Details: thick cover. kho gaya hai.,light blue record book found,test
L0698,F0701,1,positive,True,True,True,0.0,-0.53,I lost my maroon backpack. It has reflective strip.,maroon rucksack found,train
L0698,F0129,0,same_group_nearby,True,True,True,290.0,59.28,I lost my maroon backpack. It has reflective strip.,"Found a maroon Puma backpack. Features: double zip on the front, a pocket on the side, reflective strip. Kept safely with me.",train
L0698,F0197,0,same_group_nearby,True,True,True,0.0,59.25,I lost my maroon backpack. It has reflective strip.,maroon-ish red rucksack found,train
L0698,F0072,0,random,True,False,False,522.0,279.4,I lost my maroon backpack. It has reflective strip.,Found a silver Ambrane charger bank. Features: thin power bank.,train
L0698,F0346,0,random,True,False,False,0.0,332.73,I lost my maroon backpack. It has reflective strip.,Found a dark grey charger. It has fast charging type.,train
L0699,F0703,1,positive,True,False,True,0.0,2.68,"Lost my calculator, it is black.",Found a balck Citizen scientific calculator. It has hard slide-on cover.,train
L0699,F0704,0,twin_hard_negative,True,True,True,0.0,-244.42,"Lost my calculator, it is black.","Ye mila hai, owner ko batao: found a scientific calculator.",train
L0699,F0562,0,same_group_nearby,True,True,True,0.0,-23.02,"Lost my calculator, it is black.",Found a red notebook. Details: coloured sticky notes sticking out.,train
L0699,F0397,0,same_group_nearby,True,False,True,290.0,20.58,"Lost my calculator, it is black.",Found a dark record book. It has spiral bound.,train
L0699,F0212,0,same_group_nearby,True,False,True,386.0,-7.93,"Lost my calculator, it is black.",Found a maroon-ish red record book. It has hard cover.,train
L0699,F0073,0,random,True,False,False,461.0,-203.2,"Lost my calculator, it is black.",Found a battery pack.,train
L0699,F0196,0,random,True,False,False,400.0,112.77,"Lost my calculator, it is black.",cream earbuds case found,train
L0700,F0704,1,positive,True,True,True,134.5,15.98,"I lost my black Citizen scientific calculator. It has some keys faded, scientific type.","Ye mila hai, owner ko batao: found a scientific calculator.",train
L0700,F0703,0,twin_hard_negative,True,False,True,134.5,263.08,"I lost my black Citizen scientific calculator. It has some keys faded, scientific type.",Found a balck Citizen scientific calculator. It has hard slide-on cover.,train
L0700,F0690,0,same_group_nearby,True,True,True,328.0,-45.55,"I lost my black Citizen scientific calculator. It has some keys faded, scientific type.",Found gray calculator,train
L0700,F0702,0,same_group_nearby,True,False,True,0.0,-32.53,"I lost my black Citizen scientific calculator. It has some keys faded, scientific type.","Found a red book. Features: spiral bound, sticky notes inside, thick cover.",train
L0700,F0697,0,same_group_nearby,True,True,True,328.0,-0.72,"I lost my black Citizen scientific calculator. It has some keys faded, scientific type.",Found a sky blue scientific calculator. Details: hard slide-on cover.,train
L0700,F0338,0,random,True,False,False,405.0,-330.67,"I lost my black Citizen scientific calculator. It has some keys faded, scientific type.",Found a pink water bottle. Details: steel body.,train
L0700,F0134,0,random,True,False,False,404.5,95.05,"I lost my black Citizen scientific calculator. It has some keys faded, scientific type.",cream airpods case found,train
L0701,F0705,1,positive,True,False,True,0.0,12.83,I lost my blue flask. Details: flip-top lid.,"Mujhe mila hai: found a sky blue flask. It has flip-top lid, one liter bottle, stainless steel. Kept safely with me.",train
L0701,F0706,0,twin_hard_negative,True,False,True,230.2,806.5,I lost my blue flask. Details: flip-top lid.,Found a bottle.,train
L0701,F0386,0,same_group_nearby,True,False,True,230.9,-20.4,I lost my blue flask. Details: flip-top lid.,rose water bottle found,train
L0701,F0523,0,same_group_nearby,True,False,True,304.6,2.08,I lost my blue flask. Details: flip-top lid.,Fonud a blue flask. It has paint worn off in places.,train
L0701,F0476,0,same_group_nearby,True,False,True,230.9,2.52,I lost my blue flask. Details: flip-top lid.,Mujhe mila hai: found a orange water bottle. It has flip cap.,train
L0701,F0556,0,random,True,False,False,430.5,1224.17,I lost my blue flask. Details: flip-top lid.,Found a charger.,train
L0701,F0100,0,random,True,False,True,0.0,567.88,I lost my blue flask. Details: flip-top lid.,Found a pink bottle. It has stainless steel.,train
L0702,F0706,1,positive,True,True,True,184.4,54.78,blue bottle lost,Found a bottle.,train
L0702,F0705,0,twin_hard_negative,True,True,True,58.3,-738.88,blue bottle lost,"Mujhe mila hai: found a sky blue flask. It has flip-top lid, one liter bottle, stainless steel. Kept safely with me.",train
L0702,F0350,0,same_group_nearby,True,True,True,120.4,19.92,blue bottle lost,"Found a orange Milton flask. It has steel body, paint worn off in places. Kept safely with me.",train
L0702,F0526,0,same_group_nearby,True,False,True,0.0,27.48,blue bottle lost,Found a bottle.,train
L0702,F0338,0,same_group_nearby,True,True,True,120.4,-18.52,blue bottle lost,Found a pink water bottle. Details: steel body.,train
L0702,F0402,0,random,True,False,False,184.4,688.98,blue bottle lost,Found a red keychain. Features: metal ring.,train
L0702,F0024,0,random,True,False,False,355.1,-517.85,blue bottle lost,"Found a pink Apple Watch fitness band. Features: scratch on the glass, circular screen, square dial. Kept safely with me.",train
L0703,F0707,1,positive,True,True,True,0.0,9.53,I lost my red record book. Details: hard cover.,"Found a red Camlin notebook. It has spiral notebook, thick cover, about two hundred pages.",train
L0703,F0708,0,twin_hard_negative,True,True,True,280.2,-2.72,I lost my red record book. Details: hard cover.,Found red Camlin record book,train
L0703,F0027,0,same_group_nearby,True,True,True,280.0,35.87,I lost my red record book. Details: hard cover.,Fonud a dark yellow book. Features: sticky notes inside.,train
L0703,F0225,0,same_group_nearby,True,False,True,134.5,-2.12,I lost my red record book. Details: hard cover.,oFund a blue Casio calculator. Features: scientific type.,train
L0703,F0644,0,same_group_nearby,True,True,True,269.3,62.97,I lost my red record book. Details: hard cover.,Found a red notebook. It has spiral notebook.,train
L0703,F0676,0,random,True,False,False,404.5,814.28,I lost my red record book. Details: hard cover.,dark green mobile found,train
L0703,F0764,0,random,True,False,False,277.8,140.47,I lost my red record book. Details: hard cover.,Found a silver-grey bag. It has slightyl torn near the strap.,train
L0704,F0708,1,positive,True,True,True,386.0,2.88,"I lost my red Camlin notebook. Features: sticky notes inside, hard cover. Please contact me if found.",Found red Camlin record book,train
L0704,F0707,0,twin_hard_negative,True,True,True,134.5,15.13,"I lost my red Camlin notebook. Features: sticky notes inside, hard cover. Please contact me if found.","Found a red Camlin notebook. It has spiral notebook, thick cover, about two hundred pages.",train
L0704,F0225,0,same_group_nearby,True,False,True,0.0,3.48,"I lost my red Camlin notebook. Features: sticky notes inside, hard cover. Please contact me if found.",oFund a blue Casio calculator. Features: scientific type.,train
L0704,F0547,0,random,True,False,False,386.0,1006.07,"I lost my red Camlin notebook. Features: sticky notes inside, hard cover. Please contact me if found.",Found a wine red Woodland wallet. Details: zip coin pocket.,train
L0704,F0101,0,random,True,False,False,611.9,581.05,"I lost my red Camlin notebook. Features: sticky notes inside, hard cover. Please contact me if found.",Found a pink Tuppewrare bottle. Features: flip-top lid.,train
L0705,F0709,0,twin_hard_negative,False,True,True,134.5,-746.63,"Kisi ko mila ho toh batao: i lost my black Camlin notebook. It has 200 pages, sticky notes inside. Please contact me if found.",Found a record book.,val
L0705,F0687,0,random,False,False,False,386.0,-1192.17,"Kisi ko mila ho toh batao: i lost my black Camlin notebook. It has 200 pages, sticky notes inside. Please contact me if found.",Found a dark green smartwatch. Details: square dial.,val
L0705,F0357,0,random,False,False,False,461.0,-1110.65,"Kisi ko mila ho toh batao: i lost my black Camlin notebook. It has 200 pages, sticky notes inside. Please contact me if found.",Found a smartwatch.,val
L0706,F0226,0,same_group_nearby,False,False,True,0.0,-24.25,"I lost my black Lenovo notebook computer. Details: sticker on the lid, backlit keyboard, in a black laptop sleeve. Please contact me if found.",Found white battery pack,train
L0706,F0513,0,same_group_nearby,False,True,True,134.5,-49.37,"I lost my black Lenovo notebook computer. Details: sticker on the lid, backlit keyboard, in a black laptop sleeve. Please contact me if found.","Found a white watch. Features: scratch on the glass, silicone strap, rectangular screen. Kept safely with me.",train
L0706,F0442,0,same_group_nearby,False,False,True,386.0,28.3,"I lost my black Lenovo notebook computer. Details: sticker on the lid, backlit keyboard, in a black laptop sleeve. Please contact me if found.","Ye mila hai, owner ko batao: found a airpods case.",train
L0706,F0161,0,random,False,True,True,386.0,340.83,"I lost my black Lenovo notebook computer. Details: sticker on the lid, backlit keyboard, in a black laptop sleeve. Please contact me if found.",Found a rose watch. It has square dial.,train
L0706,F0021,0,random,False,False,True,0.0,573.18,"I lost my black Lenovo notebook computer. Details: sticker on the lid, backlit keyboard, in a black laptop sleeve. Please contact me if found.",silver notebook computer found,train
L0707,F0711,1,positive,True,True,True,0.0,0.38,red keys lost,Found a red key bunch. Features: steel ring.,test
L0707,F0536,0,same_group_nearby,True,False,True,260.0,10.0,red keys lost,"Ye mila hai, owner ko batao: navy blue wallet found",test
L0707,F0248,0,same_group_nearby,True,False,True,206.2,38.83,red keys lost,"Ye mila hai, owner ko batao: found a wallet.",test
L0707,F0508,0,same_group_nearby,True,False,True,150.0,48.42,red keys lost,Found a maroon Woodland card holder. Details: zipper coin section.,test
L0707,F0621,0,random,True,False,True,632.5,708.23,red keys lost,navy blue Popy umbrella found,test
L0707,F0381,0,random,True,False,False,632.5,694.15,red keys lost,grey notebook comupter found,test
L0708,F0712,1,positive,True,False,True,170.9,12.0,"Mera i lost my black Tupperware water bottle. It has paint worn off in places, steel body, flip-top lid. Pelase contact me if found. kho gaya hai.","Found a black Tupperware bottle. It has flip cap, stainless steel, paint worn off in places. Kept safely with me.",train
L0708,F0673,0,same_group_nearby,True,True,True,174.9,3.67,"Mera i lost my black Tupperware water bottle. It has paint worn off in places, steel body, flip-top lid. Pelase contact me if found. kho gaya hai.",Found a olive green Borosil bottle. Details: 1 litre size.,train
L0708,F0487,0,same_group_nearby,True,True,True,134.2,32.88,"Mera i lost my black Tupperware water bottle. It has paint worn off in places, steel body, flip-top lid. Pelase contact me if found. kho gaya hai.","Found a silver water bottle. Features: stainless steel, flip cap. Kept safely with me.",train
L0708,F0283,0,random,True,True,True,126.5,-325.35,"Mera i lost my black Tupperware water bottle. It has paint worn off in places, steel body, flip-top lid. Pelase contact me if found. kho gaya hai.","Found a black Cello flask. It has scratched paint, one litre bottle, stainless steel.",train
L0708,F0078,0,random,True,False,False,0.0,-1152.72,"Mera i lost my black Tupperware water bottle. It has paint worn off in places, steel body, flip-top lid. Pelase contact me if found. kho gaya hai.",Found a black Dell laptop. Details: sticekrs on the top cover.,train
L0709,F0713,1,positive,True,True,True,0.0,36.13,I lost my grey laptop. Details: blcak sleeve.,silver-grey Asus laptop found,train
L0709,F0315,0,same_group_nearby,True,False,True,176.9,68.68,I lost my grey laptop. Details: blcak sleeve.,Found a earbuds case.,train
L0709,F0478,0,same_group_nearby,True,True,True,58.3,-71.78,I lost my grey laptop. Details: blcak sleeve.,light pink earbuds case found,train
L0709,F0073,0,same_group_nearby,True,False,True,308.1,37.42,I lost my grey laptop. Details: blcak sleeve.,Found a battery pack.,train
L0709,F0671,0,random,True,False,False,510.4,-767.55,I lost my grey laptop. Details: blcak sleeve.,Found a dark blue purse. Features: frayed at the edges.,train
L0709,F0519,0,random,True,False,False,510.4,-910.37,I lost my grey laptop. Details: blcak sleeve.,Found a grey specs box. It has hard case.,train
L0710,F0715,1,positive,True,True,True,128.1,6.0,"I lost my red Navneet notebook. Features: spiral notebook, sticky noets inside. Please contact me if found.",Found a red notebook. It has spiral notebook.,train
L0710,F0714,0,twin_hard_negative,True,True,True,136.0,-923.15,"I lost my red Navneet notebook. Features: spiral notebook, sticky noets inside. Please contact me if found.","Found a red Navneet book. Details: about two hundred pages, spiral notebook. Kept safely with me.",train
L0710,F0367,0,same_group_nearby,True,True,True,128.1,8.8,"I lost my red Navneet notebook. Features: spiral notebook, sticky noets inside. Please contact me if found.",Found a black notebook. Details: sticky notes inside.,train
L0710,F0102,0,same_group_nearby,True,False,True,128.1,-46.27,"I lost my red Navneet notebook. Features: spiral notebook, sticky noets inside. Please contact me if found.","Ye mila hai, owner ko batao: found a black rceord book. Details: 200 pages, thick cover. Kept safely with me.",train
L0710,F0103,0,same_group_nearby,True,False,True,330.2,-45.57,"I lost my red Navneet notebook. Features: spiral notebook, sticky noets inside. Please contact me if found.","Foudn a light blue Camlin notebook. Features: coloured sticky notes sticking out, spiral notebook. Kept safely with me.",train
L0710,F0643,0,random,True,False,False,304.1,542.77,"I lost my red Navneet notebook. Features: spiral notebook, sticky noets inside. Please contact me if found.",Found a black keys. It has bike key with a rubber cover.,train
L0710,F0563,0,random,True,False,False,134.5,-1004.78,"I lost my red Navneet notebook. Features: spiral notebook, sticky noets inside. Please contact me if found.",Found a olive green flask. Details: scratched paint.,train
L0711,F0716,1,positive,True,True,True,280.2,15.2,"I lost my red phone. It has pop socket on the back, crack on the top corner, transparent case.",Found a red smartphone. Features: cracked screen corner.,train
L0711,F0717,0,twin_hard_negative,True,True,True,134.5,664.42,"I lost my red phone. It has pop socket on the back, crack on the top corner, transparent case.",Found a red Realme smartphone. Features: ring holder on the back.,train
L0711,F0346,0,same_group_nearby,True,False,True,134.5,45.63,"I lost my red phone. It has pop socket on the back, crack on the top corner, transparent case.",Found a dark grey charger. It has fast charging type.,train
L0711,F0739,0,same_group_nearby,True,True,True,277.8,-20.93,"I lost my red phone. It has pop socket on the back, crack on the top corner, transparent case.",Mujhe mila hai: found a phone.,train
L0711,F0420,0,same_group_nearby,True,False,True,269.3,33.77,"I lost my red phone. It has pop socket on the back, crack on the top corner, transparent case.",Found a light blue laptop. It has in a black laptop sleeve.,train
L0711,F0202,0,random,True,False,True,404.5,509.48,"I lost my red phone. It has pop socket on the back, crack on the top corner, transparent case.","Found a whiet small case. Details: silicone cover, tiny indicator light, scratches on the lid.",train
L0711,F0102,0,random,True,False,False,280.2,313.72,"I lost my red phone. It has pop socket on the back, crack on the top corner, transparent case.","Ye mila hai, owner ko batao: found a black rceord book. Details: 200 pages, thick cover. Kept safely with me.",train
L0712,F0717,1,positive,True,True,True,134.5,9.33,"I lost my red Realme phone. It has dual camera, pop socket on the back.",Found a red Realme smartphone. Features: ring holder on the back.,train
L0712,F0716,0,twin_hard_negative,True,True,True,280.2,-639.88,"I lost my red Realme phone. It has dual camera, pop socket on the back.",Found a red smartphone. Features: cracked screen corner.,train
L0712,F0417,0,same_group_nearby,True,False,True,280.2,-19.73,"I lost my red Realme phone. It has dual camera, pop socket on the back.",Found a white charger bank. It has thin power bank.,train
L0712,F0541,0,same_group_nearby,True,False,True,328.0,-7.32,"I lost my red Realme phone. It has dual camera, pop socket on the back.",Found a blue battery pack. Details: matte rubber finish.,train
L0712,F0654,0,same_group_nearby,True,False,True,155.6,-7.57,"I lost my red Realme phone. It has dual camera, pop socket on the back.",Found a blue laptop. Features: stickers on the top cover.,train
L0712,F0436,0,random,True,False,False,462.7,-233.65,"I lost my red Realme phone. It has dual camera, pop socket on the back.",Found grey spectacle case,train
L0712,F0549,0,random,True,False,True,608.3,-823.98,"I lost my red Realme phone. It has dual camera, pop socket on the back.",Found a red mobile. It has pop socket on the back.,train
L0713,F0282,0,same_group_nearby,False,True,True,284.3,22.17,I lost my black boAt smartwatch. Features: rubber strap.,"Found a black Noise watch. Features: circular screen, silicone strap, scratch on the glass.",train
L0713,F0741,0,same_group_nearby,False,False,True,440.1,22.95,I lost my black boAt smartwatch. Features: rubber strap.,Found a black Dell laptop. Details: keyboard lights up.,train
L0713,F0553,0,same_group_nearby,False,False,True,0.0,-37.05,I lost my black boAt smartwatch. Features: rubber strap.,black power bank found,train
L0713,F0157,0,random,False,False,True,286.4,-1083.6,I lost my black boAt smartwatch. Features: rubber strap.,Found a black adapter with cable. Details: fast charging type.,train
L0713,F0249,0,random,False,False,True,370.5,349.37,I lost my black boAt smartwatch. Features: rubber strap.,"Found a pink AirPods charging case. Features: small LED light, lanyard hook, scratches on the lid.",train
L0714,F0289,0,same_group_nearby,False,False,True,150.0,59.3,I lost my silver laptop. Features: backlit keyboard.,"Found a blue Mi battery pack. Features: rubber finish, slim body. Kept safely with me.",train
L0714,F0444,0,same_group_nearby,False,False,True,237.7,-64.97,I lost my silver laptop. Features: backlit keyboard.,Found a metallic phone. It has pop socket on the back.,train
L0714,F0041,0,same_group_nearby,False,False,True,310.6,29.55,I lost my silver laptop. Features: backlit keyboard.,Found a light blue iPhone phone. It has dual camera.,train
L0714,F0520,0,random,False,False,False,123.7,-791.6,I lost my silver laptop. Features: backlit keyboard.,Found a red spectacle case. Details: cloth pouch type.,train
L0714,F0510,0,random,False,False,True,70.7,-709.37,I lost my silver laptop. Features: backlit keyboard.,"Fuond a white Vivo phone. It has dual camera, ring holder on the back. Kept safely with me.",train
L0715,F0455,0,same_group_nearby,False,True,True,277.8,29.15,I lost my silver laptop. It has 15 inch screen.,Found a dark Dell laptop. Details: backlit keyboard.,train
L0715,F0457,0,same_group_nearby,False,False,True,277.8,-22.17,I lost my silver laptop. It has 15 inch screen.,Found silver smartphone,train
L0715,F0073,0,same_group_nearby,False,False,True,126.5,64.1,I lost my silver laptop. It has 15 inch screen.,Found a battery pack.,train
L0715,F0643,0,random,False,False,False,216.3,400.78,I lost my silver laptop. It has 15 inch screen.,Found a black keys. It has bike key with a rubber cover.,train
L0715,F0765,0,random,False,False,False,216.3,503.43,I lost my silver laptop. It has 15 inch screen.,Found a red notebook. Features: spiral notebook.,train
L0716,F0718,0,twin_hard_negative,False,True,True,0.0,-953.45,I lost my black spectacles case. It has zippered.,Found a dark Lenskart specs box. It has soft pouch.,train
L0716,F0025,0,same_group_nearby,False,True,True,223.6,69.43,I lost my black spectacles case. It has zippered.,Found a navy blue wallet. Details: metal logo.,train
L0716,F0402,0,same_group_nearby,False,False,True,645.4,-30.68,I lost my black spectacles case. It has zippered.,Found a red keychain. Features: metal ring.,train
L0716,F0547,0,same_group_nearby,False,False,True,645.4,17.97,I lost my black spectacles case. It has zippered.,Found a wine red Woodland wallet. Details: zip coin pocket.,train
L0716,F0710,0,random,False,True,True,0.0,62.32,I lost my black spectacles case. It has zippered.,Found black specs box,train
L0716,F0120,0,random,False,True,True,500.0,-1618.03,I lost my black spectacles case. It has zippered.,Found a red glasses case. Features: hard shell.,train
L0717,F0718,1,positive,True,True,True,0.0,3.72,"I lost my black Lenskart spectacles case. It has cloth pouch type, hard case. Please contact me if found.",Found a dark Lenskart specs box. It has soft pouch.,train
L0717,F0742,0,same_group_nearby,True,False,True,645.4,21.45,"I lost my black Lenskart spectacles case. It has cloth pouch type, hard case. Please contact me if found.","Found a dark grey umbrella. It has pattern on the border, one bent rib.",train
L0717,F0610,0,same_group_nearby,True,False,True,223.6,48.75,"I lost my black Lenskart spectacles case. It has cloth pouch type, hard case. Please contact me if found.",Found a purse.,train
L0717,F0362,0,random,True,False,False,632.5,861.47,"I lost my black Lenskart spectacles case. It has cloth pouch type, hard case. Please contact me if found.",Found a dark calculator. It has slide cover.,train
L0717,F0483,0,random,True,False,True,520.1,-400.15,"I lost my black Lenskart spectacles case. It has cloth pouch type, hard case. Please contact me if found.",brown card holder found,train
L0718,F0719,1,positive,True,False,True,0.0,38.42,"I lost my white phone. It has clear back cover, crack on the top corner, ring holder on the back. Please contact me if found.",Found a white phone. It has crack on the top corner.,train
L0718,F0443,0,same_group_nearby,True,False,True,228.0,19.78,"I lost my white phone. It has clear back cover, crack on the top corner, ring holder on the back. Please contact me if found.","Found a silver Redmi smartphone. Features: transparent case, dual camera. Kept safely with me.",train
L0718,F0751,0,same_group_nearby,True,False,True,176.9,59.43,"I lost my white phone. It has clear back cover, crack on the top corner, ring holder on the back. Please contact me if found.",Found a silver Syska power bank. Features: type-C input.,train
L0718,F0057,0,same_group_nearby,True,False,True,228.0,-31.77,"I lost my white phone. It has clear back cover, crack on the top corner, ring holder on the back. Please contact me if found.",Found a black smartwatch. It has round dial.,train
L0718,F0391,0,random,True,False,True,150.0,886.98,"I lost my white phone. It has clear back cover, crack on the top corner, ring holder on the back. Please contact me if found.",Found a green fitness band. Details: circular screen.,train
L0718,F0178,0,random,True,False,True,134.2,-138.5,"I lost my white phone. It has clear back cover, crack on the top corner, ring holder on the back. Please contact me if found.",pink fitness band found,train
L0719,F0720,1,positive,True,True,True,0.0,23.2,I lost my silver Dell notebook computer. Details: black sleeve.,Found a silver notebook computer. Features: stickers on the top cover.,train
L0719,F0001,0,same_group_nearby,True,False,True,294.3,0.0,I lost my silver Dell notebook computer. Details: black sleeve.,dark grey power bank found,train
L0719,F0146,0,same_group_nearby,True,True,True,174.9,70.47,I lost my silver Dell notebook computer. Details: black sleeve.,Found grey notebook computer,train
L0719,F0757,0,same_group_nearby,True,False,True,0.0,32.53,I lost my silver Dell notebook computer. Details: black sleeve.,Found blue battery pack,train
L0719,F0005,0,random,True,False,False,174.9,534.62,I lost my silver Dell notebook computer. Details: black sleeve.,Found a maroon Nike rucksack. Features: logo in white on the front.,train
L0719,F0178,0,random,True,False,True,174.9,79.42,I lost my silver Dell notebook computer. Details: black sleeve.,pink fitness band found,train
L0720,F0721,1,positive,True,True,True,0.0,1.98,"Mera i lost my brown spectacle case. Features: cloth pouch type, zip closure. kho gaya hai.",Found a brown Titan glasses case. It has zip closure.,train
L0720,F0722,0,twin_hard_negative,True,True,True,382.1,-845.22,"Mera i lost my brown spectacle case. Features: cloth pouch type, zip closure. kho gaya hai.",Found a dark brown Titan spectacle case. Details: tiny logo on the front.,train
L0720,F0011,0,random,True,False,True,223.6,-89.22,"Mera i lost my brown spectacle case. Features: cloth pouch type, zip closure. kho gaya hai.",Found a dark brown wallet. It has zipper coin section.,train
L0720,F0181,0,random,True,False,False,653.0,-1013.2,"Mera i lost my brown spectacle case. Features: cloth pouch type, zip closure. kho gaya hai.",Found light blue scientific calculator,train
L0721,F0722,1,positive,True,True,True,382.1,0.77,"I lost my brown Titan spectacles case. It has zippered, tiny logo on the front. Please contact me if found.",Found a dark brown Titan spectacle case. Details: tiny logo on the front.,train
L0721,F0721,0,twin_hard_negative,True,True,True,0.0,847.97,"I lost my brown Titan spectacles case. It has zippered, tiny logo on the front. Please contact me if found.",Found a brown Titan glasses case. It has zip closure.,train
L0721,F0177,0,same_group_nearby,True,True,True,645.4,-42.8,"I lost my brown Titan spectacles case. It has zippered, tiny logo on the front. Please contact me if found.","Mujhe mila hai: found a red keychain. Details: metal ring, small padlock key.",train
L0721,F0615,0,same_group_nearby,True,False,True,645.4,-47.98,"I lost my brown Titan spectacles case. It has zippered, tiny logo on the front. Please contact me if found.",Mujhe mila hai: found a navy blue card holder. Features: leather finish.,train
L0721,F0456,0,same_group_nearby,True,False,True,223.6,28.73,"I lost my brown Titan spectacles case. It has zippered, tiny logo on the front. Please contact me if found.","Fuond a pink umbrella. Features: foldable umbrella, automatic open button.",train
L0721,F0468,0,random,True,False,False,632.5,-258.5,"I lost my brown Titan spectacles case. It has zippered, tiny logo on the front. Please contact me if found.",Found a black Mi power bank. Features: type-C input.,train
L0721,F0511,0,random,True,False,False,653.0,-44.83,"I lost my brown Titan spectacles case. It has zippered, tiny logo on the front. Please contact me if found.","Found a white Vivo phone. It has two cameras at the back, cracked screen corner.",train
L0722,F0723,1,positive,True,True,True,0.0,2.43,Mera i lost my red Safari bag. Features: reflective strip on the straps. kho gaya hai.,Found a red backpack. Details: reflective strip.,val
L0722,F0377,0,random,True,False,False,405.0,483.88,Mera i lost my red Safari bag. Features: reflective strip on the straps. kho gaya hai.,Found a light blue laptop. Details: sticker on the lid.,val
L0722,F0558,0,random,True,False,False,405.0,-95.8,Mera i lost my red Safari bag. Features: reflective strip on the straps. kho gaya hai.,Found blue umbrelal,val
L0723,F0641,0,same_group_nearby,False,False,True,250.0,16.32,"I lost my pink AirPods earbuds case. Features: scratches on the lid, tiny indicator light. Please contact me if found.",Found a phone.,val
L0723,F0144,0,same_group_nearby,False,False,True,134.2,2.28,"I lost my pink AirPods earbuds case. Features: scratches on the lid, tiny indicator light. Please contact me if found.",black battery pack found,val
L0723,F0530,0,same_group_nearby,False,False,True,0.0,69.97,"I lost my pink AirPods earbuds case. Features: scratches on the lid, tiny indicator light. Please contact me if found.","Foudn a white Realme adapter with cable. It has two-pin adapter, cloth braided cable, fast charging type.",val
L0723,F0137,0,random,False,False,False,461.0,505.48,"I lost my pink AirPods earbuds case. Features: scratches on the lid, tiny indicator light. Please contact me if found.",silver-grey calculator found,val
L0723,F0031,0,random,False,False,True,201.0,79.27,"I lost my pink AirPods earbuds case. Features: scratches on the lid, tiny indicator light. Please contact me if found.","Found a black Realme adapter with cable. Features: cloth braided cable, fast charger, long cable.",val
L0724,F0724,1,positive,True,True,True,123.7,27.83,I lost my pink smartwatch. Details: scratch on the glass.,"Found a light pink Amazfit watch. Details: glass slightly scratched, circular screen, rectangular screen. Kept safely with me.",test
L0724,F0269,0,same_group_nearby,True,False,True,67.1,25.58,I lost my pink smartwatch. Details: scratch on the glass.,Found a silver battery pack. Details: USB-C port.,test
L0724,F0638,0,same_group_nearby,True,True,True,134.5,-34.68,I lost my pink smartwatch. Details: scratch on the glass.,"Found a white Mi battery pack. It has rubber finish, USB-C port, thin power bank. Kept safely with me.",test
L0724,F0660,0,same_group_nearby,True,False,True,237.7,29.75,I lost my pink smartwatch. Details: scratch on the glass.,"Found a black boAt earbuds case. Details: scuffed lid, small LED light.",test
L0724,F0661,0,random,True,False,True,237.7,388.42,I lost my pink smartwatch. Details: scratch on the glass.,"Ye mila hai, owner ko batao: found a black boAt small case. It has rubber cover, scfufed lid.",test
L0724,F0446,0,random,True,False,False,516.2,175.6,I lost my pink smartwatch. Details: scratch on the glass.,Found a light pink Fastrack umbrella. It has one bent rib.,test
L0725,F0725,1,positive,True,True,True,155.2,55.92,"Lost my wallet, it is black.",Found a dark Puma wallet. Features: zip coin pocket.,train
L0725,F0744,0,same_group_nearby,True,False,True,277.8,53.2,"Lost my wallet, it is black.",Found a black keys. It has small padlock key.,train
L0725,F0319,0,same_group_nearby,True,True,True,349.9,-16.0,"Lost my wallet, it is black.","Found a brown Hidesign wallet. It has worn edges, small metal logo, zipper coin section. Kept safely with me.",train
L0725,F0069,0,same_group_nearby,True,False,True,0.0,9.13,"Lost my wallet, it is black.",Found a black umbrella. Details: pattern on the border.,train
L0725,F0518,0,random,True,False,False,0.0,852.03,"Lost my wallet, it is black.",Found a calculator.,train
L0725,F0278,0,random,True,False,True,410.5,709.58,"Lost my wallet, it is black.","Found a gray glasses case. It has soft pouch, tiny logo on the front.",train
L0726,F0726,1,positive,True,True,True,230.2,3.08,"I lost my dark grey OnePlus earbuds case. Details: scuffed lid, silicone cover, hook for a lanyard. Please contact me if found.",Found a dark grey OnePlus earbuds case. Features: lanyard hook.,train
L0726,F0741,0,same_group_nearby,True,False,True,230.2,-24.95,"I lost my dark grey OnePlus earbuds case. Details: scuffed lid, silicone cover, hook for a lanyard. Please contact me if found.",Found a black Dell laptop. Details: keyboard lights up.,train
L0726,F0749,0,same_group_nearby,True,False,True,58.3,-59.77,"I lost my dark grey OnePlus earbuds case. Details: scuffed lid, silicone cover, hook for a lanyard. Please contact me if found.",Found a cream watch. It has circular screen.,train
L0726,F0282,0,same_group_nearby,True,False,True,308.1,-25.73,"I lost my dark grey OnePlus earbuds case. Details: scuffed lid, silicone cover, hook for a lanyard. Please contact me if found.","Found a black Noise watch. Features: circular screen, silicone strap, scratch on the glass.",train
L0726,F0632,0,random,True,False,False,58.3,115.73,"I lost my dark grey OnePlus earbuds case. Details: scuffed lid, silicone cover, hook for a lanyard. Please contact me if found.",Mujhe mila hai: found a black key bunch. Features: bike key with a rubber cover.,train
L0726,F0154,0,random,True,False,True,808.0,661.63,"I lost my dark grey OnePlus earbuds case. Details: scuffed lid, silicone cover, hook for a lanyard. Please contact me if found.",Found white adapter with cable,train
L0727,F0539,0,same_group_nearby,False,False,True,269.3,-60.97,I lost my white charger. Details: two-pin adapter.,blakc mobile found,train
L0727,F0652,0,same_group_nearby,False,False,True,178.9,-64.28,I lost my white charger. Details: two-pin adapter.,Found a fitness band.,train
L0727,F0198,0,same_group_nearby,False,False,True,133.4,13.6,I lost my white charger. Details: two-pin adapter.,"Found a black Samsung phone. Details: ring holder on the back, crack on the top corner. Kept safely with me.",train
L0727,F0664,0,random,False,False,True,349.9,684.08,I lost my white charger. Details: two-pin adapter.,"Mujhe mila hai: found a black Asus notebook computer. Features: in a black laptop sleeve, keyboard lights up.",train
L0727,F0406,0,random,False,False,True,269.3,-490.9,I lost my white charger. Details: two-pin adapter.,"Found a white charger bank. It has LED indicator, slim body.",train
L0728,F0727,1,positive,True,True,True,134.2,3.82,"I lost my blue Casio calculator. Details: solar panel, some keys faded, scientific type.","Found a blue Casio calculator. It has solar strip on top, scientific calculator, faded keys. Kept safely with me.",train
L0728,F0690,0,same_group_nearby,True,True,True,0.0,-37.43,"I lost my blue Casio calculator. Details: solar panel, some keys faded, scientific type.",Found gray calculator,train
L0728,F0702,0,same_group_nearby,True,False,True,328.0,-24.42,"I lost my blue Casio calculator. Details: solar panel, some keys faded, scientific type.","Found a red book. Features: spiral bound, sticky notes inside, thick cover.",train
L0728,F0697,0,same_group_nearby,True,True,True,0.0,7.4,"I lost my blue Casio calculator. Details: solar panel, some keys faded, scientific type.",Found a sky blue scientific calculator. Details: hard slide-on cover.,train
L0728,F0393,0,random,True,False,False,126.5,-295.28,"I lost my blue Casio calculator. Details: solar panel, some keys faded, scientific type.",Found a water bottle.,train
L0728,F0362,0,random,True,True,True,134.2,319.93,"I lost my blue Casio calculator. Details: solar panel, some keys faded, scientific type.",Found a dark calculator. It has slide cover.,train
L0729,F0728,1,positive,True,False,True,0.0,24.77,I lost my black earbuds case. Features: silicone cover.,Found a black earbuds case. Features: scratches on the lid.,train
L0729,F0729,0,twin_hard_negative,True,False,True,72.8,-900.08,I lost my black earbuds case. Features: silicone cover.,Found a black AirPods charging case. Details: tiny indicator light.,train
L0729,F0161,0,same_group_nearby,True,False,True,197.2,0.0,I lost my black earbuds case. Features: silicone cover.,Found a rose watch. It has square dial.,train
L0729,F0569,0,same_group_nearby,True,False,True,271.7,-14.55,I lost my black earbuds case. Features: silicone cover.,Mujhe mila hai: found a blue phone. Details: two cameras at the back.,train
L0729,F0555,0,same_group_nearby,True,True,True,294.3,31.8,I lost my black earbuds case. Features: silicone cover.,"Mujhe mila hai: found a black Realme adapter with cable. Details: cloth braided cable, two-pin adapter, about 1.5 m cable.",train
L0729,F0491,0,random,True,False,False,197.2,-235.75,I lost my black earbuds case. Features: silicone cover.,silver key bunch found,train
L0729,F0499,0,random,True,False,False,294.3,206.52,I lost my black earbuds case. Features: silicone cover.,maroon-ish red umbrella found,train
L0730,F0729,1,positive,True,False,True,0.0,11.15,"I lost my black AirPods small case. Features: silicone cover, small LED light.",Found a black AirPods charging case. Details: tiny indicator light.,train
L0730,F0728,0,twin_hard_negative,True,True,True,72.8,936.0,"I lost my black AirPods small case. Features: silicone cover, small LED light.",Found a black earbuds case. Features: scratches on the lid.,train
L0730,F0467,0,same_group_nearby,True,False,True,136.0,-51.55,"I lost my black AirPods small case. Features: silicone cover, small LED light.",Found black watch,train
L0730,F0607,0,same_group_nearby,True,False,True,134.5,3.95,"I lost my black AirPods small case. Features: silicone cover, small LED light.","Found a blue boAt watch. Details: glass slightly scratched, silicone strap, rectangular screen. Kept safely with me.",train
L0730,F0030,0,same_group_nearby,True,False,True,337.3,20.87,"I lost my black AirPods small case. Features: silicone cover, small LED light.","Ye mila hai, owner ko batao: found a blue laptop. Details: sticker on the lid, 15 inch screen.",train
L0730,F0454,0,random,True,False,True,72.8,388.02,"I lost my black AirPods small case. Features: silicone cover, small LED light.",Found a black Dell notebook computer. Details: stickers on the top cover.,train
L0730,F0679,0,random,True,False,True,0.0,1105.05,"I lost my black AirPods small case. Features: silicone cover, small LED light.","Found a black adapter with cable. Features: long cable, cloth braided cable, fast charging type.",train
L0731,F0730,1,positive,True,True,True,0.0,22.35,I lost my silver laptop. Details: in a black laptop sleeve.,"Found a silver MacBook laptop. Features: backlit keyboard, black sleeve.",train
L0731,F0262,0,same_group_nearby,True,True,True,352.3,-25.45,I lost my silver laptop. Details: in a black laptop sleeve.,Found silver notebook computer,train
L0731,F0251,0,same_group_nearby,True,False,True,0.0,-8.33,I lost my silver laptop. Details: in a black laptop sleeve.,"Mujhe mila hai: found a white battery pack. Features: matte rubber finish, slim body.",train
L0731,F0413,0,same_group_nearby,True,True,True,304.1,-20.93,I lost my silver laptop. Details: in a black laptop sleeve.,Found a black laptop. It has black sleeve.,train
L0731,F0514,0,random,True,False,True,216.3,-18.02,I lost my silver laptop. Details: in a black laptop sleeve.,Found a phone.,train
L0731,F0052,0,random,True,False,True,0.0,105.7,I lost my silver laptop. Details: in a black laptop sleeve.,Found a white Fire-Boltt watch. Features: silicone strap.,train
L0732,F0731,1,positive,True,True,True,126.5,13.87,I lost my rose earbuds case. Features: hook for a lanyard.,Found a pink charging case. Details: lanyard hook.,test
L0732,F0192,0,same_group_nearby,True,False,True,67.1,-21.62,I lost my rose earbuds case. Features: hook for a lanyard.,Found a white Samsung charger. Details: two-pin plug.,test
L0732,F0167,0,same_group_nearby,True,False,True,284.3,66.15,I lost my rose earbuds case. Features: hook for a lanyard.,Found a red smartphone. Details: transparent case.,test
L0732,F0117,0,same_group_nearby,True,False,True,170.9,12.5,I lost my rose earbuds case. Features: hook for a lanyard.,"Found a green Samsung smartphone. Features: transparent case, two cameras at the back.",test
L0732,F0626,0,random,True,True,True,126.5,404.78,I lost my rose earbuds case. Features: hook for a lanyard.,Found a earbuds case.,test
L0732,F0428,0,random,True,True,True,282.8,-404.08,I lost my rose earbuds case. Features: hook for a lanyard.,Found a black Noise earbuds case. Details: rubber cover.,test
L0733,F0732,1,positive,True,True,True,133.4,54.88,"I lost my blue Lenskart spectacles case. It has zippered, soft pouch.",Found a sky blue glasses case. Details: zip closure.,val
L0733,F0207,0,same_group_nearby,True,False,True,277.8,-0.53,"I lost my blue Lenskart spectacles case. It has zippered, soft pouch.",Found a keys.,val
L0733,F0378,0,random,True,False,False,277.8,228.62,"I lost my blue Lenskart spectacles case. It has zippered, soft pouch.",Found a blue MacBook laptop. Details: sticker on the lid.,val
L0733,F0682,0,random,True,False,True,134.5,154.75,"I lost my blue Lenskart spectacles case. It has zippered, soft pouch.","Found a silver-grey Hidesign purse. Details: small metal logo, zip coin pocket, worn edges.",val
L0734,F0733,1,positive,True,True,True,0.0,24.03,"I lost my grey umbrella. Details: printed edges, folding type.",Found a grey umbrella. It has pattern on the border.,train
L0734,F0735,0,same_group_nearby,True,False,True,0.0,-1.3,"I lost my grey umbrella. Details: printed edges, folding type.",red specs box fuond,train
L0734,F0557,0,same_group_nearby,True,False,True,645.4,49.0,"I lost my grey umbrella. Details: printed edges, folding type.","Found a grey Woodland purse. Details: zipper coin section, worn edges, looks like leather. Kept safely with me.",train
L0734,F0010,0,same_group_nearby,True,False,True,645.4,-20.18,"I lost my grey umbrella. Details: printed edges, folding type.",Found a brown wallet. Details: zipper coin section.,train
L0734,F0644,0,random,True,False,False,516.2,714.32,"I lost my grey umbrella. Details: printed edges, folding type.",Found a red notebook. It has spiral notebook.,train
L0734,F0194,0,random,True,False,False,463.2,1533.17,"I lost my grey umbrella. Details: printed edges, folding type.","Ye mila hai, owner ko batao: found a silver Ambrane battery pack. It has rubber finish.",train
L0735,F0734,1,positive,True,False,True,382.1,3.65,"I lost my white AirPods earbuds case. It has silicone cover, lanyard hook, tiny indicator light.",Found a white AirPods charging case. Details: rubber cover.,train
L0735,F0141,0,same_group_nearby,True,False,True,178.9,26.03,"I lost my white AirPods earbuds case. It has silicone cover, lanyard hook, tiny indicator light.",Found a black Syska charger bank. It has matte rubber finish.,train
L0735,F0146,0,same_group_nearby,True,False,True,126.5,66.85,"I lost my white AirPods earbuds case. It has silicone cover, lanyard hook, tiny indicator light.",Found grey notebook computer,train
L0735,F0001,0,same_group_nearby,True,False,True,178.9,-3.62,"I lost my white AirPods earbuds case. It has silicone cover, lanyard hook, tiny indicator light.",dark grey power bank found,train
L0735,F0582,0,random,True,False,False,126.5,143.03,"I lost my white AirPods earbuds case. It has silicone cover, lanyard hook, tiny indicator light.","Found a brown Lenskart glasess case. Features: hard shell, zip closure, tiny logo on the front.",train
L0735,F0078,0,random,True,False,True,126.5,187.83,"I lost my white AirPods earbuds case. It has silicone cover, lanyard hook, tiny indicator light.",Found a black Dell laptop. Details: sticekrs on the top cover.,train
L0736,F0734,0,twin_hard_negative,False,False,True,223.6,-113.87,"I lost my white AirPods airopds case. It has small LED light, scuffed lid. Please contact me if found.",Found a white AirPods charging case. Details: rubber cover.,train
L0736,F0078,0,same_group_nearby,False,False,True,282.8,70.32,"I lost my white AirPods airopds case. It has small LED light, scuffed lid. Please contact me if found.",Found a black Dell laptop. Details: sticekrs on the top cover.,train
L0736,F0394,0,same_group_nearby,False,False,True,332.4,-56.5,"I lost my white AirPods airopds case. It has small LED light, scuffed lid. Please contact me if found.",Mujhe mila hai: silver smartphone found,train
L0736,F0057,0,same_group_nearby,False,False,True,263.1,65.02,"I lost my white AirPods airopds case. It has small LED light, scuffed lid. Please contact me if found.",Found a black smartwatch. It has round dial.,train
L0736,F0438,0,random,False,False,True,531.5,881.48,"I lost my white AirPods airopds case. It has small LED light, scuffed lid. Please contact me if found.",Found a grey Syska battery pack. Details: thin power bank.,train
L0736,F0707,0,random,False,False,False,404.5,374.6,"I lost my white AirPods airopds case. It has small LED light, scuffed lid. Please contact me if found.","Found a red Camlin notebook. It has spiral notebook, thick cover, about two hundred pages.",train
L0737,F0735,1,positive,True,True,True,0.0,3.75,I lost my red spectacles case. Details: soft pouch.,red specs box fuond,train
L0737,F0733,0,same_group_nearby,True,False,True,0.0,29.08,I lost my red spectacles case. Details: soft pouch.,Found a grey umbrella. It has pattern on the border.,train
L0737,F0557,0,same_group_nearby,True,False,True,645.4,54.05,I lost my red spectacles case. Details: soft pouch.,"Found a grey Woodland purse. Details: zipper coin section, worn edges, looks like leather. Kept safely with me.",train
L0737,F0010,0,same_group_nearby,True,False,True,645.4,-15.13,I lost my red spectacles case. Details: soft pouch.,Found a brown wallet. Details: zipper coin section.,train
L0737,F0485,0,random,True,False,True,516.2,1411.08,I lost my red spectacles case. Details: soft pouch.,"Found a gray Woodland card holder. Details: zipper coin section, worn edges.",train
L0737,F0588,0,random,True,False,False,382.1,324.73,I lost my red spectacles case. Details: soft pouch.,"Found a blue Decathlon bottle. Features: one litre bottle, stainless steel, scratched paint. Kept safely with me.",train
L0738,F0736,1,positive,True,True,True,0.0,13.7,"I lost my blue Navneet notebook. It has coloured sticky notes sticking out, hard cover, about two hundred pages.",Found a book.,train
L0738,F0737,0,twin_hard_negative,True,True,True,148.7,863.95,"I lost my blue Navneet notebook. It has coloured sticky notes sticking out, hard cover, about two hundred pages.",Found a blue Navneet book. It has spiral notebook.,train
L0738,F0451,0,same_group_nearby,True,False,True,67.1,-12.78,"I lost my blue Navneet notebook. It has coloured sticky notes sticking out, hard cover, about two hundred pages.",Mujhe mila hai: grey calculator found,train
L0738,F0714,0,same_group_nearby,True,True,True,67.1,-10.23,"I lost my blue Navneet notebook. It has coloured sticky notes sticking out, hard cover, about two hundred pages.","Found a red Navneet book. Details: about two hundred pages, spiral notebook. Kept safely with me.",train
L0738,F0452,0,same_group_nearby,True,True,True,237.7,-18.52,"I lost my blue Navneet notebook. It has coloured sticky notes sticking out, hard cover, about two hundred pages.",Found a notebook.,train
L0738,F0074,0,random,True,False,False,350.0,890.87,"I lost my blue Navneet notebook. It has coloured sticky notes sticking out, hard cover, about two hundred pages.",Found blue small case,train
L0738,F0594,0,random,True,False,False,123.7,338.4,"I lost my blue Navneet notebook. It has coloured sticky notes sticking out, hard cover, about two hundred pages.",dark red sports bag found,train
L0739,F0737,1,positive,True,True,True,148.7,1.6,I lost my blue Navneet notebook. Details: thick cover.,Found a blue Navneet book. It has spiral notebook.,train
L0739,F0736,0,twin_hard_negative,True,True,True,0.0,-848.65,I lost my blue Navneet notebook. Details: thick cover.,Found a book.,train
L0739,F0766,0,same_group_nearby,True,True,True,237.7,-41.12,I lost my blue Navneet notebook. Details: thick cover.,"Found a red Camlin notebook. It has sticky notes inside, spiral bound.",train
L0739,F0102,0,same_group_nearby,True,False,True,139.3,4.3,I lost my blue Navneet notebook. Details: thick cover.,"Ye mila hai, owner ko batao: found a black rceord book. Details: 200 pages, thick cover. Kept safely with me.",train
L0739,F0023,0,same_group_nearby,True,True,True,123.7,59.32,I lost my blue Navneet notebook. Details: thick cover.,Found a black Camlin book. Details: about two hundred pages.,train
L0739,F0352,0,random,True,False,False,400.0,-432.58,I lost my blue Navneet notebook. Details: thick cover.,Found a dark grey Realme adapter with cable. Details: braided cable.,train
L0739,F0242,0,random,True,False,False,123.7,262.85,I lost my blue Navneet notebook. Details: thick cover.,Found a maroon wallet. Details: metal logo.,train
L0740,F0738,1,positive,True,True,True,0.0,2.85,"I lost my pink umbrella. Features: pattern on the border, folding type, one bent rib. Please contact me if found.",Found a rose umbrella. Details: pattern on the border.,train
L0740,F0241,0,same_group_nearby,True,False,True,170.9,-35.37,"I lost my pink umbrella. Features: pattern on the border, folding type, one bent rib. Please contact me if found.",Found a purse.,train
L0740,F0456,0,same_group_nearby,True,True,True,263.1,-36.17,"I lost my pink umbrella. Features: pattern on the border, folding type, one bent rib. Please contact me if found.","Fuond a pink umbrella. Features: foldable umbrella, automatic open button.",train
L0740,F0121,0,same_group_nearby,True,False,True,170.9,69.87,"I lost my pink umbrella. Features: pattern on the border, folding type, one bent rib. Please contact me if found.",Found a red specs box. Details: hard case.,train
L0740,F0239,0,random,True,False,False,340.1,-660.75,"I lost my pink umbrella. Features: pattern on the border, folding type, one bent rib. Please contact me if found.","Found a blue OnePlus phone. Details: crack on the top corner, transparent case.",train
L0740,F0380,0,random,True,False,True,304.1,524.77,"I lost my pink umbrella. Features: pattern on the border, folding type, one bent rib. Please contact me if found.","Found a red specs box. Details: cloth pouch type, zippered.",train
L0741,F0638,0,random,False,False,False,382.1,516.4,Kisi ko mila ho toh batao: i lost my dark grey umbrella. It has bent rib.,"Found a white Mi battery pack. It has rubber finish, USB-C port, thin power bank. Kept safely with me.",test
L0741,F0477,0,random,False,False,True,500.0,368.33,Kisi ko mila ho toh batao: i lost my dark grey umbrella. It has bent rib.,"Found a navy blue purse. Details: frayed at the edges, small metal logo, looks like leather. Kept safely with me.",test
L0742,F0739,1,positive,True,True,True,0.0,0.33,I lost my black OnePlus phone. It has cracked screen corner.,Mujhe mila hai: found a phone.,train
L0742,F0251,0,same_group_nearby,True,False,True,216.3,10.15,I lost my black OnePlus phone. It has cracked screen corner.,"Mujhe mila hai: found a white battery pack. Features: matte rubber finish, slim body.",train
L0742,F0072,0,same_group_nearby,True,False,True,178.9,13.57,I lost my black OnePlus phone. It has cracked screen corner.,Found a silver Ambrane charger bank. Features: thin power bank.,train
L0742,F0605,0,same_group_nearby,True,False,True,269.3,54.47,I lost my black OnePlus phone. It has cracked screen corner.,Found a white smartwatch. Features: glass slightly scratched.,train
L0742,F0733,0,random,True,False,False,382.1,-672.17,I lost my black OnePlus phone. It has cracked screen corner.,Found a grey umbrella. It has pattern on the border.,train
L0742,F0715,0,random,True,False,False,269.3,387.25,I lost my black OnePlus phone. It has cracked screen corner.,Found a red notebook. It has spiral notebook.,train
L0743,F0276,0,same_group_nearby,False,False,True,10.0,53.77,"I lost my pink OnePlus earbuds case. Features: silicone cover, small LED light.",Found white charger bank,val
L0743,F0055,0,same_group_nearby,False,False,True,277.8,-46.88,"I lost my pink OnePlus earbuds case. Features: silicone cover, small LED light.",Found a watch.,val
L0743,F0403,0,same_group_nearby,False,False,True,172.0,-68.25,"I lost my pink OnePlus earbuds case. Features: silicone cover, small LED light.",grey notebook computer found,val
L0743,F0133,0,random,False,False,False,383.3,-451.2,"I lost my pink OnePlus earbuds case. Features: silicone cover, small LED light.","Found a silver keys. It has steel ring, small padlock key.",val
L0743,F0370,0,random,False,False,False,202.5,-817.25,"I lost my pink OnePlus earbuds case. Features: silicone cover, small LED light.",Found a grey umbrella. It has folding type.,val
L0744,F0740,1,positive,True,False,True,0.0,2.75,"I lost my black laptop. Details: stickers on the top cover, 15 inch screen.","Found a black laptop. Features: 15 inch screen, sticker on the lid. Kept safely with me.",train
L0744,F0741,0,twin_hard_negative,True,True,True,280.2,441.03,"I lost my black laptop. Details: stickers on the top cover, 15 inch screen.",Found a black Dell laptop. Details: keyboard lights up.,train
L0744,F0126,0,same_group_nearby,True,True,True,280.0,39.15,"I lost my black laptop. Details: stickers on the top cover, 15 inch screen.","Found a blue Dell notebook computer. Details: backlit keyboard, 15 inch screen. Kept safely with me.",train
L0744,F0262,0,same_group_nearby,True,True,True,280.2,70.53,"I lost my black laptop. Details: stickers on the top cover, 15 inch screen.",Found silver notebook computer,train
L0744,F0156,0,same_group_nearby,True,False,True,269.3,-66.57,"I lost my black laptop. Details: stickers on the top cover, 15 inch screen.","Found a dark grey charger. Features: two-pin plug, about 1.5 m cable. Kept safely with me.",train
L0744,F0015,0,random,True,False,True,462.7,176.72,"I lost my black laptop. Details: stickers on the top cover, 15 inch screen.",Found a black adapter with cable. Details: long cable.,train
L0744,F0274,0,random,True,False,True,404.5,501.17,"I lost my black laptop. Details: stickers on the top cover, 15 inch screen.",Found a pink Realme airpods case. It has lanyard hook.,train
L0745,F0741,1,positive,True,True,True,280.2,0.95,"I lost my black laptop. It has stickers on the top cover, backlit keyboard.",Found a black Dell laptop. Details: keyboard lights up.,train
L0745,F0740,0,twin_hard_negative,True,False,True,0.0,-437.33,"I lost my black laptop. It has stickers on the top cover, backlit keyboard.","Found a black laptop. Features: 15 inch screen, sticker on the lid. Kept safely with me.",train
L0745,F0686,0,same_group_nearby,True,False,True,155.6,14.93,"I lost my black laptop. It has stickers on the top cover, backlit keyboard.","Found a white Apple charger. It has fast charging type, two-pin plug, cloth braided cable.",train
L0745,F0570,0,same_group_nearby,True,False,True,0.0,71.52,"I lost my black laptop. It has stickers on the top cover, backlit keyboard.",blue earbuds case fuond,train
L0745,F0662,0,same_group_nearby,True,True,True,328.0,-64.12,"I lost my black laptop. It has stickers on the top cover, backlit keyboard.","Found a silver MacBook notebook computer. Features: in a black laptop sleeve, stickers on the top cover.",train
L0745,F0510,0,random,True,False,True,201.2,-114.2,"I lost my black laptop. It has stickers on the top cover, backlit keyboard.","Fuond a white Vivo phone. It has dual camera, ring holder on the back. Kept safely with me.",train
L0745,F0035,0,random,True,False,False,481.7,584.55,"I lost my black laptop. It has stickers on the top cover, backlit keyboard.",Found a grey purse. It has zip coin pocket.,train
L0746,F0742,1,positive,True,True,True,352.3,73.35,I lost my black umbrella. Details: one bent rib.,"Found a dark grey umbrella. It has pattern on the border, one bent rib.",train
L0746,F0241,0,same_group_nearby,True,False,True,170.9,-41.23,I lost my black umbrella. Details: one bent rib.,Found a purse.,train
L0746,F0456,0,same_group_nearby,True,True,True,263.1,-42.03,I lost my black umbrella. Details: one bent rib.,"Fuond a pink umbrella. Features: foldable umbrella, automatic open button.",train
L0746,F0722,0,same_group_nearby,True,False,True,216.3,-70.0,I lost my black umbrella. Details: one bent rib.,Found a dark brown Titan spectacle case. Details: tiny logo on the front.,train
L0746,F0191,0,random,True,False,True,216.3,870.42,I lost my black umbrella. Details: one bent rib.,"Found a red Titan glasses case. It has tiny logo on the front, hard case.",train
L0746,F0078,0,random,True,False,False,170.9,-268.18,I lost my black umbrella. Details: one bent rib.,Found a black Dell laptop. Details: sticekrs on the top cover.,train
L0747,F0743,1,positive,True,False,True,134.5,1.47,"I lost my white Mi adapter with cable. Details: long cable, two-pin plug, cloth braided cable.",Found a white adapter with cable. Features: braided cable.,train
L0747,F0406,0,same_group_nearby,True,False,True,386.0,-12.1,"I lost my white Mi adapter with cable. Details: long cable, two-pin plug, cloth braided cable.","Found a white charger bank. It has LED indicator, slim body.",train
L0747,F0521,0,same_group_nearby,True,True,True,290.0,42.48,"I lost my white Mi adapter with cable. Details: long cable, two-pin plug, cloth braided cable.",Found a blue Fire-Boltt watch. Features: silicone strap.,train
L0747,F0635,0,same_group_nearby,True,False,True,330.2,15.12,"I lost my white Mi adapter with cable. Details: long cable, two-pin plug, cloth braided cable.",Found white earbuds case,train
L0747,F0180,0,random,True,True,True,383.3,-288.05,"I lost my white Mi adapter with cable. Details: long cable, two-pin plug, cloth braided cable.",pink fitness band found,train
L0747,F0752,0,random,True,True,True,570.1,385.72,"I lost my white Mi adapter with cable. Details: long cable, two-pin plug, cloth braided cable.","Found a cream Noise fitness band. It has rectangular screen, circular screen, scratch on the glass.",train
L0748,F0193,0,same_group_nearby,False,False,True,250.0,-68.7,"I lost my red keys. Features: small padlock key, tag hanging from it.",Mujhe mila hai: found tan specs box,val
L0748,F0186,0,same_group_nearby,False,False,True,340.1,-30.28,"I lost my red keys. Features: small padlock key, tag hanging from it.","Found a maroon Hidesign purse. Features: leather finish, zip coin pocket, metal logo. Kept safely with me.",val
L0748,F0068,0,same_group_nearby,False,False,True,186.8,26.25,"I lost my red keys. Features: small padlock key, tag hanging from it.",Found a navy blue umbrella. Details: automatic open button.,val
L0748,F0440,0,random,False,False,True,750.0,-594.58,"I lost my red keys. Features: small padlock key, tag hanging from it.","Found a grey Puma wallet. Features: worn edges, leather finish. Kept safely with me.",val
L0748,F0640,0,random,False,False,False,0.0,-159.58,"I lost my red keys. Features: small padlock key, tag hanging from it.",Found a blue smartphone. It has crack on the top corner.,val
L0749,F0744,1,positive,True,True,True,0.0,12.78,"I lost my black keys. Details: plastic tag, tiny lock key. Please contact me if found.",Found a black keys. It has small padlock key.,train
L0749,F0745,0,twin_hard_negative,True,True,True,172.0,120.28,"I lost my black keys. Details: plastic tag, tiny lock key. Please contact me if found.",Foudn black keys,train
L0749,F0725,0,same_group_nearby,True,False,True,134.5,15.5,"I lost my black keys. Details: plastic tag, tiny lock key. Please contact me if found.",Found a dark Puma wallet. Features: zip coin pocket.,train
L0749,F0305,0,same_group_nearby,True,False,True,230.9,-45.92,"I lost my black keys. Details: plastic tag, tiny lock key. Please contact me if found.",brown purse found,train
L0749,F0681,0,same_group_nearby,True,False,True,186.8,47.18,"I lost my black keys. Details: plastic tag, tiny lock key. Please contact me if found.","Found a red umbrella. It has one bent rib, foldable umbrella.",train
L0749,F0041,0,random,True,False,False,456.5,1492.98,"I lost my black keys. Details: plastic tag, tiny lock key. Please contact me if found.",Found a light blue iPhone phone. It has dual camera.,train
L0749,F0278,0,random,True,False,True,383.3,669.17,"I lost my black keys. Details: plastic tag, tiny lock key. Please contact me if found.","Found a gray glasses case. It has soft pouch, tiny logo on the front.",train
L0750,F0745,1,positive,True,True,True,172.0,3.67,Lost black keys,Foudn black keys,train
L0750,F0744,0,twin_hard_negative,True,True,True,0.0,-103.83,Lost black keys,Found a black keys. It has small padlock key.,train
L0750,F0753,0,same_group_nearby,True,True,True,172.0,-30.15,Lost black keys,silver key bunch found,train
L0750,F0077,0,same_group_nearby,True,True,True,277.8,-0.07,Lost black keys,"Found a silver keys. It has steel ring, small padlock key.",train
L0750,F0163,0,same_group_nearby,True,True,True,202.5,1.13,Lost black keys,Found a tan spectacle case. Features: cloth pouch type.,train
L0750,F0173,0,random,True,False,False,230.9,44.03,Lost black keys,Found a book.,train
L0750,F0578,0,random,True,False,False,383.3,1040.22,Lost black keys,Found a grey Casio scientific calculator. Details: some keys faded.,train
L0751,F0574,0,same_group_nearby,False,False,True,0.0,-69.33,"I lost my grey MacBook notebook computer. It has backlit keyboard, black sleeve, sticker on the lid. Please contact me if found.",Found a red mobile. Details: two cameras at the back.,train
L0751,F0768,0,same_group_nearby,False,False,True,172.0,10.45,"I lost my grey MacBook notebook computer. It has backlit keyboard, black sleeve, sticker on the lid. Please contact me if found.",Found a smartphone.,train
L0751,F0524,0,same_group_nearby,False,True,True,286.4,-7.62,"I lost my grey MacBook notebook computer. It has backlit keyboard, black sleeve, sticker on the lid. Please contact me if found.",Found a blue laptop. Details: 15 inch screen.,train
L0751,F0476,0,random,False,False,False,172.0,-1491.7,"I lost my grey MacBook notebook computer. It has backlit keyboard, black sleeve, sticker on the lid. Please contact me if found.",Mujhe mila hai: found a orange water bottle. It has flip cap.,train
L0751,F0204,0,random,False,False,False,527.7,-130.53,"I lost my grey MacBook notebook computer. It has backlit keyboard, black sleeve, sticker on the lid. Please contact me if found.",Found maroon-ish red spectacle case,train
L0752,F0215,0,same_group_nearby,False,False,True,0.0,-67.03,"Lost my laptop, it is grey.",Found dark power bank,train
L0752,F0677,0,same_group_nearby,False,False,True,286.4,-68.73,"Lost my laptop, it is grey.",Mujhe mila hai: found black adapter with cable,train
L0752,F0216,0,same_group_nearby,False,False,True,176.9,-61.13,"Lost my laptop, it is grey.","Ye mila hai, owner ko batao: found a black charger bank. Details: thin power bank.",train
L0752,F0726,0,random,False,False,True,164.0,-109.4,"Lost my laptop, it is grey.",Found a dark grey OnePlus earbuds case. Features: lanyard hook.,train
L0752,F0725,0,random,False,False,False,206.2,-991.15,"Lost my laptop, it is grey.",Found a dark Puma wallet. Features: zip coin pocket.,train
L0753,F0747,0,twin_hard_negative,False,True,True,0.0,440.8,"Mera i lost my black Redmi smartphone. Features: crack on the top corner, clear back cover. Please contact me if found. kho gaya hai.","Ye mila hai, owner ko batao: found a black smartphone. Features: cracked screen corner.",train
L0753,F0659,0,same_group_nearby,False,False,True,332.4,34.08,"Mera i lost my black Redmi smartphone. Features: crack on the top corner, clear back cover. Please contact me if found. kho gaya hai.",Found black charger,train
L0753,F0303,0,same_group_nearby,False,False,True,332.4,-49.02,"Mera i lost my black Redmi smartphone. Features: crack on the top corner, clear back cover. Please contact me if found. kho gaya hai.","Found a blue notebook computer. It has in a black laptop sleeve, 15 inch screen.",train
L0753,F0391,0,same_group_nearby,False,False,True,310.6,69.62,"Mera i lost my black Redmi smartphone. Features: crack on the top corner, clear back cover. Please contact me if found. kho gaya hai.",Found a green fitness band. Details: circular screen.,train
L0753,F0454,0,random,False,False,True,294.3,-185.45,"Mera i lost my black Redmi smartphone. Features: crack on the top corner, clear back cover. Please contact me if found. kho gaya hai.",Found a black Dell notebook computer. Details: stickers on the top cover.,train
L0753,F0401,0,random,False,False,False,412.3,392.07,"Mera i lost my black Redmi smartphone. Features: crack on the top corner, clear back cover. Please contact me if found. kho gaya hai.","Found a blue Citizen scientific calculator. Features: scientific calculator, some keys faded. Kept safely with me.",train
L0754,F0747,1,positive,True,True,True,0.0,8.7,I lost my black Redmi phone. Details: cracked csreen corner.,"Ye mila hai, owner ko batao: found a black smartphone. Features: cracked screen corner.",train
L0754,F0070,0,same_group_nearby,True,False,True,0.0,50.77,I lost my black Redmi phone. Details: cracked csreen corner.,Found a fitness band.,train
L0754,F0555,0,same_group_nearby,True,False,True,0.0,-62.53,I lost my black Redmi phone. Details: cracked csreen corner.,"Mujhe mila hai: found a black Realme adapter with cable. Details: cloth braided cable, two-pin adapter, about 1.5 m cable.",train
L0754,F0728,0,same_group_nearby,True,False,True,294.3,-69.57,I lost my black Redmi phone. Details: cracked csreen corner.,Found a black earbuds case. Features: scratches on the lid.,train
L0754,F0664,0,random,True,False,True,380.5,104.93,I lost my black Redmi phone. Details: cracked csreen corner.,"Mujhe mila hai: found a black Asus notebook computer. Features: in a black laptop sleeve, keyboard lights up.",train
L0754,F0733,0,random,True,False,False,223.6,-1608.5,I lost my black Redmi phone. Details: cracked csreen corner.,Found a grey umbrella. It has pattern on the border.,train
L0755,F0748,0,twin_hard_negative,False,False,True,0.0,1157.05,"I lost my pink OnePlus charging case. Features: small LED light, scratches on the lid.",Found pink earbuds case,train
L0755,F0001,0,same_group_nearby,False,False,True,223.6,26.42,"I lost my pink OnePlus charging case. Features: small LED light, scratches on the lid.",dark grey power bank found,train
L0755,F0141,0,same_group_nearby,False,True,True,223.6,56.07,"I lost my pink OnePlus charging case. Features: small LED light, scratches on the lid.",Found a black Syska charger bank. It has matte rubber finish.,train
L0755,F0734,0,same_group_nearby,False,False,True,0.0,33.68,"I lost my pink OnePlus charging case. Features: small LED light, scratches on the lid.",Found a white AirPods charging case. Details: rubber cover.,train
L0755,F0672,0,random,False,False,False,602.1,749.03,"I lost my pink OnePlus charging case. Features: small LED light, scratches on the lid.",Found a navy blue Wildcraft purse. Features: worn edges.,train
L0755,F0616,0,random,False,False,False,519.2,1038.2,"I lost my pink OnePlus charging case. Features: small LED light, scratches on the lid.","Found a grey American Tourister rucksack. Details: logo in white on the front, small tear by the strap, double zip on the front.",train
L0756,F0748,1,positive,True,True,True,0.0,52.2,I lost my pink small case. Details: lanyard hook.,Found pink earbuds case,train
L0756,F0202,0,same_group_nearby,True,True,True,223.6,-16.63,I lost my pink small case. Details: lanyard hook.,"Found a whiet small case. Details: silicone cover, tiny indicator light, scratches on the lid.",train
L0756,F0442,0,same_group_nearby,True,False,True,645.4,-17.92,I lost my pink small case. Details: lanyard hook.,"Ye mila hai, owner ko batao: found a airpods case.",train
L0756,F0020,0,same_group_nearby,True,False,True,0.0,62.22,I lost my pink small case. Details: lanyard hook.,Found a grey Acer notebook computer. Features: keyboard lights up.,train
L0756,F0046,0,random,True,False,False,585.5,520.82,I lost my pink small case. Details: lanyard hook.,"Found a light blue Casio calculator. Details: some keys faded, solar panel.",train
L0756,F0752,0,random,True,False,True,750.0,-283.28,I lost my pink small case. Details: lanyard hook.,"Found a cream Noise fitness band. It has rectangular screen, circular screen, scratch on the glass.",train
L0757,F0750,1,positive,True,True,True,0.0,1.6,"I lost my white boAt smartwatch. It has scratch on the glass, rectangular screen. Please contact me if found.",white smartwatch ofund,train
L0757,F0749,0,twin_hard_negative,True,False,True,58.3,-682.45,"I lost my white boAt smartwatch. It has scratch on the glass, rectangular screen. Please contact me if found.",Found a cream watch. It has circular screen.,train
L0757,F0316,0,same_group_nearby,True,False,True,58.3,23.53,"I lost my white boAt smartwatch. It has scratch on the glass, rectangular screen. Please contact me if found.","Found a white Apple adapter with cable. Features: long cable, cloth braided cable, two-pin plug.",train
L0757,F0395,0,same_group_nearby,True,False,True,337.3,-1.72,"I lost my white boAt smartwatch. It has scratch on the glass, rectangular screen. Please contact me if found.",Fuond a mobile.,train
L0757,F0162,0,same_group_nearby,True,False,True,230.9,52.48,"I lost my white boAt smartwatch. It has scratch on the glass, rectangular screen. Please contact me if found.",black small case found,train
L0757,F0163,0,random,True,False,False,410.0,-1399.1,"I lost my white boAt smartwatch. It has scratch on the glass, rectangular screen. Please contact me if found.",Found a tan spectacle case. Features: cloth pouch type.,train
L0757,F0333,0,random,True,False,True,430.5,-1421.47,"I lost my white boAt smartwatch. It has scratch on the glass, rectangular screen. Please contact me if found.",Found a silver battery pack. It has type-C input.,train
L0758,F0752,1,positive,True,False,True,58.3,0.92,"I lost my white Noise watch. Details: glass slihgtly scratched, rectangular screen, round dial. Please contact me if found.","Found a cream Noise fitness band. It has rectangular screen, circular screen, scratch on the glass.",train
L0758,F0749,0,same_group_nearby,True,True,True,58.3,65.53,"I lost my white Noise watch. Details: glass slihgtly scratched, rectangular screen, round dial. Please contact me if found.",Found a cream watch. It has circular screen.,train
L0758,F0200,0,same_group_nearby,True,False,True,58.3,0.03,"I lost my white Noise watch. Details: glass slihgtly scratched, rectangular screen, round dial. Please contact me if found.","Ye mila hai, owner ko batao: found a pink charging case. Features: rubber cover, hook for a lanyard.",train
L0758,F0507,0,same_group_nearby,True,False,True,0.0,-51.52,"I lost my white Noise watch. Details: glass slihgtly scratched, rectangular screen, round dial. Please contact me if found.","Found a silver laptop. Details: black sleeve, sticker on the lid.",train
L0758,F0385,0,random,True,False,True,410.0,-281.25,"I lost my white Noise watch. Details: glass slihgtly scratched, rectangular screen, round dial. Please contact me if found.",Found off-white adapter with cable,train
L0758,F0442,0,random,True,False,True,230.2,266.28,"I lost my white Noise watch. Details: glass slihgtly scratched, rectangular screen, round dial. Please contact me if found.","Ye mila hai, owner ko batao: found a airpods case.",train
L0759,F0755,1,positive,True,True,True,136.0,2.5,I lost my wine red card holder. It has frayed at the edges.,Found a maroon wallet. It has zip coin pocket.,val
L0759,F0756,0,twin_hard_negative,True,False,True,72.8,-733.42,I lost my wine red card holder. It has frayed at the edges.,"Found a maroon Fastrack wallet. Details: looks like leather, zipper coin section.",val
L0759,F0370,0,same_group_nearby,True,False,True,72.8,-71.7,I lost my wine red card holder. It has frayed at the edges.,Found a grey umbrella. It has folding type.,val
L0759,F0767,0,same_group_nearby,True,True,True,0.0,-41.13,I lost my wine red card holder. It has frayed at the edges.,"Found a brown wallet. It has small metla logo, zipper coin section.",val
L0759,F0336,0,random,True,False,False,332.4,274.37,I lost my wine red card holder. It has frayed at the edges.,Found a dark grey calculator. Details: faded keys.,val
L0759,F0600,0,random,True,False,False,136.0,-571.67,I lost my wine red card holder. It has frayed at the edges.,Found silver laptop,val
L0760,F0756,1,positive,True,False,True,174.9,9.85,"I lost my dark red Fastrack card holder. It has leather finish, zip coin pocket. Please contact me if found.","Found a maroon Fastrack wallet. Details: looks like leather, zipper coin section.",val
L0760,F0755,0,twin_hard_negative,True,True,True,0.0,745.77,"I lost my dark red Fastrack card holder. It has leather finish, zip coin pocket. Please contact me if found.",Found a maroon wallet. It has zip coin pocket.,val
L0760,F0620,0,same_group_nearby,True,False,True,67.1,6.33,"I lost my dark red Fastrack card holder. It has leather finish, zip coin pocket. Please contact me if found.","Found a dark grey keys. Features: plastic tag, bike key with a rubber cover.",val
L0760,F0354,0,same_group_nearby,True,False,True,170.9,-63.4,"I lost my dark red Fastrack card holder. It has leather finish, zip coin pocket. Please contact me if found.","Mujhe mila hai: found a grey Titan spectacle case. Features: small logo, soft pouch, zip closure. Kept safely with me.",val
L0760,F0355,0,same_group_nearby,True,False,True,170.9,-50.65,"I lost my dark red Fastrack card holder. It has leather finish, zip coin pocket. Please contact me if found.","Found a grey glasses case. Details: hard shell, cloth pouch type.",val
L0760,F0253,0,random,True,False,False,461.0,894.22,"I lost my dark red Fastrack card holder. It has leather finish, zip coin pocket. Please contact me if found.",Found a black charging case. Features: hook for a lanyard.,val
L0760,F0369,0,random,True,False,True,136.0,1082.43,"I lost my dark red Fastrack card holder. It has leather finish, zip coin pocket. Please contact me if found.",Found a grey umbrella. Details: pattern on the border.,val
L0761,F0759,1,positive,True,True,True,67.1,2.73,"I lost my black Samsung charger. Features: long cable, fast charging type, cloth braided cable. Please contact me if found.",Found a black charger. Features: long cable.,train
L0761,F0743,0,same_group_nearby,True,True,True,269.3,53.13,"I lost my black Samsung charger. Features: long cable, fast charging type, cloth braided cable. Please contact me if found.",Found a white adapter with cable. Features: braided cable.,train
L0761,F0496,0,same_group_nearby,True,False,True,0.0,-3.37,"I lost my black Samsung charger. Features: long cable, fast charging type, cloth braided cable. Please contact me if found.","Ye mila hai, owner ko batao: blue notebook computer found",train
L0761,F0583,0,same_group_nearby,True,True,True,139.3,-15.82,"I lost my black Samsung charger. Features: long cable, fast charging type, cloth braided cable. Please contact me if found.","Mujhe mila hai: found a black Dell adapter with cable. It has about 1.5 m cable, cloth braided cable.",train
L0761,F0075,0,random,True,False,True,350.0,-230.0,"I lost my black Samsung charger. Features: long cable, fast charging type, cloth braided cable. Please contact me if found.",Found a pink watch. Features: square dial.,train
L0761,F0704,0,random,True,False,False,400.0,719.4,"I lost my black Samsung charger. Features: long cable, fast charging type, cloth braided cable. Please contact me if found.","Ye mila hai, owner ko batao: found a scientific calculator.",train
L0762,F0760,1,positive,True,True,True,0.0,0.87,I lost my red glasses case. Features: hard case.,"Found a red glasses case. Features: hard case, zippered.",train
L0762,F0108,0,same_group_nearby,True,True,True,332.4,-67.1,I lost my red glasses case. Features: hard case.,Found a red glasses case. Details: cloth pouch type.,train
L0762,F0480,0,same_group_nearby,True,False,True,294.3,17.12,I lost my red glasses case. Features: hard case.,grey umbrella found,train
L0762,F0647,0,same_group_nearby,True,False,True,447.8,19.32,I lost my red glasses case. Features: hard case.,Found a glasses case.,train
L0762,F0464,0,random,True,False,False,404.5,-313.27,I lost my red glasses case. Features: hard case.,Found a black battery pack. Features: matte rubber finish.,train
L0762,F0328,0,random,True,True,True,282.8,573.87,I lost my red glasses case. Features: hard case.,tan spectacle case found,train
L0763,F0761,1,positive,True,True,True,0.0,26.98,"Mera lost my battery pack, it is silver. kho gaya hai.",Found a metallic battery pack. Features: matte rubber finish.,test
L0763,F0762,0,twin_hard_negative,True,True,True,0.0,-1578.4,"Mera lost my battery pack, it is silver. kho gaya hai.","Found a silver Ambrane charger bank. Details: thin power bank, type-C input. Kept safely with me.",test
L0763,F0698,0,same_group_nearby,True,False,True,0.0,-3.6,"Mera lost my battery pack, it is silver. kho gaya hai.","Found a dark adapter with cable. It has long cable, cloth braided cable, two-pin plug.",test
L0763,F0300,0,same_group_nearby,True,False,True,134.5,9.73,"Mera lost my battery pack, it is silver. kho gaya hai.",Found a white smartwatch. It has round dial.,test
L0763,F0098,0,random,True,False,False,216.3,-45.87,"Mera lost my battery pack, it is silver. kho gaya hai.","Found a maroon Nike sports bag. Features: a pocket on the side, reflective strip, two front zips. Kept safely with me.",test
L0763,F0381,0,random,True,False,True,382.1,-846.05,"Mera lost my battery pack, it is silver. kho gaya hai.",grey notebook comupter found,test
L0764,F0762,1,positive,True,True,True,134.5,3.18,silver Ambrane power bank lost,"Found a silver Ambrane charger bank. Details: thin power bank, type-C input. Kept safely with me.",test
L0764,F0761,0,twin_hard_negative,True,True,True,134.5,1608.57,silver Ambrane power bank lost,Found a metallic battery pack. Features: matte rubber finish.,test
L0764,F0634,0,same_group_nearby,True,False,True,304.6,-43.18,silver Ambrane power bank lost,"Found a light blue Asus laptop. Features: sticker on the lid, keyboard lights up. Kept safely with me.",test
L0764,F0626,0,random,True,False,True,134.5,1313.07,silver Ambrane power bank lost,Found a earbuds case.,test
L0764,F0295,0,random,True,False,False,134.5,253.55,silver Ambrane power bank lost,Fuond a grey Lifelong umbrella. Details: push-button opening.,test
L0765,F0763,1,positive,True,True,True,134.5,18.35,I lost my silver Borosil water bottle. It has paint worn off in places.,Found a silver Borosil water bottle. Details: paint worn off in places.,train
L0765,F0517,0,same_group_nearby,True,True,True,277.8,-30.3,I lost my silver Borosil water bottle. It has paint worn off in places.,Found green water bottle,train
L0765,F0215,0,random,True,False,False,405.0,292.57,I lost my silver Borosil water bottle. It has paint worn off in places.,Found dark power bank,train
L0765,F0375,0,random,True,False,False,155.6,-431.87,I lost my silver Borosil water bottle. It has paint worn off in places.,green fitness band found,train
L0766,F0764,1,positive,True,True,True,178.9,0.53,I lost my grey Adidas backpack. It has slightly torn near the strap.,Found a silver-grey bag. It has slightyl torn near the strap.,train
L0766,F0044,0,same_group_nearby,True,True,True,263.1,3.62,I lost my grey Adidas backpack. It has slightly torn near the strap.,Found a gray Skybags sports bag. It has slightly torn near the strap.,train
L0766,F0601,0,same_group_nearby,True,True,True,282.8,-63.5,I lost my grey Adidas backpack. It has slightly torn near the strap.,Foudn a gray backpack. Details: reflective strip.,train
L0766,F0046,0,random,True,False,False,380.5,973.12,I lost my grey Adidas backpack. It has slightly torn near the strap.,"Found a light blue Casio calculator. Details: some keys faded, solar panel.",train
L0766,F0358,0,random,True,False,False,294.3,-650.98,I lost my grey Adidas backpack. It has slightly torn near the strap.,Found a grey Casio calculator. Features: slide cover.,train
L0767,F0765,1,positive,True,True,True,0.0,14.32,I lost my maroon-ish red Camlin record book. It has 200 pages.,Found a red notebook. Features: spiral notebook.,train
L0767,F0766,0,twin_hard_negative,True,True,True,0.0,-722.78,I lost my maroon-ish red Camlin record book. It has 200 pages.,"Found a red Camlin notebook. It has sticky notes inside, spiral bound.",train
L0767,F0313,0,same_group_nearby,True,True,True,340.1,46.48,I lost my maroon-ish red Camlin record book. It has 200 pages.,Mujhe mila hai: found a green record book. It has coloured sticky notes sticking out.,train
L0767,F0090,0,same_group_nearby,True,True,True,216.3,-14.68,I lost my maroon-ish red Camlin record book. It has 200 pages.,Found light blue record book,train
L0767,F0045,0,same_group_nearby,True,False,True,134.2,-42.53,I lost my maroon-ish red Camlin record book. It has 200 pages.,"Found a blue calculator. It has slide cover, scientific type, solar strip on top. Kept safely with me.",train
L0767,F0120,0,random,True,False,False,170.9,-1692.73,I lost my maroon-ish red Camlin record book. It has 200 pages.,Found a red glasses case. Features: hard shell.,train
L0767,F0611,0,random,True,False,False,263.1,-932.08,I lost my maroon-ish red Camlin record book. It has 200 pages.,Found a green Amazfit smartwatch. Features: scratch on the glass.,train
L0768,F0766,1,positive,True,True,True,170.9,1.12,"I lost my red Camlin notebook. Details: coloured sticky notes sticking out, spiral bound. Please contact me if found.","Found a red Camlin notebook. It has sticky notes inside, spiral bound.",train
L0768,F0765,0,twin_hard_negative,True,True,True,170.9,738.22,"I lost my red Camlin notebook. Details: coloured sticky notes sticking out, spiral bound. Please contact me if found.",Found a red notebook. Features: spiral notebook.,train
L0768,F0102,0,same_group_nearby,True,False,True,191.0,46.53,"I lost my red Camlin notebook. Details: coloured sticky notes sticking out, spiral bound. Please contact me if found.","Ye mila hai, owner ko batao: found a black rceord book. Details: 200 pages, thick cover. Kept safely with me.",train
L0768,F0737,0,same_group_nearby,True,True,True,201.0,43.83,"I lost my red Camlin notebook. Details: coloured sticky notes sticking out, spiral bound. Please contact me if found.",Found a blue Navneet book. It has spiral notebook.,train
L0768,F0623,0,same_group_nearby,True,True,True,126.5,-0.87,"I lost my red Camlin notebook. Details: coloured sticky notes sticking out, spiral bound. Please contact me if found.","Found a grey scientific calculator. It has scientific calculator, slide cover, faded keys. Kept safely with me.",train
L0768,F0104,0,random,True,False,False,134.2,-916.48,"I lost my red Camlin notebook. Details: coloured sticky notes sticking out, spiral bound. Please contact me if found.","Found a green bottle. Features: 1 litre size, paint worn off in places, flip-top lid.",train
L0768,F0673,0,random,True,False,False,174.9,528.33,"I lost my red Camlin notebook. Details: coloured sticky notes sticking out, spiral bound. Please contact me if found.",Found a olive green Borosil bottle. Details: 1 litre size.,train
L0769,F0378,0,same_group_nearby,False,False,True,186.8,11.2,"I lost my pink Noise airpods case. Features: hook for a lanyard, tiny nidicator light, rubber cover. Please contact me if found.",Found a blue MacBook laptop. Details: sticker on the lid.,val
L0769,F0131,0,same_group_nearby,False,False,True,0.0,35.7,"I lost my pink Noise airpods case. Features: hook for a lanyard, tiny nidicator light, rubber cover. Please contact me if found.","Found a grey Asus notebook computer. Features: fifteen inch display, sticker on the lid.",val
L0769,F0093,0,random,False,False,True,120.4,860.8,"I lost my pink Noise airpods case. Features: hook for a lanyard, tiny nidicator light, rubber cover. Please contact me if found.",Found a cream Realme earbuds case. Features: hook for a lanyard.,val
L0769,F0363,0,random,False,True,True,531.5,357.47,"I lost my pink Noise airpods case. Features: hook for a lanyard, tiny nidicator light, rubber cover. Please contact me if found.","Found a dark grey OnePlus earbuds case. Features: small LED light, rubber cover, hook for a lanyard. Kept safely with me.",val
L0770,F0767,1,positive,True,True,True,0.0,2.25,I lost my brown wallet. Details: small metal logo.,"Found a brown wallet. It has small metla logo, zipper coin section.",val
L0770,F0755,0,same_group_nearby,True,True,True,136.0,45.88,I lost my brown wallet. Details: small metal logo.,Found a maroon wallet. It has zip coin pocket.,val
L0770,F0370,0,same_group_nearby,True,False,True,72.8,-28.32,I lost my brown wallet. Details: small metal logo.,Found a grey umbrella. It has folding type.,val
L0770,F0093,0,random,True,False,False,206.2,715.33,I lost my brown wallet. Details: small metal logo.,Found a cream Realme earbuds case. Features: hook for a lanyard.,val
L0770,F0432,0,random,True,False,False,201.2,839.03,I lost my brown wallet. Details: small metal logo.,"Ye mila hai, owner ko batao: foudn a airpods case.",val
L0771,F0189,0,same_group_nearby,False,False,True,150.0,-15.92,I lost my maroon rucksack. It has logo in white on the front.,Found a navy blue bag. It has two front zips.,train
L0771,F0303,0,random,False,False,False,206.2,-43.72,I lost my maroon rucksack. It has logo in white on the front.,"Found a blue notebook computer. It has in a black laptop sleeve, 15 inch screen.",train
L0771,F0733,0,random,False,False,False,632.5,-1171.1,I lost my maroon rucksack. It has logo in white on the front.,Found a grey umbrella. It has pattern on the border.,train
L0772,F0769,1,positive,True,True,True,0.0,2.82,"Lost my umbrella, it is red.","Found a red Fastrack umbrella. Features: push-button opening, folding type, bent rib.",train
L0772,F0177,0,same_group_nearby,True,False,True,191.0,54.5,"Lost my umbrella, it is red.","Mujhe mila hai: found a red keychain. Details: metal ring, small padlock key.",train
L0772,F0076,0,same_group_nearby,True,False,True,126.5,25.02,"Lost my umbrella, it is red.",silver keys found,train
L0772,F0360,0,same_group_nearby,True,True,True,136.0,49.67,"Lost my umbrella, it is red.",Found a umbrella.,train
L0772,F0733,0,random,True,True,True,500.0,-432.68,"Lost my umbrella, it is red.",Found a grey umbrella. It has pattern on the border.,train
L0772,F0659,0,random,True,False,False,136.0,777.8,"Lost my umbrella, it is red.",Found black charger,train
