item_id,twin_group,is_twin,split,category,brand,color,public_features,true_place,fate,owner_user_id,lost_id,found_id,hidden_details_json
I0001,I0001,False,train,power bank,Mi,black,LED indicator | slim body | rubber finish,Gym,matched,U0557,L0001,F0001,"{""capacity"": ""5000 mAh"", ""cable"": ""a type-C cable"", ""sticker"": ""a name sticker"", ""damage"": ""a loose port""}"
I0002,I0002,False,test,keys,,brown,small padlock key | bike key with a rubber cover | steel ring,Mechanical Block,found_only,,,F0002,"{""key_count"": ""four keys"", ""charm"": ""a bell charm"", ""tag_text"": ""no tag"", ""ring_type"": ""a plastic ring""}"
I0003,I0002,True,test,keys,,brown,small padlock key | plastic tag,Mechanical Block,matched,U0749,L0002,F0003,"{""key_count"": ""one key"", ""charm"": ""a plastic football"", ""tag_text"": ""a hostel name"", ""ring_type"": ""a carabiner""}"
I0004,I0004,False,train,water bottle,Tupperware,pink,scratched paint | 1 litre size | flip cap,Gym,lost_only,U0284,L0003,,"{""sticker"": ""an NGO logo sticker"", ""dent_location"": ""no dent"", ""content"": ""half filled with water"", ""strap"": ""no strap""}"
I0005,I0005,False,train,wallet,Puma,grey,zip coin pocket | worn edges,ECE Block,matched,U0752,L0004,F0004,"{""card_in_first_slot"": ""a bus pass"", ""cash_range"": ""no cash"", ""photo_inside"": ""a polaroid"", ""other_item"": ""a coin""}"
I0006,I0006,False,train,backpack,Nike,maroon,one side pocket | white logo,Library,matched,U0290,L0005,F0005,"{""front_pocket_contents"": ""two notebooks"", ""keychain"": ""a small panda keychain"", ""inner_lining_color"": ""blue"", ""tag_or_sticker"": ""a yellow ribbon on the zip""}"
I0007,I0007,False,val,charger,Samsung,white,fast charging type | two-pin plug,Parking Lot,found_only,,,F0006,"{""type"": ""a USB cable with adapter"", ""cable_wrap"": ""a rubber band around the cable"", ""marking"": ""initials"", ""damage"": ""a bent pin""}"
I0008,I0007,True,val,charger,Samsung,white,fast charging type | braided cable,Parking Lot,matched,U0362,L0006,F0007,"{""type"": ""a 65W laptop charger"", ""cable_wrap"": ""tape on the cable"", ""marking"": ""a name written in marker"", ""damage"": ""a frayed cable near the pin""}"
I0009,I0009,False,test,spectacles case,Titan,grey,hard shell | zip closure,Main Gate,matched,U0659,L0007,F0008,"{""frame_color"": ""brown frame"", ""case_inside"": ""a cleaning cloth"", ""lens_condition"": ""no scratches"", ""case_print"": ""a floral print""}"
I0010,I0010,False,val,umbrella,Fastrack,pink,printed edges | folding type,Stationery Shop,found_only,,,F0009,"{""handle"": ""a black plastic handle"", ""print"": ""a polka dot pattern"", ""damage"": ""a bent rib"", ""strap_color"": ""a blue strap""}"
I0011,I0011,False,train,wallet,Woodland,brown,zip coin pocket | leather finish,Gym,matched,U0141,L0008,F0010,"{""card_in_first_slot"": ""a debit card"", ""cash_range"": ""100 to 500 rupees"", ""photo_inside"": ""a passport-size photo"", ""other_item"": ""a library slip""}"
I0012,I0011,True,train,wallet,Woodland,brown,zip coin pocket | metal logo,Gym,matched,U0264,L0009,F0011,"{""card_in_first_slot"": ""a bus pass"", ""cash_range"": ""500 to 2000 rupees"", ""photo_inside"": ""no photo"", ""other_item"": ""a library slip""}"
I0013,I0013,False,train,calculator,Casio,grey,scientific type | solar panel | slide cover,Parking Lot,matched,U0799,L0010,F0012,"{""model"": ""fx-991ES Plus"", ""name_marking"": ""initials on the cover"", ""cover"": ""no cover"", ""damage"": ""a faded 7 key""}"
I0014,I0014,False,train,keys,,brown,bike key with a rubber cover | steel ring | small padlock key,Auditorium,matched,U0664,L0011,F0013,"{""key_count"": ""one key"", ""charm"": ""a plastic football"", ""tag_text"": ""no tag"", ""ring_type"": ""a steel ring""}"
I0015,I0015,False,train,charger,Samsung,black,fast charging type | two-pin plug,Main Gate,matched,U0401,L0012,F0014,"{""type"": ""a 20W phone charger"", ""cable_wrap"": ""no wrap"", ""marking"": ""initials"", ""damage"": ""no damage""}"
I0016,I0015,True,train,charger,Samsung,black,fast charging type | long cable,Main Gate,matched,U0204,L0013,F0015,"{""type"": ""a USB cable with adapter"", ""cable_wrap"": ""no wrap"", ""marking"": ""a name written in marker"", ""damage"": ""no damage""}"
I0017,I0017,False,train,charger,Realme,black,two-pin plug | long cable,Mechanical Block,found_only,,,F0016,"{""type"": ""a 33W fast charger"", ""cable_wrap"": ""a rubber band around the cable"", ""marking"": ""coloured tape on the cable"", ""damage"": ""a bent pin""}"
I0018,I0018,False,train,keys,,red,bike key with a rubber cover | plastic tag | steel ring,Parking Lot,matched,U0713,L0014,F0017,"{""key_count"": ""three keys"", ""charm"": ""a bell charm"", ""tag_text"": ""a cycle lock key attached"", ""ring_type"": ""a carabiner""}"
I0019,I0018,True,train,keys,,red,bike key with a rubber cover | small padlock key,Bus Stop,matched,U0166,L0015,F0018,"{""key_count"": ""five keys"", ""charm"": ""a bell charm"", ""tag_text"": ""a cycle lock key attached"", ""ring_type"": ""a steel ring""}"
I0020,I0020,False,train,earbuds case,OnePlus,pink,silicone cover | lanyard hook | scuffed lid,Auditorium,found_only,,,F0019,"{""cover"": ""a silicone cover with a hook"", ""engraved"": ""no marking"", ""buds_present"": ""only the right bud"", ""charm"": ""a metal ring""}"
I0021,I0021,False,val,spectacles case,Lenskart,blue,zip closure | hard shell,Canteen,lost_only,U0030,L0016,,"{""frame_color"": ""gold frame"", ""case_inside"": ""a spare nose pad"", ""lens_condition"": ""no scratches"", ""case_print"": ""no logo""}"
I0022,I0022,False,train,laptop,Acer,grey,sticker on the lid | backlit keyboard,Boys Hostel,matched,U0249,L0017,F0020,"{""lid_sticker"": ""a cartoon sticker"", ""wallpaper"": ""a mountain sunset"", ""charger_included"": ""no charger"", ""scratch"": ""no visible scratch""}"
I0023,I0023,False,train,laptop,Dell,silver,black sleeve | sticker on the lid,Girls Hostel,found_only,,,F0021,"{""lid_sticker"": ""no sticker"", ""wallpaper"": ""an anime character"", ""charger_included"": ""no charger"", ""scratch"": ""worn keys near the touchpad""}"
I0024,I0023,True,train,laptop,Dell,silver,black sleeve | backlit keyboard,Mechanical Block,matched,U0707,L0018,F0022,"{""lid_sticker"": ""no sticker"", ""wallpaper"": ""a cricket player photo"", ""charger_included"": ""yes, with a black adapter"", ""scratch"": ""no visible scratch""}"
I0025,I0025,False,train,notebook,Camlin,black,sticky notes inside | spiral bound | 200 pages,ECE Block,found_only,,,F0023,"{""cover_doodle"": ""subject name only"", ""subject"": ""Machine Learning"", ""first_page"": ""a timetable"", ""loose_item"": ""a pen clipped inside""}"
I0026,I0026,False,train,smartwatch,Apple Watch,pink,square dial | scratch on the glass | round dial,Canteen,matched,U0679,L0019,F0024,"{""strap_color"": ""a blue strap"", ""watch_face"": ""a cricket watch face"", ""damage"": ""a loose strap"", ""extras"": ""the charging dock in a pouch""}"
I0027,I0027,False,train,wallet,Woodland,navy blue,worn edges | metal logo | leather finish,Gym,matched,U0660,L0020,F0025,"{""card_in_first_slot"": ""a college ID"", ""cash_range"": ""under 100 rupees"", ""photo_inside"": ""no photo"", ""other_item"": ""a library slip""}"
I0028,I0028,False,train,notebook,,orange,sticky notes inside | spiral bound,Admin Block,matched,U0792,L0021,F0026,"{""cover_doodle"": ""a coffee stain"", ""subject"": ""Machine Learning"", ""first_page"": ""a timetable"", ""loose_item"": ""nothing inside""}"
I0029,I0028,True,train,notebook,,orange,sticky notes inside | hard cover,Admin Block,matched,U0031,L0022,F0027,"{""cover_doodle"": ""subject name only"", ""subject"": ""Data Structures"", ""first_page"": ""a cartoon"", ""loose_item"": ""a sticky note inside""}"
I0030,I0030,False,train,earbuds case,Noise,black,scuffed lid | small LED light,Bus Stop,matched,U0413,L0023,F0028,"{""cover"": ""a glitter cover"", ""engraved"": ""initial R"", ""buds_present"": ""only the right bud"", ""charm"": ""a metal ring""}"
I0031,I0031,False,train,laptop,Dell,blue,15 inch screen | black sleeve | backlit keyboard,Parking Lot,found_only,,,F0029,"{""lid_sticker"": ""a Python sticker"", ""wallpaper"": ""a cricket player photo"", ""charger_included"": ""only the cable"", ""scratch"": ""scratch on the left corner""}"
I0032,I0031,True,train,laptop,Dell,blue,15 inch screen | sticker on the lid,Bus Stop,matched,U0040,L0024,F0030,"{""lid_sticker"": ""a cartoon sticker"", ""wallpaper"": ""a beach photo"", ""charger_included"": ""yes, with an extension cord"", ""scratch"": ""scratch on the left corner""}"
I0033,I0033,False,test,notebook,,blue,spiral bound | sticky notes inside | 200 pages,Boys Hostel,lost_only,U0204,L0025,,"{""cover_doodle"": ""a coffee stain"", ""subject"": ""Machine Learning"", ""first_page"": ""a name and roll number"", ""loose_item"": ""nothing inside""}"
I0034,I0034,False,val,charger,Realme,black,long cable | braided cable | fast charging type,Admin Block,matched,U0668,L0026,F0031,"{""type"": ""a 65W laptop charger"", ""cable_wrap"": ""tape on the cable"", ""marking"": ""initials"", ""damage"": ""no damage""}"
I0035,I0035,False,train,notebook,Navneet,blue,hard cover | spiral bound,Canteen,lost_only,U0760,L0027,,"{""cover_doodle"": ""a doodle of a cat"", ""subject"": ""Engineering Maths"", ""first_page"": ""a name and roll number"", ""loose_item"": ""a loose sheet inside""}"
I0036,I0035,True,train,notebook,Navneet,blue,hard cover | 200 pages,Canteen,matched,U0327,L0028,F0032,"{""cover_doodle"": ""a sticker of a planet"", ""subject"": ""Physics"", ""first_page"": ""a cartoon"", ""loose_item"": ""nothing inside""}"
I0037,I0037,False,test,calculator,Citizen,blue,scientific type | slide cover,ECE Block,matched,U0368,L0029,F0033,"{""model"": ""fx-570ES"", ""name_marking"": ""name written on the back"", ""cover"": ""a scratched cover"", ""damage"": ""a cracked corner""}"
I0038,I0038,False,train,spectacles case,Lenskart,brown,small logo | zip closure,Main Gate,found_only,,,F0034,"{""frame_color"": ""brown frame"", ""case_inside"": ""no cloth"", ""lens_condition"": ""an anti-glare coating"", ""case_print"": ""a logo of an optical shop""}"
I0039,I0039,False,train,wallet,Wildcraft,grey,leather finish | zip coin pocket,Auditorium,matched,U0737,L0030,F0035,"{""card_in_first_slot"": ""a gym membership card"", ""cash_range"": ""over 2000 rupees"", ""photo_inside"": ""a family photo"", ""other_item"": ""a coin""}"
I0040,I0040,False,train,smartwatch,boAt,white,square dial | scratch on the glass | round dial,ECE Block,found_only,,,F0036,"{""strap_color"": ""a blue strap"", ""watch_face"": ""a cricket watch face"", ""damage"": ""a scratch on the glass"", ""extras"": ""a spare strap in a pouch""}"
I0041,I0041,False,train,notebook,Camlin,green,hard cover | spiral bound,Gym,matched,U0448,L0031,F0037,"{""cover_doodle"": ""subject name only"", ""subject"": ""Data Structures"", ""first_page"": ""a timetable"", ""loose_item"": ""nothing inside""}"
I0042,I0042,False,train,calculator,Citizen,black,slide cover | solar panel | faded keys,ECE Block,lost_only,U0786,L0032,,"{""model"": ""fx-991EX"", ""name_marking"": ""initials on the cover"", ""cover"": ""a scratched cover"", ""damage"": ""a cracked corner""}"
I0043,I0043,False,train,smartwatch,Apple Watch,blue,round dial | scratch on the glass,Library,matched,U0055,L0033,F0038,"{""strap_color"": ""a pink strap"", ""watch_face"": ""an analog face"", ""damage"": ""no damage"", ""extras"": ""no dock""}"
I0044,I0044,False,test,notebook,,red,200 pages | sticky notes inside,Mechanical Block,matched,U0031,L0034,F0039,"{""cover_doodle"": ""a doodle of a cat"", ""subject"": ""DBMS"", ""first_page"": ""a cartoon"", ""loose_item"": ""a pen clipped inside""}"
I0045,I0045,False,train,phone,iPhone,blue,pop socket on the back | transparent case,Boys Hostel,found_only,,,F0040,"{""wallpaper"": ""a mountain sunset"", ""back_sticker"": ""a heart sticker"", ""case_type"": ""green case with raised corners"", ""screen_damage"": ""a dead pixel line""}"
I0046,I0045,True,train,phone,iPhone,blue,pop socket on the back | dual camera,Boys Hostel,matched,U0334,L0035,F0041,"{""wallpaper"": ""a mountain sunset"", ""back_sticker"": ""a metro card in the cover"", ""case_type"": ""flip cover"", ""screen_damage"": ""no cracks""}"
I0047,I0047,False,train,spectacles case,Titan,brown,soft pouch | hard shell,Library,matched,U0613,L0036,F0042,"{""frame_color"": ""silver frame"", ""case_inside"": ""a cleaning cloth"", ""lens_condition"": ""an anti-glare coating"", ""case_print"": ""a floral print""}"
I0048,I0048,False,test,charger,Dell,black,long cable | fast charging type | braided cable,CS Block,matched,U0654,L0037,F0043,"{""type"": ""a USB cable with adapter"", ""cable_wrap"": ""no wrap"", ""marking"": ""initials"", ""damage"": ""a cracked adapter body""}"
I0049,I0049,False,train,backpack,Skybags,grey,laptop compartment | slightly torn near the strap | white logo,Auditorium,matched,U0690,L0038,F0044,"{""front_pocket_contents"": ""a lunch box"", ""keychain"": ""a red heart keychain"", ""inner_lining_color"": ""blue"", ""tag_or_sticker"": ""a name tag with initials""}"
I0050,I0050,False,train,calculator,Casio,blue,solar panel | slide cover | scientific type,Playground,matched,U0321,L0039,F0045,"{""model"": ""fx-82MS"", ""name_marking"": ""name written on the back"", ""cover"": ""no cover"", ""damage"": ""no damage""}"
I0051,I0050,True,train,calculator,Casio,blue,solar panel | faded keys,Playground,matched,U0623,L0040,F0046,"{""model"": ""fx-991ES Plus"", ""name_marking"": ""no marking"", ""cover"": ""a blue flip cover"", ""damage"": ""no damage""}"
I0052,I0052,False,train,spectacles case,,black,small logo | hard shell | zip closure,Girls Hostel,lost_only,U0490,L0041,,"{""frame_color"": ""brown frame"", ""case_inside"": ""a visiting card"", ""lens_condition"": ""a scratch on the right lens"", ""case_print"": ""no logo""}"
I0053,I0053,False,train,spectacles case,,brown,hard shell | soft pouch | zip closure,Main Gate,found_only,,,F0047,"{""frame_color"": ""brown frame"", ""case_inside"": ""a visiting card"", ""lens_condition"": ""a scratch on the right lens"", ""case_print"": ""a floral print""}"
I0054,I0053,True,train,spectacles case,,brown,hard shell | small logo,Main Gate,matched,U0718,L0042,F0048,"{""frame_color"": ""transparent frame"", ""case_inside"": ""a spare nose pad"", ""lens_condition"": ""no scratches"", ""case_print"": ""a logo of an optical shop""}"
I0055,I0055,False,train,backpack,Puma,red,one side pocket | laptop compartment | reflective strip,Auditorium,matched,U0468,L0043,F0049,"{""front_pocket_contents"": ""a calculator and a ruler"", ""keychain"": ""a football keychain"", ""inner_lining_color"": ""red"", ""tag_or_sticker"": ""a name tag with initials""}"
I0056,I0056,False,train,laptop,Acer,grey,backlit keyboard | 15 inch screen | black sleeve,ECE Block,matched,U0624,L0044,F0050,"{""lid_sticker"": ""a college club sticker"", ""wallpaper"": ""a car photo"", ""charger_included"": ""no charger"", ""scratch"": ""worn keys near the touchpad""}"
I0057,I0057,False,train,smartwatch,Fire-Boltt,white,scratch on the glass | round dial | square dial,Playground,matched,U0639,L0045,F0051,"{""strap_color"": ""a white strap"", ""watch_face"": ""a family photo face"", ""damage"": ""a scratch on the glass"", ""extras"": ""a spare strap in a pouch""}"
I0058,I0057,True,train,smartwatch,Fire-Boltt,white,scratch on the glass | silicone strap,Playground,matched,U0485,L0046,F0052,"{""strap_color"": ""an olive strap"", ""watch_face"": ""a family photo face"", ""damage"": ""a loose strap"", ""extras"": ""no dock""}"
I0059,I0059,False,train,wallet,Woodland,grey,zip coin pocket | worn edges | metal logo,Bus Stop,matched,U0484,L0047,F0053,"{""card_in_first_slot"": ""a debit card"", ""cash_range"": ""no cash"", ""photo_inside"": ""no photo"", ""other_item"": ""a small key""}"
I0060,I0060,False,train,wallet,Fastrack,grey,metal logo | leather finish,Main Gate,lost_only,U0310,L0048,,"{""card_in_first_slot"": ""a gym membership card"", ""cash_range"": ""500 to 2000 rupees"", ""photo_inside"": ""a passport-size photo"", ""other_item"": ""a folded receipt""}"
I0061,I0061,False,train,spectacles case,,blue,small logo | zip closure | soft pouch,Mechanical Block,matched,U0503,L0049,F0054,"{""frame_color"": ""silver frame"", ""case_inside"": ""a screwdriver kit"", ""lens_condition"": ""an anti-glare coating"", ""case_print"": ""a floral print""}"
I0062,I0062,False,val,smartwatch,Amazfit,black,round dial | silicone strap | square dial,Boys Hostel,found_only,,,F0055,"{""strap_color"": ""a white strap"", ""watch_face"": ""a digital face with steps"", ""damage"": ""no damage"", ""extras"": ""no dock""}"
I0063,I0063,False,val,umbrella,Popy,grey,bent rib | folding type,ECE Block,matched,U0271,L0050,F0056,"{""handle"": ""a handle with a rubber grip"", ""print"": ""a checked pattern"", ""damage"": ""a missing button"", ""strap_color"": ""a black Velcro strap""}"
I0064,I0063,True,val,umbrella,Popy,grey,bent rib | printed edges,Stationery Shop,lost_only,U0404,L0051,,"{""handle"": ""a curved wooden handle"", ""print"": ""plain inside"", ""damage"": ""a missing button"", ""strap_color"": ""no strap""}"
I0065,I0065,False,train,smartwatch,boAt,black,round dial | scratch on the glass,Playground,matched,U0305,L0052,F0057,"{""strap_color"": ""an olive strap"", ""watch_face"": ""a digital face with steps"", ""damage"": ""a scuffed corner"", ""extras"": ""a spare strap in a pouch""}"
I0066,I0066,False,train,power bank,Realme,white,LED indicator | rubber finish | USB-C port,Bus Stop,matched,U0028,L0053,F0058,"{""capacity"": ""5000 mAh"", ""cable"": ""no cable"", ""sticker"": ""a cartoon sticker"", ""damage"": ""a dent on one corner""}"
I0067,I0067,False,val,charger,Mi,white,long cable | braided cable,Canteen,lost_only,U0601,L0054,,"{""type"": ""a USB cable with adapter"", ""cable_wrap"": ""tape on the cable"", ""marking"": ""initials"", ""damage"": ""a bent pin""}"
I0068,I0068,False,test,backpack,American Tourister,navy blue,white logo | laptop compartment,Main Gate,matched,U0714,L0055,F0059,"{""front_pocket_contents"": ""a water bottle"", ""keychain"": ""a brass ring with a bell"", ""inner_lining_color"": ""orange"", ""tag_or_sticker"": ""no sticker""}"
I0069,I0068,True,test,backpack,American Tourister,navy blue,white logo | two front zips,Main Gate,matched,U0568,L0056,F0060,"{""front_pocket_contents"": ""a blue pen and a charger"", ""keychain"": ""a small panda keychain"", ""inner_lining_color"": ""blue"", ""tag_or_sticker"": ""a Spiderman sticker""}"
I0070,I0070,False,val,charger,Apple,white,long cable | fast charging type,Boys Hostel,matched,U0498,L0057,F0061,"{""type"": ""a 20W phone charger"", ""cable_wrap"": ""a rubber band around the cable"", ""marking"": ""no marking"", ""damage"": ""a frayed cable near the pin""}"
I0071,I0071,False,train,charger,Samsung,white,two-pin plug | long cable | fast charging type,Boys Hostel,lost_only,U0541,L0058,,"{""type"": ""a USB cable with adapter"", ""cable_wrap"": ""tape on the cable"", ""marking"": ""coloured tape on the cable"", ""damage"": ""no damage""}"
I0072,I0072,False,test,smartwatch,Noise,white,square dial | scratch on the glass | silicone strap,Canteen,matched,U0755,L0059,F0062,"{""strap_color"": ""a black strap"", ""watch_face"": ""a cricket watch face"", ""damage"": ""a scuffed corner"", ""extras"": ""no dock""}"
I0073,I0073,False,train,laptop,Dell,silver,sticker on the lid | black sleeve,Mechanical Block,lost_only,U0400,L0060,,"{""lid_sticker"": ""a Python sticker"", ""wallpaper"": ""a cat photo"", ""charger_included"": ""yes, with a black adapter"", ""scratch"": ""dent on the lid""}"
I0074,I0074,False,train,water bottle,Decathlon,pink,scratched paint | steel body,Stationery Shop,found_only,,,F0063,"{""sticker"": ""a cartoon sticker"", ""dent_location"": ""dent on the cap"", ""content"": ""half filled with water"", ""strap"": ""a black strap""}"
I0075,I0075,False,train,umbrella,Lifelong,green,folding type | bent rib | automatic open button,Bus Stop,lost_only,U0062,L0061,,"{""handle"": ""a black plastic handle"", ""print"": ""a checked pattern"", ""damage"": ""a torn edge"", ""strap_color"": ""a black Velcro strap""}"
I0076,I0076,False,train,power bank,Syska,white,slim body | rubber finish | USB-C port,Playground,matched,U0581,L0062,F0064,"{""capacity"": ""20000 mAh"", ""cable"": ""a type-C cable"", ""sticker"": ""a price sticker"", ""damage"": ""a loose port""}"
I0077,I0076,True,train,power bank,Syska,white,slim body | LED indicator,Playground,matched,U0397,L0063,F0065,"{""capacity"": ""20000 mAh"", ""cable"": ""no cable"", ""sticker"": ""a price sticker"", ""damage"": ""a loose port""}"
I0078,I0078,False,train,backpack,Skybags,green,two front zips | reflective strip,Boys Hostel,matched,U0726,L0064,F0066,"{""front_pocket_contents"": ""two notebooks"", ""keychain"": ""a red heart keychain"", ""inner_lining_color"": ""grey"", ""tag_or_sticker"": ""no sticker""}"
I0079,I0079,False,val,charger,Mi,white,braided cable | long cable,Playground,found_only,,,F0067,"{""type"": ""a USB cable with adapter"", ""cable_wrap"": ""no wrap"", ""marking"": ""coloured tape on the cable"", ""damage"": ""a cracked adapter body""}"
I0080,I0080,False,val,umbrella,,navy blue,folding type | automatic open button,Admin Block,matched,U0572,L0065,F0068,"{""handle"": ""a straight handle"", ""print"": ""a polka dot pattern"", ""damage"": ""a missing button"", ""strap_color"": ""no strap""}"
I0081,I0081,False,train,notebook,Navneet,red,200 pages | hard cover,Auditorium,lost_only,U0566,L0066,,"{""cover_doodle"": ""no marking"", ""subject"": ""Engineering Maths"", ""first_page"": ""a timetable"", ""loose_item"": ""a loose sheet inside""}"
I0082,I0082,False,train,umbrella,Fastrack,black,automatic open button | bent rib | printed edges,Canteen,matched,U0532,L0067,F0069,"{""handle"": ""a straight handle"", ""print"": ""plain inside"", ""damage"": ""a bent rib"", ""strap_color"": ""a black Velcro strap""}"
I0083,I0083,False,train,smartwatch,boAt,green,square dial | silicone strap,Boys Hostel,matched,U0625,L0068,F0070,"{""strap_color"": ""a metal strap"", ""watch_face"": ""a digital face with steps"", ""damage"": ""a loose strap"", ""extras"": ""no dock""}"
I0084,I0084,False,train,power bank,Ambrane,silver,LED indicator | slim body | rubber finish,ECE Block,matched,U0309,L0069,F0071,"{""capacity"": ""5000 mAh"", ""cable"": ""no cable"", ""sticker"": ""a price sticker"", ""damage"": ""a loose port""}"
I0085,I0085,False,train,power bank,Ambrane,silver,slim body | USB-C port,Canteen,found_only,,,F0072,"{""capacity"": ""10000 mAh slim"", ""cable"": ""a short white cable attached"", ""sticker"": ""a cartoon sticker"", ""damage"": ""no damage""}"
I0086,I0085,True,train,power bank,Ambrane,silver,slim body | rubber finish,Library,matched,U0488,L0070,F0073,"{""capacity"": ""10000 mAh slim"", ""cable"": ""a type-C cable"", ""sticker"": ""a cartoon sticker"", ""damage"": ""no damage""}"
I0087,I0087,False,train,earbuds case,Realme,blue,silicone cover | lanyard hook,Playground,matched,U0491,L0071,F0074,"{""cover"": ""a glitter cover"", ""engraved"": ""initial S"", ""buds_present"": ""only the right bud"", ""charm"": ""no charm""}"
I0088,I0088,False,train,smartwatch,Fire-Boltt,pink,round dial | square dial,Playground,matched,U0742,L0072,F0075,"{""strap_color"": ""an olive strap"", ""watch_face"": ""a cricket watch face"", ""damage"": ""a scuffed corner"", ""extras"": ""the charging dock in a pouch""}"
I0089,I0089,False,train,keys,,silver,small padlock key | plastic tag,Canteen,matched,U0152,L0073,F0076,"{""key_count"": ""three keys"", ""charm"": ""a plastic football"", ""tag_text"": ""a cycle lock key attached"", ""ring_type"": ""a steel ring""}"
I0090,I0089,True,train,keys,,silver,small padlock key | steel ring,Canteen,matched,U0474,L0074,F0077,"{""key_count"": ""four keys"", ""charm"": ""a leather tag"", ""tag_text"": ""a room number"", ""ring_type"": ""a plastic ring""}"
I0091,I0091,False,val,notebook,Navneet,orange,sticky notes inside | 200 pages | spiral bound,Main Gate,lost_only,U0264,L0075,,"{""cover_doodle"": ""a name label"", ""subject"": ""DBMS"", ""first_page"": ""a cartoon"", ""loose_item"": ""a loose sheet inside""}"
I0092,I0092,False,train,laptop,Dell,black,sticker on the lid | black sleeve,Library,matched,U0114,L0076,F0078,"{""lid_sticker"": ""a GitHub sticker"", ""wallpaper"": ""an anime character"", ""charger_included"": ""only the cable"", ""scratch"": ""no visible scratch""}"
I0093,I0093,False,train,power bank,Syska,white,rubber finish | USB-C port,Boys Hostel,matched,U0326,L0077,F0079,"{""capacity"": ""5000 mAh"", ""cable"": ""a type-C cable"", ""sticker"": ""a name sticker"", ""damage"": ""a scratched back""}"
I0094,I0094,False,test,spectacles case,,grey,small logo | soft pouch,ECE Block,matched,U0605,L0078,F0080,"{""frame_color"": ""silver frame"", ""case_inside"": ""a spare nose pad"", ""lens_condition"": ""a slightly loose screw"", ""case_print"": ""a name label""}"
I0095,I0095,False,train,wallet,Puma,grey,metal logo | worn edges | zip coin pocket,ECE Block,matched,U0191,L0079,F0081,"{""card_in_first_slot"": ""a library card"", ""cash_range"": ""under 100 rupees"", ""photo_inside"": ""a passport-size photo"", ""other_item"": ""a folded receipt""}"
I0096,I0096,False,train,smartwatch,Apple Watch,blue,scratch on the glass | round dial | square dial,Library,matched,U0627,L0080,F0082,"{""strap_color"": ""a black strap"", ""watch_face"": ""an analog face"", ""damage"": ""no damage"", ""extras"": ""the charging dock in a pouch""}"
I0097,I0097,False,train,calculator,Citizen,grey,solar panel | slide cover | scientific type,Girls Hostel,found_only,,,F0083,"{""model"": ""fx-570ES"", ""name_marking"": ""initials on the cover"", ""cover"": ""a scratched cover"", ""damage"": ""a faded 7 key""}"
I0098,I0098,False,train,umbrella,Popy,red,bent rib | printed edges | automatic open button,Mechanical Block,matched,U0739,L0081,F0084,"{""handle"": ""a curved wooden handle"", ""print"": ""a checked pattern"", ""damage"": ""no damage"", ""strap_color"": ""no strap""}"
I0099,I0099,False,test,laptop,Lenovo,black,black sleeve | backlit keyboard,Parking Lot,lost_only,U0562,L0082,,"{""lid_sticker"": ""no sticker"", ""wallpaper"": ""a mountain sunset"", ""charger_included"": ""only the cable"", ""scratch"": ""dent on the lid""}"
I0100,I0100,False,train,backpack,Puma,grey,laptop compartment | two front zips | slightly torn near the strap,Parking Lot,matched,U0407,L0083,F0085,"{""front_pocket_contents"": ""an umbrella"", ""keychain"": ""a metal bottle-opener keychain"", ""inner_lining_color"": ""orange"", ""tag_or_sticker"": ""a college fest tag""}"
I0101,I0100,True,train,backpack,Puma,grey,laptop compartment | one side pocket | reflective strip,Main Gate,lost_only,U0223,L0084,,"{""front_pocket_contents"": ""a blue pen and a charger"", ""keychain"": ""no keychain"", ""inner_lining_color"": ""red"", ""tag_or_sticker"": ""a bus pass holder""}"
I0102,I0102,False,val,smartwatch,boAt,pink,scratch on the glass | square dial | silicone strap,Girls Hostel,found_only,,,F0086,"{""strap_color"": ""a blue strap"", ""watch_face"": ""a plain black face"", ""damage"": ""a scratch on the glass"", ""extras"": ""the charging dock in a pouch""}"
I0103,I0103,False,val,notebook,Camlin,green,sticky notes inside | 200 pages | hard cover,Girls Hostel,matched,U0380,L0085,F0087,"{""cover_doodle"": ""no marking"", ""subject"": ""Engineering Maths"", ""first_page"": ""a cartoon"", ""loose_item"": ""nothing inside""}"
I0104,I0104,False,train,smartwatch,Noise,white,round dial | silicone strap,Stationery Shop,matched,U0241,L0086,F0088,"{""strap_color"": ""a blue strap"", ""watch_face"": ""a plain black face"", ""damage"": ""a scratch on the glass"", ""extras"": ""a spare strap in a pouch""}"
I0105,I0105,False,val,laptop,Asus,black,sticker on the lid | backlit keyboard,Library,matched,U0345,L0087,F0089,"{""lid_sticker"": ""a college club sticker"", ""wallpaper"": ""plain black"", ""charger_included"": ""yes, with an extension cord"", ""scratch"": ""scratch on the left corner""}"
I0106,I0106,False,train,notebook,Navneet,blue,hard cover | 200 pages,Canteen,found_only,,,F0090,"{""cover_doodle"": ""subject name only"", ""subject"": ""Machine Learning"", ""first_page"": ""a timetable"", ""loose_item"": ""nothing inside""}"
I0107,I0107,False,train,laptop,MacBook,black,15 inch screen | black sleeve,Parking Lot,matched,U0247,L0088,F0091,"{""lid_sticker"": ""a band sticker"", ""wallpaper"": ""an anime character"", ""charger_included"": ""no charger"", ""scratch"": ""scratch on the left corner""}"
I0108,I0108,False,test,water bottle,Decathlon,black,steel body | scratched paint,ECE Block,matched,U0319,L0089,F0092,"{""sticker"": ""a name label"", ""dent_location"": ""dent near the neck"", ""content"": ""a tea bag inside"", ""strap"": ""a black strap""}"
I0109,I0109,False,val,earbuds case,Realme,white,scuffed lid | lanyard hook | small LED light,Parking Lot,matched,U0219,L0090,F0093,"{""cover"": ""a leather pouch"", ""engraved"": ""a name label"", ""buds_present"": ""only the left bud"", ""charm"": ""a metal ring""}"
I0110,I0110,False,train,smartwatch,Amazfit,black,silicone strap | scratch on the glass | round dial,Canteen,matched,U0421,L0091,F0094,"{""strap_color"": ""a pink strap"", ""watch_face"": ""a cricket watch face"", ""damage"": ""a scratch on the glass"", ""extras"": ""no dock""}"
I0111,I0111,False,train,calculator,Citizen,black,solar panel | slide cover,Canteen,matched,U0287,L0092,F0095,"{""model"": ""fx-570ES"", ""name_marking"": ""initials on the cover"", ""cover"": ""a blue flip cover"", ""damage"": ""no damage""}"
I0112,I0112,False,train,phone,Motorola,green,transparent case | dual camera,Bus Stop,found_only,,,F0096,"{""wallpaper"": ""an anime character"", ""back_sticker"": ""a heart sticker"", ""case_type"": ""flip cover"", ""screen_damage"": ""no cracks""}"
I0113,I0113,False,train,power bank,Ambrane,blue,USB-C port | rubber finish,Stationery Shop,matched,U0023,L0093,F0097,"{""capacity"": ""10000 mAh slim"", ""cable"": ""a lightning cable"", ""sticker"": ""a price sticker"", ""damage"": ""a scratched back""}"
I0114,I0114,False,test,backpack,Nike,maroon,one side pocket | reflective strip | two front zips,Playground,matched,U0702,L0094,F0098,"{""front_pocket_contents"": ""a calculator and a ruler"", ""keychain"": ""a metal bottle-opener keychain"", ""inner_lining_color"": ""black"", ""tag_or_sticker"": ""a college fest tag""}"
I0115,I0115,False,test,backpack,Puma,red,white logo | one side pocket,Stationery Shop,matched,U0495,L0095,F0099,"{""front_pocket_contents"": ""a pair of earphones"", ""keychain"": ""a brass ring with a bell"", ""inner_lining_color"": ""grey"", ""tag_or_sticker"": ""a bus pass holder""}"
I0116,I0116,False,train,water bottle,Tupperware,pink,steel body | 1 litre size | scratched paint,Bus Stop,found_only,,,F0100,"{""sticker"": ""a cartoon sticker"", ""dent_location"": ""scratch on the side"", ""content"": ""empty"", ""strap"": ""no strap""}"
I0117,I0116,True,train,water bottle,Tupperware,pink,steel body | flip cap,Bus Stop,matched,U0271,L0096,F0101,"{""sticker"": ""a football sticker"", ""dent_location"": ""dent near the bottom"", ""content"": ""empty"", ""strap"": ""no strap""}"
I0118,I0118,False,train,notebook,Camlin,black,hard cover | 200 pages,Admin Block,matched,U0347,L0097,F0102,"{""cover_doodle"": ""a sticker of a planet"", ""subject"": ""Engineering Maths"", ""first_page"": ""a name and roll number"", ""loose_item"": ""a sticky note inside""}"
I0119,I0119,False,train,notebook,Camlin,blue,spiral bound | sticky notes inside,Girls Hostel,matched,U0115,L0098,F0103,"{""cover_doodle"": ""a coffee stain"", ""subject"": ""Operating Systems"", ""first_page"": ""a timetable"", ""loose_item"": ""a sticky note inside""}"
I0120,I0120,False,train,water bottle,Borosil,green,1 litre size | flip cap | scratched paint,Parking Lot,matched,U0424,L0099,F0104,"{""sticker"": ""a football sticker"", ""dent_location"": ""dent near the bottom"", ""content"": ""empty"", ""strap"": ""a rope handle""}"
I0121,I0121,False,train,water bottle,Milton,pink,scratched paint | flip cap | 1 litre size,Girls Hostel,matched,U0132,L0100,F0105,"{""sticker"": ""no sticker"", ""dent_location"": ""dent near the neck"", ""content"": ""a tea bag inside"", ""strap"": ""a rope handle""}"
I0122,I0122,False,val,umbrella,Popy,black,folding type | printed edges | automatic open button,Mechanical Block,matched,U0164,L0101,F0106,"{""handle"": ""a straight handle"", ""print"": ""floral print inside"", ""damage"": ""a missing button"", ""strap_color"": ""a black Velcro strap""}"
I0123,I0123,False,train,spectacles case,,red,zip closure | hard shell,Mechanical Block,matched,U0795,L0102,F0107,"{""frame_color"": ""transparent frame"", ""case_inside"": ""a spare nose pad"", ""lens_condition"": ""a scratch on the right lens"", ""case_print"": ""a logo of an optical shop""}"
I0124,I0123,True,train,spectacles case,,red,zip closure | soft pouch,ECE Block,matched,U0677,L0103,F0108,"{""frame_color"": ""black frame"", ""case_inside"": ""a spare nose pad"", ""lens_condition"": ""a slightly loose screw"", ""case_print"": ""a logo of an optical shop""}"
I0125,I0125,False,test,notebook,Classmate,blue,hard cover | spiral bound | sticky notes inside,ECE Block,matched,U0600,L0104,F0109,"{""cover_doodle"": ""a doodle of a cat"", ""subject"": ""Operating Systems"", ""first_page"": ""an empty first page"", ""loose_item"": ""a sticky note inside""}"
I0126,I0126,False,val,calculator,Casio,grey,solar panel | faded keys | slide cover,Canteen,found_only,,,F0110,"{""model"": ""fx-991ES Plus"", ""name_marking"": ""initials on the cover"", ""cover"": ""a scratched cover"", ""damage"": ""a missing key cap""}"
I0127,I0127,False,test,smartwatch,Apple Watch,green,square dial | silicone strap | scratch on the glass,Bus Stop,matched,U0036,L0105,F0111,"{""strap_color"": ""a white strap"", ""watch_face"": ""a digital face with steps"", ""damage"": ""a loose strap"", ""extras"": ""no dock""}"
I0128,I0128,False,test,laptop,HP,blue,15 inch screen | backlit keyboard,Girls Hostel,matched,U0468,L0106,F0112,"{""lid_sticker"": ""a cartoon sticker"", ""wallpaper"": ""a car photo"", ""charger_included"": ""yes, with a black adapter"", ""scratch"": ""no visible scratch""}"
I0129,I0129,False,train,earbuds case,Realme,blue,small LED light | scuffed lid,Playground,matched,U0507,L0107,F0113,"{""cover"": ""a glitter cover"", ""engraved"": ""a heart drawn with marker"", ""buds_present"": ""both buds present"", ""charm"": ""a metal ring""}"
I0130,I0130,False,train,power bank,Ambrane,silver,rubber finish | USB-C port,Gym,matched,U0055,L0108,F0114,"{""capacity"": ""10000 mAh"", ""cable"": ""a type-C cable"", ""sticker"": ""no sticker"", ""damage"": ""a loose port""}"
I0131,I0131,False,test,water bottle,Cello,orange,scratched paint | steel body,Gym,matched,U0226,L0109,F0115,"{""sticker"": ""an NGO logo sticker"", ""dent_location"": ""dent near the neck"", ""content"": ""half filled with water"", ""strap"": ""no strap""}"
I0132,I0132,False,train,laptop,Lenovo,grey,black sleeve | 15 inch screen | backlit keyboard,Girls Hostel,matched,U0113,L0110,F0116,"{""lid_sticker"": ""a Python sticker"", ""wallpaper"": ""a cricket player photo"", ""charger_included"": ""no charger"", ""scratch"": ""no visible scratch""}"
I0133,I0133,False,test,phone,Samsung,green,transparent case | dual camera,Auditorium,found_only,,,F0117,"{""wallpaper"": ""plain black"", ""back_sticker"": ""a small smiley sticker"", ""case_type"": ""blue hard case"", ""screen_damage"": ""scratched tempered glass""}"
I0134,I0134,False,train,laptop,HP,grey,15 inch screen | sticker on the lid,Girls Hostel,matched,U0189,L0111,F0118,"{""lid_sticker"": ""a cartoon sticker"", ""wallpaper"": ""an anime character"", ""charger_included"": ""only the cable"", ""scratch"": ""no visible scratch""}"
I0135,I0135,False,test,wallet,Wildcraft,navy blue,worn edges | zip coin pocket,ECE Block,lost_only,U0347,L0112,,"{""card_in_first_slot"": ""a bus pass"", ""cash_range"": ""100 to 500 rupees"", ""photo_inside"": ""a passport-size photo"", ""other_item"": ""a movie ticket""}"
I0136,I0136,False,test,phone,Realme,green,cracked screen corner | pop socket on the back,Girls Hostel,matched,U0125,L0113,F0119,"{""wallpaper"": ""a beach photo"", ""back_sticker"": ""a band logo sticker"", ""case_type"": ""transparent case"", ""screen_damage"": ""no cracks""}"
I0137,I0137,False,train,spectacles case,,red,hard shell | small logo,Parking Lot,found_only,,,F0120,"{""frame_color"": ""transparent frame"", ""case_inside"": ""a visiting card"", ""lens_condition"": ""an anti-glare coating"", ""case_print"": ""a name label""}"
I0138,I0137,True,train,spectacles case,,red,hard shell | soft pouch,Parking Lot,matched,U0182,L0114,F0121,"{""frame_color"": ""brown frame"", ""case_inside"": ""a screwdriver kit"", ""lens_condition"": ""an anti-glare coating"", ""case_print"": ""no logo""}"
I0139,I0139,False,train,phone,Realme,blue,pop socket on the back | dual camera | transparent case,Bus Stop,found_only,,,F0122,"{""wallpaper"": ""a cricket player photo"", ""back_sticker"": ""a small smiley sticker"", ""case_type"": ""green case with raised corners"", ""screen_damage"": ""small chip on the bottom edge""}"
I0140,I0140,False,train,calculator,Citizen,grey,scientific type | solar panel | slide cover,Admin Block,matched,U0643,L0115,F0123,"{""model"": ""fx-991ES Plus"", ""name_marking"": ""a sticker with a roll number"", ""cover"": ""a blue flip cover"", ""damage"": ""a missing key cap""}"
I0141,I0140,True,train,calculator,Citizen,grey,scientific type | faded keys,Admin Block,matched,U0733,L0116,F0124,"{""model"": ""fx-570ES"", ""name_marking"": ""no marking"", ""cover"": ""no cover"", ""damage"": ""a faded 7 key""}"
I0142,I0142,False,train,earbuds case,AirPods,blue,scuffed lid | lanyard hook | small LED light,Main Gate,matched,U0518,L0117,F0125,"{""cover"": ""a cartoon silicone cover"", ""engraved"": ""no marking"", ""buds_present"": ""only the left bud"", ""charm"": ""no charm""}"
I0143,I0143,False,train,laptop,Dell,blue,15 inch screen | backlit keyboard,Admin Block,matched,U0008,L0118,F0126,"{""lid_sticker"": ""a college club sticker"", ""wallpaper"": ""a cricket player photo"", ""charger_included"": ""no charger"", ""scratch"": ""worn keys near the touchpad""}"
I0144,I0144,False,train,keys,,black,bike key with a rubber cover | plastic tag | steel ring,Boys Hostel,found_only,,,F0127,"{""key_count"": ""two keys"", ""charm"": ""a small torch"", ""tag_text"": ""no tag"", ""ring_type"": ""a plastic ring""}"
I0145,I0145,False,val,notebook,,black,sticky notes inside | spiral bound,Main Gate,found_only,,,F0128,"{""cover_doodle"": ""a doodle of a cat"", ""subject"": ""Engineering Maths"", ""first_page"": ""a name and roll number"", ""loose_item"": ""a sticky note inside""}"
I0146,I0145,True,val,notebook,,black,sticky notes inside | 200 pages,Main Gate,lost_only,U0478,L0119,,"{""cover_doodle"": ""a coffee stain"", ""subject"": ""Engineering Maths"", ""first_page"": ""a cartoon"", ""loose_item"": ""a loose sheet inside""}"
I0147,I0147,False,train,backpack,Puma,maroon,one side pocket | two front zips | reflective strip,ECE Block,matched,U0515,L0120,F0129,"{""front_pocket_contents"": ""a calculator and a ruler"", ""keychain"": ""a metal bottle-opener keychain"", ""inner_lining_color"": ""orange"", ""tag_or_sticker"": ""a bus pass holder""}"
I0148,I0148,False,train,power bank,Realme,silver,USB-C port | LED indicator,ECE Block,found_only,,,F0130,"{""capacity"": ""20000 mAh"", ""cable"": ""a short white cable attached"", ""sticker"": ""a cartoon sticker"", ""damage"": ""a loose port""}"
I0149,I0149,False,val,laptop,Asus,grey,sticker on the lid | 15 inch screen,Parking Lot,found_only,,,F0131,"{""lid_sticker"": ""a cartoon sticker"", ""wallpaper"": ""plain black"", ""charger_included"": ""no charger"", ""scratch"": ""scratch on the left corner""}"
I0150,I0149,True,val,laptop,Asus,grey,sticker on the lid | backlit keyboard,Stationery Shop,lost_only,U0453,L0121,,"{""lid_sticker"": ""a cartoon sticker"", ""wallpaper"": ""a car photo"", ""charger_included"": ""only the cable"", ""scratch"": ""no visible scratch""}"
I0151,I0151,False,val,keys,,silver,steel ring | plastic tag | bike key with a rubber cover,Mechanical Block,found_only,,,F0132,"{""key_count"": ""one key"", ""charm"": ""a small torch"", ""tag_text"": ""a red key cover"", ""ring_type"": ""a steel ring""}"
I0152,I0151,True,val,keys,,silver,steel ring | small padlock key,Mechanical Block,matched,U0610,L0122,F0133,"{""key_count"": ""three keys"", ""charm"": ""a leather tag"", ""tag_text"": ""a room number"", ""ring_type"": ""a plastic ring""}"
I0153,I0153,False,train,earbuds case,Realme,white,silicone cover | scuffed lid,Gym,matched,U0782,L0123,F0134,"{""cover"": ""a glitter cover"", ""engraved"": ""initial R"", ""buds_present"": ""both buds present"", ""charm"": ""a beaded charm""}"
I0154,I0153,True,train,earbuds case,Realme,white,silicone cover | small LED light,Gym,matched,U0103,L0124,F0135,"{""cover"": ""a glitter cover"", ""engraved"": ""initial A"", ""buds_present"": ""both buds present"", ""charm"": ""no charm""}"
I0155,I0155,False,test,calculator,Casio,grey,scientific type | slide cover,Auditorium,matched,U0240,L0125,F0136,"{""model"": ""fx-82MS"", ""name_marking"": ""name written on the back"", ""cover"": ""a scratched cover"", ""damage"": ""a cracked corner""}"
I0156,I0156,False,val,calculator,Casio,grey,scientific type | faded keys,Girls Hostel,matched,U0509,L0126,F0137,"{""model"": ""fx-82MS"", ""name_marking"": ""no marking"", ""cover"": ""a scratched cover"", ""damage"": ""a missing key cap""}"
I0157,I0157,False,val,calculator,Citizen,blue,scientific type | solar panel,ECE Block,matched,U0667,L0127,F0138,"{""model"": ""fx-570ES"", ""name_marking"": ""initials on the cover"", ""cover"": ""a blue flip cover"", ""damage"": ""no damage""}"
I0158,I0158,False,val,charger,Mi,black,braided cable | two-pin plug,Auditorium,found_only,,,F0139,"{""type"": ""a USB cable with adapter"", ""cable_wrap"": ""a velcro wrap"", ""marking"": ""a name written in marker"", ""damage"": ""a bent pin""}"
I0159,I0159,False,train,power bank,Syska,black,rubber finish | slim body | USB-C port,Canteen,matched,U0696,L0128,F0140,"{""capacity"": ""5000 mAh"", ""cable"": ""a type-C cable"", ""sticker"": ""a price sticker"", ""damage"": ""a dent on one corner""}"
I0160,I0159,True,train,power bank,Syska,black,rubber finish | LED indicator,Canteen,matched,U0785,L0129,F0141,"{""capacity"": ""10000 mAh"", ""cable"": ""a short white cable attached"", ""sticker"": ""a price sticker"", ""damage"": ""a dent on one corner""}"
I0161,I0161,False,train,phone,OnePlus,green,dual camera | pop socket on the back,ECE Block,matched,U0463,L0130,F0142,"{""wallpaper"": ""a cat photo"", ""back_sticker"": ""a ring holder"", ""case_type"": ""black silicone case"", ""screen_damage"": ""scratched tempered glass""}"
I0162,I0162,False,train,spectacles case,Lenskart,brown,small logo | hard shell,Mechanical Block,found_only,,,F0143,"{""frame_color"": ""black frame"", ""case_inside"": ""a visiting card"", ""lens_condition"": ""a scratch on the right lens"", ""case_print"": ""a name label""}"
I0163,I0163,False,val,power bank,Mi,black,LED indicator | slim body,Parking Lot,matched,U0602,L0131,F0144,"{""capacity"": ""20000 mAh with display"", ""cable"": ""a lightning cable"", ""sticker"": ""a cartoon sticker"", ""damage"": ""a loose port""}"
I0164,I0164,False,val,keys,,black,small padlock key | plastic tag | steel ring,Boys Hostel,matched,U0601,L0132,F0145,"{""key_count"": ""two keys"", ""charm"": ""a bottle opener"", ""tag_text"": ""a red key cover"", ""ring_type"": ""a carabiner""}"
I0165,I0165,False,train,laptop,Asus,grey,15 inch screen | black sleeve,Library,matched,U0350,L0133,F0146,"{""lid_sticker"": ""a cartoon sticker"", ""wallpaper"": ""a cat photo"", ""charger_included"": ""no charger"", ""scratch"": ""scratch on the left corner""}"
I0166,I0166,False,train,laptop,Acer,black,black sleeve | 15 inch screen | sticker on the lid,Girls Hostel,matched,U0735,L0134,F0147,"{""lid_sticker"": ""a band sticker"", ""wallpaper"": ""a family photo"", ""charger_included"": ""no charger"", ""scratch"": ""dent on the lid""}"
I0167,I0166,True,train,laptop,Acer,black,black sleeve | backlit keyboard,Girls Hostel,lost_only,U0076,L0135,,"{""lid_sticker"": ""a GitHub sticker"", ""wallpaper"": ""a mountain sunset"", ""charger_included"": ""no charger"", ""scratch"": ""worn keys near the touchpad""}"
I0168,I0168,False,train,keys,,brown,small padlock key | plastic tag | steel ring,Girls Hostel,lost_only,U0195,L0136,,"{""key_count"": ""two keys"", ""charm"": ""a bell charm"", ""tag_text"": ""a room number"", ""ring_type"": ""a split ring with a loop""}"
I0169,I0168,True,train,keys,,brown,small padlock key | bike key with a rubber cover,Girls Hostel,matched,U0214,L0137,F0148,"{""key_count"": ""one key"", ""charm"": ""a small torch"", ""tag_text"": ""no tag"", ""ring_type"": ""a plastic ring""}"
I0170,I0170,False,val,laptop,HP,black,15 inch screen | sticker on the lid,Main Gate,matched,U0656,L0138,F0149,"{""lid_sticker"": ""a band sticker"", ""wallpaper"": ""a cricket player photo"", ""charger_included"": ""only the cable"", ""scratch"": ""no visible scratch""}"
I0171,I0171,False,train,wallet,Woodland,black,worn edges | metal logo,Parking Lot,lost_only,U0799,L0139,,"{""card_in_first_slot"": ""a college ID"", ""cash_range"": ""under 100 rupees"", ""photo_inside"": ""a polaroid"", ""other_item"": ""a small key""}"
I0172,I0172,False,train,earbuds case,AirPods,blue,silicone cover | lanyard hook | scuffed lid,Playground,matched,U0590,L0140,F0150,"{""cover"": ""a glitter cover"", ""engraved"": ""initial A"", ""buds_present"": ""both buds present"", ""charm"": ""a metal ring""}"
I0173,I0172,True,train,earbuds case,AirPods,blue,silicone cover | small LED light,Playground,matched,U0578,L0141,F0151,"{""cover"": ""a glitter cover"", ""engraved"": ""initial A"", ""buds_present"": ""only the left bud"", ""charm"": ""a beaded charm""}"
I0174,I0174,False,val,power bank,Syska,white,slim body | LED indicator,Gym,lost_only,U0191,L0142,,"{""capacity"": ""20000 mAh"", ""cable"": ""a short white cable attached"", ""sticker"": ""no sticker"", ""damage"": ""a scratched back""}"
I0175,I0174,True,val,power bank,Syska,white,slim body | USB-C port,Gym,matched,U0763,L0143,F0152,"{""capacity"": ""10000 mAh slim"", ""cable"": ""no cable"", ""sticker"": ""a cartoon sticker"", ""damage"": ""no damage""}"
I0176,I0176,False,val,umbrella,Lifelong,pink,automatic open button | folding type,Playground,matched,U0641,L0144,F0153,"{""handle"": ""a black plastic handle"", ""print"": ""plain inside"", ""damage"": ""a bent rib"", ""strap_color"": ""a red strap""}"
I0177,I0177,False,train,charger,Dell,white,fast charging type | braided cable | long cable,Boys Hostel,matched,U0286,L0145,F0154,"{""type"": ""a 33W fast charger"", ""cable_wrap"": ""no wrap"", ""marking"": ""initials"", ""damage"": ""a bent pin""}"
I0178,I0177,True,train,charger,Dell,white,fast charging type | two-pin plug,Boys Hostel,matched,U0155,L0146,F0155,"{""type"": ""a 20W phone charger"", ""cable_wrap"": ""a velcro wrap"", ""marking"": ""initials"", ""damage"": ""a cracked adapter body""}"
I0179,I0179,False,train,charger,Apple,black,long cable | two-pin plug,Stationery Shop,matched,U0080,L0147,F0156,"{""type"": ""a 33W fast charger"", ""cable_wrap"": ""a rubber band around the cable"", ""marking"": ""initials"", ""damage"": ""no damage""}"
I0180,I0179,True,train,charger,Apple,black,long cable | fast charging type,Library,matched,U0107,L0148,F0157,"{""type"": ""a USB cable with adapter"", ""cable_wrap"": ""no wrap"", ""marking"": ""no marking"", ""damage"": ""a frayed cable near the pin""}"
I0181,I0181,False,train,smartwatch,Apple Watch,blue,round dial | scratch on the glass,Parking Lot,matched,U0070,L0149,F0158,"{""strap_color"": ""a pink strap"", ""watch_face"": ""a plain black face"", ""damage"": ""a scratch on the glass"", ""extras"": ""no dock""}"
I0182,I0182,False,train,wallet,Woodland,brown,worn edges | leather finish | zip coin pocket,Parking Lot,matched,U0124,L0150,F0159,"{""card_in_first_slot"": ""a metro card"", ""cash_range"": ""100 to 500 rupees"", ""photo_inside"": ""a family photo"", ""other_item"": ""a movie ticket""}"
I0183,I0183,False,train,laptop,MacBook,blue,15 inch screen | backlit keyboard | black sleeve,Mechanical Block,matched,U0327,L0151,F0160,"{""lid_sticker"": ""a cartoon sticker"", ""wallpaper"": ""a family photo"", ""charger_included"": ""only the cable"", ""scratch"": ""dent on the lid""}"
I0184,I0184,False,train,smartwatch,Noise,pink,square dial | silicone strap,Main Gate,matched,U0198,L0152,F0161,"{""strap_color"": ""a blue strap"", ""watch_face"": ""a cricket watch face"", ""damage"": ""a scratch on the glass"", ""extras"": ""no dock""}"
I0185,I0185,False,train,umbrella,Fastrack,red,automatic open button | folding type,CS Block,lost_only,U0043,L0153,,"{""handle"": ""a curved wooden handle"", ""print"": ""a checked pattern"", ""damage"": ""no damage"", ""strap_color"": ""a black Velcro strap""}"
I0186,I0186,False,train,earbuds case,boAt,black,lanyard hook | small LED light,Main Gate,matched,U0283,L0154,F0162,"{""cover"": ""a glitter cover"", ""engraved"": ""a name label"", ""buds_present"": ""no buds"", ""charm"": ""no charm""}"
I0187,I0187,False,train,spectacles case,,brown,soft pouch | small logo,Canteen,matched,U0782,L0155,F0163,"{""frame_color"": ""brown frame"", ""case_inside"": ""a screwdriver kit"", ""lens_condition"": ""no scratches"", ""case_print"": ""a name label""}"
I0188,I0188,False,train,power bank,Ambrane,black,USB-C port | rubber finish,Admin Block,matched,U0638,L0156,F0164,"{""capacity"": ""20000 mAh"", ""cable"": ""a short white cable attached"", ""sticker"": ""no sticker"", ""damage"": ""a scratched back""}"
I0189,I0189,False,val,charger,Mi,black,long cable | braided cable | fast charging type,Main Gate,matched,U0283,L0157,F0165,"{""type"": ""a 33W fast charger"", ""cable_wrap"": ""a velcro wrap"", ""marking"": ""a name written in marker"", ""damage"": ""no damage""}"
I0190,I0189,True,val,charger,Mi,black,long cable | two-pin plug,Bus Stop,matched,U0421,L0158,F0166,"{""type"": ""a 33W fast charger"", ""cable_wrap"": ""a rubber band around the cable"", ""marking"": ""initials"", ""damage"": ""no damage""}"
I0191,I0191,False,test,phone,OnePlus,red,transparent case | dual camera,Playground,matched,U0730,L0159,F0167,"{""wallpaper"": ""a cricket player photo"", ""back_sticker"": ""a small smiley sticker"", ""case_type"": ""green case with raised corners"", ""screen_damage"": ""crack at top-left corner""}"
I0192,I0192,False,train,smartwatch,boAt,pink,square dial | silicone strap,CS Block,matched,U0375,L0160,F0168,"{""strap_color"": ""a pink strap"", ""watch_face"": ""a plain black face"", ""damage"": ""a scuffed corner"", ""extras"": ""a spare strap in a pouch""}"
I0193,I0193,False,test,umbrella,Lifelong,pink,printed edges | bent rib | automatic open button,Admin Block,matched,U0258,L0161,F0169,"{""handle"": ""a straight handle"", ""print"": ""a checked pattern"", ""damage"": ""a torn edge"", ""strap_color"": ""a black Velcro strap""}"
I0194,I0194,False,test,keys,,brown,plastic tag | bike key with a rubber cover,Admin Block,matched,U0560,L0162,F0170,"{""key_count"": ""two keys"", ""charm"": ""a leather tag"", ""tag_text"": ""a room number"", ""ring_type"": ""a split ring with a loop""}"
I0195,I0195,False,train,charger,Realme,black,long cable | fast charging type | braided cable,Admin Block,lost_only,U0399,L0163,,"{""type"": ""a 65W laptop charger"", ""cable_wrap"": ""tape on the cable"", ""marking"": ""coloured tape on the cable"", ""damage"": ""a frayed cable near the pin""}"
I0196,I0196,False,train,earbuds case,Noise,blue,small LED light | lanyard hook,Playground,found_only,,,F0171,"{""cover"": ""a cartoon silicone cover"", ""engraved"": ""initial S"", ""buds_present"": ""only the right bud"", ""charm"": ""a metal ring""}"
I0197,I0197,False,train,water bottle,Decathlon,orange,flip cap | 1 litre size,Bus Stop,matched,U0517,L0164,F0172,"{""sticker"": ""an NGO logo sticker"", ""dent_location"": ""scratch on the side"", ""content"": ""a tea bag inside"", ""strap"": ""a rope handle""}"
I0198,I0198,False,val,smartwatch,Noise,white,round dial | scratch on the glass,Bus Stop,lost_only,U0034,L0165,,"{""strap_color"": ""a blue strap"", ""watch_face"": ""an analog face"", ""damage"": ""no damage"", ""extras"": ""the charging dock in a pouch""}"
I0199,I0199,False,train,notebook,Camlin,black,spiral bound | sticky notes inside,Bus Stop,found_only,,,F0173,"{""cover_doodle"": ""subject name only"", ""subject"": ""DBMS"", ""first_page"": ""an empty first page"", ""loose_item"": ""a sticky note inside""}"
I0200,I0200,False,train,backpack,Wildcraft,green,slightly torn near the strap | white logo | laptop compartment,Parking Lot,lost_only,U0658,L0166,,"{""front_pocket_contents"": ""a lunch box"", ""keychain"": ""a brass ring with a bell"", ""inner_lining_color"": ""red"", ""tag_or_sticker"": ""a college fest tag""}"
I0201,I0201,False,test,charger,Realme,black,two-pin plug | braided cable,Girls Hostel,matched,U0371,L0167,F0174,"{""type"": ""a USB cable with adapter"", ""cable_wrap"": ""a rubber band around the cable"", ""marking"": ""a name written in marker"", ""damage"": ""a cracked adapter body""}"
I0202,I0201,True,test,charger,Realme,black,two-pin plug | long cable,Girls Hostel,matched,U0084,L0168,F0175,"{""type"": ""a 65W laptop charger"", ""cable_wrap"": ""a velcro wrap"", ""marking"": ""initials"", ""damage"": ""no damage""}"
I0203,I0203,False,train,calculator,Citizen,grey,faded keys | solar panel,Canteen,matched,U0139,L0169,F0176,"{""model"": ""fx-991ES Plus"", ""name_marking"": ""initials on the cover"", ""cover"": ""a black slide cover"", ""damage"": ""a missing key cap""}"
I0204,I0204,False,train,keys,,red,small padlock key | steel ring,Parking Lot,matched,U0340,L0170,F0177,"{""key_count"": ""one key"", ""charm"": ""a cartoon figure"", ""tag_text"": ""no tag"", ""ring_type"": ""a split ring with a loop""}"
I0205,I0205,False,train,smartwatch,Amazfit,pink,square dial | round dial,Library,matched,U0510,L0171,F0178,"{""strap_color"": ""a blue strap"", ""watch_face"": ""a family photo face"", ""damage"": ""a scuffed corner"", ""extras"": ""a spare strap in a pouch""}"
I0206,I0206,False,train,keys,,brown,steel ring | plastic tag | small padlock key,ECE Block,matched,U0452,L0172,F0179,"{""key_count"": ""two keys"", ""charm"": ""a plastic football"", ""tag_text"": ""a hostel name"", ""ring_type"": ""a carabiner""}"
I0207,I0207,False,train,smartwatch,Amazfit,pink,square dial | silicone strap,Admin Block,matched,U0620,L0173,F0180,"{""strap_color"": ""a metal strap"", ""watch_face"": ""an analog face"", ""damage"": ""a scuffed corner"", ""extras"": ""the charging dock in a pouch""}"
I0208,I0208,False,train,calculator,Citizen,blue,faded keys | solar panel,Admin Block,matched,U0683,L0174,F0181,"{""model"": ""fx-570ES"", ""name_marking"": ""no marking"", ""cover"": ""no cover"", ""damage"": ""a faded 7 key""}"
I0209,I0209,False,train,phone,Samsung,silver,dual camera | cracked screen corner | transparent case,Canteen,lost_only,U0766,L0175,,"{""wallpaper"": ""a cat photo"", ""back_sticker"": ""no sticker"", ""case_type"": ""black silicone case"", ""screen_damage"": ""small chip on the bottom edge""}"
I0210,I0209,True,train,phone,Samsung,silver,dual camera | pop socket on the back,Canteen,matched,U0249,L0176,F0182,"{""wallpaper"": ""an anime character"", ""back_sticker"": ""a band logo sticker"", ""case_type"": ""green case with raised corners"", ""screen_damage"": ""small chip on the bottom edge""}"
I0211,I0211,False,train,notebook,,black,200 pages | hard cover | spiral bound,Gym,lost_only,U0399,L0177,,"{""cover_doodle"": ""a doodle of a cat"", ""subject"": ""Operating Systems"", ""first_page"": ""an empty first page"", ""loose_item"": ""a pen clipped inside""}"
I0212,I0212,False,test,keys,,silver,plastic tag | small padlock key | bike key with a rubber cover,Bus Stop,matched,U0579,L0178,F0183,"{""key_count"": ""two keys"", ""charm"": ""a bottle opener"", ""tag_text"": ""a room number"", ""ring_type"": ""a split ring with a loop""}"
I0213,I0213,False,train,calculator,Casio,blue,faded keys | scientific type | solar panel,Bus Stop,matched,U0190,L0179,F0184,"{""model"": ""fx-82MS"", ""name_marking"": ""a sticker with a roll number"", ""cover"": ""a black slide cover"", ""damage"": ""a faded 7 key""}"
I0214,I0214,False,train,umbrella,Fastrack,navy blue,folding type | printed edges,Playground,matched,U0254,L0180,F0185,"{""handle"": ""a curved wooden handle"", ""print"": ""plain inside"", ""damage"": ""a bent rib"", ""strap_color"": ""no strap""}"
I0215,I0215,False,val,wallet,Hidesign,maroon,leather finish | metal logo | zip coin pocket,Library,matched,U0605,L0181,F0186,"{""card_in_first_slot"": ""a college ID"", ""cash_range"": ""100 to 500 rupees"", ""photo_inside"": ""a passport-size photo"", ""other_item"": ""a library slip""}"
I0216,I0216,False,train,phone,Samsung,white,dual camera | cracked screen corner | transparent case,Playground,matched,U0580,L0182,F0187,"{""wallpaper"": ""an anime character"", ""back_sticker"": ""no sticker"", ""case_type"": ""transparent case"", ""screen_damage"": ""a dead pixel line""}"
I0217,I0217,False,train,calculator,Casio,grey,scientific type | solar panel,Gym,lost_only,U0645,L0183,,"{""model"": ""fx-991ES Plus"", ""name_marking"": ""a sticker with a roll number"", ""cover"": ""a black slide cover"", ""damage"": ""no damage""}"
I0218,I0218,False,train,charger,Realme,white,long cable | two-pin plug,Boys Hostel,matched,U0292,L0184,F0188,"{""type"": ""a USB cable with adapter"", ""cable_wrap"": ""a velcro wrap"", ""marking"": ""a name written in marker"", ""damage"": ""a bent pin""}"
I0219,I0219,False,train,backpack,American Tourister,navy blue,laptop compartment | two front zips,Stationery Shop,matched,U0728,L0185,F0189,"{""front_pocket_contents"": ""a lunch box"", ""keychain"": ""no keychain"", ""inner_lining_color"": ""blue"", ""tag_or_sticker"": ""a yellow ribbon on the zip""}"
I0220,I0220,False,train,wallet,Wildcraft,grey,worn edges | metal logo | zip coin pocket,Gym,matched,U0358,L0186,F0190,"{""card_in_first_slot"": ""a gym membership card"", ""cash_range"": ""no cash"", ""photo_inside"": ""a small deity picture"", ""other_item"": ""a folded receipt""}"
I0221,I0221,False,train,spectacles case,Titan,red,small logo | hard shell,Canteen,matched,U0261,L0187,F0191,"{""frame_color"": ""brown frame"", ""case_inside"": ""a spare nose pad"", ""lens_condition"": ""a slightly loose screw"", ""case_print"": ""a floral print""}"
I0222,I0222,False,test,charger,Samsung,white,fast charging type | two-pin plug,Stationery Shop,matched,U0280,L0188,F0192,"{""type"": ""a USB cable with adapter"", ""cable_wrap"": ""a velcro wrap"", ""marking"": ""a name written in marker"", ""damage"": ""a cracked adapter body""}"
I0223,I0223,False,val,spectacles case,Titan,brown,hard shell | small logo,Library,matched,U0458,L0189,F0193,"{""frame_color"": ""silver frame"", ""case_inside"": ""a cleaning cloth"", ""lens_condition"": ""a slightly loose screw"", ""case_print"": ""a logo of an optical shop""}"
I0224,I0224,False,train,power bank,Ambrane,silver,rubber finish | slim body | USB-C port,CS Block,found_only,,,F0194,"{""capacity"": ""10000 mAh slim"", ""cable"": ""no cable"", ""sticker"": ""a name sticker"", ""damage"": ""no damage""}"
I0225,I0225,False,train,power bank,Anker,black,rubber finish | LED indicator | slim body,Stationery Shop,matched,U0087,L0190,F0195,"{""capacity"": ""10000 mAh slim"", ""cable"": ""a lightning cable"", ""sticker"": ""a cartoon sticker"", ""damage"": ""a dent on one corner""}"
I0226,I0226,False,train,earbuds case,boAt,white,scuffed lid | silicone cover,Stationery Shop,matched,U0384,L0191,F0196,"{""cover"": ""a plain case"", ""engraved"": ""a heart drawn with marker"", ""buds_present"": ""only the right bud"", ""charm"": ""a tiny bear charm""}"
I0227,I0227,False,train,backpack,Safari,red,laptop compartment | reflective strip,Girls Hostel,matched,U0589,L0192,F0197,"{""front_pocket_contents"": ""a blue pen and a charger"", ""keychain"": ""no keychain"", ""inner_lining_color"": ""orange"", ""tag_or_sticker"": ""a bus pass holder""}"
I0228,I0228,False,train,phone,Samsung,black,cracked screen corner | pop socket on the back,ECE Block,matched,U0080,L0193,F0198,"{""wallpaper"": ""plain black"", ""back_sticker"": ""no sticker"", ""case_type"": ""no case"", ""screen_damage"": ""no cracks""}"
I0229,I0229,False,train,earbuds case,Realme,pink,lanyard hook | scuffed lid | small LED light,Main Gate,matched,U0343,L0194,F0199,"{""cover"": ""a cartoon silicone cover"", ""engraved"": ""a heart drawn with marker"", ""buds_present"": ""only the left bud"", ""charm"": ""a metal ring""}"
I0230,I0229,True,train,earbuds case,Realme,pink,lanyard hook | silicone cover,Main Gate,matched,U0404,L0195,F0200,"{""cover"": ""a silicone cover with a hook"", ""engraved"": ""no marking"", ""buds_present"": ""only the left bud"", ""charm"": ""no charm""}"
I0231,I0231,False,val,laptop,Acer,silver,sticker on the lid | 15 inch screen | backlit keyboard,Girls Hostel,matched,U0126,L0196,F0201,"{""lid_sticker"": ""no sticker"", ""wallpaper"": ""a mountain sunset"", ""charger_included"": ""no charger"", ""scratch"": ""dent on the lid""}"
I0232,I0232,False,train,earbuds case,Realme,white,small LED light | scuffed lid | silicone cover,Boys Hostel,matched,U0299,L0197,F0202,"{""cover"": ""a silicone cover with a hook"", ""engraved"": ""no marking"", ""buds_present"": ""only the right bud"", ""charm"": ""a tiny bear charm""}"
I0233,I0232,True,train,earbuds case,Realme,white,small LED light | lanyard hook,Boys Hostel,matched,U0496,L0198,F0203,"{""cover"": ""a glitter cover"", ""engraved"": ""initial R"", ""buds_present"": ""only the right bud"", ""charm"": ""no charm""}"
I0234,I0234,False,train,spectacles case,,red,small logo | soft pouch | hard shell,Girls Hostel,lost_only,U0363,L0199,,"{""frame_color"": ""brown frame"", ""case_inside"": ""no cloth"", ""lens_condition"": ""an anti-glare coating"", ""case_print"": ""a floral print""}"
I0235,I0234,True,train,spectacles case,,red,small logo | zip closure,Girls Hostel,matched,U0627,L0200,F0204,"{""frame_color"": ""gold frame"", ""case_inside"": ""no cloth"", ""lens_condition"": ""a scratch on the right lens"", ""case_print"": ""a floral print""}"
I0236,I0236,False,train,laptop,Lenovo,blue,15 inch screen | black sleeve | sticker on the lid,Mechanical Block,matched,U0259,L0201,F0205,"{""lid_sticker"": ""a band sticker"", ""wallpaper"": ""a beach photo"", ""charger_included"": ""yes, with an extension cord"", ""scratch"": ""dent on the lid""}"
I0237,I0237,False,train,spectacles case,,brown,soft pouch | small logo,Library,matched,U0213,L0202,F0206,"{""frame_color"": ""brown frame"", ""case_inside"": ""a visiting card"", ""lens_condition"": ""a scratch on the right lens"", ""case_print"": ""no logo""}"
I0238,I0238,False,val,keys,,black,small padlock key | plastic tag,Girls Hostel,matched,U0759,L0203,F0207,"{""key_count"": ""one key"", ""charm"": ""a small torch"", ""tag_text"": ""a hostel name"", ""ring_type"": ""a split ring with a loop""}"
I0239,I0239,False,train,notebook,Navneet,orange,hard cover | sticky notes inside,Girls Hostel,matched,U0104,L0204,F0208,"{""cover_doodle"": ""a coffee stain"", ""subject"": ""Machine Learning"", ""first_page"": ""an empty first page"", ""loose_item"": ""nothing inside""}"
I0240,I0240,False,train,keys,,red,bike key with a rubber cover | steel ring,Main Gate,matched,U0117,L0205,F0209,"{""key_count"": ""three keys"", ""charm"": ""a cartoon figure"", ""tag_text"": ""a room number"", ""ring_type"": ""a carabiner""}"
I0241,I0241,False,test,backpack,Safari,maroon,two front zips | slightly torn near the strap,Library,lost_only,U0452,L0206,,"{""front_pocket_contents"": ""an umbrella"", ""keychain"": ""a football keychain"", ""inner_lining_color"": ""red"", ""tag_or_sticker"": ""a bus pass holder""}"
I0242,I0242,False,val,power bank,Ambrane,white,rubber finish | slim body | LED indicator,Girls Hostel,matched,U0335,L0207,F0210,"{""capacity"": ""10000 mAh slim"", ""cable"": ""no cable"", ""sticker"": ""a cartoon sticker"", ""damage"": ""no damage""}"
I0243,I0243,False,train,smartwatch,Fire-Boltt,green,round dial | square dial,Girls Hostel,matched,U0301,L0208,F0211,"{""strap_color"": ""a black strap"", ""watch_face"": ""a plain black face"", ""damage"": ""a loose strap"", ""extras"": ""a spare strap in a pouch""}"
I0244,I0244,False,train,notebook,Classmate,red,200 pages | hard cover | spiral bound,Mechanical Block,found_only,,,F0212,"{""cover_doodle"": ""a name label"", ""subject"": ""Physics"", ""first_page"": ""a name and roll number"", ""loose_item"": ""a sticky note inside""}"
I0245,I0245,False,train,umbrella,Lifelong,red,folding type | printed edges | bent rib,Bus Stop,matched,U0430,L0209,F0213,"{""handle"": ""a black plastic handle"", ""print"": ""plain inside"", ""damage"": ""a bent rib"", ""strap_color"": ""a red strap""}"
I0246,I0246,False,test,smartwatch,Fire-Boltt,green,scratch on the glass | round dial | square dial,Girls Hostel,matched,U0019,L0210,F0214,"{""strap_color"": ""a blue strap"", ""watch_face"": ""an analog face"", ""damage"": ""no damage"", ""extras"": ""a spare strap in a pouch""}"
I0247,I0247,False,train,power bank,Ambrane,black,slim body | rubber finish,Parking Lot,matched,U0027,L0211,F0215,"{""capacity"": ""10000 mAh slim"", ""cable"": ""no cable"", ""sticker"": ""no sticker"", ""damage"": ""a scratched back""}"
I0248,I0247,True,train,power bank,Ambrane,black,slim body | USB-C port,Parking Lot,matched,U0671,L0212,F0216,"{""capacity"": ""20000 mAh"", ""cable"": ""a short white cable attached"", ""sticker"": ""a price sticker"", ""damage"": ""no damage""}"
I0249,I0249,False,train,wallet,Wildcraft,black,metal logo | zip coin pocket,Auditorium,matched,U0408,L0213,F0217,"{""card_in_first_slot"": ""a library card"", ""cash_range"": ""no cash"", ""photo_inside"": ""a small deity picture"", ""other_item"": ""a movie ticket""}"
I0250,I0250,False,train,earbuds case,AirPods,black,scuffed lid | silicone cover | lanyard hook,ECE Block,found_only,,,F0218,"{""cover"": ""a glitter cover"", ""engraved"": ""a heart drawn with marker"", ""buds_present"": ""both buds present"", ""charm"": ""a beaded charm""}"
I0251,I0251,False,train,water bottle,Cello,pink,flip cap | scratched paint,Stationery Shop,matched,U0768,L0214,F0219,"{""sticker"": ""a cartoon sticker"", ""dent_location"": ""dent near the neck"", ""content"": ""empty"", ""strap"": ""a loop on the cap""}"
I0252,I0252,False,train,smartwatch,Apple Watch,white,silicone strap | round dial | square dial,Main Gate,matched,U0793,L0215,F0220,"{""strap_color"": ""an olive strap"", ""watch_face"": ""a digital face with steps"", ""damage"": ""a loose strap"", ""extras"": ""a spare strap in a pouch""}"
I0253,I0253,False,val,spectacles case,Titan,brown,soft pouch | hard shell,CS Block,matched,U0185,L0216,F0221,"{""frame_color"": ""silver frame"", ""case_inside"": ""a visiting card"", ""lens_condition"": ""a slightly loose screw"", ""case_print"": ""a logo of an optical shop""}"
I0254,I0253,True,val,spectacles case,Titan,brown,soft pouch | small logo,Canteen,matched,U0677,L0217,F0222,"{""frame_color"": ""brown frame"", ""case_inside"": ""a screwdriver kit"", ""lens_condition"": ""no scratches"", ""case_print"": ""no logo""}"
I0255,I0255,False,train,umbrella,,red,automatic open button | folding type,Admin Block,lost_only,U0263,L0218,,"{""handle"": ""a curved wooden handle"", ""print"": ""a checked pattern"", ""damage"": ""a missing button"", ""strap_color"": ""a blue strap""}"
I0256,I0256,False,val,umbrella,Fastrack,black,folding type | bent rib,Playground,matched,U0119,L0219,F0223,"{""handle"": ""a handle with a rubber grip"", ""print"": ""a company logo"", ""damage"": ""a bent rib"", ""strap_color"": ""a red strap""}"
I0257,I0256,True,val,umbrella,Fastrack,black,folding type | printed edges,Playground,matched,U0392,L0220,F0224,"{""handle"": ""a straight handle"", ""print"": ""floral print inside"", ""damage"": ""a bent rib"", ""strap_color"": ""a red strap""}"
I0258,I0258,False,train,calculator,Casio,blue,faded keys | scientific type,Girls Hostel,matched,U0182,L0221,F0225,"{""model"": ""fx-82MS"", ""name_marking"": ""a sticker with a roll number"", ""cover"": ""a blue flip cover"", ""damage"": ""a missing key cap""}"
I0259,I0259,False,train,power bank,Anker,white,slim body | USB-C port,Mechanical Block,matched,U0361,L0222,F0226,"{""capacity"": ""10000 mAh"", ""cable"": ""a short white cable attached"", ""sticker"": ""no sticker"", ""damage"": ""a scratched back""}"
I0260,I0260,False,test,notebook,,blue,200 pages | spiral bound | hard cover,Mechanical Block,matched,U0295,L0223,F0227,"{""cover_doodle"": ""a sticker of a planet"", ""subject"": ""Machine Learning"", ""first_page"": ""a name and roll number"", ""loose_item"": ""a sticky note inside""}"
I0261,I0261,False,train,phone,iPhone,green,transparent case | cracked screen corner | pop socket on the back,Gym,matched,U0164,L0224,F0228,"{""wallpaper"": ""a family photo"", ""back_sticker"": ""a metro card in the cover"", ""case_type"": ""flip cover"", ""screen_damage"": ""crack at top-left corner""}"
I0262,I0262,False,train,keys,,brown,steel ring | small padlock key,Canteen,matched,U0044,L0225,F0229,"{""key_count"": ""one key"", ""charm"": ""a leather tag"", ""tag_text"": ""no tag"", ""ring_type"": ""a steel ring""}"
I0263,I0263,False,test,wallet,Woodland,black,leather finish | metal logo | zip coin pocket,Stationery Shop,matched,U0669,L0226,F0230,"{""card_in_first_slot"": ""a bus pass"", ""cash_range"": ""100 to 500 rupees"", ""photo_inside"": ""a family photo"", ""other_item"": ""a visiting card""}"
I0264,I0264,False,train,laptop,Dell,blue,black sleeve | sticker on the lid | backlit keyboard,Admin Block,matched,U0060,L0227,F0231,"{""lid_sticker"": ""a GitHub sticker"", ""wallpaper"": ""an anime character"", ""charger_included"": ""no charger"", ""scratch"": ""worn keys near the touchpad""}"
I0265,I0264,True,train,laptop,Dell,blue,black sleeve | 15 inch screen,Admin Block,matched,U0689,L0228,F0232,"{""lid_sticker"": ""a cartoon sticker"", ""wallpaper"": ""a family photo"", ""charger_included"": ""no charger"", ""scratch"": ""no visible scratch""}"
I0266,I0266,False,test,water bottle,Milton,silver,steel body | 1 litre size | flip cap,Main Gate,lost_only,U0009,L0229,,"{""sticker"": ""a football sticker"", ""dent_location"": ""dent near the bottom"", ""content"": ""empty"", ""strap"": ""a loop on the cap""}"
I0267,I0266,True,test,water bottle,Milton,silver,steel body | scratched paint,Main Gate,matched,U0283,L0230,F0233,"{""sticker"": ""a cartoon sticker"", ""dent_location"": ""dent near the bottom"", ""content"": ""a lemon slice inside"", ""strap"": ""no strap""}"
I0268,I0268,False,train,laptop,Asus,grey,backlit keyboard | 15 inch screen | sticker on the lid,Bus Stop,matched,U0278,L0231,F0234,"{""lid_sticker"": ""a band sticker"", ""wallpaper"": ""an anime character"", ""charger_included"": ""yes, with an extension cord"", ""scratch"": ""dent on the lid""}"
I0269,I0269,False,val,smartwatch,Noise,green,scratch on the glass | square dial,Parking Lot,matched,U0293,L0232,F0235,"{""strap_color"": ""an olive strap"", ""watch_face"": ""a plain black face"", ""damage"": ""a scratch on the glass"", ""extras"": ""the charging dock in a pouch""}"
I0270,I0269,True,val,smartwatch,Noise,green,scratch on the glass | round dial,Parking Lot,matched,U0410,L0233,F0236,"{""strap_color"": ""a metal strap"", ""watch_face"": ""a digital face with steps"", ""damage"": ""a scuffed corner"", ""extras"": ""the charging dock in a pouch""}"
I0271,I0271,False,train,laptop,Dell,silver,15 inch screen | backlit keyboard,Auditorium,found_only,,,F0237,"{""lid_sticker"": ""no sticker"", ""wallpaper"": ""a beach photo"", ""charger_included"": ""yes, with an extension cord"", ""scratch"": ""no visible scratch""}"
I0272,I0272,False,train,phone,OnePlus,blue,cracked screen corner | dual camera | pop socket on the back,Bus Stop,matched,U0317,L0234,F0238,"{""wallpaper"": ""a cricket player photo"", ""back_sticker"": ""a band logo sticker"", ""case_type"": ""black silicone case"", ""screen_damage"": ""a dead pixel line""}"
I0273,I0272,True,train,phone,OnePlus,blue,cracked screen corner | transparent case,Bus Stop,matched,U0607,L0235,F0239,"{""wallpaper"": ""a car photo"", ""back_sticker"": ""a heart sticker"", ""case_type"": ""transparent case"", ""screen_damage"": ""no cracks""}"
I0274,I0274,False,train,wallet,Woodland,grey,metal logo | zip coin pocket | worn edges,Canteen,matched,U0328,L0236,F0240,"{""card_in_first_slot"": ""a debit card"", ""cash_range"": ""under 100 rupees"", ""photo_inside"": ""no photo"", ""other_item"": ""a movie ticket""}"
I0275,I0274,True,train,wallet,Woodland,grey,metal logo | leather finish,Canteen,matched,U0637,L0237,F0241,"{""card_in_first_slot"": ""a library card"", ""cash_range"": ""under 100 rupees"", ""photo_inside"": ""a passport-size photo"", ""other_item"": ""a small key""}"
I0276,I0276,False,train,wallet,Wildcraft,maroon,metal logo | worn edges | zip coin pocket,ECE Block,found_only,,,F0242,"{""card_in_first_slot"": ""a library card"", ""cash_range"": ""over 2000 rupees"", ""photo_inside"": ""a small deity picture"", ""other_item"": ""a visiting card""}"
I0277,I0277,False,train,keys,,black,plastic tag | small padlock key,Library,matched,U0221,L0238,F0243,"{""key_count"": ""three keys"", ""charm"": ""a bell charm"", ""tag_text"": ""no tag"", ""ring_type"": ""a split ring with a loop""}"
I0278,I0278,False,train,smartwatch,Apple Watch,pink,square dial | scratch on the glass,Library,matched,U0007,L0239,F0244,"{""strap_color"": ""a pink strap"", ""watch_face"": ""a family photo face"", ""damage"": ""a loose strap"", ""extras"": ""a spare strap in a pouch""}"
I0279,I0279,False,train,laptop,MacBook,grey,black sleeve | sticker on the lid,Bus Stop,matched,U0430,L0240,F0245,"{""lid_sticker"": ""a Python sticker"", ""wallpaper"": ""a family photo"", ""charger_included"": ""yes, with a black adapter"", ""scratch"": ""scratch on the left corner""}"
I0280,I0279,True,train,laptop,MacBook,grey,black sleeve | backlit keyboard,Main Gate,matched,U0064,L0241,F0246,"{""lid_sticker"": ""no sticker"", ""wallpaper"": ""plain black"", ""charger_included"": ""yes, with a black adapter"", ""scratch"": ""no visible scratch""}"
I0281,I0281,False,train,laptop,Dell,black,15 inch screen | backlit keyboard | black sleeve,Stationery Shop,matched,U0713,L0242,F0247,"{""lid_sticker"": ""no sticker"", ""wallpaper"": ""a family photo"", ""charger_included"": ""no charger"", ""scratch"": ""dent on the lid""}"
I0282,I0282,False,test,wallet,Hidesign,navy blue,worn edges | leather finish | metal logo,CS Block,matched,U0109,L0243,F0248,"{""card_in_first_slot"": ""a college ID"", ""cash_range"": ""100 to 500 rupees"", ""photo_inside"": ""a passport-size photo"", ""other_item"": ""a small key""}"
I0283,I0283,False,train,earbuds case,AirPods,pink,small LED light | scuffed lid | lanyard hook,Main Gate,matched,U0489,L0244,F0249,"{""cover"": ""a plain case"", ""engraved"": ""a heart drawn with marker"", ""buds_present"": ""no buds"", ""charm"": ""no charm""}"
I0284,I0284,False,test,phone,iPhone,white,cracked screen corner | dual camera | transparent case,Canteen,matched,U0039,L0245,F0250,"{""wallpaper"": ""an anime character"", ""back_sticker"": ""a heart sticker"", ""case_type"": ""blue hard case"", ""screen_damage"": ""small chip on the bottom edge""}"
I0285,I0285,False,train,power bank,Realme,white,slim body | rubber finish,Auditorium,matched,U0517,L0246,F0251,"{""capacity"": ""20000 mAh"", ""cable"": ""a lightning cable"", ""sticker"": ""a name sticker"", ""damage"": ""a dent on one corner""}"
I0286,I0285,True,train,power bank,Realme,white,slim body | USB-C port,Auditorium,matched,U0390,L0247,F0252,"{""capacity"": ""20000 mAh with display"", ""cable"": ""no cable"", ""sticker"": ""a price sticker"", ""damage"": ""no damage""}"
I0287,I0287,False,val,earbuds case,Realme,black,lanyard hook | silicone cover,Girls Hostel,matched,U0339,L0248,F0253,"{""cover"": ""a plain case"", ""engraved"": ""initial R"", ""buds_present"": ""no buds"", ""charm"": ""a tiny bear charm""}"
I0288,I0288,False,test,notebook,Classmate,orange,200 pages | sticky notes inside,Gym,lost_only,U0016,L0249,,"{""cover_doodle"": ""a sticker of a planet"", ""subject"": ""Machine Learning"", ""first_page"": ""a cartoon"", ""loose_item"": ""a sticky note inside""}"
I0289,I0288,True,test,notebook,Classmate,orange,200 pages | spiral bound,Gym,matched,U0220,L0250,F0254,"{""cover_doodle"": ""no marking"", ""subject"": ""Operating Systems"", ""first_page"": ""an empty first page"", ""loose_item"": ""a loose sheet inside""}"
I0290,I0290,False,test,notebook,,red,hard cover | sticky notes inside | 200 pages,CS Block,matched,U0048,L0251,F0255,"{""cover_doodle"": ""a name label"", ""subject"": ""Physics"", ""first_page"": ""a name and roll number"", ""loose_item"": ""nothing inside""}"
I0291,I0291,False,test,power bank,Mi,blue,LED indicator | slim body,Main Gate,matched,U0268,L0252,F0256,"{""capacity"": ""5000 mAh"", ""cable"": ""a short white cable attached"", ""sticker"": ""no sticker"", ""damage"": ""a dent on one corner""}"
I0292,I0291,True,test,power bank,Mi,blue,LED indicator | USB-C port,Admin Block,matched,U0702,L0253,F0257,"{""capacity"": ""20000 mAh with display"", ""cable"": ""a short white cable attached"", ""sticker"": ""no sticker"", ""damage"": ""a scratched back""}"
I0293,I0293,False,train,phone,Redmi,silver,transparent case | cracked screen corner,Boys Hostel,matched,U0699,L0254,F0258,"{""wallpaper"": ""an anime character"", ""back_sticker"": ""no sticker"", ""case_type"": ""black silicone case"", ""screen_damage"": ""small chip on the bottom edge""}"
I0294,I0294,False,test,umbrella,,pink,printed edges | folding type | bent rib,Canteen,matched,U0291,L0255,F0259,"{""handle"": ""a curved wooden handle"", ""print"": ""a company logo"", ""damage"": ""a bent rib"", ""strap_color"": ""a blue strap""}"
I0295,I0294,True,test,umbrella,,pink,printed edges | automatic open button,Canteen,matched,U0608,L0256,F0260,"{""handle"": ""a straight handle"", ""print"": ""plain inside"", ""damage"": ""a bent rib"", ""strap_color"": ""a black Velcro strap""}"
I0296,I0296,False,train,laptop,MacBook,silver,15 inch screen | backlit keyboard,Library,matched,U0457,L0257,F0261,"{""lid_sticker"": ""a college club sticker"", ""wallpaper"": ""a mountain sunset"", ""charger_included"": ""yes, with an extension cord"", ""scratch"": ""scratch on the left corner""}"
I0297,I0296,True,train,laptop,MacBook,silver,15 inch screen | black sleeve,Parking Lot,matched,U0110,L0258,F0262,"{""lid_sticker"": ""a cartoon sticker"", ""wallpaper"": ""an anime character"", ""charger_included"": ""yes, with an extension cord"", ""scratch"": ""dent on the lid""}"
I0298,I0298,False,val,notebook,Camlin,orange,200 pages | sticky notes inside,Canteen,found_only,,,F0263,"{""cover_doodle"": ""subject name only"", ""subject"": ""Engineering Maths"", ""first_page"": ""an empty first page"", ""loose_item"": ""a sticky note inside""}"
I0299,I0299,False,train,wallet,Puma,maroon,metal logo | zip coin pocket,Auditorium,matched,U0763,L0259,F0264,"{""card_in_first_slot"": ""a bus pass"", ""cash_range"": ""500 to 2000 rupees"", ""photo_inside"": ""a family photo"", ""other_item"": ""a small key""}"
I0300,I0300,False,train,calculator,Casio,blue,slide cover | scientific type | solar panel,Canteen,matched,U0244,L0260,F0265,"{""model"": ""fx-991EX"", ""name_marking"": ""no marking"", ""cover"": ""a blue flip cover"", ""damage"": ""no damage""}"
I0301,I0300,True,train,calculator,Casio,blue,slide cover | faded keys,Canteen,matched,U0020,L0261,F0266,"{""model"": ""fx-991ES Plus"", ""name_marking"": ""name written on the back"", ""cover"": ""a blue flip cover"", ""damage"": ""a cracked corner""}"
I0302,I0302,False,train,earbuds case,boAt,white,scuffed lid | small LED light | lanyard hook,Bus Stop,matched,U0207,L0262,F0267,"{""cover"": ""a silicone cover with a hook"", ""engraved"": ""initial S"", ""buds_present"": ""only the right bud"", ""charm"": ""a metal ring""}"
I0303,I0303,False,test,laptop,Acer,black,sticker on the lid | black sleeve,Gym,lost_only,U0466,L0263,,"{""lid_sticker"": ""a GitHub sticker"", ""wallpaper"": ""an anime character"", ""charger_included"": ""no charger"", ""scratch"": ""no visible scratch""}"
I0304,I0304,False,train,notebook,Classmate,blue,200 pages | sticky notes inside | spiral bound,Stationery Shop,matched,U0229,L0264,F0268,"{""cover_doodle"": ""no marking"", ""subject"": ""Machine Learning"", ""first_page"": ""a timetable"", ""loose_item"": ""a sticky note inside""}"
I0305,I0305,False,test,power bank,Syska,silver,USB-C port | rubber finish,Library,matched,U0576,L0265,F0269,"{""capacity"": ""20000 mAh"", ""cable"": ""a type-C cable"", ""sticker"": ""a name sticker"", ""damage"": ""a dent on one corner""}"
I0306,I0306,False,train,backpack,Wildcraft,grey,white logo | laptop compartment,Stationery Shop,matched,U0732,L0266,F0270,"{""front_pocket_contents"": ""a calculator and a ruler"", ""keychain"": ""a red heart keychain"", ""inner_lining_color"": ""orange"", ""tag_or_sticker"": ""a bus pass holder""}"
I0307,I0306,True,train,backpack,Wildcraft,grey,white logo | one side pocket,Library,matched,U0424,L0267,F0271,"{""front_pocket_contents"": ""a pair of earphones"", ""keychain"": ""a red heart keychain"", ""inner_lining_color"": ""black"", ""tag_or_sticker"": ""no sticker""}"
I0308,I0308,False,train,calculator,Casio,blue,scientific type | solar panel | faded keys,Main Gate,lost_only,U0389,L0268,,"{""model"": ""fx-570ES"", ""name_marking"": ""name written on the back"", ""cover"": ""a blue flip cover"", ""damage"": ""a faded 7 key""}"
I0309,I0309,False,val,phone,Samsung,white,pop socket on the back | transparent case,Gym,found_only,,,F0272,"{""wallpaper"": ""a cat photo"", ""back_sticker"": ""a ring holder"", ""case_type"": ""transparent case"", ""screen_damage"": ""crack at top-left corner""}"
I0310,I0310,False,train,umbrella,Lifelong,navy blue,bent rib | folding type | automatic open button,Library,matched,U0021,L0269,F0273,"{""handle"": ""a straight handle"", ""print"": ""floral print inside"", ""damage"": ""a missing button"", ""strap_color"": ""a red strap""}"
I0311,I0311,False,train,earbuds case,Realme,pink,lanyard hook | silicone cover | small LED light,Gym,matched,U0242,L0270,F0274,"{""cover"": ""a silicone cover with a hook"", ""engraved"": ""initial S"", ""buds_present"": ""both buds present"", ""charm"": ""a tiny bear charm""}"
I0312,I0312,False,train,power bank,Anker,blue,LED indicator | slim body,Gym,matched,U0040,L0271,F0275,"{""capacity"": ""20000 mAh with display"", ""cable"": ""no cable"", ""sticker"": ""a name sticker"", ""damage"": ""a dent on one corner""}"
I0313,I0313,False,val,power bank,Mi,white,LED indicator | slim body,Gym,matched,U0109,L0272,F0276,"{""capacity"": ""5000 mAh"", ""cable"": ""a type-C cable"", ""sticker"": ""a price sticker"", ""damage"": ""a scratched back""}"
I0314,I0313,True,val,power bank,Mi,white,LED indicator | rubber finish,Gym,matched,U0581,L0273,F0277,"{""capacity"": ""20000 mAh with display"", ""cable"": ""no cable"", ""sticker"": ""a cartoon sticker"", ""damage"": ""a loose port""}"
I0315,I0315,False,train,spectacles case,,grey,small logo | soft pouch,Girls Hostel,matched,U0324,L0274,F0278,"{""frame_color"": ""brown frame"", ""case_inside"": ""a screwdriver kit"", ""lens_condition"": ""a slightly loose screw"", ""case_print"": ""a floral print""}"
I0316,I0316,False,val,water bottle,Milton,blue,flip cap | scratched paint,Canteen,matched,U0667,L0275,F0279,"{""sticker"": ""a football sticker"", ""dent_location"": ""dent on the cap"", ""content"": ""a lemon slice inside"", ""strap"": ""no strap""}"
I0317,I0317,False,train,earbuds case,AirPods,black,small LED light | scuffed lid | silicone cover,Canteen,matched,U0753,L0276,F0280,"{""cover"": ""a cartoon silicone cover"", ""engraved"": ""a name label"", ""buds_present"": ""only the left bud"", ""charm"": ""a tiny bear charm""}"
I0318,I0318,False,train,smartwatch,Apple Watch,green,square dial | scratch on the glass,Admin Block,matched,U0596,L0277,F0281,"{""strap_color"": ""a black strap"", ""watch_face"": ""an analog face"", ""damage"": ""a loose strap"", ""extras"": ""no dock""}"
I0319,I0319,False,train,smartwatch,Noise,black,round dial | scratch on the glass | silicone strap,Library,matched,U0576,L0278,F0282,"{""strap_color"": ""a pink strap"", ""watch_face"": ""a cricket watch face"", ""damage"": ""a loose strap"", ""extras"": ""the charging dock in a pouch""}"
I0320,I0320,False,train,umbrella,Lifelong,green,folding type | printed edges,ECE Block,lost_only,U0798,L0279,,"{""handle"": ""a curved wooden handle"", ""print"": ""floral print inside"", ""damage"": ""a missing button"", ""strap_color"": ""a red strap""}"
I0321,I0321,False,train,water bottle,Cello,black,scratched paint | steel body | 1 litre size,Canteen,found_only,,,F0283,"{""sticker"": ""no sticker"", ""dent_location"": ""dent near the neck"", ""content"": ""a lemon slice inside"", ""strap"": ""a black strap""}"
I0322,I0322,False,val,calculator,Casio,grey,faded keys | solar panel | slide cover,Boys Hostel,found_only,,,F0284,"{""model"": ""fx-991ES Plus"", ""name_marking"": ""no marking"", ""cover"": ""a scratched cover"", ""damage"": ""a cracked corner""}"
I0323,I0322,True,val,calculator,Casio,grey,faded keys | scientific type,Boys Hostel,matched,U0465,L0280,F0285,"{""model"": ""fx-82MS"", ""name_marking"": ""a sticker with a roll number"", ""cover"": ""no cover"", ""damage"": ""no damage""}"
I0324,I0324,False,train,umbrella,Popy,navy blue,bent rib | printed edges,Admin Block,matched,U0223,L0281,F0286,"{""handle"": ""a handle with a rubber grip"", ""print"": ""plain inside"", ""damage"": ""no damage"", ""strap_color"": ""a red strap""}"
I0325,I0324,True,train,umbrella,Popy,navy blue,bent rib | automatic open button,Admin Block,lost_only,U0231,L0282,,"{""handle"": ""a straight handle"", ""print"": ""a checked pattern"", ""damage"": ""a missing button"", ""strap_color"": ""a blue strap""}"
I0326,I0326,False,train,umbrella,Lifelong,pink,folding type | automatic open button | printed edges,Stationery Shop,matched,U0095,L0283,F0287,"{""handle"": ""a straight handle"", ""print"": ""a polka dot pattern"", ""damage"": ""a bent rib"", ""strap_color"": ""no strap""}"
I0327,I0327,False,test,wallet,Fastrack,brown,leather finish | metal logo,Playground,matched,U0165,L0284,F0288,"{""card_in_first_slot"": ""a library card"", ""cash_range"": ""500 to 2000 rupees"", ""photo_inside"": ""a small deity picture"", ""other_item"": ""a library slip""}"
I0328,I0328,False,train,power bank,Mi,blue,rubber finish | slim body,Parking Lot,matched,U0205,L0285,F0289,"{""capacity"": ""5000 mAh"", ""cable"": ""a lightning cable"", ""sticker"": ""no sticker"", ""damage"": ""a scratched back""}"
I0329,I0329,False,val,power bank,Ambrane,blue,USB-C port | rubber finish,CS Block,matched,U0449,L0286,F0290,"{""capacity"": ""20000 mAh with display"", ""cable"": ""no cable"", ""sticker"": ""a price sticker"", ""damage"": ""a dent on one corner""}"
I0330,I0330,False,val,earbuds case,AirPods,blue,scuffed lid | lanyard hook | silicone cover,Playground,matched,U0727,L0287,F0291,"{""cover"": ""a silicone cover with a hook"", ""engraved"": ""initial S"", ""buds_present"": ""no buds"", ""charm"": ""no charm""}"
I0331,I0331,False,train,wallet,Hidesign,navy blue,metal logo | leather finish | worn edges,Parking Lot,lost_only,U0241,L0288,,"{""card_in_first_slot"": ""a metro card"", ""cash_range"": ""over 2000 rupees"", ""photo_inside"": ""a family photo"", ""other_item"": ""a small key""}"
I0332,I0332,False,train,notebook,Camlin,orange,200 pages | sticky notes inside,Auditorium,matched,U0278,L0289,F0292,"{""cover_doodle"": ""a sticker of a planet"", ""subject"": ""Data Structures"", ""first_page"": ""a cartoon"", ""loose_item"": ""a sticky note inside""}"
I0333,I0332,True,train,notebook,Camlin,orange,200 pages | hard cover,Auditorium,matched,U0551,L0290,F0293,"{""cover_doodle"": ""a name label"", ""subject"": ""Operating Systems"", ""first_page"": ""an empty first page"", ""loose_item"": ""a pen clipped inside""}"
I0334,I0334,False,train,phone,Redmi,green,cracked screen corner | transparent case | dual camera,Main Gate,found_only,,,F0294,"{""wallpaper"": ""plain black"", ""back_sticker"": ""a ring holder"", ""case_type"": ""transparent case"", ""screen_damage"": ""crack at top-left corner""}"
I0335,I0335,False,test,umbrella,Lifelong,grey,automatic open button | bent rib | folding type,Canteen,matched,U0213,L0291,F0295,"{""handle"": ""a curved wooden handle"", ""print"": ""a company logo"", ""damage"": ""no damage"", ""strap_color"": ""no strap""}"
I0336,I0336,False,train,calculator,Casio,blue,scientific type | faded keys,Bus Stop,found_only,,,F0296,"{""model"": ""fx-82MS"", ""name_marking"": ""name written on the back"", ""cover"": ""no cover"", ""damage"": ""no damage""}"
I0337,I0336,True,train,calculator,Casio,blue,scientific type | solar panel,Bus Stop,matched,U0586,L0292,F0297,"{""model"": ""fx-570ES"", ""name_marking"": ""name written on the back"", ""cover"": ""a scratched cover"", ""damage"": ""a missing key cap""}"
I0338,I0338,False,train,backpack,Adidas,green,two front zips | slightly torn near the strap | laptop compartment,Auditorium,lost_only,U0356,L0293,,"{""front_pocket_contents"": ""a calculator and a ruler"", ""keychain"": ""a brass ring with a bell"", ""inner_lining_color"": ""red"", ""tag_or_sticker"": ""a college fest tag""}"
I0339,I0339,False,train,power bank,Realme,white,USB-C port | rubber finish,Boys Hostel,matched,U0600,L0294,F0298,"{""capacity"": ""10000 mAh"", ""cable"": ""a lightning cable"", ""sticker"": ""a price sticker"", ""damage"": ""a loose port""}"
I0340,I0339,True,train,power bank,Realme,white,USB-C port | LED indicator,Boys Hostel,lost_only,U0608,L0295,,"{""capacity"": ""10000 mAh"", ""cable"": ""no cable"", ""sticker"": ""no sticker"", ""damage"": ""no damage""}"
I0341,I0341,False,train,phone,OnePlus,black,dual camera | transparent case,Playground,matched,U0471,L0296,F0299,"{""wallpaper"": ""a car photo"", ""back_sticker"": ""a small smiley sticker"", ""case_type"": ""flip cover"", ""screen_damage"": ""small chip on the bottom edge""}"
I0342,I0342,False,test,smartwatch,Noise,white,square dial | silicone strap | round dial,Stationery Shop,matched,U0248,L0297,F0300,"{""strap_color"": ""a blue strap"", ""watch_face"": ""a digital face with steps"", ""damage"": ""a scuffed corner"", ""extras"": ""no dock""}"
I0343,I0343,False,test,laptop,Dell,blue,backlit keyboard | black sleeve | sticker on the lid,ECE Block,matched,U0003,L0298,F0301,"{""lid_sticker"": ""a cartoon sticker"", ""wallpaper"": ""a cricket player photo"", ""charger_included"": ""yes, with an extension cord"", ""scratch"": ""scratch on the left corner""}"
I0344,I0343,True,test,laptop,Dell,blue,backlit keyboard | 15 inch screen,ECE Block,matched,U0275,L0299,F0302,"{""lid_sticker"": ""a Python sticker"", ""wallpaper"": ""a cricket player photo"", ""charger_included"": ""no charger"", ""scratch"": ""dent on the lid""}"
I0345,I0345,False,train,laptop,HP,blue,15 inch screen | black sleeve,CS Block,matched,U0766,L0300,F0303,"{""lid_sticker"": ""no sticker"", ""wallpaper"": ""a car photo"", ""charger_included"": ""only the cable"", ""scratch"": ""worn keys near the touchpad""}"
I0346,I0345,True,train,laptop,HP,blue,15 inch screen | backlit keyboard,Stationery Shop,matched,U0175,L0301,F0304,"{""lid_sticker"": ""no sticker"", ""wallpaper"": ""an anime character"", ""charger_included"": ""yes, with an extension cord"", ""scratch"": ""scratch on the left corner""}"
I0347,I0347,False,train,wallet,Wildcraft,brown,leather finish | metal logo | zip coin pocket,Bus Stop,found_only,,,F0305,"{""card_in_first_slot"": ""a metro card"", ""cash_range"": ""100 to 500 rupees"", ""photo_inside"": ""a family photo"", ""other_item"": ""a movie ticket""}"
I0348,I0348,False,train,calculator,Casio,grey,scientific type | slide cover | faded keys,Girls Hostel,matched,U0609,L0302,F0306,"{""model"": ""fx-570ES"", ""name_marking"": ""name written on the back"", ""cover"": ""no cover"", ""damage"": ""a cracked corner""}"
I0349,I0348,True,train,calculator,Casio,grey,scientific type | solar panel,Girls Hostel,matched,U0597,L0303,F0307,"{""model"": ""fx-570ES"", ""name_marking"": ""name written on the back"", ""cover"": ""a blue flip cover"", ""damage"": ""a faded 7 key""}"
I0350,I0350,False,test,keys,,brown,steel ring | bike key with a rubber cover | plastic tag,Mechanical Block,found_only,,,F0308,"{""key_count"": ""four keys"", ""charm"": ""a cartoon figure"", ""tag_text"": ""a hostel name"", ""ring_type"": ""a steel ring""}"
I0351,I0351,False,train,wallet,Hidesign,navy blue,leather finish | worn edges | zip coin pocket,Playground,matched,U0663,L0304,F0309,"{""card_in_first_slot"": ""a gym membership card"", ""cash_range"": ""under 100 rupees"", ""photo_inside"": ""no photo"", ""other_item"": ""a library slip""}"
I0352,I0352,False,test,keys,,silver,steel ring | bike key with a rubber cover,Boys Hostel,matched,U0239,L0305,F0310,"{""key_count"": ""four keys"", ""charm"": ""a bell charm"", ""tag_text"": ""no tag"", ""ring_type"": ""a carabiner""}"
I0353,I0352,True,test,keys,,silver,steel ring | small padlock key,Boys Hostel,matched,U0061,L0306,F0311,"{""key_count"": ""five keys"", ""charm"": ""a small torch"", ""tag_text"": ""a cycle lock key attached"", ""ring_type"": ""a split ring with a loop""}"
I0354,I0354,False,train,spectacles case,Titan,grey,small logo | hard shell | soft pouch,Boys Hostel,matched,U0743,L0307,F0312,"{""frame_color"": ""gold frame"", ""case_inside"": ""a spare nose pad"", ""lens_condition"": ""an anti-glare coating"", ""case_print"": ""a name label""}"
I0355,I0355,False,train,notebook,Classmate,green,hard cover | sticky notes inside | spiral bound,Main Gate,matched,U0725,L0308,F0313,"{""cover_doodle"": ""a name label"", ""subject"": ""DBMS"", ""first_page"": ""a cartoon"", ""loose_item"": ""a loose sheet inside""}"
I0356,I0356,False,train,earbuds case,Noise,black,scuffed lid | small LED light,Canteen,matched,U0012,L0309,F0314,"{""cover"": ""a plain case"", ""engraved"": ""initial S"", ""buds_present"": ""no buds"", ""charm"": ""a beaded charm""}"
I0357,I0356,True,train,earbuds case,Noise,black,scuffed lid | silicone cover,Library,matched,U0794,L0310,F0315,"{""cover"": ""a glitter cover"", ""engraved"": ""initial R"", ""buds_present"": ""both buds present"", ""charm"": ""a metal ring""}"
I0358,I0358,False,train,charger,Apple,white,long cable | two-pin plug | braided cable,Main Gate,matched,U0716,L0311,F0316,"{""type"": ""a 20W phone charger"", ""cable_wrap"": ""no wrap"", ""marking"": ""initials"", ""damage"": ""a bent pin""}"
I0359,I0358,True,train,charger,Apple,white,long cable | fast charging type,Main Gate,matched,U0377,L0312,F0317,"{""type"": ""a USB cable with adapter"", ""cable_wrap"": ""no wrap"", ""marking"": ""initials"", ""damage"": ""a bent pin""}"
I0360,I0360,False,train,earbuds case,AirPods,pink,scuffed lid | lanyard hook | silicone cover,CS Block,matched,U0129,L0313,F0318,"{""cover"": ""a cartoon silicone cover"", ""engraved"": ""a name label"", ""buds_present"": ""no buds"", ""charm"": ""a beaded charm""}"
I0361,I0361,False,train,wallet,Hidesign,brown,zip coin pocket | worn edges | metal logo,Playground,matched,U0038,L0314,F0319,"{""card_in_first_slot"": ""a bus pass"", ""cash_range"": ""500 to 2000 rupees"", ""photo_inside"": ""a polaroid"", ""other_item"": ""a small key""}"
I0362,I0362,False,test,calculator,Casio,black,slide cover | solar panel | faded keys,Canteen,lost_only,U0043,L0315,,"{""model"": ""fx-570ES"", ""name_marking"": ""initials on the cover"", ""cover"": ""a black slide cover"", ""damage"": ""no damage""}"
I0363,I0363,False,train,laptop,MacBook,black,15 inch screen | black sleeve | sticker on the lid,Admin Block,matched,U0018,L0316,F0320,"{""lid_sticker"": ""a band sticker"", ""wallpaper"": ""an anime character"", ""charger_included"": ""yes, with a black adapter"", ""scratch"": ""worn keys near the touchpad""}"
I0364,I0364,False,train,power bank,Syska,white,slim body | LED indicator,Parking Lot,matched,U0223,L0317,F0321,"{""capacity"": ""5000 mAh"", ""cable"": ""a type-C cable"", ""sticker"": ""a price sticker"", ""damage"": ""a scratched back""}"
I0365,I0365,False,train,keys,,silver,bike key with a rubber cover | plastic tag | steel ring,Parking Lot,matched,U0305,L0318,F0322,"{""key_count"": ""one key"", ""charm"": ""a plastic football"", ""tag_text"": ""a hostel name"", ""ring_type"": ""a split ring with a loop""}"
I0366,I0365,True,train,keys,,silver,bike key with a rubber cover | small padlock key,Parking Lot,lost_only,U0367,L0319,,"{""key_count"": ""four keys"", ""charm"": ""a small torch"", ""tag_text"": ""a cycle lock key attached"", ""ring_type"": ""a plastic ring""}"
I0367,I0367,False,train,umbrella,Fastrack,black,automatic open button | folding type | printed edges,CS Block,matched,U0665,L0320,F0323,"{""handle"": ""a curved wooden handle"", ""print"": ""plain inside"", ""damage"": ""a bent rib"", ""strap_color"": ""a black Velcro strap""}"
I0368,I0368,False,train,notebook,,blue,200 pages | spiral bound,Boys Hostel,lost_only,U0435,L0321,,"{""cover_doodle"": ""subject name only"", ""subject"": ""Data Structures"", ""first_page"": ""an empty first page"", ""loose_item"": ""a loose sheet inside""}"
I0369,I0368,True,train,notebook,,blue,200 pages | hard cover,Boys Hostel,matched,U0044,L0322,F0324,"{""cover_doodle"": ""subject name only"", ""subject"": ""Operating Systems"", ""first_page"": ""a cartoon"", ""loose_item"": ""nothing inside""}"
I0370,I0370,False,train,power bank,Ambrane,blue,LED indicator | USB-C port,Gym,matched,U0684,L0323,F0325,"{""capacity"": ""20000 mAh"", ""cable"": ""a lightning cable"", ""sticker"": ""a name sticker"", ""damage"": ""a loose port""}"
I0371,I0371,False,test,water bottle,Cello,green,steel body | flip cap,Bus Stop,matched,U0201,L0324,F0326,"{""sticker"": ""an NGO logo sticker"", ""dent_location"": ""dent near the bottom"", ""content"": ""a lemon slice inside"", ""strap"": ""a rope handle""}"
I0372,I0371,True,test,water bottle,Cello,green,steel body | 1 litre size,Main Gate,matched,U0218,L0325,F0327,"{""sticker"": ""a football sticker"", ""dent_location"": ""dent on the cap"", ""content"": ""half filled with water"", ""strap"": ""no strap""}"
I0373,I0373,False,train,spectacles case,,brown,zip closure | small logo,Library,found_only,,,F0328,"{""frame_color"": ""silver frame"", ""case_inside"": ""a screwdriver kit"", ""lens_condition"": ""a scratch on the right lens"", ""case_print"": ""a name label""}"
I0374,I0374,False,train,smartwatch,Amazfit,blue,square dial | round dial,Girls Hostel,found_only,,,F0329,"{""strap_color"": ""a black strap"", ""watch_face"": ""a cricket watch face"", ""damage"": ""a loose strap"", ""extras"": ""no dock""}"
I0375,I0375,False,val,phone,Redmi,blue,cracked screen corner | pop socket on the back | dual camera,Auditorium,matched,U0201,L0326,F0330,"{""wallpaper"": ""an anime character"", ""back_sticker"": ""a metro card in the cover"", ""case_type"": ""blue hard case"", ""screen_damage"": ""crack at top-left corner""}"
I0376,I0376,False,train,power bank,Syska,blue,LED indicator | USB-C port | rubber finish,Admin Block,matched,U0204,L0327,F0331,"{""capacity"": ""10000 mAh"", ""cable"": ""no cable"", ""sticker"": ""a cartoon sticker"", ""damage"": ""no damage""}"
I0377,I0377,False,train,calculator,Citizen,black,slide cover | solar panel | scientific type,Main Gate,matched,U0023,L0328,F0332,"{""model"": ""fx-570ES"", ""name_marking"": ""initials on the cover"", ""cover"": ""no cover"", ""damage"": ""a faded 7 key""}"
I0378,I0378,False,train,power bank,Anker,silver,LED indicator | USB-C port,Gym,matched,U0442,L0329,F0333,"{""capacity"": ""5000 mAh"", ""cable"": ""a short white cable attached"", ""sticker"": ""a price sticker"", ""damage"": ""a loose port""}"
I0379,I0379,False,train,smartwatch,Apple Watch,pink,square dial | round dial,Boys Hostel,lost_only,U0024,L0330,,"{""strap_color"": ""a black strap"", ""watch_face"": ""a plain black face"", ""damage"": ""a scratch on the glass"", ""extras"": ""a spare strap in a pouch""}"
I0380,I0379,True,train,smartwatch,Apple Watch,pink,square dial | scratch on the glass,Boys Hostel,matched,U0126,L0331,F0334,"{""strap_color"": ""a metal strap"", ""watch_face"": ""a plain black face"", ""damage"": ""a loose strap"", ""extras"": ""no dock""}"
I0381,I0381,False,train,smartwatch,Noise,pink,scratch on the glass | square dial | silicone strap,Admin Block,matched,U0781,L0332,F0335,"{""strap_color"": ""a blue strap"", ""watch_face"": ""a family photo face"", ""damage"": ""a scratch on the glass"", ""extras"": ""no dock""}"
I0382,I0382,False,val,calculator,Citizen,black,solar panel | scientific type | faded keys,Gym,matched,U0458,L0333,F0336,"{""model"": ""fx-991ES Plus"", ""name_marking"": ""initials on the cover"", ""cover"": ""a scratched cover"", ""damage"": ""a cracked corner""}"
I0383,I0383,False,test,keys,,brown,steel ring | small padlock key,Admin Block,matched,U0465,L0334,F0337,"{""key_count"": ""four keys"", ""charm"": ""a leather tag"", ""tag_text"": ""a hostel name"", ""ring_type"": ""a plastic ring""}"
I0384,I0384,False,train,water bottle,Borosil,pink,steel body | flip cap | 1 litre size,Parking Lot,matched,U0175,L0335,F0338,"{""sticker"": ""a fest sticker"", ""dent_location"": ""dent near the neck"", ""content"": ""a tea bag inside"", ""strap"": ""a black strap""}"
I0385,I0385,False,train,umbrella,,grey,bent rib | automatic open button,Admin Block,matched,U0317,L0336,F0339,"{""handle"": ""a handle with a rubber grip"", ""print"": ""a checked pattern"", ""damage"": ""a missing button"", ""strap_color"": ""no strap""}"
I0386,I0386,False,train,wallet,Fastrack,navy blue,metal logo | worn edges | zip coin pocket,Gym,lost_only,U0704,L0337,,"{""card_in_first_slot"": ""a bus pass"", ""cash_range"": ""100 to 500 rupees"", ""photo_inside"": ""a family photo"", ""other_item"": ""a library slip""}"
I0387,I0387,False,train,wallet,Puma,brown,leather finish | metal logo | zip coin pocket,Main Gate,found_only,,,F0340,"{""card_in_first_slot"": ""a debit card"", ""cash_range"": ""over 2000 rupees"", ""photo_inside"": ""a family photo"", ""other_item"": ""a visiting card""}"
I0388,I0387,True,train,wallet,Puma,brown,leather finish | worn edges,Main Gate,matched,U0184,L0338,F0341,"{""card_in_first_slot"": ""a college ID"", ""cash_range"": ""no cash"", ""photo_inside"": ""a passport-size photo"", ""other_item"": ""a small key""}"
I0389,I0389,False,train,phone,Vivo,red,dual camera | cracked screen corner | pop socket on the back,Parking Lot,matched,U0177,L0339,F0342,"{""wallpaper"": ""a mountain sunset"", ""back_sticker"": ""a metro card in the cover"", ""case_type"": ""transparent case"", ""screen_damage"": ""crack at top-left corner""}"
I0390,I0390,False,train,keys,,brown,plastic tag | small padlock key,Main Gate,matched,U0272,L0340,F0343,"{""key_count"": ""five keys"", ""charm"": ""a plastic football"", ""tag_text"": ""a cycle lock key attached"", ""ring_type"": ""a plastic ring""}"
I0391,I0391,False,train,keys,,black,plastic tag | bike key with a rubber cover | steel ring,Canteen,matched,U0416,L0341,F0344,"{""key_count"": ""two keys"", ""charm"": ""a leather tag"", ""tag_text"": ""no tag"", ""ring_type"": ""a steel ring""}"
I0392,I0392,False,test,umbrella,Lifelong,navy blue,bent rib | folding type,Mechanical Block,matched,U0660,L0342,F0345,"{""handle"": ""a handle with a rubber grip"", ""print"": ""plain inside"", ""damage"": ""a torn edge"", ""strap_color"": ""a red strap""}"
I0393,I0392,True,test,umbrella,Lifelong,navy blue,bent rib | printed edges,Mechanical Block,lost_only,U0524,L0343,,"{""handle"": ""a handle with a rubber grip"", ""print"": ""floral print inside"", ""damage"": ""a missing button"", ""strap_color"": ""a red strap""}"
I0394,I0394,False,train,charger,Apple,black,fast charging type | braided cable,Girls Hostel,matched,U0496,L0344,F0346,"{""type"": ""a USB cable with adapter"", ""cable_wrap"": ""tape on the cable"", ""marking"": ""no marking"", ""damage"": ""a cracked adapter body""}"
I0395,I0395,False,train,wallet,Woodland,grey,metal logo | zip coin pocket | worn edges,ECE Block,matched,U0218,L0345,F0347,"{""card_in_first_slot"": ""a gym membership card"", ""cash_range"": ""over 2000 rupees"", ""photo_inside"": ""a family photo"", ""other_item"": ""a library slip""}"
I0396,I0396,False,val,water bottle,Cello,orange,flip cap | 1 litre size,Boys Hostel,matched,U0622,L0346,F0348,"{""sticker"": ""no sticker"", ""dent_location"": ""dent on the cap"", ""content"": ""a lemon slice inside"", ""strap"": ""a loop on the cap""}"
I0397,I0397,False,train,charger,Apple,black,long cable | braided cable | fast charging type,Playground,matched,U0207,L0347,F0349,"{""type"": ""a USB cable with adapter"", ""cable_wrap"": ""a rubber band around the cable"", ""marking"": ""coloured tape on the cable"", ""damage"": ""a bent pin""}"
I0398,I0398,False,train,water bottle,Milton,orange,scratched paint | steel body,Parking Lot,matched,U0201,L0348,F0350,"{""sticker"": ""a football sticker"", ""dent_location"": ""no dent"", ""content"": ""a lemon slice inside"", ""strap"": ""a black strap""}"
I0399,I0399,False,train,spectacles case,Titan,brown,soft pouch | zip closure | hard shell,Parking Lot,matched,U0067,L0349,F0351,"{""frame_color"": ""brown frame"", ""case_inside"": ""a screwdriver kit"", ""lens_condition"": ""an anti-glare coating"", ""case_print"": ""a floral print""}"
I0400,I0400,False,train,charger,Realme,black,fast charging type | braided cable | two-pin plug,Girls Hostel,matched,U0774,L0350,F0352,"{""type"": ""a 33W fast charger"", ""cable_wrap"": ""a velcro wrap"", ""marking"": ""a name written in marker"", ""damage"": ""a frayed cable near the pin""}"
I0401,I0401,False,train,water bottle,Milton,silver,steel body | scratched paint,Gym,matched,U0798,L0351,F0353,"{""sticker"": ""a fest sticker"", ""dent_location"": ""dent on the cap"", ""content"": ""half filled with water"", ""strap"": ""a rope handle""}"
I0402,I0402,False,val,spectacles case,Titan,grey,soft pouch | zip closure | small logo,Auditorium,matched,U0390,L0352,F0354,"{""frame_color"": ""brown frame"", ""case_inside"": ""a screwdriver kit"", ""lens_condition"": ""an anti-glare coating"", ""case_print"": ""no logo""}"
I0403,I0402,True,val,spectacles case,Titan,grey,soft pouch | hard shell,Auditorium,matched,U0711,L0353,F0355,"{""frame_color"": ""brown frame"", ""case_inside"": ""a screwdriver kit"", ""lens_condition"": ""a slightly loose screw"", ""case_print"": ""a name label""}"
I0404,I0404,False,train,earbuds case,Noise,pink,scuffed lid | small LED light | silicone cover,CS Block,matched,U0103,L0354,F0356,"{""cover"": ""a leather pouch"", ""engraved"": ""no marking"", ""buds_present"": ""only the left bud"", ""charm"": ""no charm""}"
I0405,I0405,False,val,smartwatch,Apple Watch,green,silicone strap | scratch on the glass | square dial,Library,matched,U0720,L0355,F0357,"{""strap_color"": ""a pink strap"", ""watch_face"": ""an analog face"", ""damage"": ""a loose strap"", ""extras"": ""the charging dock in a pouch""}"
I0406,I0405,True,val,smartwatch,Apple Watch,green,silicone strap | round dial,Library,lost_only,U0697,L0356,,"{""strap_color"": ""a blue strap"", ""watch_face"": ""an analog face"", ""damage"": ""a loose strap"", ""extras"": ""no dock""}"
I0407,I0407,False,train,calculator,Casio,grey,slide cover | solar panel | faded keys,ECE Block,matched,U0281,L0357,F0358,"{""model"": ""fx-991ES Plus"", ""name_marking"": ""a sticker with a roll number"", ""cover"": ""no cover"", ""damage"": ""a cracked corner""}"
I0408,I0408,False,train,umbrella,Fastrack,pink,automatic open button | folding type,CS Block,matched,U0214,L0358,F0359,"{""handle"": ""a black plastic handle"", ""print"": ""a polka dot pattern"", ""damage"": ""a missing button"", ""strap_color"": ""a blue strap""}"
I0409,I0408,True,train,umbrella,Fastrack,pink,automatic open button | bent rib,CS Block,matched,U0226,L0359,F0360,"{""handle"": ""a curved wooden handle"", ""print"": ""floral print inside"", ""damage"": ""a bent rib"", ""strap_color"": ""a blue strap""}"
I0410,I0410,False,train,calculator,Casio,blue,solar panel | faded keys,Auditorium,matched,U0513,L0360,F0361,"{""model"": ""fx-570ES"", ""name_marking"": ""name written on the back"", ""cover"": ""a blue flip cover"", ""damage"": ""a faded 7 key""}"
I0411,I0411,False,train,calculator,Casio,black,slide cover | scientific type | solar panel,Bus Stop,matched,U0376,L0361,F0362,"{""model"": ""fx-570ES"", ""name_marking"": ""name written on the back"", ""cover"": ""a scratched cover"", ""damage"": ""a missing key cap""}"
I0412,I0412,False,val,earbuds case,OnePlus,black,small LED light | silicone cover | lanyard hook,Gym,matched,U0616,L0362,F0363,"{""cover"": ""a silicone cover with a hook"", ""engraved"": ""initial R"", ""buds_present"": ""only the right bud"", ""charm"": ""a metal ring""}"
I0413,I0413,False,val,power bank,Ambrane,blue,slim body | USB-C port,Library,matched,U0724,L0363,F0364,"{""capacity"": ""5000 mAh"", ""cable"": ""no cable"", ""sticker"": ""no sticker"", ""damage"": ""a loose port""}"
I0414,I0414,False,train,earbuds case,boAt,blue,silicone cover | lanyard hook | small LED light,Auditorium,matched,U0115,L0364,F0365,"{""cover"": ""a glitter cover"", ""engraved"": ""a heart drawn with marker"", ""buds_present"": ""no buds"", ""charm"": ""no charm""}"
I0415,I0415,False,test,spectacles case,,black,soft pouch | small logo | zip closure,ECE Block,matched,U0141,L0365,F0366,"{""frame_color"": ""transparent frame"", ""case_inside"": ""no cloth"", ""lens_condition"": ""an anti-glare coating"", ""case_print"": ""no logo""}"
I0416,I0416,False,train,notebook,,black,200 pages | sticky notes inside | spiral bound,ECE Block,matched,U0129,L0366,F0367,"{""cover_doodle"": ""a coffee stain"", ""subject"": ""Engineering Maths"", ""first_page"": ""an empty first page"", ""loose_item"": ""nothing inside""}"
I0417,I0416,True,train,notebook,,black,200 pages | hard cover,ECE Block,lost_only,U0767,L0367,,"{""cover_doodle"": ""no marking"", ""subject"": ""Machine Learning"", ""first_page"": ""a timetable"", ""loose_item"": ""a pen clipped inside""}"
I0418,I0418,False,train,power bank,Anker,white,slim body | rubber finish,Mechanical Block,found_only,,,F0368,"{""capacity"": ""5000 mAh"", ""cable"": ""no cable"", ""sticker"": ""a cartoon sticker"", ""damage"": ""a loose port""}"
I0419,I0419,False,val,umbrella,Popy,grey,folding type | bent rib | printed edges,CS Block,matched,U0560,L0368,F0369,"{""handle"": ""a handle with a rubber grip"", ""print"": ""plain inside"", ""damage"": ""a missing button"", ""strap_color"": ""a red strap""}"
I0420,I0419,True,val,umbrella,Popy,grey,folding type | automatic open button,CS Block,matched,U0221,L0369,F0370,"{""handle"": ""a curved wooden handle"", ""print"": ""a polka dot pattern"", ""damage"": ""a missing button"", ""strap_color"": ""a red strap""}"
I0421,I0421,False,train,calculator,Casio,blue,faded keys | scientific type | solar panel,Bus Stop,matched,U0793,L0370,F0371,"{""model"": ""fx-570ES"", ""name_marking"": ""name written on the back"", ""cover"": ""a black slide cover"", ""damage"": ""no damage""}"
I0422,I0421,True,train,calculator,Casio,blue,faded keys | slide cover,Parking Lot,matched,U0417,L0371,F0372,"{""model"": ""fx-991EX"", ""name_marking"": ""a sticker with a roll number"", ""cover"": ""a blue flip cover"", ""damage"": ""a cracked corner""}"
I0423,I0423,False,test,notebook,,blue,spiral bound | sticky notes inside | 200 pages,Playground,matched,U0463,L0372,F0373,"{""cover_doodle"": ""a doodle of a cat"", ""subject"": ""Operating Systems"", ""first_page"": ""a name and roll number"", ""loose_item"": ""a pen clipped inside""}"
I0424,I0424,False,train,smartwatch,Apple Watch,black,square dial | round dial | silicone strap,Bus Stop,matched,U0760,L0373,F0374,"{""strap_color"": ""an olive strap"", ""watch_face"": ""a family photo face"", ""damage"": ""a scratch on the glass"", ""extras"": ""no dock""}"
I0425,I0424,True,train,smartwatch,Apple Watch,black,square dial | scratch on the glass,Bus Stop,lost_only,U0536,L0374,,"{""strap_color"": ""a pink strap"", ""watch_face"": ""a cricket watch face"", ""damage"": ""no damage"", ""extras"": ""a spare strap in a pouch""}"
I0426,I0426,False,train,smartwatch,Fire-Boltt,green,silicone strap | scratch on the glass | round dial,ECE Block,matched,U0009,L0375,F0375,"{""strap_color"": ""a black strap"", ""watch_face"": ""a family photo face"", ""damage"": ""a scuffed corner"", ""extras"": ""a spare strap in a pouch""}"
I0427,I0427,False,train,power bank,Mi,blue,USB-C port | LED indicator | rubber finish,Stationery Shop,matched,U0422,L0376,F0376,"{""capacity"": ""10000 mAh slim"", ""cable"": ""a type-C cable"", ""sticker"": ""no sticker"", ""damage"": ""a loose port""}"
I0428,I0428,False,val,laptop,MacBook,blue,sticker on the lid | backlit keyboard | 15 inch screen,Admin Block,matched,U0406,L0377,F0377,"{""lid_sticker"": ""a GitHub sticker"", ""wallpaper"": ""a mountain sunset"", ""charger_included"": ""yes, with a black adapter"", ""scratch"": ""dent on the lid""}"
I0429,I0428,True,val,laptop,MacBook,blue,sticker on the lid | black sleeve,Admin Block,matched,U0160,L0378,F0378,"{""lid_sticker"": ""no sticker"", ""wallpaper"": ""a cricket player photo"", ""charger_included"": ""only the cable"", ""scratch"": ""no visible scratch""}"
I0430,I0430,False,val,backpack,Skybags,green,white logo | laptop compartment,Main Gate,matched,U0750,L0379,F0379,"{""front_pocket_contents"": ""two notebooks"", ""keychain"": ""a football keychain"", ""inner_lining_color"": ""green"", ""tag_or_sticker"": ""a college fest tag""}"
I0431,I0431,False,train,laptop,Asus,black,sticker on the lid | black sleeve,Mechanical Block,lost_only,U0150,L0380,,"{""lid_sticker"": ""a college club sticker"", ""wallpaper"": ""a car photo"", ""charger_included"": ""yes, with an extension cord"", ""scratch"": ""scratch on the left corner""}"
I0432,I0432,False,train,spectacles case,Titan,red,soft pouch | zip closure,Stationery Shop,matched,U0308,L0381,F0380,"{""frame_color"": ""transparent frame"", ""case_inside"": ""a cleaning cloth"", ""lens_condition"": ""a slightly loose screw"", ""case_print"": ""a floral print""}"
I0433,I0433,False,test,laptop,Lenovo,grey,sticker on the lid | 15 inch screen | black sleeve,Boys Hostel,matched,U0009,L0382,F0381,"{""lid_sticker"": ""a GitHub sticker"", ""wallpaper"": ""a family photo"", ""charger_included"": ""yes, with an extension cord"", ""scratch"": ""worn keys near the touchpad""}"
I0434,I0434,False,train,wallet,Wildcraft,black,leather finish | zip coin pocket,Auditorium,found_only,,,F0382,"{""card_in_first_slot"": ""a debit card"", ""cash_range"": ""under 100 rupees"", ""photo_inside"": ""a family photo"", ""other_item"": ""a coin""}"
I0435,I0435,False,train,notebook,Classmate,blue,hard cover | spiral bound | 200 pages,Admin Block,found_only,,,F0383,"{""cover_doodle"": ""a doodle of a cat"", ""subject"": ""Operating Systems"", ""first_page"": ""an empty first page"", ""loose_item"": ""a pen clipped inside""}"
I0436,I0436,False,train,spectacles case,Lenskart,brown,small logo | zip closure | hard shell,Gym,found_only,,,F0384,"{""frame_color"": ""gold frame"", ""case_inside"": ""a visiting card"", ""lens_condition"": ""a slightly loose screw"", ""case_print"": ""a logo of an optical shop""}"
I0437,I0437,False,train,charger,Realme,white,braided cable | fast charging type | long cable,ECE Block,matched,U0581,L0383,F0385,"{""type"": ""a USB cable with adapter"", ""cable_wrap"": ""tape on the cable"", ""marking"": ""initials"", ""damage"": ""no damage""}"
I0438,I0438,False,train,water bottle,Milton,pink,1 litre size | scratched paint | flip cap,Admin Block,matched,U0072,L0384,F0386,"{""sticker"": ""a fest sticker"", ""dent_location"": ""dent near the neck"", ""content"": ""a tea bag inside"", ""strap"": ""a rope handle""}"
I0439,I0439,False,test,laptop,MacBook,grey,sticker on the lid | backlit keyboard | 15 inch screen,Bus Stop,found_only,,,F0387,"{""lid_sticker"": ""no sticker"", ""wallpaper"": ""a cat photo"", ""charger_included"": ""yes, with a black adapter"", ""scratch"": ""dent on the lid""}"
I0440,I0440,False,test,backpack,Wildcraft,red,one side pocket | two front zips | white logo,Canteen,matched,U0675,L0385,F0388,"{""front_pocket_contents"": ""a blue pen and a charger"", ""keychain"": ""a metal bottle-opener keychain"", ""inner_lining_color"": ""orange"", ""tag_or_sticker"": ""no sticker""}"
I0441,I0441,False,train,phone,Motorola,red,transparent case | dual camera,Auditorium,matched,U0345,L0386,F0389,"{""wallpaper"": ""an anime character"", ""back_sticker"": ""no sticker"", ""case_type"": ""no case"", ""screen_damage"": ""a dead pixel line""}"
I0442,I0441,True,train,phone,Motorola,red,transparent case | pop socket on the back,Auditorium,matched,U0226,L0387,F0390,"{""wallpaper"": ""a beach photo"", ""back_sticker"": ""a band logo sticker"", ""case_type"": ""no case"", ""screen_damage"": ""no cracks""}"
I0443,I0443,False,train,smartwatch,Apple Watch,green,round dial | scratch on the glass | silicone strap,Stationery Shop,matched,U0532,L0388,F0391,"{""strap_color"": ""a metal strap"", ""watch_face"": ""a plain black face"", ""damage"": ""a scuffed corner"", ""extras"": ""a spare strap in a pouch""}"
I0444,I0443,True,train,smartwatch,Apple Watch,green,round dial | square dial,Stationery Shop,matched,U0788,L0389,F0392,"{""strap_color"": ""a black strap"", ""watch_face"": ""an analog face"", ""damage"": ""no damage"", ""extras"": ""no dock""}"
I0445,I0445,False,train,water bottle,Borosil,blue,steel body | 1 litre size,Library,found_only,,,F0393,"{""sticker"": ""a football sticker"", ""dent_location"": ""no dent"", ""content"": ""a tea bag inside"", ""strap"": ""a loop on the cap""}"
I0446,I0446,False,train,phone,OnePlus,silver,cracked screen corner | pop socket on the back,CS Block,matched,U0055,L0390,F0394,"{""wallpaper"": ""a mountain sunset"", ""back_sticker"": ""a metro card in the cover"", ""case_type"": ""black silicone case"", ""screen_damage"": ""crack at top-left corner""}"
I0447,I0446,True,train,phone,OnePlus,silver,cracked screen corner | transparent case,CS Block,matched,U0436,L0391,F0395,"{""wallpaper"": ""a mountain sunset"", ""back_sticker"": ""a ring holder"", ""case_type"": ""transparent case"", ""screen_damage"": ""crack at top-left corner""}"
I0448,I0448,False,train,notebook,Camlin,black,spiral bound | 200 pages | sticky notes inside,ECE Block,matched,U0288,L0392,F0396,"{""cover_doodle"": ""a doodle of a cat"", ""subject"": ""Engineering Maths"", ""first_page"": ""a cartoon"", ""loose_item"": ""a loose sheet inside""}"
I0449,I0448,True,train,notebook,Camlin,black,spiral bound | hard cover,ECE Block,matched,U0036,L0393,F0397,"{""cover_doodle"": ""a doodle of a cat"", ""subject"": ""Data Structures"", ""first_page"": ""a name and roll number"", ""loose_item"": ""a loose sheet inside""}"
I0450,I0450,False,train,notebook,Camlin,red,sticky notes inside | 200 pages,Admin Block,found_only,,,F0398,"{""cover_doodle"": ""a sticker of a planet"", ""subject"": ""DBMS"", ""first_page"": ""a name and roll number"", ""loose_item"": ""a pen clipped inside""}"
I0451,I0450,True,train,notebook,Camlin,red,sticky notes inside | spiral bound,Admin Block,matched,U0201,L0394,F0399,"{""cover_doodle"": ""a coffee stain"", ""subject"": ""Operating Systems"", ""first_page"": ""an empty first page"", ""loose_item"": ""nothing inside""}"
I0452,I0452,False,train,keys,,brown,bike key with a rubber cover | plastic tag,Library,matched,U0594,L0395,F0400,"{""key_count"": ""four keys"", ""charm"": ""a cartoon figure"", ""tag_text"": ""no tag"", ""ring_type"": ""a plastic ring""}"
I0453,I0453,False,test,wallet,Hidesign,navy blue,leather finish | zip coin pocket | worn edges,Admin Block,lost_only,U0515,L0396,,"{""card_in_first_slot"": ""a gym membership card"", ""cash_range"": ""no cash"", ""photo_inside"": ""a polaroid"", ""other_item"": ""a library slip""}"
I0454,I0454,False,train,calculator,Citizen,blue,faded keys | scientific type,Parking Lot,matched,U0737,L0397,F0401,"{""model"": ""fx-82MS"", ""name_marking"": ""initials on the cover"", ""cover"": ""no cover"", ""damage"": ""a faded 7 key""}"
I0455,I0454,True,train,calculator,Citizen,blue,faded keys | slide cover,Parking Lot,lost_only,U0047,L0398,,"{""model"": ""fx-82MS"", ""name_marking"": ""a sticker with a roll number"", ""cover"": ""no cover"", ""damage"": ""a missing key cap""}"
I0456,I0456,False,train,keys,,red,steel ring | small padlock key,CS Block,matched,U0621,L0399,F0402,"{""key_count"": ""two keys"", ""charm"": ""a bottle opener"", ""tag_text"": ""a room number"", ""ring_type"": ""a carabiner""}"
I0457,I0457,False,test,charger,Samsung,black,braided cable | fast charging type,Admin Block,lost_only,U0321,L0400,,"{""type"": ""a 65W laptop charger"", ""cable_wrap"": ""no wrap"", ""marking"": ""no marking"", ""damage"": ""no damage""}"
I0458,I0458,False,val,laptop,HP,grey,sticker on the lid | black sleeve | 15 inch screen,Parking Lot,lost_only,U0500,L0401,,"{""lid_sticker"": ""a GitHub sticker"", ""wallpaper"": ""an anime character"", ""charger_included"": ""yes, with an extension cord"", ""scratch"": ""worn keys near the touchpad""}"
I0459,I0458,True,val,laptop,HP,grey,sticker on the lid | backlit keyboard,Parking Lot,matched,U0577,L0402,F0403,"{""lid_sticker"": ""a GitHub sticker"", ""wallpaper"": ""plain black"", ""charger_included"": ""yes, with an extension cord"", ""scratch"": ""dent on the lid""}"
I0460,I0460,False,val,notebook,Navneet,black,sticky notes inside | spiral bound,Playground,matched,U0054,L0403,F0404,"{""cover_doodle"": ""subject name only"", ""subject"": ""DBMS"", ""first_page"": ""a name and roll number"", ""loose_item"": ""nothing inside""}"
I0461,I0461,False,val,backpack,Skybags,black,reflective strip | one side pocket,Girls Hostel,matched,U0393,L0404,F0405,"{""front_pocket_contents"": ""tissues and a comb"", ""keychain"": ""a metal bottle-opener keychain"", ""inner_lining_color"": ""red"", ""tag_or_sticker"": ""a bus pass holder""}"
I0462,I0462,False,test,spectacles case,,black,zip closure | hard shell | small logo,Bus Stop,lost_only,U0227,L0405,,"{""frame_color"": ""silver frame"", ""case_inside"": ""a spare nose pad"", ""lens_condition"": ""no scratches"", ""case_print"": ""a floral print""}"
I0463,I0463,False,train,power bank,Anker,white,slim body | LED indicator,Stationery Shop,found_only,,,F0406,"{""capacity"": ""10000 mAh slim"", ""cable"": ""no cable"", ""sticker"": ""no sticker"", ""damage"": ""a loose port""}"
I0464,I0464,False,test,spectacles case,Titan,blue,soft pouch | zip closure | hard shell,ECE Block,lost_only,U0137,L0406,,"{""frame_color"": ""gold frame"", ""case_inside"": ""a spare nose pad"", ""lens_condition"": ""no scratches"", ""case_print"": ""a logo of an optical shop""}"
I0465,I0465,False,train,charger,Apple,white,long cable | fast charging type,ECE Block,matched,U0649,L0407,F0407,"{""type"": ""a 33W fast charger"", ""cable_wrap"": ""no wrap"", ""marking"": ""a name written in marker"", ""damage"": ""a bent pin""}"
I0466,I0466,False,train,laptop,HP,black,black sleeve | backlit keyboard,Bus Stop,matched,U0350,L0408,F0408,"{""lid_sticker"": ""a band sticker"", ""wallpaper"": ""a family photo"", ""charger_included"": ""yes, with an extension cord"", ""scratch"": ""no visible scratch""}"
I0467,I0467,False,train,earbuds case,boAt,blue,small LED light | scuffed lid | silicone cover,Playground,matched,U0384,L0409,F0409,"{""cover"": ""a silicone cover with a hook"", ""engraved"": ""a heart drawn with marker"", ""buds_present"": ""only the left bud"", ""charm"": ""a tiny bear charm""}"
I0468,I0468,False,train,water bottle,Cello,orange,flip cap | scratched paint,Mechanical Block,matched,U0156,L0410,F0410,"{""sticker"": ""no sticker"", ""dent_location"": ""no dent"", ""content"": ""a tea bag inside"", ""strap"": ""no strap""}"
I0469,I0469,False,val,charger,Samsung,white,two-pin plug | braided cable | long cable,Mechanical Block,matched,U0283,L0411,F0411,"{""type"": ""a 20W phone charger"", ""cable_wrap"": ""a rubber band around the cable"", ""marking"": ""a name written in marker"", ""damage"": ""a frayed cable near the pin""}"
I0470,I0469,True,val,charger,Samsung,white,two-pin plug | fast charging type,Mechanical Block,lost_only,U0668,L0412,,"{""type"": ""a USB cable with adapter"", ""cable_wrap"": ""a velcro wrap"", ""marking"": ""a name written in marker"", ""damage"": ""no damage""}"
I0471,I0471,False,train,water bottle,Tupperware,blue,scratched paint | flip cap,Parking Lot,matched,U0212,L0413,F0412,"{""sticker"": ""a name label"", ""dent_location"": ""no dent"", ""content"": ""a lemon slice inside"", ""strap"": ""a rope handle""}"
I0472,I0472,False,train,laptop,MacBook,black,15 inch screen | sticker on the lid | black sleeve,CS Block,matched,U0671,L0414,F0413,"{""lid_sticker"": ""a Python sticker"", ""wallpaper"": ""a car photo"", ""charger_included"": ""only the cable"", ""scratch"": ""scratch on the left corner""}"
I0473,I0472,True,train,laptop,MacBook,black,15 inch screen | backlit keyboard,Canteen,matched,U0356,L0415,F0414,"{""lid_sticker"": ""a cartoon sticker"", ""wallpaper"": ""an anime character"", ""charger_included"": ""no charger"", ""scratch"": ""worn keys near the touchpad""}"
I0474,I0474,False,train,smartwatch,Noise,pink,round dial | silicone strap,CS Block,lost_only,U0431,L0416,,"{""strap_color"": ""an olive strap"", ""watch_face"": ""an analog face"", ""damage"": ""a scratch on the glass"", ""extras"": ""no dock""}"
I0475,I0475,False,test,wallet,Woodland,grey,worn edges | metal logo,Boys Hostel,matched,U0373,L0417,F0415,"{""card_in_first_slot"": ""a bus pass"", ""cash_range"": ""no cash"", ""photo_inside"": ""no photo"", ""other_item"": ""a small key""}"
I0476,I0476,False,val,phone,Motorola,white,cracked screen corner | transparent case | dual camera,Admin Block,lost_only,U0577,L0418,,"{""wallpaper"": ""a beach photo"", ""back_sticker"": ""a ring holder"", ""case_type"": ""green case with raised corners"", ""screen_damage"": ""a dead pixel line""}"
I0477,I0477,False,test,backpack,Wildcraft,green,reflective strip | two front zips,Girls Hostel,found_only,,,F0416,"{""front_pocket_contents"": ""a blue pen and a charger"", ""keychain"": ""a red heart keychain"", ""inner_lining_color"": ""red"", ""tag_or_sticker"": ""a bus pass holder""}"
I0478,I0478,False,train,power bank,Mi,white,USB-C port | slim body | LED indicator,Boys Hostel,matched,U0576,L0419,F0417,"{""capacity"": ""5000 mAh"", ""cable"": ""a type-C cable"", ""sticker"": ""a name sticker"", ""damage"": ""a dent on one corner""}"
I0479,I0479,False,train,wallet,Woodland,brown,leather finish | worn edges,Girls Hostel,matched,U0508,L0420,F0418,"{""card_in_first_slot"": ""a debit card"", ""cash_range"": ""under 100 rupees"", ""photo_inside"": ""no photo"", ""other_item"": ""a coin""}"
I0480,I0480,False,train,laptop,Dell,blue,black sleeve | backlit keyboard | sticker on the lid,Canteen,matched,U0082,L0421,F0419,"{""lid_sticker"": ""no sticker"", ""wallpaper"": ""a car photo"", ""charger_included"": ""yes, with an extension cord"", ""scratch"": ""no visible scratch""}"
I0481,I0480,True,train,laptop,Dell,blue,black sleeve | 15 inch screen,Stationery Shop,matched,U0400,L0422,F0420,"{""lid_sticker"": ""a GitHub sticker"", ""wallpaper"": ""a cat photo"", ""charger_included"": ""yes, with a black adapter"", ""scratch"": ""worn keys near the touchpad""}"
I0482,I0482,False,train,backpack,Adidas,navy blue,white logo | reflective strip,Library,found_only,,,F0421,"{""front_pocket_contents"": ""a water bottle"", ""keychain"": ""a football keychain"", ""inner_lining_color"": ""grey"", ""tag_or_sticker"": ""a name tag with initials""}"
I0483,I0482,True,train,backpack,Adidas,navy blue,white logo | two front zips,Library,matched,U0727,L0423,F0422,"{""front_pocket_contents"": ""an umbrella"", ""keychain"": ""a red heart keychain"", ""inner_lining_color"": ""grey"", ""tag_or_sticker"": ""a name tag with initials""}"
I0484,I0484,False,train,water bottle,Decathlon,silver,steel body | scratched paint | flip cap,Mechanical Block,found_only,,,F0423,"{""sticker"": ""a football sticker"", ""dent_location"": ""no dent"", ""content"": ""half filled with water"", ""strap"": ""a rope handle""}"
I0485,I0485,False,train,backpack,Wildcraft,maroon,two front zips | slightly torn near the strap | white logo,Mechanical Block,matched,U0292,L0424,F0424,"{""front_pocket_contents"": ""a lunch box"", ""keychain"": ""a small panda keychain"", ""inner_lining_color"": ""grey"", ""tag_or_sticker"": ""a college fest tag""}"
I0486,I0486,False,train,phone,Vivo,white,cracked screen corner | transparent case | pop socket on the back,Auditorium,matched,U0708,L0425,F0425,"{""wallpaper"": ""a cat photo"", ""back_sticker"": ""a small smiley sticker"", ""case_type"": ""no case"", ""screen_damage"": ""small chip on the bottom edge""}"
I0487,I0486,True,train,phone,Vivo,white,cracked screen corner | dual camera,Auditorium,lost_only,U0654,L0426,,"{""wallpaper"": ""a beach photo"", ""back_sticker"": ""a ring holder"", ""case_type"": ""blue hard case"", ""screen_damage"": ""small chip on the bottom edge""}"
I0488,I0488,False,test,water bottle,Tupperware,orange,steel body | scratched paint,Mechanical Block,matched,U0247,L0427,F0426,"{""sticker"": ""an NGO logo sticker"", ""dent_location"": ""dent near the neck"", ""content"": ""a tea bag inside"", ""strap"": ""a rope handle""}"
I0489,I0489,False,train,backpack,Skybags,black,laptop compartment | reflective strip,Gym,matched,U0663,L0428,F0427,"{""front_pocket_contents"": ""a pair of earphones"", ""keychain"": ""a metal bottle-opener keychain"", ""inner_lining_color"": ""orange"", ""tag_or_sticker"": ""a college fest tag""}"
I0490,I0490,False,test,earbuds case,Noise,black,silicone cover | lanyard hook | small LED light,Gym,matched,U0239,L0429,F0428,"{""cover"": ""a cartoon silicone cover"", ""engraved"": ""initial S"", ""buds_present"": ""both buds present"", ""charm"": ""no charm""}"
I0491,I0491,False,train,spectacles case,,grey,hard shell | small logo,Parking Lot,found_only,,,F0429,"{""frame_color"": ""gold frame"", ""case_inside"": ""a cleaning cloth"", ""lens_condition"": ""no scratches"", ""case_print"": ""a name label""}"
I0492,I0492,False,test,earbuds case,boAt,white,small LED light | silicone cover | lanyard hook,Playground,matched,U0234,L0430,F0430,"{""cover"": ""a glitter cover"", ""engraved"": ""no marking"", ""buds_present"": ""only the right bud"", ""charm"": ""no charm""}"
I0493,I0492,True,test,earbuds case,boAt,white,small LED light | scuffed lid,Auditorium,matched,U0308,L0431,F0431,"{""cover"": ""a cartoon silicone cover"", ""engraved"": ""initial R"", ""buds_present"": ""only the right bud"", ""charm"": ""a beaded charm""}"
I0494,I0494,False,val,earbuds case,AirPods,blue,small LED light | lanyard hook,Girls Hostel,matched,U0548,L0432,F0432,"{""cover"": ""a glitter cover"", ""engraved"": ""initial R"", ""buds_present"": ""only the left bud"", ""charm"": ""a tiny bear charm""}"
I0495,I0495,False,test,laptop,MacBook,blue,black sleeve | sticker on the lid | backlit keyboard,Library,found_only,,,F0433,"{""lid_sticker"": ""a band sticker"", ""wallpaper"": ""a mountain sunset"", ""charger_included"": ""yes, with a black adapter"", ""scratch"": ""no visible scratch""}"
I0496,I0496,False,train,umbrella,Lifelong,navy blue,printed edges | folding type | automatic open button,Playground,matched,U0377,L0433,F0434,"{""handle"": ""a black plastic handle"", ""print"": ""a checked pattern"", ""damage"": ""a bent rib"", ""strap_color"": ""a black Velcro strap""}"
I0497,I0496,True,train,umbrella,Lifelong,navy blue,printed edges | bent rib,Playground,matched,U0502,L0434,F0435,"{""handle"": ""a black plastic handle"", ""print"": ""plain inside"", ""damage"": ""a missing button"", ""strap_color"": ""no strap""}"
I0498,I0498,False,train,spectacles case,Lenskart,grey,hard shell | soft pouch,Main Gate,matched,U0718,L0435,F0436,"{""frame_color"": ""transparent frame"", ""case_inside"": ""no cloth"", ""lens_condition"": ""no scratches"", ""case_print"": ""a logo of an optical shop""}"
I0499,I0499,False,val,laptop,Lenovo,blue,sticker on the lid | black sleeve,Library,lost_only,U0083,L0436,,"{""lid_sticker"": ""a GitHub sticker"", ""wallpaper"": ""an anime character"", ""charger_included"": ""only the cable"", ""scratch"": ""worn keys near the touchpad""}"
I0500,I0500,False,train,calculator,Citizen,blue,slide cover | solar panel | faded keys,Bus Stop,matched,U0314,L0437,F0437,"{""model"": ""fx-570ES"", ""name_marking"": ""no marking"", ""cover"": ""no cover"", ""damage"": ""a missing key cap""}"
I0501,I0501,False,val,water bottle,Milton,pink,scratched paint | steel body | flip cap,Canteen,lost_only,U0305,L0438,,"{""sticker"": ""a cartoon sticker"", ""dent_location"": ""dent near the bottom"", ""content"": ""a lemon slice inside"", ""strap"": ""no strap""}"
I0502,I0502,False,train,power bank,Syska,silver,LED indicator | slim body,Main Gate,matched,U0490,L0439,F0438,"{""capacity"": ""10000 mAh"", ""cable"": ""no cable"", ""sticker"": ""a cartoon sticker"", ""damage"": ""a scratched back""}"
I0503,I0503,False,train,charger,Samsung,white,braided cable | fast charging type,Boys Hostel,matched,U0353,L0440,F0439,"{""type"": ""a 20W phone charger"", ""cable_wrap"": ""no wrap"", ""marking"": ""initials"", ""damage"": ""a cracked adapter body""}"
I0504,I0504,False,val,wallet,Puma,grey,worn edges | leather finish,Boys Hostel,matched,U0518,L0441,F0440,"{""card_in_first_slot"": ""a bus pass"", ""cash_range"": ""500 to 2000 rupees"", ""photo_inside"": ""a small deity picture"", ""other_item"": ""a small key""}"
I0505,I0505,False,train,earbuds case,AirPods,blue,small LED light | lanyard hook | scuffed lid,Playground,matched,U0110,L0442,F0441,"{""cover"": ""a plain case"", ""engraved"": ""a name label"", ""buds_present"": ""only the right bud"", ""charm"": ""a beaded charm""}"
I0506,I0505,True,train,earbuds case,AirPods,blue,small LED light | silicone cover,Playground,matched,U0650,L0443,F0442,"{""cover"": ""a plain case"", ""engraved"": ""no marking"", ""buds_present"": ""both buds present"", ""charm"": ""a beaded charm""}"
I0507,I0507,False,train,phone,Redmi,silver,dual camera | transparent case,Auditorium,found_only,,,F0443,"{""wallpaper"": ""a mountain sunset"", ""back_sticker"": ""no sticker"", ""case_type"": ""transparent case"", ""screen_damage"": ""a dead pixel line""}"
I0508,I0507,True,train,phone,Redmi,silver,dual camera | pop socket on the back,Auditorium,matched,U0170,L0444,F0444,"{""wallpaper"": ""a beach photo"", ""back_sticker"": ""no sticker"", ""case_type"": ""blue hard case"", ""screen_damage"": ""scratched tempered glass""}"
I0509,I0509,False,val,charger,Realme,black,fast charging type | long cable | braided cable,Playground,matched,U0628,L0445,F0445,"{""type"": ""a 65W laptop charger"", ""cable_wrap"": ""tape on the cable"", ""marking"": ""a name written in marker"", ""damage"": ""a bent pin""}"
I0510,I0509,True,val,charger,Realme,black,fast charging type | two-pin plug,Playground,lost_only,U0586,L0446,,"{""type"": ""a 33W fast charger"", ""cable_wrap"": ""a rubber band around the cable"", ""marking"": ""a name written in marker"", ""damage"": ""a bent pin""}"
I0511,I0511,False,train,spectacles case,Lenskart,grey,soft pouch | small logo,Main Gate,lost_only,U0167,L0447,,"{""frame_color"": ""silver frame"", ""case_inside"": ""a visiting card"", ""lens_condition"": ""an anti-glare coating"", ""case_print"": ""a logo of an optical shop""}"
I0512,I0512,False,train,umbrella,Popy,black,automatic open button | bent rib | folding type,Stationery Shop,lost_only,U0177,L0448,,"{""handle"": ""a straight handle"", ""print"": ""a company logo"", ""damage"": ""no damage"", ""strap_color"": ""no strap""}"
I0513,I0513,False,test,umbrella,Fastrack,pink,bent rib | printed edges,Boys Hostel,matched,U0393,L0449,F0446,"{""handle"": ""a handle with a rubber grip"", ""print"": ""floral print inside"", ""damage"": ""a torn edge"", ""strap_color"": ""a red strap""}"
I0514,I0514,False,val,water bottle,Milton,black,scratched paint | steel body,Playground,matched,U0729,L0450,F0447,"{""sticker"": ""a fest sticker"", ""dent_location"": ""dent on the cap"", ""content"": ""empty"", ""strap"": ""a rope handle""}"
I0515,I0514,True,val,water bottle,Milton,black,scratched paint | flip cap,Playground,matched,U0750,L0451,F0448,"{""sticker"": ""no sticker"", ""dent_location"": ""dent on the cap"", ""content"": ""a tea bag inside"", ""strap"": ""no strap""}"
I0516,I0516,False,train,charger,Realme,black,long cable | fast charging type,Auditorium,matched,U0684,L0452,F0449,"{""type"": ""a USB cable with adapter"", ""cable_wrap"": ""a velcro wrap"", ""marking"": ""no marking"", ""damage"": ""no damage""}"
I0517,I0517,False,test,backpack,Puma,grey,two front zips | laptop compartment,Stationery Shop,matched,U0133,L0453,F0450,"{""front_pocket_contents"": ""two notebooks"", ""keychain"": ""a football keychain"", ""inner_lining_color"": ""black"", ""tag_or_sticker"": ""a yellow ribbon on the zip""}"
I0518,I0518,False,train,calculator,Citizen,grey,scientific type | faded keys,Canteen,matched,U0359,L0454,F0451,"{""model"": ""fx-991EX"", ""name_marking"": ""initials on the cover"", ""cover"": ""no cover"", ""damage"": ""a missing key cap""}"
I0519,I0519,False,train,notebook,,green,sticky notes inside | spiral bound,Playground,matched,U0225,L0455,F0452,"{""cover_doodle"": ""a sticker of a planet"", ""subject"": ""Engineering Maths"", ""first_page"": ""a name and roll number"", ""loose_item"": ""a loose sheet inside""}"
I0520,I0520,False,train,keys,,brown,plastic tag | bike key with a rubber cover | steel ring,Admin Block,found_only,,,F0453,"{""key_count"": ""three keys"", ""charm"": ""a cartoon figure"", ""tag_text"": ""no tag"", ""ring_type"": ""a split ring with a loop""}"
I0521,I0521,False,train,laptop,Dell,black,backlit keyboard | sticker on the lid | 15 inch screen,ECE Block,found_only,,,F0454,"{""lid_sticker"": ""a college club sticker"", ""wallpaper"": ""an anime character"", ""charger_included"": ""only the cable"", ""scratch"": ""scratch on the left corner""}"
I0522,I0521,True,train,laptop,Dell,black,backlit keyboard | black sleeve,Mechanical Block,matched,U0552,L0456,F0455,"{""lid_sticker"": ""a GitHub sticker"", ""wallpaper"": ""a cricket player photo"", ""charger_included"": ""only the cable"", ""scratch"": ""worn keys near the touchpad""}"
I0523,I0523,False,train,umbrella,,pink,automatic open button | folding type,Gym,matched,U0084,L0457,F0456,"{""handle"": ""a black plastic handle"", ""print"": ""a company logo"", ""damage"": ""a torn edge"", ""strap_color"": ""no strap""}"
I0524,I0524,False,train,phone,Vivo,silver,pop socket on the back | transparent case,Girls Hostel,found_only,,,F0457,"{""wallpaper"": ""a family photo"", ""back_sticker"": ""a ring holder"", ""case_type"": ""black silicone case"", ""screen_damage"": ""crack at top-left corner""}"
I0525,I0524,True,train,phone,Vivo,silver,pop socket on the back | cracked screen corner,Girls Hostel,matched,U0574,L0458,F0458,"{""wallpaper"": ""a cat photo"", ""back_sticker"": ""a band logo sticker"", ""case_type"": ""no case"", ""screen_damage"": ""crack at top-left corner""}"
I0526,I0526,False,train,power bank,Syska,black,rubber finish | LED indicator,CS Block,matched,U0336,L0459,F0459,"{""capacity"": ""5000 mAh"", ""cable"": ""a type-C cable"", ""sticker"": ""a cartoon sticker"", ""damage"": ""a loose port""}"
I0527,I0526,True,train,power bank,Syska,black,rubber finish | USB-C port,ECE Block,matched,U0444,L0460,F0460,"{""capacity"": ""10000 mAh"", ""cable"": ""a lightning cable"", ""sticker"": ""no sticker"", ""damage"": ""a loose port""}"
I0528,I0528,False,train,smartwatch,Amazfit,black,round dial | silicone strap,Gym,matched,U0597,L0461,F0461,"{""strap_color"": ""a white strap"", ""watch_face"": ""a digital face with steps"", ""damage"": ""a loose strap"", ""extras"": ""the charging dock in a pouch""}"
I0529,I0529,False,val,water bottle,Tupperware,blue,steel body | scratched paint,Canteen,matched,U0721,L0462,F0462,"{""sticker"": ""a football sticker"", ""dent_location"": ""dent near the neck"", ""content"": ""empty"", ""strap"": ""a loop on the cap""}"
I0530,I0529,True,val,water bottle,Tupperware,blue,steel body | flip cap,ECE Block,matched,U0714,L0463,F0463,"{""sticker"": ""a football sticker"", ""dent_location"": ""dent on the cap"", ""content"": ""a tea bag inside"", ""strap"": ""a loop on the cap""}"
I0531,I0531,False,train,power bank,Ambrane,black,rubber finish | USB-C port,Mechanical Block,matched,U0275,L0464,F0464,"{""capacity"": ""5000 mAh"", ""cable"": ""a short white cable attached"", ""sticker"": ""a name sticker"", ""damage"": ""a dent on one corner""}"
I0532,I0532,False,train,keys,,brown,bike key with a rubber cover | small padlock key,Admin Block,found_only,,,F0465,"{""key_count"": ""five keys"", ""charm"": ""a bell charm"", ""tag_text"": ""a hostel name"", ""ring_type"": ""a steel ring""}"
I0533,I0533,False,train,spectacles case,Titan,brown,small logo | hard shell | zip closure,CS Block,lost_only,U0172,L0465,,"{""frame_color"": ""black frame"", ""case_inside"": ""a spare nose pad"", ""lens_condition"": ""a slightly loose screw"", ""case_print"": ""a floral print""}"
I0534,I0534,False,train,wallet,Fastrack,black,zip coin pocket | leather finish,Gym,matched,U0493,L0466,F0466,"{""card_in_first_slot"": ""a library card"", ""cash_range"": ""over 2000 rupees"", ""photo_inside"": ""a passport-size photo"", ""other_item"": ""a library slip""}"
I0535,I0535,False,train,smartwatch,Noise,black,silicone strap | round dial | scratch on the glass,Library,matched,U0534,L0467,F0467,"{""strap_color"": ""a pink strap"", ""watch_face"": ""a cricket watch face"", ""damage"": ""a scratch on the glass"", ""extras"": ""no dock""}"
I0536,I0536,False,train,power bank,Mi,black,USB-C port | slim body,Parking Lot,matched,U0329,L0468,F0468,"{""capacity"": ""5000 mAh"", ""cable"": ""no cable"", ""sticker"": ""no sticker"", ""damage"": ""a loose port""}"
I0537,I0537,False,train,calculator,Citizen,black,solar panel | slide cover | faded keys,CS Block,lost_only,U0241,L0469,,"{""model"": ""fx-82MS"", ""name_marking"": ""no marking"", ""cover"": ""no cover"", ""damage"": ""a faded 7 key""}"
I0538,I0538,False,test,keys,,red,plastic tag | small padlock key,Mechanical Block,matched,U0538,L0470,F0469,"{""key_count"": ""three keys"", ""charm"": ""a plastic football"", ""tag_text"": ""a cycle lock key attached"", ""ring_type"": ""a carabiner""}"
I0539,I0539,False,val,backpack,American Tourister,black,laptop compartment | white logo | two front zips,Library,matched,U0337,L0471,F0470,"{""front_pocket_contents"": ""a water bottle"", ""keychain"": ""a metal bottle-opener keychain"", ""inner_lining_color"": ""green"", ""tag_or_sticker"": ""a name tag with initials""}"
I0540,I0540,False,train,spectacles case,Titan,brown,soft pouch | hard shell | zip closure,Canteen,matched,U0663,L0472,F0471,"{""frame_color"": ""transparent frame"", ""case_inside"": ""a spare nose pad"", ""lens_condition"": ""no scratches"", ""case_print"": ""a name label""}"
I0541,I0541,False,train,backpack,Puma,maroon,slightly torn near the strap | white logo | one side pocket,Admin Block,matched,U0586,L0473,F0472,"{""front_pocket_contents"": ""a calculator and a ruler"", ""keychain"": ""a small panda keychain"", ""inner_lining_color"": ""red"", ""tag_or_sticker"": ""a college fest tag""}"
I0542,I0542,False,test,spectacles case,,brown,zip closure | soft pouch | hard shell,Parking Lot,matched,U0473,L0474,F0473,"{""frame_color"": ""silver frame"", ""case_inside"": ""a spare nose pad"", ""lens_condition"": ""an anti-glare coating"", ""case_print"": ""a floral print""}"
I0543,I0543,False,val,earbuds case,Realme,white,scuffed lid | small LED light,Admin Block,matched,U0114,L0475,F0474,"{""cover"": ""a silicone cover with a hook"", ""engraved"": ""no marking"", ""buds_present"": ""only the right bud"", ""charm"": ""a tiny bear charm""}"
I0544,I0543,True,val,earbuds case,Realme,white,scuffed lid | lanyard hook,Admin Block,matched,U0485,L0476,F0475,"{""cover"": ""a glitter cover"", ""engraved"": ""a name label"", ""buds_present"": ""both buds present"", ""charm"": ""a metal ring""}"
I0545,I0545,False,train,water bottle,Milton,orange,1 litre size | flip cap | steel body,Admin Block,found_only,,,F0476,"{""sticker"": ""a football sticker"", ""dent_location"": ""dent on the cap"", ""content"": ""a lemon slice inside"", ""strap"": ""a loop on the cap""}"
I0546,I0546,False,test,wallet,Fastrack,navy blue,worn edges | leather finish | metal logo,ECE Block,matched,U0411,L0477,F0477,"{""card_in_first_slot"": ""a metro card"", ""cash_range"": ""no cash"", ""photo_inside"": ""a passport-size photo"", ""other_item"": ""a library slip""}"
I0547,I0547,False,train,earbuds case,OnePlus,pink,small LED light | silicone cover | scuffed lid,Main Gate,matched,U0068,L0478,F0478,"{""cover"": ""a silicone cover with a hook"", ""engraved"": ""initial A"", ""buds_present"": ""only the right bud"", ""charm"": ""a tiny bear charm""}"
I0548,I0548,False,train,umbrella,Fastrack,grey,automatic open button | folding type,ECE Block,matched,U0331,L0479,F0479,"{""handle"": ""a curved wooden handle"", ""print"": ""a checked pattern"", ""damage"": ""a torn edge"", ""strap_color"": ""a black Velcro strap""}"
I0549,I0548,True,train,umbrella,Fastrack,grey,automatic open button | bent rib,ECE Block,matched,U0654,L0480,F0480,"{""handle"": ""a black plastic handle"", ""print"": ""a checked pattern"", ""damage"": ""a missing button"", ""strap_color"": ""a black Velcro strap""}"
I0550,I0550,False,train,earbuds case,Noise,white,small LED light | silicone cover,ECE Block,found_only,,,F0481,"{""cover"": ""a glitter cover"", ""engraved"": ""initial R"", ""buds_present"": ""only the right bud"", ""charm"": ""a beaded charm""}"
I0551,I0551,False,train,keys,,silver,small padlock key | plastic tag | bike key with a rubber cover,Mechanical Block,matched,U0008,L0481,F0482,"{""key_count"": ""three keys"", ""charm"": ""a leather tag"", ""tag_text"": ""a room number"", ""ring_type"": ""a steel ring""}"
I0552,I0552,False,train,wallet,Hidesign,brown,metal logo | zip coin pocket | leather finish,CS Block,matched,U0233,L0482,F0483,"{""card_in_first_slot"": ""a debit card"", ""cash_range"": ""under 100 rupees"", ""photo_inside"": ""a family photo"", ""other_item"": ""a folded receipt""}"
I0553,I0552,True,train,wallet,Hidesign,brown,metal logo | worn edges,Canteen,lost_only,U0098,L0483,,"{""card_in_first_slot"": ""a metro card"", ""cash_range"": ""over 2000 rupees"", ""photo_inside"": ""a small deity picture"", ""other_item"": ""a folded receipt""}"
I0554,I0554,False,train,earbuds case,AirPods,blue,scuffed lid | lanyard hook | small LED light,Boys Hostel,matched,U0379,L0484,F0484,"{""cover"": ""a cartoon silicone cover"", ""engraved"": ""initial R"", ""buds_present"": ""only the right bud"", ""charm"": ""a tiny bear charm""}"
I0555,I0555,False,train,wallet,Woodland,grey,zip coin pocket | worn edges,Stationery Shop,found_only,,,F0485,"{""card_in_first_slot"": ""a library card"", ""cash_range"": ""100 to 500 rupees"", ""photo_inside"": ""a passport-size photo"", ""other_item"": ""a visiting card""}"
I0556,I0556,False,train,water bottle,Decathlon,silver,steel body | scratched paint,Parking Lot,matched,U0070,L0485,F0486,"{""sticker"": ""a cartoon sticker"", ""dent_location"": ""scratch on the side"", ""content"": ""a tea bag inside"", ""strap"": ""no strap""}"
I0557,I0556,True,train,water bottle,Decathlon,silver,steel body | flip cap,Parking Lot,matched,U0133,L0486,F0487,"{""sticker"": ""no sticker"", ""dent_location"": ""dent near the neck"", ""content"": ""a lemon slice inside"", ""strap"": ""a rope handle""}"
I0558,I0558,False,train,power bank,Realme,silver,LED indicator | rubber finish,Boys Hostel,matched,U0214,L0487,F0488,"{""capacity"": ""5000 mAh"", ""cable"": ""no cable"", ""sticker"": ""a name sticker"", ""damage"": ""no damage""}"
I0559,I0559,False,test,calculator,Citizen,grey,faded keys | slide cover,CS Block,matched,U0652,L0488,F0489,"{""model"": ""fx-991ES Plus"", ""name_marking"": ""a sticker with a roll number"", ""cover"": ""no cover"", ""damage"": ""a cracked corner""}"
I0560,I0559,True,test,calculator,Citizen,grey,faded keys | solar panel,CS Block,matched,U0776,L0489,F0490,"{""model"": ""fx-991EX"", ""name_marking"": ""no marking"", ""cover"": ""a black slide cover"", ""damage"": ""a faded 7 key""}"
I0561,I0561,False,train,keys,,silver,bike key with a rubber cover | small padlock key | plastic tag,Main Gate,matched,U0374,L0490,F0491,"{""key_count"": ""three keys"", ""charm"": ""a plastic football"", ""tag_text"": ""no tag"", ""ring_type"": ""a carabiner""}"
I0562,I0561,True,train,keys,,silver,bike key with a rubber cover | steel ring,Main Gate,lost_only,U0173,L0491,,"{""key_count"": ""five keys"", ""charm"": ""a bell charm"", ""tag_text"": ""a room number"", ""ring_type"": ""a plastic ring""}"
I0563,I0563,False,test,laptop,HP,grey,sticker on the lid | backlit keyboard,Girls Hostel,found_only,,,F0492,"{""lid_sticker"": ""a college club sticker"", ""wallpaper"": ""a car photo"", ""charger_included"": ""no charger"", ""scratch"": ""scratch on the left corner""}"
I0564,I0564,False,train,phone,Redmi,green,dual camera | transparent case,Boys Hostel,matched,U0757,L0492,F0493,"{""wallpaper"": ""a cricket player photo"", ""back_sticker"": ""a metro card in the cover"", ""case_type"": ""no case"", ""screen_damage"": ""small chip on the bottom edge""}"
I0565,I0565,False,test,water bottle,Tupperware,black,scratched paint | 1 litre size | flip cap,Bus Stop,matched,U0142,L0493,F0494,"{""sticker"": ""a football sticker"", ""dent_location"": ""dent on the cap"", ""content"": ""a lemon slice inside"", ""strap"": ""a rope handle""}"
I0566,I0566,False,val,water bottle,Milton,pink,flip cap | scratched paint,Gym,matched,U0230,L0494,F0495,"{""sticker"": ""a football sticker"", ""dent_location"": ""no dent"", ""content"": ""a lemon slice inside"", ""strap"": ""a rope handle""}"
I0567,I0567,False,train,laptop,MacBook,blue,black sleeve | 15 inch screen | sticker on the lid,ECE Block,lost_only,U0411,L0495,,"{""lid_sticker"": ""a Python sticker"", ""wallpaper"": ""plain black"", ""charger_included"": ""only the cable"", ""scratch"": ""no visible scratch""}"
I0568,I0567,True,train,laptop,MacBook,blue,black sleeve | backlit keyboard,Stationery Shop,matched,U0696,L0496,F0496,"{""lid_sticker"": ""a college club sticker"", ""wallpaper"": ""a beach photo"", ""charger_included"": ""no charger"", ""scratch"": ""worn keys near the touchpad""}"
I0569,I0569,False,train,umbrella,Popy,black,automatic open button | bent rib | printed edges,Bus Stop,matched,U0738,L0497,F0497,"{""handle"": ""a straight handle"", ""print"": ""a company logo"", ""damage"": ""a torn edge"", ""strap_color"": ""a blue strap""}"
I0570,I0570,False,test,laptop,Acer,grey,backlit keyboard | 15 inch screen,Main Gate,matched,U0494,L0498,F0498,"{""lid_sticker"": ""a GitHub sticker"", ""wallpaper"": ""a family photo"", ""charger_included"": ""yes, with a black adapter"", ""scratch"": ""worn keys near the touchpad""}"
I0571,I0571,False,train,umbrella,Fastrack,red,automatic open button | printed edges | bent rib,Gym,matched,U0700,L0499,F0499,"{""handle"": ""a handle with a rubber grip"", ""print"": ""a company logo"", ""damage"": ""a missing button"", ""strap_color"": ""no strap""}"
I0572,I0572,False,train,earbuds case,Noise,white,silicone cover | small LED light | lanyard hook,Main Gate,matched,U0207,L0500,F0500,"{""cover"": ""a cartoon silicone cover"", ""engraved"": ""a heart drawn with marker"", ""buds_present"": ""only the left bud"", ""charm"": ""a tiny bear charm""}"
I0573,I0572,True,train,earbuds case,Noise,white,silicone cover | scuffed lid,Main Gate,matched,U0524,L0501,F0501,"{""cover"": ""a glitter cover"", ""engraved"": ""a name label"", ""buds_present"": ""no buds"", ""charm"": ""a beaded charm""}"
I0574,I0574,False,val,notebook,Classmate,blue,hard cover | 200 pages | sticky notes inside,Admin Block,found_only,,,F0502,"{""cover_doodle"": ""subject name only"", ""subject"": ""Machine Learning"", ""first_page"": ""a name and roll number"", ""loose_item"": ""a pen clipped inside""}"
I0575,I0574,True,val,notebook,Classmate,blue,hard cover | spiral bound,Admin Block,matched,U0756,L0502,F0503,"{""cover_doodle"": ""a name label"", ""subject"": ""Physics"", ""first_page"": ""a name and roll number"", ""loose_item"": ""a loose sheet inside""}"
I0576,I0576,False,train,wallet,Fastrack,brown,worn edges | leather finish | metal logo,Bus Stop,lost_only,U0216,L0503,,"{""card_in_first_slot"": ""a bus pass"", ""cash_range"": ""under 100 rupees"", ""photo_inside"": ""a family photo"", ""other_item"": ""a coin""}"
I0577,I0577,False,train,calculator,Casio,blue,slide cover | scientific type,Canteen,matched,U0022,L0504,F0504,"{""model"": ""fx-82MS"", ""name_marking"": ""no marking"", ""cover"": ""a black slide cover"", ""damage"": ""a faded 7 key""}"
I0578,I0578,False,test,calculator,Casio,grey,slide cover | faded keys | solar panel,Bus Stop,found_only,,,F0505,"{""model"": ""fx-991ES Plus"", ""name_marking"": ""a sticker with a roll number"", ""cover"": ""a black slide cover"", ""damage"": ""a missing key cap""}"
I0579,I0579,False,test,backpack,Safari,red,slightly torn near the strap | white logo | one side pocket,Playground,matched,U0327,L0505,F0506,"{""front_pocket_contents"": ""tissues and a comb"", ""keychain"": ""a metal bottle-opener keychain"", ""inner_lining_color"": ""black"", ""tag_or_sticker"": ""a name tag with initials""}"
I0580,I0580,False,train,laptop,HP,silver,black sleeve | sticker on the lid,Bus Stop,matched,U0279,L0506,F0507,"{""lid_sticker"": ""a cartoon sticker"", ""wallpaper"": ""a cat photo"", ""charger_included"": ""only the cable"", ""scratch"": ""dent on the lid""}"
I0581,I0581,False,test,wallet,Woodland,maroon,metal logo | zip coin pocket,Stationery Shop,found_only,,,F0508,"{""card_in_first_slot"": ""a college ID"", ""cash_range"": ""100 to 500 rupees"", ""photo_inside"": ""a passport-size photo"", ""other_item"": ""a coin""}"
I0582,I0582,False,train,earbuds case,OnePlus,pink,scuffed lid | small LED light,Canteen,matched,U0476,L0507,F0509,"{""cover"": ""a silicone cover with a hook"", ""engraved"": ""initial A"", ""buds_present"": ""only the right bud"", ""charm"": ""a metal ring""}"
I0583,I0583,False,train,phone,Vivo,white,dual camera | pop socket on the back,Admin Block,found_only,,,F0510,"{""wallpaper"": ""a cricket player photo"", ""back_sticker"": ""a metro card in the cover"", ""case_type"": ""blue hard case"", ""screen_damage"": ""no cracks""}"
I0584,I0583,True,train,phone,Vivo,white,dual camera | cracked screen corner,Admin Block,matched,U0167,L0508,F0511,"{""wallpaper"": ""a family photo"", ""back_sticker"": ""a heart sticker"", ""case_type"": ""blue hard case"", ""screen_damage"": ""no cracks""}"
I0585,I0585,False,val,wallet,Fastrack,brown,leather finish | zip coin pocket,Parking Lot,matched,U0503,L0509,F0512,"{""card_in_first_slot"": ""a bus pass"", ""cash_range"": ""under 100 rupees"", ""photo_inside"": ""a passport-size photo"", ""other_item"": ""a movie ticket""}"
I0586,I0586,False,train,smartwatch,boAt,white,silicone strap | scratch on the glass | square dial,Girls Hostel,matched,U0025,L0510,F0513,"{""strap_color"": ""a blue strap"", ""watch_face"": ""a digital face with steps"", ""damage"": ""a loose strap"", ""extras"": ""no dock""}"
I0587,I0587,False,train,phone,Realme,white,dual camera | cracked screen corner,Canteen,matched,U0352,L0511,F0514,"{""wallpaper"": ""a mountain sunset"", ""back_sticker"": ""a ring holder"", ""case_type"": ""no case"", ""screen_damage"": ""scratched tempered glass""}"
I0588,I0588,False,val,wallet,Fastrack,grey,zip coin pocket | metal logo,Bus Stop,matched,U0287,L0512,F0515,"{""card_in_first_slot"": ""a library card"", ""cash_range"": ""no cash"", ""photo_inside"": ""a polaroid"", ""other_item"": ""a small key""}"
I0589,I0589,False,train,wallet,Hidesign,navy blue,zip coin pocket | worn edges,Admin Block,matched,U0646,L0513,F0516,"{""card_in_first_slot"": ""a metro card"", ""cash_range"": ""no cash"", ""photo_inside"": ""no photo"", ""other_item"": ""a folded receipt""}"
I0590,I0590,False,train,water bottle,Borosil,green,flip cap | scratched paint | steel body,ECE Block,matched,U0214,L0514,F0517,"{""sticker"": ""a cartoon sticker"", ""dent_location"": ""dent near the bottom"", ""content"": ""half filled with water"", ""strap"": ""a black strap""}"
I0591,I0591,False,train,calculator,Citizen,grey,scientific type | solar panel,Canteen,found_only,,,F0518,"{""model"": ""fx-991ES Plus"", ""name_marking"": ""initials on the cover"", ""cover"": ""a blue flip cover"", ""damage"": ""a cracked corner""}"
I0592,I0592,False,train,spectacles case,,grey,hard shell | small logo | zip closure,Mechanical Block,matched,U0034,L0515,F0519,"{""frame_color"": ""silver frame"", ""case_inside"": ""a spare nose pad"", ""lens_condition"": ""a scratch on the right lens"", ""case_print"": ""a floral print""}"
I0593,I0593,False,train,spectacles case,Lenskart,red,zip closure | soft pouch | small logo,ECE Block,matched,U0236,L0516,F0520,"{""frame_color"": ""black frame"", ""case_inside"": ""a screwdriver kit"", ""lens_condition"": ""a scratch on the right lens"", ""case_print"": ""no logo""}"
I0594,I0594,False,train,smartwatch,Fire-Boltt,blue,silicone strap | square dial,Mechanical Block,matched,U0159,L0517,F0521,"{""strap_color"": ""a black strap"", ""watch_face"": ""a plain black face"", ""damage"": ""a scuffed corner"", ""extras"": ""no dock""}"
I0595,I0595,False,val,phone,OnePlus,black,pop socket on the back | transparent case,Library,lost_only,U0537,L0518,,"{""wallpaper"": ""a car photo"", ""back_sticker"": ""no sticker"", ""case_type"": ""blue hard case"", ""screen_damage"": ""a dead pixel line""}"
I0596,I0596,False,train,water bottle,Cello,blue,scratched paint | steel body,Stationery Shop,matched,U0597,L0519,F0522,"{""sticker"": ""a fest sticker"", ""dent_location"": ""dent on the cap"", ""content"": ""a lemon slice inside"", ""strap"": ""a black strap""}"
I0597,I0596,True,train,water bottle,Cello,blue,scratched paint | 1 litre size,Stationery Shop,matched,U0054,L0520,F0523,"{""sticker"": ""an NGO logo sticker"", ""dent_location"": ""scratch on the side"", ""content"": ""half filled with water"", ""strap"": ""a loop on the cap""}"
I0598,I0598,False,train,laptop,Asus,blue,black sleeve | sticker on the lid,Playground,lost_only,U0391,L0521,,"{""lid_sticker"": ""a college club sticker"", ""wallpaper"": ""a beach photo"", ""charger_included"": ""yes, with an extension cord"", ""scratch"": ""dent on the lid""}"
I0599,I0598,True,train,laptop,Asus,blue,black sleeve | 15 inch screen,Playground,matched,U0516,L0522,F0524,"{""lid_sticker"": ""a cartoon sticker"", ""wallpaper"": ""an anime character"", ""charger_included"": ""only the cable"", ""scratch"": ""dent on the lid""}"
I0600,I0600,False,val,umbrella,Lifelong,pink,bent rib | printed edges | automatic open button,Playground,matched,U0413,L0523,F0525,"{""handle"": ""a curved wooden handle"", ""print"": ""floral print inside"", ""damage"": ""no damage"", ""strap_color"": ""no strap""}"
I0601,I0601,False,train,water bottle,Tupperware,pink,scratched paint | steel body | flip cap,Main Gate,matched,U0763,L0524,F0526,"{""sticker"": ""an NGO logo sticker"", ""dent_location"": ""scratch on the side"", ""content"": ""empty"", ""strap"": ""a black strap""}"
I0602,I0601,True,train,water bottle,Tupperware,pink,scratched paint | 1 litre size,Main Gate,matched,U0678,L0525,F0527,"{""sticker"": ""a cartoon sticker"", ""dent_location"": ""dent near the bottom"", ""content"": ""empty"", ""strap"": ""no strap""}"
I0603,I0603,False,val,charger,Dell,white,braided cable | fast charging type | long cable,Canteen,matched,U0270,L0526,F0528,"{""type"": ""a 20W phone charger"", ""cable_wrap"": ""tape on the cable"", ""marking"": ""coloured tape on the cable"", ""damage"": ""no damage""}"
I0604,I0603,True,val,charger,Dell,white,braided cable | two-pin plug,Canteen,matched,U0505,L0527,F0529,"{""type"": ""a 65W laptop charger"", ""cable_wrap"": ""a velcro wrap"", ""marking"": ""no marking"", ""damage"": ""a bent pin""}"
I0605,I0605,False,val,charger,Realme,white,braided cable | two-pin plug | fast charging type,Library,matched,U0023,L0528,F0530,"{""type"": ""a 33W fast charger"", ""cable_wrap"": ""a rubber band around the cable"", ""marking"": ""no marking"", ""damage"": ""no damage""}"
I0606,I0606,False,train,keys,,brown,plastic tag | bike key with a rubber cover,Girls Hostel,matched,U0294,L0529,F0531,"{""key_count"": ""four keys"", ""charm"": ""a cartoon figure"", ""tag_text"": ""a hostel name"", ""ring_type"": ""a split ring with a loop""}"
I0607,I0606,True,train,keys,,brown,plastic tag | steel ring,Girls Hostel,matched,U0565,L0530,F0532,"{""key_count"": ""three keys"", ""charm"": ""a bell charm"", ""tag_text"": ""a cycle lock key attached"", ""ring_type"": ""a split ring with a loop""}"
I0608,I0608,False,train,spectacles case,,red,small logo | soft pouch | hard shell,Boys Hostel,lost_only,U0226,L0531,,"{""frame_color"": ""gold frame"", ""case_inside"": ""a visiting card"", ""lens_condition"": ""a scratch on the right lens"", ""case_print"": ""a name label""}"
I0609,I0608,True,train,spectacles case,,red,small logo | zip closure,Boys Hostel,lost_only,U0163,L0532,,"{""frame_color"": ""brown frame"", ""case_inside"": ""a visiting card"", ""lens_condition"": ""no scratches"", ""case_print"": ""no logo""}"
I0610,I0610,False,test,water bottle,Decathlon,black,scratched paint | steel body | 1 litre size,Library,matched,U0721,L0533,F0533,"{""sticker"": ""a fest sticker"", ""dent_location"": ""no dent"", ""content"": ""empty"", ""strap"": ""a black strap""}"
I0611,I0610,True,test,water bottle,Decathlon,black,scratched paint | flip cap,Auditorium,matched,U0524,L0534,F0534,"{""sticker"": ""a cartoon sticker"", ""dent_location"": ""no dent"", ""content"": ""empty"", ""strap"": ""no strap""}"
I0612,I0612,False,test,wallet,Hidesign,navy blue,leather finish | worn edges,Canteen,matched,U0404,L0535,F0535,"{""card_in_first_slot"": ""a bus pass"", ""cash_range"": ""no cash"", ""photo_inside"": ""a polaroid"", ""other_item"": ""a folded receipt""}"
I0613,I0612,True,test,wallet,Hidesign,navy blue,leather finish | metal logo,Canteen,matched,U0748,L0536,F0536,"{""card_in_first_slot"": ""a college ID"", ""cash_range"": ""under 100 rupees"", ""photo_inside"": ""a small deity picture"", ""other_item"": ""a coin""}"
I0614,I0614,False,test,backpack,Wildcraft,black,reflective strip | two front zips,ECE Block,matched,U0466,L0537,F0537,"{""front_pocket_contents"": ""a blue pen and a charger"", ""keychain"": ""a small panda keychain"", ""inner_lining_color"": ""red"", ""tag_or_sticker"": ""no sticker""}"
I0615,I0614,True,test,backpack,Wildcraft,black,reflective strip | one side pocket,ECE Block,matched,U0101,L0538,F0538,"{""front_pocket_contents"": ""tissues and a comb"", ""keychain"": ""a metal bottle-opener keychain"", ""inner_lining_color"": ""orange"", ""tag_or_sticker"": ""no sticker""}"
I0616,I0616,False,train,phone,Redmi,black,cracked screen corner | transparent case | dual camera,Mechanical Block,found_only,,,F0539,"{""wallpaper"": ""a mountain sunset"", ""back_sticker"": ""no sticker"", ""case_type"": ""black silicone case"", ""screen_damage"": ""scratched tempered glass""}"
I0617,I0617,False,test,notebook,Navneet,red,hard cover | spiral bound | sticky notes inside,Girls Hostel,matched,U0499,L0539,F0540,"{""cover_doodle"": ""no marking"", ""subject"": ""Physics"", ""first_page"": ""a cartoon"", ""loose_item"": ""a loose sheet inside""}"
I0618,I0618,False,train,power bank,Ambrane,blue,USB-C port | slim body | rubber finish,Library,matched,U0050,L0540,F0541,"{""capacity"": ""20000 mAh with display"", ""cable"": ""no cable"", ""sticker"": ""a price sticker"", ""damage"": ""a dent on one corner""}"
I0619,I0619,False,train,phone,Realme,black,pop socket on the back | cracked screen corner | transparent case,Main Gate,matched,U0053,L0541,F0542,"{""wallpaper"": ""a cricket player photo"", ""back_sticker"": ""no sticker"", ""case_type"": ""black silicone case"", ""screen_damage"": ""small chip on the bottom edge""}"
I0620,I0620,False,train,smartwatch,boAt,black,round dial | square dial | silicone strap,Bus Stop,lost_only,U0272,L0542,,"{""strap_color"": ""a pink strap"", ""watch_face"": ""a plain black face"", ""damage"": ""a loose strap"", ""extras"": ""a spare strap in a pouch""}"
I0621,I0621,False,val,backpack,Wildcraft,black,laptop compartment | reflective strip | white logo,Canteen,lost_only,U0330,L0543,,"{""front_pocket_contents"": ""a lunch box"", ""keychain"": ""a brass ring with a bell"", ""inner_lining_color"": ""grey"", ""tag_or_sticker"": ""a bus pass holder""}"
I0622,I0622,False,train,notebook,Camlin,red,hard cover | 200 pages,Parking Lot,found_only,,,F0543,"{""cover_doodle"": ""a sticker of a planet"", ""subject"": ""Operating Systems"", ""first_page"": ""a name and roll number"", ""loose_item"": ""a pen clipped inside""}"
I0623,I0623,False,val,spectacles case,Titan,black,small logo | zip closure,Canteen,matched,U0412,L0544,F0544,"{""frame_color"": ""silver frame"", ""case_inside"": ""no cloth"", ""lens_condition"": ""an anti-glare coating"", ""case_print"": ""a logo of an optical shop""}"
I0624,I0624,False,train,charger,Realme,white,long cable | two-pin plug,Auditorium,found_only,,,F0545,"{""type"": ""a USB cable with adapter"", ""cable_wrap"": ""no wrap"", ""marking"": ""no marking"", ""damage"": ""no damage""}"
I0625,I0625,False,val,notebook,Camlin,green,spiral bound | 200 pages | hard cover,ECE Block,matched,U0614,L0545,F0546,"{""cover_doodle"": ""a doodle of a cat"", ""subject"": ""Machine Learning"", ""first_page"": ""a name and roll number"", ""loose_item"": ""nothing inside""}"
I0626,I0626,False,train,wallet,Woodland,maroon,worn edges | zip coin pocket,Bus Stop,found_only,,,F0547,"{""card_in_first_slot"": ""a library card"", ""cash_range"": ""500 to 2000 rupees"", ""photo_inside"": ""a family photo"", ""other_item"": ""a movie ticket""}"
I0627,I0626,True,train,wallet,Woodland,maroon,worn edges | leather finish,Main Gate,matched,U0325,L0546,F0548,"{""card_in_first_slot"": ""a metro card"", ""cash_range"": ""100 to 500 rupees"", ""photo_inside"": ""a passport-size photo"", ""other_item"": ""a coin""}"
I0628,I0628,False,train,phone,iPhone,red,pop socket on the back | cracked screen corner | transparent case,Playground,matched,U0629,L0547,F0549,"{""wallpaper"": ""a mountain sunset"", ""back_sticker"": ""a ring holder"", ""case_type"": ""blue hard case"", ""screen_damage"": ""scratched tempered glass""}"
I0629,I0629,False,train,backpack,Puma,black,white logo | one side pocket,Parking Lot,matched,U0128,L0548,F0550,"{""front_pocket_contents"": ""an umbrella"", ""keychain"": ""a small panda keychain"", ""inner_lining_color"": ""red"", ""tag_or_sticker"": ""a Spiderman sticker""}"
I0630,I0629,True,train,backpack,Puma,black,white logo | reflective strip,Parking Lot,matched,U0150,L0549,F0551,"{""front_pocket_contents"": ""a blue pen and a charger"", ""keychain"": ""a small panda keychain"", ""inner_lining_color"": ""red"", ""tag_or_sticker"": ""a bus pass holder""}"
I0631,I0631,False,train,backpack,Nike,navy blue,two front zips | white logo | one side pocket,CS Block,matched,U0182,L0550,F0552,"{""front_pocket_contents"": ""tissues and a comb"", ""keychain"": ""a football keychain"", ""inner_lining_color"": ""grey"", ""tag_or_sticker"": ""a bus pass holder""}"
I0632,I0632,False,train,power bank,Mi,black,rubber finish | USB-C port,Auditorium,matched,U0072,L0551,F0553,"{""capacity"": ""10000 mAh"", ""cable"": ""no cable"", ""sticker"": ""a price sticker"", ""damage"": ""a scratched back""}"
I0633,I0633,False,test,backpack,Wildcraft,red,white logo | one side pocket,Admin Block,matched,U0162,L0552,F0554,"{""front_pocket_contents"": ""an umbrella"", ""keychain"": ""a football keychain"", ""inner_lining_color"": ""green"", ""tag_or_sticker"": ""no sticker""}"
I0634,I0634,False,train,charger,Realme,black,two-pin plug | long cable | braided cable,Gym,found_only,,,F0555,"{""type"": ""a 20W phone charger"", ""cable_wrap"": ""a velcro wrap"", ""marking"": ""initials"", ""damage"": ""no damage""}"
I0635,I0635,False,train,charger,Mi,white,long cable | braided cable,Gym,matched,U0165,L0553,F0556,"{""type"": ""a 65W laptop charger"", ""cable_wrap"": ""tape on the cable"", ""marking"": ""coloured tape on the cable"", ""damage"": ""a cracked adapter body""}"
I0636,I0636,False,train,wallet,Woodland,grey,leather finish | zip coin pocket | worn edges,CS Block,matched,U0597,L0554,F0557,"{""card_in_first_slot"": ""a library card"", ""cash_range"": ""over 2000 rupees"", ""photo_inside"": ""no photo"", ""other_item"": ""a movie ticket""}"
I0637,I0637,False,val,umbrella,,navy blue,printed edges | folding type,Parking Lot,matched,U0129,L0555,F0558,"{""handle"": ""a handle with a rubber grip"", ""print"": ""plain inside"", ""damage"": ""a missing button"", ""strap_color"": ""a red strap""}"
I0638,I0637,True,val,umbrella,,navy blue,printed edges | bent rib,Parking Lot,matched,U0217,L0556,F0559,"{""handle"": ""a handle with a rubber grip"", ""print"": ""a polka dot pattern"", ""damage"": ""a missing button"", ""strap_color"": ""no strap""}"
I0639,I0639,False,train,umbrella,Lifelong,pink,folding type | bent rib | printed edges,Boys Hostel,matched,U0781,L0557,F0560,"{""handle"": ""a black plastic handle"", ""print"": ""plain inside"", ""damage"": ""a bent rib"", ""strap_color"": ""a blue strap""}"
I0640,I0640,False,train,notebook,Navneet,green,200 pages | spiral bound,Main Gate,lost_only,U0138,L0558,,"{""cover_doodle"": ""a name label"", ""subject"": ""DBMS"", ""first_page"": ""a name and roll number"", ""loose_item"": ""nothing inside""}"
I0641,I0641,False,train,wallet,Woodland,brown,leather finish | metal logo,Gym,matched,U0576,L0559,F0561,"{""card_in_first_slot"": ""a college ID"", ""cash_range"": ""no cash"", ""photo_inside"": ""a passport-size photo"", ""other_item"": ""a coin""}"
I0642,I0642,False,train,notebook,Navneet,red,hard cover | sticky notes inside,Mechanical Block,matched,U0419,L0560,F0562,"{""cover_doodle"": ""no marking"", ""subject"": ""Operating Systems"", ""first_page"": ""a cartoon"", ""loose_item"": ""a sticky note inside""}"
I0643,I0643,False,train,water bottle,Milton,green,1 litre size | scratched paint,Admin Block,matched,U0130,L0561,F0563,"{""sticker"": ""a cartoon sticker"", ""dent_location"": ""scratch on the side"", ""content"": ""empty"", ""strap"": ""no strap""}"
I0644,I0644,False,train,smartwatch,Apple Watch,green,round dial | silicone strap | scratch on the glass,Stationery Shop,found_only,,,F0564,"{""strap_color"": ""an olive strap"", ""watch_face"": ""an analog face"", ""damage"": ""no damage"", ""extras"": ""a spare strap in a pouch""}"
I0645,I0644,True,train,smartwatch,Apple Watch,green,round dial | square dial,Stationery Shop,matched,U0484,L0562,F0565,"{""strap_color"": ""a white strap"", ""watch_face"": ""a cricket watch face"", ""damage"": ""no damage"", ""extras"": ""the charging dock in a pouch""}"
I0646,I0646,False,test,wallet,Hidesign,brown,metal logo | leather finish,Stationery Shop,found_only,,,F0566,"{""card_in_first_slot"": ""a debit card"", ""cash_range"": ""no cash"", ""photo_inside"": ""a small deity picture"", ""other_item"": ""a coin""}"
I0647,I0646,True,test,wallet,Hidesign,brown,metal logo | worn edges,Stationery Shop,matched,U0185,L0563,F0567,"{""card_in_first_slot"": ""a gym membership card"", ""cash_range"": ""no cash"", ""photo_inside"": ""a family photo"", ""other_item"": ""a folded receipt""}"
I0648,I0648,False,train,wallet,Hidesign,navy blue,metal logo | leather finish,Boys Hostel,matched,U0282,L0564,F0568,"{""card_in_first_slot"": ""a bus pass"", ""cash_range"": ""no cash"", ""photo_inside"": ""a family photo"", ""other_item"": ""a coin""}"
I0649,I0649,False,train,phone,Vivo,blue,dual camera | pop socket on the back,Parking Lot,matched,U0353,L0565,F0569,"{""wallpaper"": ""a cricket player photo"", ""back_sticker"": ""a small smiley sticker"", ""case_type"": ""flip cover"", ""screen_damage"": ""no cracks""}"
I0650,I0650,False,train,earbuds case,boAt,blue,lanyard hook | small LED light,Mechanical Block,matched,U0186,L0566,F0570,"{""cover"": ""a glitter cover"", ""engraved"": ""a name label"", ""buds_present"": ""no buds"", ""charm"": ""no charm""}"
I0651,I0651,False,train,water bottle,Cello,pink,1 litre size | steel body | flip cap,Gym,matched,U0238,L0567,F0571,"{""sticker"": ""an NGO logo sticker"", ""dent_location"": ""no dent"", ""content"": ""a tea bag inside"", ""strap"": ""a black strap""}"
I0652,I0652,False,train,keys,,black,small padlock key | steel ring,Library,matched,U0649,L0568,F0572,"{""key_count"": ""three keys"", ""charm"": ""a leather tag"", ""tag_text"": ""a red key cover"", ""ring_type"": ""a steel ring""}"
I0653,I0653,False,val,charger,Mi,white,two-pin plug | fast charging type | long cable,Auditorium,matched,U0623,L0569,F0573,"{""type"": ""a USB cable with adapter"", ""cable_wrap"": ""a velcro wrap"", ""marking"": ""no marking"", ""damage"": ""a cracked adapter body""}"
I0654,I0654,False,train,phone,Vivo,red,transparent case | dual camera | cracked screen corner,Parking Lot,matched,U0198,L0570,F0574,"{""wallpaper"": ""a cricket player photo"", ""back_sticker"": ""a ring holder"", ""case_type"": ""flip cover"", ""screen_damage"": ""no cracks""}"
I0655,I0655,False,val,smartwatch,Noise,green,round dial | square dial | silicone strap,Boys Hostel,lost_only,U0614,L0571,,"{""strap_color"": ""a white strap"", ""watch_face"": ""a plain black face"", ""damage"": ""no damage"", ""extras"": ""the charging dock in a pouch""}"
I0656,I0656,False,train,wallet,Fastrack,brown,metal logo | worn edges | zip coin pocket,Bus Stop,matched,U0180,L0572,F0575,"{""card_in_first_slot"": ""a metro card"", ""cash_range"": ""over 2000 rupees"", ""photo_inside"": ""no photo"", ""other_item"": ""a folded receipt""}"
I0657,I0657,False,train,backpack,American Tourister,grey,reflective strip | laptop compartment,Girls Hostel,matched,U0189,L0573,F0576,"{""front_pocket_contents"": ""an umbrella"", ""keychain"": ""a brass ring with a bell"", ""inner_lining_color"": ""red"", ""tag_or_sticker"": ""a bus pass holder""}"
I0658,I0657,True,train,backpack,American Tourister,grey,reflective strip | slightly torn near the strap,Girls Hostel,matched,U0279,L0574,F0577,"{""front_pocket_contents"": ""an umbrella"", ""keychain"": ""a brass ring with a bell"", ""inner_lining_color"": ""blue"", ""tag_or_sticker"": ""a name tag with initials""}"
I0659,I0659,False,train,calculator,Casio,grey,faded keys | solar panel | slide cover,Mechanical Block,matched,U0727,L0575,F0578,"{""model"": ""fx-570ES"", ""name_marking"": ""name written on the back"", ""cover"": ""a scratched cover"", ""damage"": ""a missing key cap""}"
I0660,I0659,True,train,calculator,Casio,grey,faded keys | scientific type,Mechanical Block,matched,U0277,L0576,F0579,"{""model"": ""fx-991ES Plus"", ""name_marking"": ""a sticker with a roll number"", ""cover"": ""no cover"", ""damage"": ""no damage""}"
I0661,I0661,False,train,backpack,Wildcraft,red,slightly torn near the strap | one side pocket | white logo,Admin Block,matched,U0634,L0577,F0580,"{""front_pocket_contents"": ""a lunch box"", ""keychain"": ""a brass ring with a bell"", ""inner_lining_color"": ""orange"", ""tag_or_sticker"": ""a name tag with initials""}"
I0662,I0662,False,test,notebook,Navneet,black,hard cover | 200 pages | sticky notes inside,Auditorium,matched,U0495,L0578,F0581,"{""cover_doodle"": ""a name label"", ""subject"": ""Physics"", ""first_page"": ""a name and roll number"", ""loose_item"": ""a loose sheet inside""}"
I0663,I0663,False,train,spectacles case,Lenskart,brown,hard shell | zip closure | small logo,Library,matched,U0203,L0579,F0582,"{""frame_color"": ""transparent frame"", ""case_inside"": ""a visiting card"", ""lens_condition"": ""no scratches"", ""case_print"": ""a logo of an optical shop""}"
I0664,I0664,False,train,charger,Dell,black,long cable | braided cable,Bus Stop,matched,U0546,L0580,F0583,"{""type"": ""a USB cable with adapter"", ""cable_wrap"": ""a velcro wrap"", ""marking"": ""a name written in marker"", ""damage"": ""a cracked adapter body""}"
I0665,I0664,True,train,charger,Dell,black,long cable | two-pin plug,Bus Stop,matched,U0095,L0581,F0584,"{""type"": ""a 33W fast charger"", ""cable_wrap"": ""a velcro wrap"", ""marking"": ""coloured tape on the cable"", ""damage"": ""a frayed cable near the pin""}"
I0666,I0666,False,val,water bottle,Milton,pink,steel body | scratched paint,Mechanical Block,matched,U0264,L0582,F0585,"{""sticker"": ""no sticker"", ""dent_location"": ""dent near the bottom"", ""content"": ""empty"", ""strap"": ""no strap""}"
I0667,I0667,False,train,water bottle,Tupperware,blue,steel body | flip cap | scratched paint,ECE Block,matched,U0768,L0583,F0586,"{""sticker"": ""no sticker"", ""dent_location"": ""dent near the bottom"", ""content"": ""half filled with water"", ""strap"": ""a loop on the cap""}"
I0668,I0668,False,train,keys,,black,plastic tag | bike key with a rubber cover | small padlock key,CS Block,matched,U0096,L0584,F0587,"{""key_count"": ""one key"", ""charm"": ""a leather tag"", ""tag_text"": ""no tag"", ""ring_type"": ""a carabiner""}"
I0669,I0669,False,train,water bottle,Decathlon,blue,scratched paint | 1 litre size | steel body,Boys Hostel,matched,U0777,L0585,F0588,"{""sticker"": ""a cartoon sticker"", ""dent_location"": ""dent near the neck"", ""content"": ""half filled with water"", ""strap"": ""no strap""}"
I0670,I0669,True,train,water bottle,Decathlon,blue,scratched paint | flip cap,Canteen,matched,U0231,L0586,F0589,"{""sticker"": ""a name label"", ""dent_location"": ""scratch on the side"", ""content"": ""a lemon slice inside"", ""strap"": ""a rope handle""}"
I0671,I0671,False,test,umbrella,Lifelong,red,folding type | printed edges | automatic open button,Gym,matched,U0307,L0587,F0590,"{""handle"": ""a curved wooden handle"", ""print"": ""a company logo"", ""damage"": ""a bent rib"", ""strap_color"": ""no strap""}"
I0672,I0672,False,train,backpack,Adidas,green,laptop compartment | one side pocket | slightly torn near the strap,Main Gate,matched,U0646,L0588,F0591,"{""front_pocket_contents"": ""a pair of earphones"", ""keychain"": ""a red heart keychain"", ""inner_lining_color"": ""black"", ""tag_or_sticker"": ""a name tag with initials""}"
I0673,I0673,False,test,umbrella,,green,printed edges | bent rib,ECE Block,matched,U0005,L0589,F0592,"{""handle"": ""a black plastic handle"", ""print"": ""floral print inside"", ""damage"": ""no damage"", ""strap_color"": ""a black Velcro strap""}"
I0674,I0674,False,train,earbuds case,Noise,white,silicone cover | scuffed lid,Gym,matched,U0130,L0590,F0593,"{""cover"": ""a glitter cover"", ""engraved"": ""no marking"", ""buds_present"": ""both buds present"", ""charm"": ""a metal ring""}"
I0675,I0675,False,train,backpack,Wildcraft,maroon,one side pocket | laptop compartment | white logo,Mechanical Block,found_only,,,F0594,"{""front_pocket_contents"": ""a pair of earphones"", ""keychain"": ""a red heart keychain"", ""inner_lining_color"": ""red"", ""tag_or_sticker"": ""a college fest tag""}"
I0676,I0676,False,train,calculator,Casio,grey,solar panel | scientific type,Main Gate,matched,U0118,L0591,F0595,"{""model"": ""fx-991EX"", ""name_marking"": ""name written on the back"", ""cover"": ""no cover"", ""damage"": ""a faded 7 key""}"
I0677,I0677,False,train,wallet,Fastrack,brown,worn edges | zip coin pocket | leather finish,Library,matched,U0018,L0592,F0596,"{""card_in_first_slot"": ""a metro card"", ""cash_range"": ""no cash"", ""photo_inside"": ""a polaroid"", ""other_item"": ""a visiting card""}"
I0678,I0678,False,train,backpack,American Tourister,navy blue,slightly torn near the strap | white logo,Main Gate,matched,U0298,L0593,F0597,"{""front_pocket_contents"": ""an umbrella"", ""keychain"": ""a metal bottle-opener keychain"", ""inner_lining_color"": ""black"", ""tag_or_sticker"": ""a yellow ribbon on the zip""}"
I0679,I0678,True,train,backpack,American Tourister,navy blue,slightly torn near the strap | two front zips,Bus Stop,matched,U0589,L0594,F0598,"{""front_pocket_contents"": ""a water bottle"", ""keychain"": ""a small panda keychain"", ""inner_lining_color"": ""grey"", ""tag_or_sticker"": ""a Spiderman sticker""}"
I0680,I0680,False,train,spectacles case,Titan,black,small logo | soft pouch | hard shell,Bus Stop,matched,U0034,L0595,F0599,"{""frame_color"": ""black frame"", ""case_inside"": ""a spare nose pad"", ""lens_condition"": ""a slightly loose screw"", ""case_print"": ""a logo of an optical shop""}"
I0681,I0681,False,val,laptop,Dell,silver,black sleeve | 15 inch screen | sticker on the lid,Library,matched,U0001,L0596,F0600,"{""lid_sticker"": ""a cartoon sticker"", ""wallpaper"": ""plain black"", ""charger_included"": ""yes, with a black adapter"", ""scratch"": ""no visible scratch""}"
I0682,I0682,False,train,backpack,American Tourister,grey,one side pocket | slightly torn near the strap | two front zips,CS Block,lost_only,U0740,L0597,,"{""front_pocket_contents"": ""a calculator and a ruler"", ""keychain"": ""a brass ring with a bell"", ""inner_lining_color"": ""orange"", ""tag_or_sticker"": ""a Spiderman sticker""}"
I0683,I0682,True,train,backpack,American Tourister,grey,one side pocket | white logo | reflective strip,ECE Block,matched,U0572,L0598,F0601,"{""front_pocket_contents"": ""a pair of earphones"", ""keychain"": ""a football keychain"", ""inner_lining_color"": ""red"", ""tag_or_sticker"": ""a name tag with initials""}"
I0684,I0684,False,train,calculator,Casio,grey,faded keys | solar panel,Library,matched,U0210,L0599,F0602,"{""model"": ""fx-991ES Plus"", ""name_marking"": ""a sticker with a roll number"", ""cover"": ""no cover"", ""damage"": ""a faded 7 key""}"
I0685,I0685,False,train,keys,,black,steel ring | bike key with a rubber cover,Boys Hostel,matched,U0607,L0600,F0603,"{""key_count"": ""four keys"", ""charm"": ""a small torch"", ""tag_text"": ""a red key cover"", ""ring_type"": ""a plastic ring""}"
I0686,I0685,True,train,keys,,black,steel ring | small padlock key,Canteen,matched,U0423,L0601,F0604,"{""key_count"": ""four keys"", ""charm"": ""a plastic football"", ""tag_text"": ""a room number"", ""ring_type"": ""a plastic ring""}"
I0687,I0687,False,train,smartwatch,Apple Watch,white,round dial | scratch on the glass,Bus Stop,matched,U0529,L0602,F0605,"{""strap_color"": ""a black strap"", ""watch_face"": ""a cricket watch face"", ""damage"": ""no damage"", ""extras"": ""the charging dock in a pouch""}"
I0688,I0687,True,train,smartwatch,Apple Watch,white,round dial | square dial,Bus Stop,lost_only,U0377,L0603,,"{""strap_color"": ""a blue strap"", ""watch_face"": ""a digital face with steps"", ""damage"": ""no damage"", ""extras"": ""the charging dock in a pouch""}"
I0689,I0689,False,val,smartwatch,Amazfit,green,silicone strap | scratch on the glass,CS Block,lost_only,U0615,L0604,,"{""strap_color"": ""a metal strap"", ""watch_face"": ""a cricket watch face"", ""damage"": ""a scratch on the glass"", ""extras"": ""no dock""}"
I0690,I0690,False,val,water bottle,Cello,pink,1 litre size | flip cap | scratched paint,Bus Stop,matched,U0706,L0605,F0606,"{""sticker"": ""an NGO logo sticker"", ""dent_location"": ""dent on the cap"", ""content"": ""half filled with water"", ""strap"": ""a rope handle""}"
I0691,I0691,False,train,smartwatch,boAt,blue,scratch on the glass | silicone strap | square dial,Admin Block,matched,U0021,L0606,F0607,"{""strap_color"": ""a metal strap"", ""watch_face"": ""an analog face"", ""damage"": ""a scratch on the glass"", ""extras"": ""the charging dock in a pouch""}"
I0692,I0692,False,train,laptop,Dell,blue,backlit keyboard | sticker on the lid | black sleeve,Gym,matched,U0333,L0607,F0608,"{""lid_sticker"": ""a college club sticker"", ""wallpaper"": ""a cricket player photo"", ""charger_included"": ""yes, with an extension cord"", ""scratch"": ""worn keys near the touchpad""}"
I0693,I0692,True,train,laptop,Dell,blue,backlit keyboard | 15 inch screen,Canteen,matched,U0743,L0608,F0609,"{""lid_sticker"": ""a Python sticker"", ""wallpaper"": ""a mountain sunset"", ""charger_included"": ""yes, with an extension cord"", ""scratch"": ""no visible scratch""}"
I0694,I0694,False,train,wallet,Woodland,maroon,metal logo | zip coin pocket | worn edges,Gym,matched,U0766,L0609,F0610,"{""card_in_first_slot"": ""a gym membership card"", ""cash_range"": ""100 to 500 rupees"", ""photo_inside"": ""no photo"", ""other_item"": ""a visiting card""}"
I0695,I0695,False,train,smartwatch,Amazfit,green,silicone strap | scratch on the glass,Gym,matched,U0715,L0610,F0611,"{""strap_color"": ""a white strap"", ""watch_face"": ""a family photo face"", ""damage"": ""no damage"", ""extras"": ""the charging dock in a pouch""}"
I0696,I0696,False,train,phone,Samsung,silver,cracked screen corner | dual camera,Library,found_only,,,F0612,"{""wallpaper"": ""a mountain sunset"", ""back_sticker"": ""a ring holder"", ""case_type"": ""green case with raised corners"", ""screen_damage"": ""small chip on the bottom edge""}"
I0697,I0697,False,train,notebook,,black,200 pages | spiral bound,Auditorium,found_only,,,F0613,"{""cover_doodle"": ""a doodle of a cat"", ""subject"": ""Operating Systems"", ""first_page"": ""an empty first page"", ""loose_item"": ""a pen clipped inside""}"
I0698,I0697,True,train,notebook,,black,200 pages | hard cover,Playground,matched,U0084,L0611,F0614,"{""cover_doodle"": ""a name label"", ""subject"": ""Operating Systems"", ""first_page"": ""an empty first page"", ""loose_item"": ""a loose sheet inside""}"
I0699,I0699,False,train,wallet,Fastrack,navy blue,metal logo | leather finish,Admin Block,matched,U0758,L0612,F0615,"{""card_in_first_slot"": ""a gym membership card"", ""cash_range"": ""over 2000 rupees"", ""photo_inside"": ""no photo"", ""other_item"": ""a small key""}"
I0700,I0700,False,train,backpack,American Tourister,grey,slightly torn near the strap | one side pocket | reflective strip,ECE Block,lost_only,U0427,L0613,,"{""front_pocket_contents"": ""a calculator and a ruler"", ""keychain"": ""a football keychain"", ""inner_lining_color"": ""red"", ""tag_or_sticker"": ""no sticker""}"
I0701,I0700,True,train,backpack,American Tourister,grey,slightly torn near the strap | two front zips | white logo,ECE Block,matched,U0041,L0614,F0616,"{""front_pocket_contents"": ""two notebooks"", ""keychain"": ""a football keychain"", ""inner_lining_color"": ""green"", ""tag_or_sticker"": ""no sticker""}"
I0702,I0702,False,train,power bank,Anker,silver,rubber finish | USB-C port | slim body,Gym,matched,U0448,L0615,F0617,"{""capacity"": ""10000 mAh slim"", ""cable"": ""a type-C cable"", ""sticker"": ""no sticker"", ""damage"": ""a dent on one corner""}"
I0703,I0703,False,train,umbrella,Lifelong,grey,bent rib | automatic open button,Stationery Shop,matched,U0552,L0616,F0618,"{""handle"": ""a black plastic handle"", ""print"": ""plain inside"", ""damage"": ""a missing button"", ""strap_color"": ""a red strap""}"
I0704,I0703,True,train,umbrella,Lifelong,grey,bent rib | folding type,Stationery Shop,lost_only,U0693,L0617,,"{""handle"": ""a straight handle"", ""print"": ""a polka dot pattern"", ""damage"": ""a missing button"", ""strap_color"": ""a red strap""}"
I0705,I0705,False,train,power bank,Syska,blue,rubber finish | USB-C port | slim body,Bus Stop,matched,U0760,L0618,F0619,"{""capacity"": ""20000 mAh with display"", ""cable"": ""a short white cable attached"", ""sticker"": ""no sticker"", ""damage"": ""a dent on one corner""}"
I0706,I0706,False,val,keys,,black,plastic tag | bike key with a rubber cover,Stationery Shop,matched,U0233,L0619,F0620,"{""key_count"": ""five keys"", ""charm"": ""a cartoon figure"", ""tag_text"": ""a red key cover"", ""ring_type"": ""a plastic ring""}"
I0707,I0707,False,test,umbrella,Popy,navy blue,folding type | bent rib | printed edges,Boys Hostel,matched,U0209,L0620,F0621,"{""handle"": ""a black plastic handle"", ""print"": ""a polka dot pattern"", ""damage"": ""a torn edge"", ""strap_color"": ""a blue strap""}"
I0708,I0708,False,train,laptop,Lenovo,silver,15 inch screen | backlit keyboard,CS Block,lost_only,U0344,L0621,,"{""lid_sticker"": ""a band sticker"", ""wallpaper"": ""a cat photo"", ""charger_included"": ""yes, with an extension cord"", ""scratch"": ""scratch on the left corner""}"
I0709,I0709,False,train,water bottle,Decathlon,orange,1 litre size | steel body | scratched paint,Gym,lost_only,U0608,L0622,,"{""sticker"": ""no sticker"", ""dent_location"": ""dent on the cap"", ""content"": ""half filled with water"", ""strap"": ""a loop on the cap""}"
I0710,I0709,True,train,water bottle,Decathlon,orange,1 litre size | flip cap,Canteen,matched,U0361,L0623,F0622,"{""sticker"": ""a football sticker"", ""dent_location"": ""dent near the neck"", ""content"": ""a tea bag inside"", ""strap"": ""a loop on the cap""}"
I0711,I0711,False,train,calculator,Casio,grey,faded keys | scientific type | slide cover,Boys Hostel,matched,U0055,L0624,F0623,"{""model"": ""fx-991EX"", ""name_marking"": ""no marking"", ""cover"": ""a black slide cover"", ""damage"": ""no damage""}"
I0712,I0712,False,val,laptop,Lenovo,blue,15 inch screen | backlit keyboard | sticker on the lid,Mechanical Block,matched,U0714,L0625,F0624,"{""lid_sticker"": ""a GitHub sticker"", ""wallpaper"": ""a mountain sunset"", ""charger_included"": ""no charger"", ""scratch"": ""dent on the lid""}"
I0713,I0713,False,train,water bottle,Borosil,silver,flip cap | 1 litre size,Bus Stop,matched,U0319,L0626,F0625,"{""sticker"": ""a fest sticker"", ""dent_location"": ""dent near the bottom"", ""content"": ""a lemon slice inside"", ""strap"": ""a loop on the cap""}"
I0714,I0714,False,test,earbuds case,Noise,blue,scuffed lid | silicone cover,Canteen,matched,U0348,L0627,F0626,"{""cover"": ""a silicone cover with a hook"", ""engraved"": ""no marking"", ""buds_present"": ""only the right bud"", ""charm"": ""a metal ring""}"
I0715,I0715,False,test,keys,,black,small padlock key | bike key with a rubber cover,Boys Hostel,found_only,,,F0627,"{""key_count"": ""four keys"", ""charm"": ""a small torch"", ""tag_text"": ""no tag"", ""ring_type"": ""a split ring with a loop""}"
I0716,I0716,False,train,keys,,silver,bike key with a rubber cover | steel ring,CS Block,matched,U0535,L0628,F0628,"{""key_count"": ""three keys"", ""charm"": ""a small torch"", ""tag_text"": ""a red key cover"", ""ring_type"": ""a steel ring""}"
I0717,I0717,False,train,calculator,Citizen,black,faded keys | slide cover,Mechanical Block,found_only,,,F0629,"{""model"": ""fx-570ES"", ""name_marking"": ""name written on the back"", ""cover"": ""a black slide cover"", ""damage"": ""a cracked corner""}"
I0718,I0717,True,train,calculator,Citizen,black,faded keys | scientific type,ECE Block,matched,U0551,L0629,F0630,"{""model"": ""fx-82MS"", ""name_marking"": ""name written on the back"", ""cover"": ""a black slide cover"", ""damage"": ""a faded 7 key""}"
I0719,I0719,False,train,keys,,black,small padlock key | steel ring,Main Gate,matched,U0758,L0630,F0631,"{""key_count"": ""five keys"", ""charm"": ""a leather tag"", ""tag_text"": ""a room number"", ""ring_type"": ""a carabiner""}"
I0720,I0719,True,train,keys,,black,small padlock key | bike key with a rubber cover,Main Gate,matched,U0089,L0631,F0632,"{""key_count"": ""one key"", ""charm"": ""a cartoon figure"", ""tag_text"": ""a hostel name"", ""ring_type"": ""a plastic ring""}"
I0721,I0721,False,train,wallet,Wildcraft,navy blue,worn edges | zip coin pocket,Mechanical Block,matched,U0749,L0632,F0633,"{""card_in_first_slot"": ""a college ID"", ""cash_range"": ""500 to 2000 rupees"", ""photo_inside"": ""no photo"", ""other_item"": ""a small key""}"
I0722,I0722,False,test,laptop,Asus,blue,backlit keyboard | sticker on the lid,Bus Stop,matched,U0262,L0633,F0634,"{""lid_sticker"": ""a cartoon sticker"", ""wallpaper"": ""a beach photo"", ""charger_included"": ""only the cable"", ""scratch"": ""no visible scratch""}"
I0723,I0723,False,train,earbuds case,Noise,white,scuffed lid | small LED light,Canteen,matched,U0537,L0634,F0635,"{""cover"": ""a plain case"", ""engraved"": ""initial S"", ""buds_present"": ""both buds present"", ""charm"": ""a beaded charm""}"
I0724,I0724,False,train,umbrella,Lifelong,green,bent rib | automatic open button,Bus Stop,found_only,,,F0636,"{""handle"": ""a black plastic handle"", ""print"": ""a polka dot pattern"", ""damage"": ""a bent rib"", ""strap_color"": ""a black Velcro strap""}"
I0725,I0724,True,train,umbrella,Lifelong,green,bent rib | folding type,Bus Stop,matched,U0578,L0635,F0637,"{""handle"": ""a handle with a rubber grip"", ""print"": ""a polka dot pattern"", ""damage"": ""a torn edge"", ""strap_color"": ""a red strap""}"
I0726,I0726,False,test,power bank,Mi,white,rubber finish | USB-C port | slim body,CS Block,matched,U0740,L0636,F0638,"{""capacity"": ""20000 mAh"", ""cable"": ""a lightning cable"", ""sticker"": ""a price sticker"", ""damage"": ""a loose port""}"
I0727,I0727,False,train,water bottle,Borosil,pink,1 litre size | steel body,Stationery Shop,matched,U0425,L0637,F0639,"{""sticker"": ""a cartoon sticker"", ""dent_location"": ""dent near the neck"", ""content"": ""empty"", ""strap"": ""no strap""}"
I0728,I0728,False,val,phone,Motorola,blue,pop socket on the back | cracked screen corner | transparent case,Main Gate,matched,U0799,L0638,F0640,"{""wallpaper"": ""an anime character"", ""back_sticker"": ""a ring holder"", ""case_type"": ""no case"", ""screen_damage"": ""crack at top-left corner""}"
I0729,I0728,True,val,phone,Motorola,blue,pop socket on the back | dual camera,Main Gate,matched,U0736,L0639,F0641,"{""wallpaper"": ""an anime character"", ""back_sticker"": ""a small smiley sticker"", ""case_type"": ""transparent case"", ""screen_damage"": ""no cracks""}"
I0730,I0730,False,train,charger,Dell,black,braided cable | fast charging type | two-pin plug,Canteen,matched,U0368,L0640,F0642,"{""type"": ""a 20W phone charger"", ""cable_wrap"": ""a velcro wrap"", ""marking"": ""no marking"", ""damage"": ""no damage""}"
I0731,I0731,False,train,keys,,black,bike key with a rubber cover | plastic tag | steel ring,Auditorium,matched,U0775,L0641,F0643,"{""key_count"": ""four keys"", ""charm"": ""a cartoon figure"", ""tag_text"": ""a red key cover"", ""ring_type"": ""a carabiner""}"
I0732,I0732,False,train,notebook,Camlin,red,sticky notes inside | spiral bound,Stationery Shop,matched,U0035,L0642,F0644,"{""cover_doodle"": ""a doodle of a cat"", ""subject"": ""Data Structures"", ""first_page"": ""an empty first page"", ""loose_item"": ""nothing inside""}"
I0733,I0733,False,test,backpack,Skybags,grey,two front zips | one side pocket,ECE Block,matched,U0563,L0643,F0645,"{""front_pocket_contents"": ""a water bottle"", ""keychain"": ""a football keychain"", ""inner_lining_color"": ""black"", ""tag_or_sticker"": ""a bus pass holder""}"
I0734,I0734,False,train,spectacles case,Lenskart,blue,hard shell | soft pouch,Library,matched,U0213,L0644,F0646,"{""frame_color"": ""silver frame"", ""case_inside"": ""a visiting card"", ""lens_condition"": ""a scratch on the right lens"", ""case_print"": ""a logo of an optical shop""}"
I0735,I0734,True,train,spectacles case,Lenskart,blue,hard shell | zip closure,Library,matched,U0520,L0645,F0647,"{""frame_color"": ""brown frame"", ""case_inside"": ""no cloth"", ""lens_condition"": ""no scratches"", ""case_print"": ""a floral print""}"
I0736,I0736,False,train,phone,Realme,white,transparent case | pop socket on the back,Gym,lost_only,U0030,L0646,,"{""wallpaper"": ""a car photo"", ""back_sticker"": ""a metro card in the cover"", ""case_type"": ""flip cover"", ""screen_damage"": ""scratched tempered glass""}"
I0737,I0737,False,test,notebook,Camlin,black,spiral bound | 200 pages | hard cover,Auditorium,matched,U0508,L0647,F0648,"{""cover_doodle"": ""no marking"", ""subject"": ""Data Structures"", ""first_page"": ""a name and roll number"", ""loose_item"": ""nothing inside""}"
I0738,I0738,False,train,phone,iPhone,silver,cracked screen corner | pop socket on the back,Auditorium,found_only,,,F0649,"{""wallpaper"": ""a family photo"", ""back_sticker"": ""a band logo sticker"", ""case_type"": ""transparent case"", ""screen_damage"": ""scratched tempered glass""}"
I0739,I0739,False,train,charger,Realme,white,braided cable | two-pin plug | long cable,Library,matched,U0592,L0648,F0650,"{""type"": ""a 33W fast charger"", ""cable_wrap"": ""a velcro wrap"", ""marking"": ""initials"", ""damage"": ""a cracked adapter body""}"
I0740,I0740,False,train,smartwatch,Amazfit,white,scratch on the glass | silicone strap,Gym,matched,U0324,L0649,F0651,"{""strap_color"": ""a blue strap"", ""watch_face"": ""a plain black face"", ""damage"": ""no damage"", ""extras"": ""a spare strap in a pouch""}"
I0741,I0740,True,train,smartwatch,Amazfit,white,scratch on the glass | square dial,Gym,matched,U0398,L0650,F0652,"{""strap_color"": ""a blue strap"", ""watch_face"": ""a cricket watch face"", ""damage"": ""a loose strap"", ""extras"": ""the charging dock in a pouch""}"
I0742,I0742,False,val,power bank,Syska,black,LED indicator | USB-C port,Bus Stop,lost_only,U0013,L0651,,"{""capacity"": ""10000 mAh"", ""cable"": ""a type-C cable"", ""sticker"": ""a cartoon sticker"", ""damage"": ""no damage""}"
I0743,I0742,True,val,power bank,Syska,black,LED indicator | rubber finish,Bus Stop,matched,U0425,L0652,F0653,"{""capacity"": ""10000 mAh slim"", ""cable"": ""a lightning cable"", ""sticker"": ""a price sticker"", ""damage"": ""a dent on one corner""}"
I0744,I0744,False,train,laptop,Lenovo,blue,black sleeve | backlit keyboard | sticker on the lid,Mechanical Block,matched,U0516,L0653,F0654,"{""lid_sticker"": ""a cartoon sticker"", ""wallpaper"": ""a cricket player photo"", ""charger_included"": ""yes, with a black adapter"", ""scratch"": ""no visible scratch""}"
I0745,I0744,True,train,laptop,Lenovo,blue,black sleeve | 15 inch screen,Mechanical Block,matched,U0380,L0654,F0655,"{""lid_sticker"": ""a GitHub sticker"", ""wallpaper"": ""a beach photo"", ""charger_included"": ""only the cable"", ""scratch"": ""worn keys near the touchpad""}"
I0746,I0746,False,train,backpack,Wildcraft,maroon,slightly torn near the strap | two front zips | one side pocket,CS Block,matched,U0781,L0655,F0656,"{""front_pocket_contents"": ""a water bottle"", ""keychain"": ""a football keychain"", ""inner_lining_color"": ""grey"", ""tag_or_sticker"": ""a Spiderman sticker""}"
I0747,I0746,True,train,backpack,Wildcraft,maroon,slightly torn near the strap | laptop compartment | reflective strip,CS Block,matched,U0220,L0656,F0657,"{""front_pocket_contents"": ""a lunch box"", ""keychain"": ""a metal bottle-opener keychain"", ""inner_lining_color"": ""orange"", ""tag_or_sticker"": ""a college fest tag""}"
I0748,I0748,False,test,spectacles case,Lenskart,brown,hard shell | zip closure,Parking Lot,matched,U0228,L0657,F0658,"{""frame_color"": ""transparent frame"", ""case_inside"": ""a screwdriver kit"", ""lens_condition"": ""an anti-glare coating"", ""case_print"": ""no logo""}"
I0749,I0749,False,train,charger,Apple,black,fast charging type | two-pin plug,Library,matched,U0766,L0658,F0659,"{""type"": ""a USB cable with adapter"", ""cable_wrap"": ""a rubber band around the cable"", ""marking"": ""coloured tape on the cable"", ""damage"": ""a bent pin""}"
I0750,I0750,False,test,earbuds case,boAt,black,scuffed lid | small LED light,Auditorium,matched,U0183,L0659,F0660,"{""cover"": ""a leather pouch"", ""engraved"": ""a heart drawn with marker"", ""buds_present"": ""only the left bud"", ""charm"": ""a metal ring""}"
I0751,I0750,True,test,earbuds case,boAt,black,scuffed lid | silicone cover,Auditorium,matched,U0218,L0660,F0661,"{""cover"": ""a glitter cover"", ""engraved"": ""initial A"", ""buds_present"": ""only the left bud"", ""charm"": ""no charm""}"
I0752,I0752,False,train,power bank,Syska,white,USB-C port | rubber finish,Stationery Shop,lost_only,U0200,L0661,,"{""capacity"": ""20000 mAh with display"", ""cable"": ""a type-C cable"", ""sticker"": ""a cartoon sticker"", ""damage"": ""no damage""}"
I0753,I0753,False,train,laptop,MacBook,silver,sticker on the lid | black sleeve,Library,matched,U0233,L0662,F0662,"{""lid_sticker"": ""a cartoon sticker"", ""wallpaper"": ""a mountain sunset"", ""charger_included"": ""yes, with a black adapter"", ""scratch"": ""scratch on the left corner""}"
I0754,I0754,False,train,laptop,Asus,black,backlit keyboard | 15 inch screen | sticker on the lid,Playground,matched,U0135,L0663,F0663,"{""lid_sticker"": ""a GitHub sticker"", ""wallpaper"": ""plain black"", ""charger_included"": ""yes, with a black adapter"", ""scratch"": ""scratch on the left corner""}"
I0755,I0754,True,train,laptop,Asus,black,backlit keyboard | black sleeve,Playground,matched,U0353,L0664,F0664,"{""lid_sticker"": ""a Python sticker"", ""wallpaper"": ""a beach photo"", ""charger_included"": ""yes, with an extension cord"", ""scratch"": ""worn keys near the touchpad""}"
I0756,I0756,False,train,phone,OnePlus,green,transparent case | cracked screen corner | dual camera,Parking Lot,matched,U0394,L0665,F0665,"{""wallpaper"": ""a car photo"", ""back_sticker"": ""a small smiley sticker"", ""case_type"": ""flip cover"", ""screen_damage"": ""a dead pixel line""}"
I0757,I0756,True,train,phone,OnePlus,green,transparent case | pop socket on the back,Parking Lot,matched,U0047,L0666,F0666,"{""wallpaper"": ""a car photo"", ""back_sticker"": ""a heart sticker"", ""case_type"": ""green case with raised corners"", ""screen_damage"": ""crack at top-left corner""}"
I0758,I0758,False,train,spectacles case,Titan,red,small logo | zip closure | soft pouch,Bus Stop,matched,U0377,L0667,F0667,"{""frame_color"": ""silver frame"", ""case_inside"": ""a screwdriver kit"", ""lens_condition"": ""no scratches"", ""case_print"": ""a name label""}"
I0759,I0759,False,train,keys,,brown,bike key with a rubber cover | steel ring | small padlock key,Main Gate,found_only,,,F0668,"{""key_count"": ""one key"", ""charm"": ""a cartoon figure"", ""tag_text"": ""a cycle lock key attached"", ""ring_type"": ""a split ring with a loop""}"
I0760,I0759,True,train,keys,,brown,bike key with a rubber cover | plastic tag,Main Gate,matched,U0435,L0668,F0669,"{""key_count"": ""two keys"", ""charm"": ""a leather tag"", ""tag_text"": ""a room number"", ""ring_type"": ""a carabiner""}"
I0761,I0761,False,test,phone,Samsung,blue,cracked screen corner | pop socket on the back | dual camera,Admin Block,matched,U0010,L0669,F0670,"{""wallpaper"": ""an anime character"", ""back_sticker"": ""a small smiley sticker"", ""case_type"": ""transparent case"", ""screen_damage"": ""a dead pixel line""}"
I0762,I0762,False,train,wallet,Wildcraft,navy blue,worn edges | zip coin pocket,Mechanical Block,matched,U0444,L0670,F0671,"{""card_in_first_slot"": ""a gym membership card"", ""cash_range"": ""100 to 500 rupees"", ""photo_inside"": ""a small deity picture"", ""other_item"": ""a folded receipt""}"
I0763,I0762,True,train,wallet,Wildcraft,navy blue,worn edges | metal logo,Mechanical Block,matched,U0294,L0671,F0672,"{""card_in_first_slot"": ""a library card"", ""cash_range"": ""no cash"", ""photo_inside"": ""a polaroid"", ""other_item"": ""a library slip""}"
I0764,I0764,False,train,water bottle,Borosil,green,scratched paint | flip cap | 1 litre size,ECE Block,matched,U0733,L0672,F0673,"{""sticker"": ""no sticker"", ""dent_location"": ""dent near the neck"", ""content"": ""half filled with water"", ""strap"": ""a loop on the cap""}"
I0765,I0765,False,train,earbuds case,AirPods,black,small LED light | lanyard hook | silicone cover,Mechanical Block,matched,U0682,L0673,F0674,"{""cover"": ""a leather pouch"", ""engraved"": ""a name label"", ""buds_present"": ""only the left bud"", ""charm"": ""a tiny bear charm""}"
I0766,I0765,True,train,earbuds case,AirPods,black,small LED light | scuffed lid,Mechanical Block,matched,U0142,L0674,F0675,"{""cover"": ""a plain case"", ""engraved"": ""initial R"", ""buds_present"": ""both buds present"", ""charm"": ""no charm""}"
I0767,I0767,False,train,phone,Realme,green,transparent case | pop socket on the back,Gym,matched,U0232,L0675,F0676,"{""wallpaper"": ""an anime character"", ""back_sticker"": ""a ring holder"", ""case_type"": ""no case"", ""screen_damage"": ""scratched tempered glass""}"
I0768,I0768,False,train,charger,Samsung,black,long cable | braided cable,Auditorium,matched,U0079,L0676,F0677,"{""type"": ""a USB cable with adapter"", ""cable_wrap"": ""a rubber band around the cable"", ""marking"": ""initials"", ""damage"": ""a cracked adapter body""}"
I0769,I0769,False,train,keys,,silver,plastic tag | small padlock key,Auditorium,found_only,,,F0678,"{""key_count"": ""one key"", ""charm"": ""a plastic football"", ""tag_text"": ""a red key cover"", ""ring_type"": ""a plastic ring""}"
I0770,I0770,False,train,charger,Realme,black,long cable | fast charging type | braided cable,Library,matched,U0539,L0677,F0679,"{""type"": ""a 20W phone charger"", ""cable_wrap"": ""tape on the cable"", ""marking"": ""no marking"", ""damage"": ""no damage""}"
I0771,I0771,False,train,umbrella,,red,folding type | automatic open button | printed edges,Main Gate,matched,U0540,L0678,F0680,"{""handle"": ""a curved wooden handle"", ""print"": ""floral print inside"", ""damage"": ""a missing button"", ""strap_color"": ""no strap""}"
I0772,I0771,True,train,umbrella,,red,folding type | bent rib,Main Gate,matched,U0100,L0679,F0681,"{""handle"": ""a straight handle"", ""print"": ""plain inside"", ""damage"": ""a missing button"", ""strap_color"": ""a black Velcro strap""}"
I0773,I0773,False,val,wallet,Hidesign,grey,zip coin pocket | metal logo | worn edges,Stationery Shop,matched,U0157,L0680,F0682,"{""card_in_first_slot"": ""a metro card"", ""cash_range"": ""no cash"", ""photo_inside"": ""a small deity picture"", ""other_item"": ""a movie ticket""}"
I0774,I0774,False,train,calculator,Casio,grey,slide cover | solar panel | faded keys,Boys Hostel,found_only,,,F0683,"{""model"": ""fx-991ES Plus"", ""name_marking"": ""name written on the back"", ""cover"": ""a scratched cover"", ""damage"": ""a missing key cap""}"
I0775,I0775,False,train,notebook,Camlin,green,200 pages | spiral bound,Playground,matched,U0155,L0681,F0684,"{""cover_doodle"": ""subject name only"", ""subject"": ""Data Structures"", ""first_page"": ""a cartoon"", ""loose_item"": ""a loose sheet inside""}"
I0776,I0776,False,train,smartwatch,Noise,pink,square dial | silicone strap | round dial,Main Gate,matched,U0466,L0682,F0685,"{""strap_color"": ""a white strap"", ""watch_face"": ""a family photo face"", ""damage"": ""a loose strap"", ""extras"": ""the charging dock in a pouch""}"
I0777,I0777,False,val,earbuds case,boAt,white,scuffed lid | small LED light | lanyard hook,Auditorium,lost_only,U0051,L0683,,"{""cover"": ""a silicone cover with a hook"", ""engraved"": ""initial S"", ""buds_present"": ""no buds"", ""charm"": ""a metal ring""}"
I0778,I0778,False,train,charger,Apple,white,two-pin plug | braided cable | fast charging type,ECE Block,matched,U0611,L0684,F0686,"{""type"": ""a 65W laptop charger"", ""cable_wrap"": ""tape on the cable"", ""marking"": ""initials"", ""damage"": ""no damage""}"
I0779,I0779,False,val,smartwatch,Apple Watch,green,square dial | silicone strap,Mechanical Block,matched,U0528,L0685,F0687,"{""strap_color"": ""a pink strap"", ""watch_face"": ""a digital face with steps"", ""damage"": ""a scratch on the glass"", ""extras"": ""the charging dock in a pouch""}"
I0780,I0780,False,train,laptop,MacBook,black,backlit keyboard | sticker on the lid | 15 inch screen,Gym,matched,U0716,L0686,F0688,"{""lid_sticker"": ""a band sticker"", ""wallpaper"": ""a family photo"", ""charger_included"": ""yes, with a black adapter"", ""scratch"": ""scratch on the left corner""}"
I0781,I0781,False,train,umbrella,Lifelong,pink,automatic open button | folding type,Admin Block,matched,U0565,L0687,F0689,"{""handle"": ""a black plastic handle"", ""print"": ""floral print inside"", ""damage"": ""no damage"", ""strap_color"": ""a black Velcro strap""}"
I0782,I0782,False,train,calculator,Casio,grey,scientific type | slide cover | solar panel,Auditorium,matched,U0414,L0688,F0690,"{""model"": ""fx-82MS"", ""name_marking"": ""name written on the back"", ""cover"": ""a black slide cover"", ""damage"": ""a cracked corner""}"
I0783,I0782,True,train,calculator,Casio,grey,scientific type | faded keys,Auditorium,matched,U0070,L0689,F0691,"{""model"": ""fx-570ES"", ""name_marking"": ""name written on the back"", ""cover"": ""a black slide cover"", ""damage"": ""a cracked corner""}"
I0784,I0784,False,train,wallet,Wildcraft,black,metal logo | zip coin pocket,Main Gate,found_only,,,F0692,"{""card_in_first_slot"": ""a bus pass"", ""cash_range"": ""500 to 2000 rupees"", ""photo_inside"": ""a passport-size photo"", ""other_item"": ""a folded receipt""}"
I0785,I0785,False,train,backpack,Wildcraft,black,one side pocket | laptop compartment | reflective strip,Auditorium,matched,U0797,L0690,F0693,"{""front_pocket_contents"": ""a water bottle"", ""keychain"": ""a football keychain"", ""inner_lining_color"": ""blue"", ""tag_or_sticker"": ""a bus pass holder""}"
I0786,I0786,False,train,charger,Samsung,white,two-pin plug | long cable | fast charging type,Main Gate,matched,U0439,L0691,F0694,"{""type"": ""a 20W phone charger"", ""cable_wrap"": ""a rubber band around the cable"", ""marking"": ""no marking"", ""damage"": ""a cracked adapter body""}"
I0787,I0787,False,test,laptop,Lenovo,blue,sticker on the lid | black sleeve | 15 inch screen,Mechanical Block,matched,U0071,L0692,F0695,"{""lid_sticker"": ""a college club sticker"", ""wallpaper"": ""a beach photo"", ""charger_included"": ""only the cable"", ""scratch"": ""scratch on the left corner""}"
I0788,I0787,True,test,laptop,Lenovo,blue,sticker on the lid | backlit keyboard,Mechanical Block,matched,U0689,L0693,F0696,"{""lid_sticker"": ""no sticker"", ""wallpaper"": ""a mountain sunset"", ""charger_included"": ""yes, with a black adapter"", ""scratch"": ""dent on the lid""}"
I0789,I0789,False,train,calculator,Casio,blue,faded keys | slide cover,Library,matched,U0045,L0694,F0697,"{""model"": ""fx-991EX"", ""name_marking"": ""name written on the back"", ""cover"": ""a blue flip cover"", ""damage"": ""a faded 7 key""}"
I0790,I0790,False,test,charger,Realme,black,braided cable | two-pin plug | long cable,Gym,matched,U0534,L0695,F0698,"{""type"": ""a 65W laptop charger"", ""cable_wrap"": ""a rubber band around the cable"", ""marking"": ""coloured tape on the cable"", ""damage"": ""a bent pin""}"
I0791,I0791,False,val,umbrella,Lifelong,grey,folding type | bent rib | printed edges,Canteen,matched,U0785,L0696,F0699,"{""handle"": ""a handle with a rubber grip"", ""print"": ""a polka dot pattern"", ""damage"": ""a torn edge"", ""strap_color"": ""a blue strap""}"
I0792,I0792,False,test,notebook,Classmate,green,hard cover | sticky notes inside,Stationery Shop,matched,U0678,L0697,F0700,"{""cover_doodle"": ""a name label"", ""subject"": ""Data Structures"", ""first_page"": ""a name and roll number"", ""loose_item"": ""a pen clipped inside""}"
I0793,I0793,False,train,backpack,Nike,maroon,one side pocket | reflective strip | laptop compartment,Girls Hostel,matched,U0256,L0698,F0701,"{""front_pocket_contents"": ""an umbrella"", ""keychain"": ""a brass ring with a bell"", ""inner_lining_color"": ""green"", ""tag_or_sticker"": ""a bus pass holder""}"
I0794,I0794,False,train,notebook,,red,spiral bound | hard cover | sticky notes inside,Girls Hostel,found_only,,,F0702,"{""cover_doodle"": ""a name label"", ""subject"": ""Machine Learning"", ""first_page"": ""a cartoon"", ""loose_item"": ""a loose sheet inside""}"
I0795,I0795,False,train,calculator,Citizen,black,faded keys | slide cover,Girls Hostel,matched,U0109,L0699,F0703,"{""model"": ""fx-991EX"", ""name_marking"": ""no marking"", ""cover"": ""a blue flip cover"", ""damage"": ""a cracked corner""}"
I0796,I0795,True,train,calculator,Citizen,black,faded keys | scientific type,Girls Hostel,matched,U0166,L0700,F0704,"{""model"": ""fx-570ES"", ""name_marking"": ""no marking"", ""cover"": ""no cover"", ""damage"": ""a missing key cap""}"
I0797,I0797,False,train,water bottle,Decathlon,blue,1 litre size | flip cap | steel body,Bus Stop,matched,U0412,L0701,F0705,"{""sticker"": ""a cartoon sticker"", ""dent_location"": ""scratch on the side"", ""content"": ""empty"", ""strap"": ""a loop on the cap""}"
I0798,I0797,True,train,water bottle,Decathlon,blue,1 litre size | scratched paint,Bus Stop,matched,U0280,L0702,F0706,"{""sticker"": ""a cartoon sticker"", ""dent_location"": ""dent on the cap"", ""content"": ""empty"", ""strap"": ""no strap""}"
I0799,I0799,False,train,notebook,Camlin,red,hard cover | 200 pages | spiral bound,Mechanical Block,matched,U0138,L0703,F0707,"{""cover_doodle"": ""a sticker of a planet"", ""subject"": ""Operating Systems"", ""first_page"": ""a cartoon"", ""loose_item"": ""a sticky note inside""}"
I0800,I0799,True,train,notebook,Camlin,red,hard cover | sticky notes inside,Mechanical Block,matched,U0750,L0704,F0708,"{""cover_doodle"": ""subject name only"", ""subject"": ""Data Structures"", ""first_page"": ""a cartoon"", ""loose_item"": ""a pen clipped inside""}"
I0801,I0801,False,val,notebook,Camlin,black,sticky notes inside | spiral bound | hard cover,Mechanical Block,found_only,,,F0709,"{""cover_doodle"": ""no marking"", ""subject"": ""Physics"", ""first_page"": ""a cartoon"", ""loose_item"": ""nothing inside""}"
I0802,I0801,True,val,notebook,Camlin,black,sticky notes inside | 200 pages,Girls Hostel,lost_only,U0758,L0705,,"{""cover_doodle"": ""a coffee stain"", ""subject"": ""Machine Learning"", ""first_page"": ""a timetable"", ""loose_item"": ""nothing inside""}"
I0803,I0803,False,train,spectacles case,,black,small logo | hard shell | zip closure,Boys Hostel,found_only,,,F0710,"{""frame_color"": ""transparent frame"", ""case_inside"": ""a visiting card"", ""lens_condition"": ""an anti-glare coating"", ""case_print"": ""a logo of an optical shop""}"
I0804,I0804,False,train,laptop,Lenovo,black,black sleeve | sticker on the lid | backlit keyboard,Girls Hostel,lost_only,U0437,L0706,,"{""lid_sticker"": ""a band sticker"", ""wallpaper"": ""plain black"", ""charger_included"": ""yes, with an extension cord"", ""scratch"": ""no visible scratch""}"
I0805,I0805,False,test,keys,,red,steel ring | small padlock key,Parking Lot,matched,U0509,L0707,F0711,"{""key_count"": ""one key"", ""charm"": ""a plastic football"", ""tag_text"": ""a hostel name"", ""ring_type"": ""a plastic ring""}"
I0806,I0806,False,train,water bottle,Tupperware,black,scratched paint | flip cap | steel body,Auditorium,matched,U0255,L0708,F0712,"{""sticker"": ""a cartoon sticker"", ""dent_location"": ""no dent"", ""content"": ""empty"", ""strap"": ""a rope handle""}"
I0807,I0807,False,train,laptop,Asus,grey,backlit keyboard | sticker on the lid | black sleeve,Bus Stop,matched,U0500,L0709,F0713,"{""lid_sticker"": ""a Python sticker"", ""wallpaper"": ""a cricket player photo"", ""charger_included"": ""yes, with a black adapter"", ""scratch"": ""dent on the lid""}"
I0808,I0808,False,train,notebook,Navneet,red,spiral bound | 200 pages,Library,found_only,,,F0714,"{""cover_doodle"": ""a sticker of a planet"", ""subject"": ""Machine Learning"", ""first_page"": ""a timetable"", ""loose_item"": ""a loose sheet inside""}"
I0809,I0808,True,train,notebook,Navneet,red,spiral bound | sticky notes inside,CS Block,matched,U0482,L0710,F0715,"{""cover_doodle"": ""a coffee stain"", ""subject"": ""Engineering Maths"", ""first_page"": ""an empty first page"", ""loose_item"": ""a loose sheet inside""}"
I0810,I0810,False,train,phone,Realme,red,pop socket on the back | transparent case | cracked screen corner,Mechanical Block,matched,U0261,L0711,F0716,"{""wallpaper"": ""a car photo"", ""back_sticker"": ""a metro card in the cover"", ""case_type"": ""green case with raised corners"", ""screen_damage"": ""scratched tempered glass""}"
I0811,I0810,True,train,phone,Realme,red,pop socket on the back | dual camera,Mechanical Block,matched,U0271,L0712,F0717,"{""wallpaper"": ""an anime character"", ""back_sticker"": ""a heart sticker"", ""case_type"": ""black silicone case"", ""screen_damage"": ""no cracks""}"
I0812,I0812,False,train,smartwatch,boAt,black,silicone strap | scratch on the glass,Auditorium,lost_only,U0125,L0713,,"{""strap_color"": ""a metal strap"", ""watch_face"": ""a plain black face"", ""damage"": ""a scuffed corner"", ""extras"": ""the charging dock in a pouch""}"
I0813,I0813,False,train,laptop,Lenovo,silver,sticker on the lid | backlit keyboard,CS Block,lost_only,U0592,L0714,,"{""lid_sticker"": ""a band sticker"", ""wallpaper"": ""a car photo"", ""charger_included"": ""yes, with a black adapter"", ""scratch"": ""dent on the lid""}"
I0814,I0813,True,train,laptop,Lenovo,silver,sticker on the lid | 15 inch screen,Canteen,lost_only,U0664,L0715,,"{""lid_sticker"": ""a GitHub sticker"", ""wallpaper"": ""a cat photo"", ""charger_included"": ""yes, with an extension cord"", ""scratch"": ""dent on the lid""}"
I0815,I0815,False,train,spectacles case,Lenskart,black,hard shell | zip closure | small logo,Boys Hostel,lost_only,U0626,L0716,,"{""frame_color"": ""transparent frame"", ""case_inside"": ""a spare nose pad"", ""lens_condition"": ""a scratch on the right lens"", ""case_print"": ""a logo of an optical shop""}"
I0816,I0815,True,train,spectacles case,Lenskart,black,hard shell | soft pouch,Boys Hostel,matched,U0248,L0717,F0718,"{""frame_color"": ""silver frame"", ""case_inside"": ""a screwdriver kit"", ""lens_condition"": ""no scratches"", ""case_print"": ""a floral print""}"
I0817,I0817,False,train,phone,Samsung,white,transparent case | cracked screen corner | pop socket on the back,Parking Lot,matched,U0165,L0718,F0719,"{""wallpaper"": ""a beach photo"", ""back_sticker"": ""no sticker"", ""case_type"": ""no case"", ""screen_damage"": ""scratched tempered glass""}"
I0818,I0818,False,train,laptop,Dell,silver,sticker on the lid | black sleeve,ECE Block,matched,U0320,L0719,F0720,"{""lid_sticker"": ""a cartoon sticker"", ""wallpaper"": ""a beach photo"", ""charger_included"": ""no charger"", ""scratch"": ""worn keys near the touchpad""}"
I0819,I0819,False,train,spectacles case,Titan,brown,zip closure | soft pouch,Boys Hostel,matched,U0679,L0720,F0721,"{""frame_color"": ""brown frame"", ""case_inside"": ""a cleaning cloth"", ""lens_condition"": ""an anti-glare coating"", ""case_print"": ""a floral print""}"
I0820,I0819,True,train,spectacles case,Titan,brown,zip closure | small logo,Boys Hostel,matched,U0417,L0721,F0722,"{""frame_color"": ""gold frame"", ""case_inside"": ""a cleaning cloth"", ""lens_condition"": ""no scratches"", ""case_print"": ""a name label""}"
I0821,I0821,False,val,backpack,Safari,red,laptop compartment | reflective strip,Mechanical Block,matched,U0658,L0722,F0723,"{""front_pocket_contents"": ""a calculator and a ruler"", ""keychain"": ""a metal bottle-opener keychain"", ""inner_lining_color"": ""red"", ""tag_or_sticker"": ""a name tag with initials""}"
I0822,I0822,False,val,earbuds case,AirPods,pink,small LED light | scuffed lid,Canteen,lost_only,U0121,L0723,,"{""cover"": ""a cartoon silicone cover"", ""engraved"": ""initial R"", ""buds_present"": ""only the right bud"", ""charm"": ""no charm""}"
I0823,I0823,False,test,smartwatch,Amazfit,pink,square dial | round dial | scratch on the glass,ECE Block,matched,U0165,L0724,F0724,"{""strap_color"": ""a metal strap"", ""watch_face"": ""a plain black face"", ""damage"": ""no damage"", ""extras"": ""the charging dock in a pouch""}"
I0824,I0824,False,train,wallet,Puma,black,metal logo | zip coin pocket,Canteen,matched,U0125,L0725,F0725,"{""card_in_first_slot"": ""a college ID"", ""cash_range"": ""500 to 2000 rupees"", ""photo_inside"": ""no photo"", ""other_item"": ""a library slip""}"
I0825,I0825,False,train,earbuds case,OnePlus,black,lanyard hook | scuffed lid | silicone cover,Bus Stop,matched,U0547,L0726,F0726,"{""cover"": ""a plain case"", ""engraved"": ""initial A"", ""buds_present"": ""only the left bud"", ""charm"": ""a metal ring""}"
I0826,I0826,False,train,charger,Apple,white,two-pin plug | fast charging type,Canteen,lost_only,U0557,L0727,,"{""type"": ""a 33W fast charger"", ""cable_wrap"": ""a rubber band around the cable"", ""marking"": ""coloured tape on the cable"", ""damage"": ""no damage""}"
I0827,I0827,False,train,calculator,Casio,blue,scientific type | solar panel | faded keys,Parking Lot,matched,U0546,L0728,F0727,"{""model"": ""fx-82MS"", ""name_marking"": ""no marking"", ""cover"": ""a black slide cover"", ""damage"": ""no damage""}"
I0828,I0828,False,train,earbuds case,AirPods,black,silicone cover | scuffed lid,ECE Block,matched,U0643,L0729,F0728,"{""cover"": ""a plain case"", ""engraved"": ""initial S"", ""buds_present"": ""only the right bud"", ""charm"": ""a metal ring""}"
I0829,I0828,True,train,earbuds case,AirPods,black,silicone cover | small LED light,CS Block,matched,U0072,L0730,F0729,"{""cover"": ""a cartoon silicone cover"", ""engraved"": ""initial S"", ""buds_present"": ""both buds present"", ""charm"": ""a beaded charm""}"
I0830,I0830,False,train,laptop,MacBook,silver,backlit keyboard | black sleeve,Auditorium,matched,U0250,L0731,F0730,"{""lid_sticker"": ""a band sticker"", ""wallpaper"": ""plain black"", ""charger_included"": ""yes, with an extension cord"", ""scratch"": ""scratch on the left corner""}"
I0831,I0831,False,test,earbuds case,OnePlus,pink,silicone cover | lanyard hook | scuffed lid,Canteen,matched,U0773,L0732,F0731,"{""cover"": ""a glitter cover"", ""engraved"": ""initial R"", ""buds_present"": ""only the right bud"", ""charm"": ""a metal ring""}"
I0832,I0832,False,val,spectacles case,Lenskart,blue,zip closure | soft pouch,CS Block,matched,U0309,L0733,F0732,"{""frame_color"": ""transparent frame"", ""case_inside"": ""a visiting card"", ""lens_condition"": ""a slightly loose screw"", ""case_print"": ""a logo of an optical shop""}"
I0833,I0833,False,train,umbrella,,grey,printed edges | folding type,Boys Hostel,matched,U0222,L0734,F0733,"{""handle"": ""a curved wooden handle"", ""print"": ""a checked pattern"", ""damage"": ""a missing button"", ""strap_color"": ""no strap""}"
I0834,I0834,False,train,earbuds case,AirPods,white,small LED light | silicone cover | lanyard hook,Boys Hostel,matched,U0521,L0735,F0734,"{""cover"": ""a plain case"", ""engraved"": ""initial A"", ""buds_present"": ""only the right bud"", ""charm"": ""no charm""}"
I0835,I0834,True,train,earbuds case,AirPods,white,small LED light | scuffed lid,Boys Hostel,lost_only,U0115,L0736,,"{""cover"": ""a cartoon silicone cover"", ""engraved"": ""initial S"", ""buds_present"": ""no buds"", ""charm"": ""a metal ring""}"
I0836,I0836,False,train,spectacles case,,red,zip closure | soft pouch | small logo,Boys Hostel,matched,U0269,L0737,F0735,"{""frame_color"": ""black frame"", ""case_inside"": ""a cleaning cloth"", ""lens_condition"": ""no scratches"", ""case_print"": ""no logo""}"
I0837,I0837,False,train,notebook,Navneet,blue,hard cover | 200 pages | sticky notes inside,Stationery Shop,matched,U0324,L0738,F0736,"{""cover_doodle"": ""no marking"", ""subject"": ""Operating Systems"", ""first_page"": ""a timetable"", ""loose_item"": ""a sticky note inside""}"
I0838,I0837,True,train,notebook,Navneet,blue,hard cover | spiral bound,Stationery Shop,matched,U0123,L0739,F0737,"{""cover_doodle"": ""a coffee stain"", ""subject"": ""Machine Learning"", ""first_page"": ""a timetable"", ""loose_item"": ""a pen clipped inside""}"
I0839,I0839,False,train,umbrella,,pink,folding type | printed edges | bent rib,Auditorium,matched,U0564,L0740,F0738,"{""handle"": ""a handle with a rubber grip"", ""print"": ""floral print inside"", ""damage"": ""a bent rib"", ""strap_color"": ""a black Velcro strap""}"
I0840,I0840,False,test,umbrella,,black,bent rib | automatic open button,Boys Hostel,lost_only,U0673,L0741,,"{""handle"": ""a handle with a rubber grip"", ""print"": ""a checked pattern"", ""damage"": ""a torn edge"", ""strap_color"": ""a red strap""}"
I0841,I0841,False,train,phone,OnePlus,black,cracked screen corner | transparent case | dual camera,Canteen,matched,U0193,L0742,F0739,"{""wallpaper"": ""plain black"", ""back_sticker"": ""a heart sticker"", ""case_type"": ""blue hard case"", ""screen_damage"": ""no cracks""}"
I0842,I0842,False,val,earbuds case,Realme,pink,small LED light | silicone cover,Admin Block,lost_only,U0792,L0743,,"{""cover"": ""a cartoon silicone cover"", ""engraved"": ""initial A"", ""buds_present"": ""both buds present"", ""charm"": ""no charm""}"
I0843,I0843,False,train,laptop,Dell,black,sticker on the lid | 15 inch screen,Mechanical Block,matched,U0605,L0744,F0740,"{""lid_sticker"": ""a Python sticker"", ""wallpaper"": ""plain black"", ""charger_included"": ""yes, with an extension cord"", ""scratch"": ""no visible scratch""}"
I0844,I0843,True,train,laptop,Dell,black,sticker on the lid | backlit keyboard,Mechanical Block,matched,U0546,L0745,F0741,"{""lid_sticker"": ""a GitHub sticker"", ""wallpaper"": ""a cat photo"", ""charger_included"": ""only the cable"", ""scratch"": ""worn keys near the touchpad""}"
I0845,I0845,False,train,umbrella,,black,bent rib | printed edges,Playground,matched,U0012,L0746,F0742,"{""handle"": ""a curved wooden handle"", ""print"": ""a company logo"", ""damage"": ""a missing button"", ""strap_color"": ""a red strap""}"
I0846,I0846,False,train,charger,Mi,white,long cable | two-pin plug | braided cable,Girls Hostel,matched,U0083,L0747,F0743,"{""type"": ""a 65W laptop charger"", ""cable_wrap"": ""a rubber band around the cable"", ""marking"": ""a name written in marker"", ""damage"": ""a bent pin""}"
I0847,I0847,False,val,keys,,red,plastic tag | small padlock key,Admin Block,lost_only,U0273,L0748,,"{""key_count"": ""three keys"", ""charm"": ""a small torch"", ""tag_text"": ""a room number"", ""ring_type"": ""a carabiner""}"
I0848,I0848,False,train,keys,,black,plastic tag | small padlock key,Admin Block,matched,U0537,L0749,F0744,"{""key_count"": ""three keys"", ""charm"": ""a bottle opener"", ""tag_text"": ""a hostel name"", ""ring_type"": ""a steel ring""}"
I0849,I0848,True,train,keys,,black,plastic tag | bike key with a rubber cover,Admin Block,matched,U0233,L0750,F0745,"{""key_count"": ""two keys"", ""charm"": ""a bell charm"", ""tag_text"": ""a red key cover"", ""ring_type"": ""a plastic ring""}"
I0850,I0850,False,train,laptop,MacBook,grey,black sleeve | backlit keyboard | sticker on the lid,Parking Lot,lost_only,U0532,L0751,,"{""lid_sticker"": ""a college club sticker"", ""wallpaper"": ""a family photo"", ""charger_included"": ""no charger"", ""scratch"": ""scratch on the left corner""}"
I0851,I0850,True,train,laptop,MacBook,grey,black sleeve | 15 inch screen,Parking Lot,lost_only,U0522,L0752,,"{""lid_sticker"": ""a band sticker"", ""wallpaper"": ""a mountain sunset"", ""charger_included"": ""yes, with a black adapter"", ""scratch"": ""dent on the lid""}"
I0852,I0852,False,train,calculator,Casio,blue,slide cover | faded keys,Parking Lot,found_only,,,F0746,"{""model"": ""fx-991EX"", ""name_marking"": ""initials on the cover"", ""cover"": ""a blue flip cover"", ""damage"": ""a cracked corner""}"
I0853,I0853,False,train,phone,Redmi,black,cracked screen corner | transparent case,Gym,lost_only,U0613,L0753,,"{""wallpaper"": ""a mountain sunset"", ""back_sticker"": ""no sticker"", ""case_type"": ""no case"", ""screen_damage"": ""small chip on the bottom edge""}"
I0854,I0853,True,train,phone,Redmi,black,cracked screen corner | pop socket on the back,Gym,matched,U0488,L0754,F0747,"{""wallpaper"": ""plain black"", ""back_sticker"": ""no sticker"", ""case_type"": ""transparent case"", ""screen_damage"": ""a dead pixel line""}"
I0855,I0855,False,train,earbuds case,OnePlus,pink,small LED light | scuffed lid,Boys Hostel,lost_only,U0220,L0755,,"{""cover"": ""a silicone cover with a hook"", ""engraved"": ""no marking"", ""buds_present"": ""both buds present"", ""charm"": ""no charm""}"
I0856,I0855,True,train,earbuds case,OnePlus,pink,small LED light | lanyard hook,Boys Hostel,matched,U0143,L0756,F0748,"{""cover"": ""a cartoon silicone cover"", ""engraved"": ""initial S"", ""buds_present"": ""only the left bud"", ""charm"": ""no charm""}"
I0857,I0857,False,train,smartwatch,boAt,white,square dial | round dial | silicone strap,Main Gate,found_only,,,F0749,"{""strap_color"": ""a pink strap"", ""watch_face"": ""a digital face with steps"", ""damage"": ""a scuffed corner"", ""extras"": ""a spare strap in a pouch""}"
I0858,I0857,True,train,smartwatch,boAt,white,square dial | scratch on the glass,Bus Stop,matched,U0233,L0757,F0750,"{""strap_color"": ""a metal strap"", ""watch_face"": ""a cricket watch face"", ""damage"": ""no damage"", ""extras"": ""no dock""}"
I0859,I0859,False,train,power bank,Syska,silver,LED indicator | rubber finish | USB-C port,Main Gate,found_only,,,F0751,"{""capacity"": ""5000 mAh"", ""cable"": ""a lightning cable"", ""sticker"": ""a price sticker"", ""damage"": ""a dent on one corner""}"
I0860,I0860,False,train,smartwatch,Noise,white,square dial | scratch on the glass | round dial,Bus Stop,matched,U0651,L0758,F0752,"{""strap_color"": ""a black strap"", ""watch_face"": ""a cricket watch face"", ""damage"": ""a loose strap"", ""extras"": ""the charging dock in a pouch""}"
I0861,I0861,False,train,keys,,silver,plastic tag | steel ring | bike key with a rubber cover,Parking Lot,found_only,,,F0753,"{""key_count"": ""four keys"", ""charm"": ""a leather tag"", ""tag_text"": ""no tag"", ""ring_type"": ""a split ring with a loop""}"
I0862,I0862,False,train,backpack,Skybags,navy blue,reflective strip | white logo,Main Gate,found_only,,,F0754,"{""front_pocket_contents"": ""a pair of earphones"", ""keychain"": ""a small panda keychain"", ""inner_lining_color"": ""blue"", ""tag_or_sticker"": ""a college fest tag""}"
I0863,I0863,False,val,wallet,Fastrack,maroon,zip coin pocket | metal logo | worn edges,Library,matched,U0556,L0759,F0755,"{""card_in_first_slot"": ""a debit card"", ""cash_range"": ""100 to 500 rupees"", ""photo_inside"": ""a small deity picture"", ""other_item"": ""a movie ticket""}"
I0864,I0863,True,val,wallet,Fastrack,maroon,zip coin pocket | leather finish,Library,matched,U0666,L0760,F0756,"{""card_in_first_slot"": ""a library card"", ""cash_range"": ""over 2000 rupees"", ""photo_inside"": ""no photo"", ""other_item"": ""a folded receipt""}"
I0865,I0865,False,train,power bank,Syska,blue,rubber finish | LED indicator,ECE Block,found_only,,,F0757,"{""capacity"": ""10000 mAh slim"", ""cable"": ""a type-C cable"", ""sticker"": ""a name sticker"", ""damage"": ""a dent on one corner""}"
I0866,I0866,False,train,wallet,Hidesign,navy blue,metal logo | zip coin pocket,Bus Stop,found_only,,,F0758,"{""card_in_first_slot"": ""a bus pass"", ""cash_range"": ""over 2000 rupees"", ""photo_inside"": ""a passport-size photo"", ""other_item"": ""a library slip""}"
I0867,I0867,False,train,charger,Samsung,black,fast charging type | braided cable | long cable,Stationery Shop,matched,U0648,L0761,F0759,"{""type"": ""a 33W fast charger"", ""cable_wrap"": ""no wrap"", ""marking"": ""a name written in marker"", ""damage"": ""a frayed cable near the pin""}"
I0868,I0868,False,train,spectacles case,,red,zip closure | hard shell,Gym,matched,U0645,L0762,F0760,"{""frame_color"": ""black frame"", ""case_inside"": ""a visiting card"", ""lens_condition"": ""a scratch on the right lens"", ""case_print"": ""a floral print""}"
I0869,I0869,False,test,power bank,Ambrane,silver,USB-C port | rubber finish,Canteen,matched,U0354,L0763,F0761,"{""capacity"": ""20000 mAh with display"", ""cable"": ""a type-C cable"", ""sticker"": ""a price sticker"", ""damage"": ""a dent on one corner""}"
I0870,I0869,True,test,power bank,Ambrane,silver,USB-C port | slim body,Canteen,matched,U0543,L0764,F0762,"{""capacity"": ""10000 mAh"", ""cable"": ""a type-C cable"", ""sticker"": ""a cartoon sticker"", ""damage"": ""a loose port""}"
I0871,I0871,False,train,water bottle,Borosil,silver,steel body | scratched paint,Girls Hostel,matched,U0661,L0765,F0763,"{""sticker"": ""no sticker"", ""dent_location"": ""dent near the bottom"", ""content"": ""empty"", ""strap"": ""no strap""}"
I0872,I0872,False,train,backpack,Adidas,grey,laptop compartment | white logo | slightly torn near the strap,Canteen,matched,U0729,L0766,F0764,"{""front_pocket_contents"": ""an umbrella"", ""keychain"": ""a metal bottle-opener keychain"", ""inner_lining_color"": ""red"", ""tag_or_sticker"": ""a Spiderman sticker""}"
I0873,I0873,False,train,notebook,Camlin,red,spiral bound | 200 pages,Auditorium,matched,U0124,L0767,F0765,"{""cover_doodle"": ""subject name only"", ""subject"": ""Machine Learning"", ""first_page"": ""an empty first page"", ""loose_item"": ""a loose sheet inside""}"
I0874,I0873,True,train,notebook,Camlin,red,spiral bound | sticky notes inside,Auditorium,matched,U0427,L0768,F0766,"{""cover_doodle"": ""a name label"", ""subject"": ""Operating Systems"", ""first_page"": ""a cartoon"", ""loose_item"": ""a loose sheet inside""}"
I0875,I0875,False,val,earbuds case,Noise,pink,silicone cover | small LED light | lanyard hook,Main Gate,lost_only,U0457,L0769,,"{""cover"": ""a glitter cover"", ""engraved"": ""a heart drawn with marker"", ""buds_present"": ""only the right bud"", ""charm"": ""a metal ring""}"
I0876,I0876,False,val,wallet,Fastrack,brown,zip coin pocket | metal logo,CS Block,matched,U0179,L0770,F0767,"{""card_in_first_slot"": ""a college ID"", ""cash_range"": ""under 100 rupees"", ""photo_inside"": ""a polaroid"", ""other_item"": ""a small key""}"
I0877,I0877,False,train,phone,Motorola,black,pop socket on the back | dual camera,CS Block,found_only,,,F0768,"{""wallpaper"": ""an anime character"", ""back_sticker"": ""a ring holder"", ""case_type"": ""transparent case"", ""screen_damage"": ""a dead pixel line""}"
I0878,I0878,False,train,backpack,American Tourister,maroon,white logo | two front zips | laptop compartment,Parking Lot,lost_only,U0609,L0771,,"{""front_pocket_contents"": ""a calculator and a ruler"", ""keychain"": ""a small panda keychain"", ""inner_lining_color"": ""black"", ""tag_or_sticker"": ""a Spiderman sticker""}"
I0879,I0879,False,train,umbrella,Fastrack,red,folding type | automatic open button | bent rib,Library,matched,U0031,L0772,F0769,"{""handle"": ""a handle with a rubber grip"", ""print"": ""a company logo"", ""damage"": ""a torn edge"", ""strap_color"": ""a black Velcro strap""}"
I0880,I0880,False,test,wallet,Hidesign,brown,leather finish | worn edges | zip coin pocket,ECE Block,found_only,,,F0770,"{""card_in_first_slot"": ""a metro card"", ""cash_range"": ""500 to 2000 rupees"", ""photo_inside"": ""a polaroid"", ""other_item"": ""a coin""}"
