report_id,user_id,item_id,split,category_reported,group_reported,description,language,style,place_reported,place_confidence,latitude,longitude,lost_time_reported,time_window_hours,report_time,has_image,image_file,image_caption
L0001,U0557,I0001,train,power bank,electronics,"Lost my power bank, it is black.",en,brief,Gym,medium,12.901797,77.501843,2026-07-28 17:01,2.0,2026-07-28 23:00,False,,
L0002,U0749,I0003,test,keys,accessories,Lost brown keys,en,brief,Mechanical Block,medium,12.898203,77.502396,2026-09-19 13:55,1.0,2026-09-19 19:39,False,,
L0003,U0284,I0004,train,water bottle,drinkware,I lost my pink Tupperware water bottle. It has paint worn off in places.,en,medium,Gym,high,12.901797,77.501843,2026-09-17 15:13,2.0,2026-09-17 16:02,False,,
L0004,U0752,I0005,train,wallet,accessories,grey wallet lost,en,brief,ECE Block,high,12.899192,77.501382,2026-08-20 11:00,4.0,2026-08-20 12:40,False,,
L0005,U0290,I0006,train,backpack,bags,I lost my maroon backpack. It has white logo.,en,medium,ECE Block,low,12.899192,77.501382,2026-08-19 16:41,4.0,2026-08-20 00:28,True,,"a wine red backpack on the floor, white logo"
L0006,U0362,I0008,val,charger,electronics,"I lost my white Samsung charger. Details: fast charger, braided cable. Please contact me if found.",en,detailed,Parking Lot,medium,12.899461,77.498894,2026-07-20 18:06,1.0,2026-07-21 04:14,False,,
L0007,U0659,I0009,test,spectacles case,accessories,"Kisi ko mila ho toh batao: lost my spectacles case, it is grey.",hinglish,brief,Bus Stop,low,12.898383,77.497696,2026-07-23 15:47,4.0,2026-07-24 00:01,False,,
L0008,U0141,I0011,train,wallet,accessories,"Lost my wallet, it is brown.",en,brief,Canteen,low,12.900359,77.501106,2026-07-21 16:21,2.0,2026-07-21 19:09,False,,
L0009,U0264,I0012,train,wallet,accessories,"I lost my rbown wallet. Features: zip coin pocket, small metal logo.",en,detailed,Gym,medium,12.901797,77.501843,2026-09-14 07:34,4.0,2026-09-14 16:46,False,,
L0010,U0799,I0013,train,calculator,stationery,"I lost my grey Casio calculator. It has hard slide-on cover, solar strip on top, scientific type. Please contact me if found.",en,detailed,Parking Lot,medium,12.899461,77.498894,2026-09-09 13:44,4.0,2026-09-09 14:03,True,,"a grey Casio calculator on a bench, scientific calculator"
L0011,U0664,I0014,train,keys,accessories,I lost my brown key bunch. Details: small padlock key.,en,medium,Library,low,12.9,77.5,2026-08-31 14:28,1.0,2026-08-31 18:36,True,,"a brown keys on a desk, small padlock key"
L0012,U0401,I0015,train,charger,electronics,I lost my black charger. Details: two-pin adapter.,en,medium,Main Gate,medium,12.898653,77.498157,2026-09-23 07:20,2.0,2026-09-23 10:36,False,,
L0013,U0204,I0016,train,charger,electronics,I lost my black Samsung charger. Details: about 1.5 m cable.,en,medium,Main Gate,high,12.898653,77.498157,2026-08-24 14:49,0.5,2026-08-24 16:47,False,,
L0014,U0713,I0018,train,wallet,accessories,"Lost my keys, it is red.",en,brief,Parking Lot,medium,12.899461,77.498894,2026-08-31 13:52,2.0,2026-08-31 18:20,False,,
L0015,U0166,I0019,train,keys,accessories,"Mera i lost my red keys. It has small padlock key, bike key with a rubber cover. kho gaya hai.",hinglish,detailed,Bus Stop,high,12.898383,77.497696,2026-08-27 12:34,4.0,2026-08-27 16:34,False,,
L0016,U0030,I0021,val,spectacles case,accessories,blue spectacles case lost,en,brief,Stationery Shop,low,12.899461,77.500276,2026-08-20 10:09,2.0,2026-08-20 16:00,False,,
L0017,U0249,I0022,train,laptop,electronics,"I lost my grey Acer notebook computer. It has sticker on the lid, keyboard lights up. Please contact me if found.",en,detailed,Boys Hostel,high,12.902695,77.503686,2026-09-12 08:33,4.0,2026-09-12 11:38,False,,
L0018,U0707,I0024,train,phone,electronics,"I lost my silver Dell laptop. Details: in a black laptop sleeve, backlit keyboard. Please contact me if found.",en,detailed,Mechanical Block,high,12.898203,77.502396,2026-07-23 07:41,0.5,2026-07-23 17:27,True,,"a silver laptop on a table, black sleeve"
L0019,U0679,I0026,train,smartwatch,electronics,Lost pink fitness band,en,brief,Canteen,high,12.900359,77.501106,2026-08-07 16:42,2.0,2026-08-07 19:13,True,,"a pink Apple Watch smartwatch on a table, square dial"
L0020,U0660,I0027,train,wallet,accessories,I lost my blue purse. Features: worn edges.,en,medium,Gym,medium,12.901797,77.501843,2026-10-01 09:21,2.0,2026-10-01 19:15,False,,
L0021,U0792,I0028,train,notebook,stationery,"I lost my orange notebook. It has spiral notebook, coloured sticky ontes sticking out.",en,detailed,Admin Block,medium,12.898203,77.499816,2026-07-31 18:22,2.0,2026-07-31 23:36,True,,"a orange notebook on a bench, sticky notes inside"
L0022,U0031,I0029,train,notebook,stationery,"Kisi ko mila ho toh batao: i lost my orange book. It has coloured sticky notes sticking out, thick cover.",hinglish,detailed,Admin Block,medium,12.898203,77.499816,2026-08-19 15:13,4.0,2026-08-20 00:28,False,,
L0023,U0413,I0030,train,earbuds case,electronics,"I lost my blakc Noise charging case. Features: tiny indicator light, scuffed lid.",en,detailed,Main Gate,low,12.898653,77.498157,2026-09-08 12:56,2.0,2026-09-08 14:42,True,,"a black earbuds case on a bench, small LED light"
L0024,U0040,I0032,train,laptop,electronics,"I lost my blue Dell laptop. Features: stickers on the top cover, fifteen inch display. Please contact me if found.",en,detailed,Parking Lot,low,12.899461,77.498894,2026-08-18 08:03,4.0,2026-08-18 11:43,True,,"a blue Dell laptop on a bench, sticker on the lid"
L0025,U0204,I0033,test,notebook,stationery,Lost blue notebook,en,brief,Boys Hostel,high,12.902695,77.503686,2026-08-29 11:20,1.0,2026-08-29 16:43,True,,"a blue notebook on the floor, about two hundred pages"
L0026,U0668,I0034,val,charger,electronics,"I lost my black Realme charger. Details: cloth braided cable, fast charger, long cable. Please contact me if found.",en,detailed,Admin Block,medium,12.898203,77.499816,2026-09-14 15:52,0.5,2026-09-14 22:52,False,,
L0027,U0760,I0035,train,notebook,stationery,blue notebook lost,en,brief,Library,low,12.9,77.5,2026-09-18 15:33,4.0,2026-09-19 00:37,False,,
L0028,U0327,I0036,train,notebook,stationery,"I lost my blue Navneet notebook. Features: about two hundred pages, htick cover.",en,detailed,Canteen,high,12.900359,77.501106,2026-08-12 10:53,1.0,2026-08-12 14:17,False,,
L0029,U0368,I0037,test,calculator,stationery,"I lost my light blue Citizen calculator. Details: slide cover, scientific calculator.",en,detailed,Library,low,12.9,77.5,2026-09-29 11:03,4.0,2026-09-29 15:17,False,,
L0030,U0737,I0039,train,wallet,accessories,I lost my grey Wildcraft wallet. It has zip coin pocket.,en,medium,Auditorium,high,12.901437,77.499447,2026-09-28 19:04,4.0,2026-09-28 21:46,False,,
L0031,U0448,I0041,train,notebook,stationery,"I lost my dark green notebook. Details: spiral notebook, htick cover.",en,detailed,Canteen,low,12.900359,77.501106,2026-09-08 14:47,2.0,2026-09-08 17:46,False,,
L0032,U0786,I0042,train,calculator,stationery,"I lost my black Citizen calculator. It has faded keys, hard slide-on cover, solar panel.",en,detailed,ECE Block,high,12.899192,77.501382,2026-08-15 10:22,0.5,2026-08-15 18:15,False,,
L0033,U0055,I0043,train,smartwatch,electronics,"I lost my blue Apple Watch smartwatch. Features: scratch on the glass, round dial. Please contact me if found.",en,detailed,Library,medium,12.9,77.5,2026-08-28 09:00,2.0,2026-08-28 13:00,True,,"a blue Apple Watch smartwatch on the floor, scratch on the glass"
L0034,U0031,I0044,test,notebook,stationery,red record book lost,en,brief,Girls Hostel,low,12.897305,77.503225,2026-08-15 15:31,0.5,2026-08-15 20:30,False,,
L0035,U0334,I0046,train,phone,electronics,"Lost my phone, it is blue.",en,brief,Boys Hostel,medium,12.902695,77.503686,2026-09-30 15:49,2.0,2026-09-30 23:06,False,,
L0036,U0613,I0047,train,spectacles case,accessories,I lost my brown Titan spectacles case. Features: hard case.,en,medium,Library,medium,12.9,77.5,2026-09-12 13:36,2.0,2026-09-12 19:42,False,,
L0037,U0654,I0048,test,charger,electronics,"I lost my black Dell charger. Features: about 1.5 m cable, fast charging type, braided cable.",en,detailed,Admin Block,low,12.898203,77.499816,2026-09-02 15:52,1.0,2026-09-02 19:56,False,,
L0038,U0690,I0049,train,backpack,bags,"Lost my sports bag, it is grey.",en,brief,Auditorium,high,12.901437,77.499447,2026-08-24 12:24,2.0,2026-08-24 13:32,False,,
L0039,U0321,I0050,train,calculator,stationery,I lost my blue calculator. Features: scientific calculator.,en,medium,Playground,medium,12.901976,77.498341,2026-09-28 14:45,4.0,2026-09-28 20:06,False,,
L0040,U0623,I0051,train,calculator,stationery,"I lost my blue calculator. Features: faded keys, solar strip on top.",en,detailed,Auditorium,low,12.901437,77.499447,2026-10-02 08:17,4.0,2026-10-02 11:00,False,,
L0041,U0490,I0052,train,spectacles case,accessories,I lost my blakc spectacles case. Details: hard case.,en,medium,Mechanical Block,low,12.898203,77.502396,2026-07-29 18:34,0.5,2026-07-30 02:51,False,,
L0042,U0718,I0054,train,spectacles case,accessories,"Mera i lost my tan spectacle case. Details: tiny logo on the front, hard case. Please contact me if found. kho gaya hai.",hinglish,detailed,Bus Stop,low,12.898383,77.497696,2026-08-02 17:42,0.5,2026-08-03 00:44,True,,"a brown spectacles case on the floor, hard case"
L0043,U0468,I0055,train,other,bags,I lost my red backpack. Features: erflective strip on the straps.,en,medium,Auditorium,medium,12.901437,77.499447,2026-09-01 14:21,4.0,2026-09-01 14:40,False,,
L0044,U0624,I0056,train,laptop,electronics,"I lost my silver-grey Acer laptop. Details: keyboard lights up, in a black laptop sleeve, 15 inch screen.",en,detailed,ECE Block,medium,12.899192,77.501382,2026-09-07 10:05,4.0,2026-09-07 17:47,True,,"a grey Acer laptop on a table, 15 inch screen"
L0045,U0639,I0057,train,smartwatch,electronics,"I lost my whiet Fire-Boltt watch. Details: circular screen, glass slightly scratched, square dial.",en,detailed,Playground,medium,12.901976,77.498341,2026-08-25 14:25,1.0,2026-08-25 19:13,False,,
L0046,U0485,I0058,train,smartwatch,electronics,"I lost my white Fire-Boltt smartwatch. Features: scratch on the glass, silicone strap. Please contact me if found.",en,detailed,Playground,medium,12.901976,77.498341,2026-08-25 15:44,1.0,2026-08-25 21:19,False,,
L0047,U0484,I0059,train,keys,accessories,grey wallet lost,en,brief,Bus Stop,medium,12.898383,77.497696,2026-08-15 08:45,0.5,2026-08-15 17:07,True,,"a grey Woodland wallet on a bench, zipper coin section"
L0048,U0310,I0060,train,wallet,accessories,I lost my grey aFstrack wallet. Details: leather finish.,en,medium,Main Gate,high,12.898653,77.498157,2026-08-26 12:03,4.0,2026-08-26 20:50,False,,
L0049,U0503,I0061,train,spectacles case,accessories,"I lost my blue spectacles case. Details: soft pouch, tiny logo on the front, zippered.",en,detailed,Mechanical Block,high,12.898203,77.502396,2026-10-02 18:11,4.0,2026-10-03 02:35,False,,
L0050,U0271,I0063,val,umbrella,accessories,"I lost my grey Popy umbrella. It has one bent rib, foldable umbrella. Please contact me if found.",en,detailed,Stationery Shop,low,12.899461,77.500276,2026-09-01 13:59,4.0,2026-09-01 14:15,False,,
L0051,U0404,I0064,val,umbrella,accessories,"I lost my grey Popy umbrella. It has pattern on the border, one bent rib.",en,detailed,Library,low,12.9,77.5,2026-10-01 12:57,2.0,2026-10-01 23:07,False,,
L0052,U0305,I0065,train,smartwatch,electronics,I lost my black boAt smartwatch. It has scratch on the glass.,en,medium,Playground,high,12.901976,77.498341,2026-08-05 10:11,2.0,2026-08-05 13:22,False,,
L0053,U0028,I0066,train,power bank,electronics,"I lost my white Anker power bank. It has USB-C port, rubber finish, LED indicator.",en,detailed,Bus Stop,medium,12.898383,77.497696,2026-09-16 16:31,4.0,2026-09-16 20:55,False,,
L0054,U0601,I0067,val,charger,electronics,I lost my white charger. Features: long cable.,en,medium,Canteen,medium,12.900359,77.501106,2026-09-23 12:58,4.0,2026-09-23 14:40,False,,
L0055,U0714,I0068,test,backpack,bags,I lost my navy blue American Tourister backpack. Details: logo in white on the front.,en,medium,Main Gate,medium,12.898653,77.498157,2026-09-10 11:24,4.0,2026-09-10 20:39,False,,
L0056,U0568,I0069,test,backpack,bags,"I lost my navy blue sports bag. It has two front zips, white logo.",en,detailed,Main Gate,medium,12.898653,77.498157,2026-09-19 13:22,0.5,2026-09-19 21:28,True,,"a navy blue American Tourister backpack on the floor, two front zips"
L0057,U0498,I0070,val,charger,electronics,"Mera i lost my white Apple adapter with cable. Features: fast charging type, long cable. kho gaya hai.",hinglish,detailed,Boys Hostel,high,12.902695,77.503686,2026-10-01 13:27,4.0,2026-10-01 19:02,False,,
L0058,U0541,I0071,train,charger,electronics,"I lost my cream charger. It has two-pin plug, long cable, fast charging type.",en,detailed,Boys Hostel,medium,12.902695,77.503686,2026-08-31 12:41,2.0,2026-08-31 22:06,False,,
L0059,U0755,I0072,test,smartwatch,electronics,I lost my cream smartwatch. Features: rectangular screen.,en,medium,Stationery Shop,low,12.899461,77.500276,2026-08-20 13:58,0.5,2026-08-20 19:30,True,,"a white smartwatch on a desk, rubber strap"
L0060,U0400,I0073,train,laptop,electronics,"I lost my silver Dell laptop. Features: in a black laptop sleeve, stickers on the top cover.",en,detailed,Mechanical Block,high,12.898203,77.502396,2026-08-20 14:55,0.5,2026-08-20 19:51,False,,
L0061,U0062,I0075,train,umbrella,accessories,"I lost my dark green Lifelong umbrella. It has automatic open button, foldable umbrella, bent rib. Please contact me if found.",en,detailed,Bus Stop,medium,12.898383,77.497696,2026-09-17 10:28,1.0,2026-09-17 11:40,False,,
L0062,U0581,I0076,train,power bank,electronics,"I lost my white power bank. It has thin power bank, matte rubber finish, type-C input.",en,detailed,Playground,medium,12.901976,77.498341,2026-07-27 16:50,2.0,2026-07-27 18:29,False,,
L0063,U0397,I0077,train,power bank,electronics,I lost my white power bank. Features: LED indicator.,en,medium,Playground,high,12.901976,77.498341,2026-09-01 06:48,2.0,2026-09-01 11:33,False,,
L0064,U0726,I0078,train,backpack,bags,"I lost my green Skybags backpack. Details: reflective strip, double zip on the front. Please contact me if found.",en,detailed,Boys Hostel,medium,12.902695,77.503686,2026-08-05 10:36,2.0,2026-08-05 13:20,False,,
L0065,U0572,I0080,val,umbrella,accessories,I lost my navy blue umbrella. Features: foldabel umbrella.,en,medium,Admin Block,medium,12.898203,77.499816,2026-09-19 15:29,1.0,2026-09-19 22:49,False,,
L0066,U0566,I0081,train,notebook,stationery,"Lost my notebook, it is red.",en,brief,Auditorium,high,12.901437,77.499447,2026-07-30 09:47,1.0,2026-07-30 14:57,False,,
L0067,U0532,I0082,train,umbrella,accessories,"I lost my black Fastrack umbrella. Features: pattern on the border, push-button opening, one bent rib.",en,detailed,Canteen,high,12.900359,77.501106,2026-07-28 13:40,2.0,2026-07-28 21:09,True,,"a dark Fastrack umbrella on the floor, one bent rib"
L0068,U0625,I0083,train,power bank,electronics,"I lost my green boAt smartwatch. It has square dial, silicone strap.",en,detailed,Boys Hostel,high,12.902695,77.503686,2026-09-30 13:25,4.0,2026-09-30 21:07,False,,
L0069,U0309,I0084,train,power bank,electronics,I lost my grey battery pack. Details: four indicator lights.,en,medium,ECE Block,medium,12.899192,77.501382,2026-09-24 18:39,2.0,2026-09-25 01:59,False,,
L0070,U0488,I0086,train,power bank,electronics,"I lost my silver Ambrane power bank. Features: rubber finish, slim body. Please contact me if found.",en,detailed,Library,high,12.9,77.5,2026-09-10 13:23,4.0,2026-09-10 16:18,True,,"a silver power bank on a desk, matte rubber finish"
L0071,U0491,I0087,train,earbuds case,electronics,"I lost my blue Realme charging case. It has rubber cover, hook for a lanyard.",en,detailed,Playground,high,12.901976,77.498341,2026-09-04 08:55,0.5,2026-09-04 12:04,True,,"a blue Realme earbuds case on a desk, silicone cover"
L0072,U0742,I0088,train,smartwatch,electronics,"Kisi ko mila ho toh batao: lost my fitness band, it is pink.",hinglish,brief,Auditorium,low,12.901437,77.499447,2026-08-03 08:01,0.5,2026-08-03 16:40,False,,
L0073,U0152,I0089,train,keys,accessories,"I lost my silver keys. It has plastic tag, tiny lock key.",en,detailed,Canteen,high,12.900359,77.501106,2026-08-11 12:41,2.0,2026-08-11 15:37,True,,"a silver keys on a table, small padlock key"
L0074,U0474,I0090,train,keys,accessories,I lost my silver keys. It has small padlock key.,en,medium,Canteen,medium,12.900359,77.501106,2026-08-03 16:19,0.5,2026-08-03 20:05,False,,
L0075,U0264,I0091,val,notebook,stationery,I lost my orange notebook. Details: 200 pages.,en,medium,Parking Lot,low,12.899461,77.498894,2026-08-27 07:22,2.0,2026-08-27 08:47,True,,"a orange Navneet notebook on a desk, spiral notebook"
L0076,U0114,I0092,train,laptop,electronics,I lost my black Dell laptop. Features: black sleeve.,en,medium,Library,high,12.9,77.5,2026-08-05 19:55,0.5,2026-08-06 01:34,True,,"a black laptop on a bench, black sleeve"
L0077,U0326,I0093,train,power bank,electronics,I lost my cream Syska power bank. Details: rubber finish.,en,medium,Canteen,low,12.900359,77.501106,2026-09-04 13:18,2.0,2026-09-04 16:33,False,,
L0078,U0605,I0094,test,spectacles case,accessories,I lost my grey spectacles case. Details: small logo.,en,medium,ECE Block,medium,12.899192,77.501382,2026-08-04 10:11,0.5,2026-08-04 16:01,False,,
L0079,U0191,I0095,train,wallet,accessories,"I lost my grey Puma wallet. Features: meatl logo, worn edges, zipper coin section.",en,detailed,ECE Block,medium,12.899192,77.501382,2026-10-03 11:27,2.0,2026-10-03 14:14,True,,"a grey wallet on a desk, frayed at the edges"
L0080,U0627,I0096,train,smartwatch,electronics,"I lost my blue smartwatch. It has glass slightly scratched, square dial, circular screen.",en,detailed,Library,high,12.9,77.5,2026-08-14 10:14,0.5,2026-08-14 18:43,True,,"a blue smartwatch on the floor, rectangular screen"
L0081,U0739,I0098,train,umbrella,accessories,Lost maroon-ish red umbrella,en,brief,Mechanical Block,high,12.898203,77.502396,2026-08-20 18:45,0.5,2026-08-20 23:34,False,,
L0082,U0562,I0099,test,laptop,electronics,"I lost my black Lenovo laptop. It has black sleeve, backlit keyboard.",en,detailed,Parking Lot,high,12.899461,77.498894,2026-09-30 07:21,2.0,2026-09-30 17:58,False,,
L0083,U0407,I0100,train,backpack,bags,"I lost my grey Puma backpack. It has laptop compartment, slightly torn near the strap, two front zips. Please contact me if found.",en,detailed,Parking Lot,medium,12.899461,77.498894,2026-10-02 10:35,4.0,2026-10-02 14:12,False,,
L0084,U0223,I0101,train,backpack,bags,I lost my grey Puma sports bag. Details: laptop compartment.,en,medium,Admin Block,low,12.898203,77.499816,2026-09-03 13:25,1.0,2026-09-03 16:16,False,,
L0085,U0380,I0103,val,notebook,stationery,green notebook lost,en,brief,Girls Hostel,high,12.897305,77.503225,2026-07-22 14:51,1.0,2026-07-23 00:24,False,,
L0086,U0241,I0104,train,smartwatch,electronics,I lost my white Noise smartwatch. It has circular screen.,en,medium,Library,low,12.9,77.5,2026-07-30 15:38,4.0,2026-07-31 00:55,False,,
L0087,U0345,I0105,val,laptop,electronics,"I lost my dark Asus laptop. It has stickers on the top cover, backlit keyboard.",en,detailed,Library,medium,12.9,77.5,2026-08-14 16:06,4.0,2026-08-15 01:30,True,,"a black laptop on a desk, backlit keyboard"
L0088,U0247,I0107,train,laptop,electronics,"Lost my laptop, it is black.",en,brief,Parking Lot,high,12.899461,77.498894,2026-08-31 15:49,0.5,2026-08-31 18:52,False,,
L0089,U0319,I0108,test,water bottle,drinkware,"Kisi ko mila ho toh batao: i lost my black Decathlon water bottle. Details: steel body, scratched paint. Please contact me if found.",hinglish,detailed,ECE Block,medium,12.899192,77.501382,2026-09-21 10:26,2.0,2026-09-21 12:21,False,,
L0090,U0219,I0109,val,earbuds case,electronics,"I lost my white Realme earbuds case. It has scratches on the lid, small LED light, lanyard hook.",en,detailed,Parking Lot,high,12.899461,77.498894,2026-09-26 09:54,4.0,2026-09-26 14:17,True,,"a white earbuds case on a desk, small LED light"
L0091,U0421,I0110,train,other,electronics,black Amazfit fitness band lost,en,brief,Canteen,high,12.900359,77.501106,2026-09-24 10:58,2.0,2026-09-24 19:05,True,,"a black Amazfit smartwatch on a desk, circular screen"
L0092,U0287,I0111,train,calculator,stationery,I lost my black Citizen calculator. Details: hard slide-on cover.,en,medium,Canteen,medium,12.900359,77.501106,2026-07-22 18:11,4.0,2026-07-22 19:45,True,,"a dark Citizen calculator on a bench, hard slide-on cover"
L0093,U0023,I0113,train,power bank,electronics,Lost blue power bank,en,brief,Parking Lot,low,12.899461,77.498894,2026-09-16 10:28,1.0,2026-09-16 12:07,True,,"a blue power bank on a bench, USB-C port"
L0094,U0702,I0114,test,backpack,bags,"I lost my wine red Nike backpack. Details: double zip on the front, a pocket on the side, reflective strip.",en,detailed,Playground,high,12.901976,77.498341,2026-10-01 16:01,2.0,2026-10-01 18:37,False,,
L0095,U0495,I0115,test,backpack,bags,I lost my red Puma backpack. It has white logo.,en,medium,Stationery Shop,high,12.899461,77.500276,2026-08-25 14:28,4.0,2026-08-25 22:05,False,,
L0096,U0271,I0117,train,water bottle,drinkware,Lost pink water bottle,en,brief,Bus Stop,medium,12.898383,77.497696,2026-09-11 15:17,1.0,2026-09-11 23:53,True,,"a pink Tupperware water bottle on a table, flip cap"
L0097,U0347,I0118,train,notebook,stationery,I lost my black notebook. Details: thick cover.,en,medium,Admin Block,medium,12.898203,77.499816,2026-09-03 10:23,1.0,2026-09-03 18:49,False,,
L0098,U0115,I0119,train,notebook,stationery,I lost my blue Camlin notebook. Features: spiral notebook.,en,medium,Girls Hostel,high,12.897305,77.503225,2026-09-03 10:49,0.5,2026-09-03 19:30,False,,
L0099,U0424,I0120,train,water bottle,drinkware,"Mera i lost my green Borosil water bottle. Details: one litre bottle, scratched paint, flip-top lid. kho gaya hai.",hinglish,detailed,Bus Stop,low,12.898383,77.497696,2026-07-24 09:21,0.5,2026-07-24 12:15,False,,
L0100,U0132,I0121,train,water bottle,drinkware,"I lost my pink Cello water bottle. Details: paint worn off in places, flip-top lid, 1 litre size. Please contact me if found.",en,detailed,Girls Hostel,medium,12.897305,77.503225,2026-08-11 13:42,1.0,2026-08-11 22:10,False,,
L0101,U0164,I0122,val,umbrella,accessories,"I lost my black Popy umbrella. Details: automatic open button, folding type, pattern on the border.",en,detailed,Mechanical Block,medium,12.898203,77.502396,2026-10-01 10:01,2.0,2026-10-01 15:00,False,,
L0102,U0795,I0123,train,keys,accessories,"Lost my spectacles case, it is red.",en,brief,Mechanical Block,high,12.898203,77.502396,2026-10-02 12:54,2.0,2026-10-02 18:00,False,,
L0103,U0677,I0124,train,spectacles case,accessories,"Kisi ko mila ho toh batao: i lost my red spectacles case. Details: zippered, soft pouch. Please contact me if found.",hinglish,detailed,ECE Block,medium,12.899192,77.501382,2026-08-28 17:25,0.5,2026-08-28 22:27,False,,
L0104,U0600,I0125,test,other,stationery,I lost my blue notebook. Details: hard cover.,en,medium,ECE Block,medium,12.899192,77.501382,2026-09-30 15:13,2.0,2026-09-30 20:05,False,,
L0105,U0036,I0127,test,smartwatch,electronics,Lost green smartwatch,en,brief,Bus Stop,high,12.898383,77.497696,2026-09-06 09:45,1.0,2026-09-06 10:49,True,,"a green Apple Watch smartwatch on a bench, glass slightly scratched"
L0106,U0468,I0128,test,laptop,electronics,"I lost my blue HP laptop. Features: 15 inch screen, backlit keyboard.",en,detailed,Girls Hostel,high,12.897305,77.503225,2026-07-31 15:14,2.0,2026-07-31 15:50,True,,"a blue HP laptop on a table, fifteen inch display"
L0107,U0507,I0129,train,earbuds case,electronics,"I lost my blue OnePlus earbuds case. It has scuffed lid, tiny indicator light. Please contact me if found.",en,detailed,Playground,high,12.901976,77.498341,2026-07-27 15:26,2.0,2026-07-27 22:57,False,,
L0108,U0055,I0130,train,power bank,electronics,I lost my silver power bank. Details: USB-C port.,en,medium,Canteen,low,12.900359,77.501106,2026-09-21 11:01,4.0,2026-09-21 18:01,False,,
L0109,U0226,I0131,test,water bottle,drinkware,"I lost my orange Cello water bottle. It has scratched paint, stainless steel. Please contact me if found.",en,detailed,Gym,high,12.901797,77.501843,2026-08-21 12:21,1.0,2026-08-21 18:15,False,,
L0110,U0113,I0132,train,laptop,electronics,I lost my grey laptop. Details: fifteen inch display.,en,medium,Girls Hostel,medium,12.897305,77.503225,2026-09-14 11:26,2.0,2026-09-14 19:38,False,,
L0111,U0189,I0134,train,laptop,electronics,I lost my grey laptop. Details: fifteen inch display.,en,medium,Girls Hostel,medium,12.897305,77.503225,2026-08-25 16:21,2.0,2026-08-25 17:19,False,,
L0112,U0347,I0135,test,wallet,accessories,"I lost my navy blue Wildcraft wallet. It has frayed at the edges, zip coin pocket. Please contact me if found.",en,detailed,ECE Block,medium,12.899192,77.501382,2026-09-19 17:41,0.5,2026-09-19 19:42,False,,
L0113,U0125,I0136,test,phone,electronics,"I lost my green Realme phone. Features: pop socket on the back, crack on the top corner.",en,detailed,Girls Hostel,high,12.897305,77.503225,2026-08-14 10:51,2.0,2026-08-14 18:34,False,,
L0114,U0182,I0138,train,other,accessories,Lost red spectacles case,en,brief,Parking Lot,medium,12.899461,77.498894,2026-08-19 10:17,0.5,2026-08-19 15:26,False,,
L0115,U0643,I0140,train,calculator,stationery,"Mera i lost my grey Citizen calculator. It has solar panel, hard slide-on cover, scientific type. Please contact me if found. kho gaya hai.",hinglish,detailed,Admin Block,medium,12.898203,77.499816,2026-08-19 12:07,4.0,2026-08-19 17:03,True,,"a grey calculator on a bench, scientific type"
L0116,U0733,I0141,train,calculator,stationery,I lost my grey Citizen calculator. Features: faded keys.,en,medium,Admin Block,high,12.898203,77.499816,2026-09-28 12:28,1.0,2026-09-28 19:02,False,,
L0117,U0518,I0142,train,earbuds case,electronics,I lost my blue earbuds case. It has tiny indicator light.,en,medium,Parking Lot,low,12.899461,77.498894,2026-08-03 15:55,4.0,2026-08-03 23:14,True,,"a blue earbuds case on a desk, lanyard hook"
L0118,U0008,I0143,train,laptop,electronics,"I lost my blue Dell laptop. Features: 15 inch screen, keyboard lights up.",en,detailed,Admin Block,medium,12.898203,77.499816,2026-08-18 19:39,4.0,2026-08-19 02:27,False,,
L0119,U0478,I0146,val,notebook,stationery,I lost my black notebook. Details: coloured sticky notes sticking out.,en,medium,Main Gate,high,12.898653,77.498157,2026-07-25 09:52,2.0,2026-07-25 18:20,True,,"a black notebook on a desk, coloured sticky notes sticking out"
L0120,U0515,I0147,train,backpack,bags,I lost my maroon backpack. It has reflective strip.,en,medium,ECE Block,medium,12.899192,77.501382,2026-08-11 17:56,4.0,2026-08-12 02:53,False,,
L0121,U0453,I0150,val,laptop,electronics,"I lost my grey Asus laptop. It has keyboard lights up, sticker on the lid. Please contact me if found.",en,detailed,Stationery Shop,high,12.899461,77.500276,2026-08-21 12:34,1.0,2026-08-21 21:24,False,,
L0122,U0610,I0152,val,keys,accessories,silver keys lost,en,brief,ECE Block,low,12.899192,77.501382,2026-09-10 08:48,4.0,2026-09-10 19:30,True,,"a silver keys on a table, small padlock key"
L0123,U0782,I0153,train,earbuds case,electronics,"I lost my white Realme earbuds case. Details: rubber cover, scuffed lid. Please contact me if found.",en,detailed,Gym,medium,12.901797,77.501843,2026-09-15 13:22,0.5,2026-09-15 18:35,False,,
L0124,U0103,I0154,train,earbuds case,electronics,"I lost my white Realem earbuds case. Details: small LED light, silicone cover.",en,detailed,Gym,medium,12.901797,77.501843,2026-09-05 13:20,4.0,2026-09-05 15:59,False,,
L0125,U0240,I0155,test,calculator,stationery,"I lost my grey Casio calculator. Features: scientific calculator, slide cover.",en,detailed,Library,low,12.9,77.5,2026-09-09 12:56,4.0,2026-09-09 17:04,False,,
L0126,U0509,I0156,val,calculator,stationery,I lost my grey Caiso calculator. Details: some keys faded.,en,medium,Girls Hostel,medium,12.897305,77.503225,2026-10-02 20:09,4.0,2026-10-02 22:12,False,,
L0127,U0667,I0157,val,calculator,stationery,Mera blue Citizen calculator lost kho gaya hai.,hinglish,brief,Stationery Shop,low,12.899461,77.500276,2026-09-02 20:57,0.5,2026-09-03 02:22,True,,"a blue calculator on a desk, solar panel"
L0128,U0696,I0159,train,power bank,electronics,I lost my black Syska battery pack. Details: USB-C port.,en,medium,Canteen,high,12.900359,77.501106,2026-07-28 11:17,2.0,2026-07-28 13:01,False,,
L0129,U0785,I0160,train,power bank,electronics,"Lost my charger bank, it is black.",en,brief,Canteen,medium,12.900359,77.501106,2026-07-30 14:36,2.0,2026-07-30 23:55,False,,
L0130,U0463,I0161,train,phone,electronics,Kisi ko mila ho toh batao: i lost my green OnePlus smartphone. Features: dual camera.,hinglish,medium,ECE Block,medium,12.899192,77.501382,2026-08-18 11:55,1.0,2026-08-18 14:51,True,,"a olive green phone on a table, pop socket on the back"
L0131,U0602,I0163,val,power bank,electronics,"I lost my black Mi charger bank. It has slim body, four indicator lights.",en,detailed,Parking Lot,medium,12.899461,77.498894,2026-09-11 19:30,4.0,2026-09-12 01:01,False,,
L0132,U0601,I0164,val,keys,accessories,"I lost my dark grey keys. Features: plastic tag, tiny lock key, metal ring. Please contact me if found.",en,detailed,Boys Hostel,high,12.902695,77.503686,2026-07-21 09:05,1.0,2026-07-21 14:15,True,,"a black keys on a desk, metal ring"
L0133,U0350,I0165,train,smartwatch,electronics,I lost my grey laptop. It has fifteen inch display.,en,medium,Library,high,12.9,77.5,2026-07-30 09:19,0.5,2026-07-30 14:21,False,,
L0134,U0735,I0166,train,laptop,electronics,"Lost my laptop, it is black.",en,brief,Girls Hostel,medium,12.897305,77.503225,2026-08-24 19:49,4.0,2026-08-24 20:46,False,,
L0135,U0076,I0167,train,laptop,electronics,"I lost my black Acer laptop. Details: in a black laptop sleeve, keyboard lights up.",en,detailed,Girls Hostel,high,12.897305,77.503225,2026-08-04 08:55,4.0,2026-08-04 13:23,True,,"a black laptop on the floor, black sleeve"
L0136,U0195,I0168,train,keys,accessories,I lost my brown key bunch. It has small padlock key.,en,medium,Mechanical Block,low,12.898203,77.502396,2026-08-21 15:31,2.0,2026-08-21 20:38,False,,
L0137,U0214,I0169,train,keys,accessories,I lost my brown keys. Features: bike key with a rubber cover.,en,medium,Girls Hostel,medium,12.897305,77.503225,2026-09-04 18:42,1.0,2026-09-04 19:30,False,,
L0138,U0656,I0170,val,laptop,electronics,"I lost my black HP laptop. Details: 15 inch screen, stickers on the top cover. Please contact me if found.",en,detailed,Main Gate,high,12.898653,77.498157,2026-10-02 13:56,0.5,2026-10-02 23:28,True,,"a black laptop on a desk, stickers on the top cover"
L0139,U0799,I0171,train,wallet,accessories,I lost my black Woodland wallet. It has worn edges.,en,medium,Parking Lot,medium,12.899461,77.498894,2026-09-07 09:27,1.0,2026-09-07 17:49,True,,"a dark grey Woodland wallet on the floor, worn edges"
L0140,U0590,I0172,train,earbuds case,electronics,"I lost my blue AirPods earbuds case. It has lanyard hook, rubber cover, scratches on the lid. Please contact me if found.",en,detailed,Playground,medium,12.901976,77.498341,2026-09-21 08:57,2.0,2026-09-21 14:57,True,,"a blue AirPods earbuds case on a table, lanyard hook"
L0141,U0578,I0173,train,earbuds case,electronics,I lost my blue AirPods earbuds case. It has tiny indicator light.,en,medium,Playground,medium,12.901976,77.498341,2026-09-18 13:24,0.5,2026-09-18 15:29,True,,"a blue AirPods earbuds case on a bench, rubber cover"
L0142,U0191,I0174,val,power bank,electronics,"I lost my white Syska power bank. Details: four indicator lights, thin power bank. Please contact me if found.",en,detailed,Gym,medium,12.901797,77.501843,2026-07-21 10:09,2.0,2026-07-21 17:04,False,,
L0143,U0763,I0175,val,power bank,electronics,I lost my white battery pack. Features: type-C input.,en,medium,Gym,high,12.901797,77.501843,2026-08-29 10:31,0.5,2026-08-29 19:38,True,,"a white Syska power bank on a desk, thin power bank"
L0144,U0641,I0176,val,keys,accessories,"I lost my pink Lifelong umbrella. Details: push-button opening, folding type.",en,detailed,Auditorium,low,12.901437,77.499447,2026-09-02 13:08,4.0,2026-09-02 17:13,False,,
L0145,U0286,I0177,train,charger,electronics,Lost white charger,en,brief,Boys Hostel,high,12.902695,77.503686,2026-09-29 15:48,1.0,2026-09-29 23:30,False,,
L0146,U0155,I0178,train,charger,electronics,"I lost my white Dell charger. It has fast charger, two-pin adapter.",en,detailed,Boys Hostel,high,12.902695,77.503686,2026-09-18 10:32,0.5,2026-09-18 11:34,False,,
L0147,U0080,I0179,train,charger,electronics,I lost my black Apple charger. It has two-pin plug.,en,medium,Stationery Shop,medium,12.899461,77.500276,2026-08-14 10:01,4.0,2026-08-14 19:01,True,,"a black charger on a table, about 1.5 m cable"
L0148,U0107,I0180,train,charger,electronics,"I lost my dark grey Apple adapter with cable. It has long cable, fast charging type. Please contact me if found.",en,detailed,Library,medium,12.9,77.5,2026-07-20 13:33,1.0,2026-07-20 21:49,True,,"a black Apple charger on the floor, fast charging type"
L0149,U0070,I0181,train,smartwatch,electronics,"I lost my blue Apple Watch smartwatch. Details: circular screen, scratch on the glass.",en,detailed,Library,low,12.9,77.5,2026-07-21 14:47,0.5,2026-07-21 22:28,False,,
L0150,U0124,I0182,train,wallet,accessories,"I lost my tan Woodland purse. It has zip coin pocket, looks like leather, worn edges. Please contact me if found.",en,detailed,Parking Lot,high,12.899461,77.498894,2026-09-11 14:09,1.0,2026-09-11 22:06,False,,
L0151,U0327,I0183,train,laptop,electronics,"Lost my laptop, it is blue.",en,brief,Mechanical Block,high,12.898203,77.502396,2026-08-31 19:51,0.5,2026-09-01 00:39,True,,"a blue laptop on a bench, black sleeve"
L0152,U0198,I0184,train,smartwatch,electronics,I lost my pink fitness band. It has rectangular screen.,en,medium,Main Gate,high,12.898653,77.498157,2026-09-24 13:25,1.0,2026-09-24 23:17,True,,"a pink Noise smartwatch on a desk, silicone strap"
L0153,U0043,I0185,train,umbrella,accessories,"I lost my red Fastrack umbrella. Features: automatic open button, folding type.",en,detailed,CS Block,medium,12.899012,77.500737,2026-09-26 19:39,2.0,2026-09-26 23:51,False,,
L0154,U0283,I0186,train,earbuds case,electronics,I lost my black earbuds case. Features: hook for a lanyard.,en,medium,Main Gate,high,12.898653,77.498157,2026-10-03 18:06,0.5,2026-10-03 21:39,True,,"a black earbuds case on a bench, hook for a lanyard"
L0155,U0782,I0187,train,spectacles case,accessories,Lost brown spectacles case,en,brief,Canteen,high,12.900359,77.501106,2026-08-04 08:54,1.0,2026-08-04 17:06,True,,"a brown spectacles case on the floor, small logo"
L0156,U0638,I0188,train,power bank,electronics,black Ambrane power bank lost,en,brief,CS Block,low,12.899012,77.500737,2026-08-21 14:05,0.5,2026-08-21 18:35,False,,
L0157,U0283,I0189,val,charger,electronics,I lost my black charger. It has about 1.5 m cable.,en,medium,Main Gate,high,12.898653,77.498157,2026-09-04 14:39,4.0,2026-09-04 17:19,True,,"a dark charger on a bench, fast charger"
L0158,U0421,I0190,val,charger,electronics,I lost my black Mi charger. Details: long cable.,en,medium,Bus Stop,medium,12.898383,77.497696,2026-08-26 10:33,0.5,2026-08-26 11:43,True,,"a black charger on the floor, long cable"
L0159,U0730,I0191,test,phone,electronics,"Lost my phone, it is red.",en,brief,Auditorium,low,12.901437,77.499447,2026-09-07 12:15,1.0,2026-09-07 17:34,False,,
L0160,U0375,I0192,train,smartwatch,electronics,I lost my pink smartwatch. It has rubber strap.,en,medium,CS Block,medium,12.899012,77.500737,2026-07-21 11:35,1.0,2026-07-21 12:55,False,,
L0161,U0258,I0193,test,umbrella,accessories,"I lost my pink Lifelong umbrella. Features: pattern on the border, automatic open button, one bent rib. Please contact me if found.",en,detailed,Main Gate,low,12.898653,77.498157,2026-09-25 14:11,2.0,2026-09-25 21:32,True,,"a pink umbrella on a bench, one bent rib"
L0162,U0560,I0194,test,keys,accessories,I lost my brown keys. Features: plastic tag.,en,medium,Admin Block,medium,12.898203,77.499816,2026-07-23 11:06,0.5,2026-07-23 12:16,False,,
L0163,U0399,I0195,train,charger,electronics,"I lost my black Realme charger. Details: about 1.5 m cable, braided cable, fast charger.",en,detailed,Admin Block,high,12.898203,77.499816,2026-10-02 10:12,2.0,2026-10-02 12:29,False,,
L0164,U0517,I0197,train,water bottle,drinkware,I lost my orange water bottle. Features: flip cap.,en,medium,Bus Stop,medium,12.898383,77.497696,2026-07-21 15:01,2.0,2026-07-21 15:20,False,,
L0165,U0034,I0198,val,smartwatch,electronics,"Kisi ko mila ho toh batao: i lost my white smartwatch. Details: circular screen, scratch on the glass.",hinglish,detailed,Bus Stop,medium,12.898383,77.497696,2026-08-06 15:54,4.0,2026-08-06 18:14,True,,"a white Noise smartwatch on a bench, scratch on the glass"
L0166,U0658,I0200,train,backpack,bags,I lost my green Wildcraft backpack. Features: laptop compartment.,en,medium,Parking Lot,high,12.899461,77.498894,2026-09-15 13:16,2.0,2026-09-15 14:33,False,,
L0167,U0371,I0201,test,charger,electronics,I lost my black Realme charger. It has two-pin adapter.,en,medium,Girls Hostel,medium,12.897305,77.503225,2026-09-01 08:16,4.0,2026-09-01 16:16,True,,"a black Realme charger on a desk, two-pin adapter"
L0168,U0084,I0202,test,charger,electronics,"I lost my black Realme charger. Features: two-pin adapter, long cable.",en,detailed,Girls Hostel,medium,12.897305,77.503225,2026-09-18 14:15,2.0,2026-09-18 14:13,False,,
L0169,U0139,I0203,train,calculator,stationery,"I lost my grey Citizen calculator. Details: solar strip on top, some keys faded. Please contact me if found.",en,detailed,Canteen,high,12.900359,77.501106,2026-07-25 14:25,2.0,2026-07-25 19:27,False,,
L0170,U0340,I0204,train,keys,accessories,red key bunch lost,en,brief,Parking Lot,high,12.899461,77.498894,2026-08-12 15:43,2.0,2026-08-12 22:58,True,,"a red keys on the floor, metal ring"
L0171,U0510,I0205,train,smartwatch,electronics,Lost pink smartwatch,en,brief,Auditorium,low,12.901437,77.499447,2026-07-31 13:13,2.0,2026-07-31 17:25,True,,"a rose Amazfit smartwatch on a table, circular screen"
L0172,U0452,I0206,train,keys,accessories,"Kisi ko mila ho toh batao: i lost my brown keys. It has metal ring, tiny lock key, plastic tag.",hinglish,detailed,ECE Block,high,12.899192,77.501382,2026-09-08 15:11,0.5,2026-09-08 19:53,True,,"a brown keys on the floor, plastic tag"
L0173,U0620,I0207,train,smartwatch,electronics,I lost my pink Amazfit watch. It has silicone strap.,en,medium,Admin Block,medium,12.898203,77.499816,2026-08-01 11:35,2.0,2026-08-01 19:24,True,,"a pink Amazfit smartwatch on the floor, silicone strap"
L0174,U0683,I0208,train,calculator,stationery,I lost my blue Citizen calculator. Details: solar strip on top.,en,medium,Main Gate,low,12.898653,77.498157,2026-08-07 13:53,2.0,2026-08-07 17:13,False,,
L0175,U0766,I0209,train,phone,electronics,"I lost my silver Samsung phone. Details: two cameras at the back, clear back cover, crack on the top corner.",en,detailed,Gym,low,12.901797,77.501843,2026-09-01 13:11,4.0,2026-09-01 16:51,False,,
L0176,U0249,I0210,train,phone,electronics,"I lost my sliver Samsung phone. It has dual camera, pop socket on the back.",en,detailed,Canteen,medium,12.900359,77.501106,2026-08-18 11:30,1.0,2026-08-18 21:20,True,,"a silver Samsung phone on a table, two cameras at the back"
L0177,U0399,I0211,train,notebook,stationery,I lost my black notebook. It has spiral notebook.,en,medium,Gym,medium,12.901797,77.501843,2026-09-04 11:22,2.0,2026-09-04 11:23,False,,
L0178,U0579,I0212,test,keys,accessories,I lost my silver keys. Features: bike key with a rubber cover.,en,medium,Main Gate,low,12.898653,77.498157,2026-08-12 11:28,0.5,2026-08-12 16:07,False,,
L0179,U0190,I0213,train,other,stationery,I lost my blue calculator. It has solar strip on top.,en,medium,Parking Lot,low,12.899461,77.498894,2026-09-10 08:57,4.0,2026-09-10 10:11,False,,
L0180,U0254,I0214,train,umbrella,accessories,I lost my navy blue umbrella. Features: printed edges.,en,medium,Playground,high,12.901976,77.498341,2026-09-07 13:25,4.0,2026-09-07 18:48,True,,"a navy blue umbrella on a bench, folding type"
L0181,U0605,I0215,val,wallet,accessories,I lost my maroon wallet. Details: zipper coin section.,en,medium,Library,high,12.9,77.5,2026-09-16 13:35,2.0,2026-09-16 15:03,False,,
L0182,U0580,I0216,train,earbuds case,electronics,"I lost my white Samsung phone. It has clear back cover, two cameras at the back, cracked screen corner.",en,detailed,Playground,medium,12.901976,77.498341,2026-09-25 11:08,4.0,2026-09-25 15:52,False,,
L0183,U0645,I0217,train,calculator,stationery,"I lost my gray Casio calculator. Details: solar panel, scientific calculator. Please contact me if found.",en,detailed,Canteen,low,12.900359,77.501106,2026-07-25 13:04,0.5,2026-07-25 17:41,False,,
L0184,U0292,I0218,train,charger,electronics,"I lost my off-white Realme charger. It has long cable, two-pin plug.",en,detailed,Boys Hostel,medium,12.902695,77.503686,2026-08-24 12:53,2.0,2026-08-24 17:13,True,,"a white charger on a table, two-pin plug"
L0185,U0728,I0219,train,backpack,bags,I lost my navy blue American Tourister sports bag. Details: laptop compartment.,en,medium,Stationery Shop,high,12.899461,77.500276,2026-09-09 14:08,4.0,2026-09-09 20:52,False,,
L0186,U0358,I0220,train,wallet,accessories,"Kisi ko mila ho toh batao: i lost my grey Wildcraft wallet. Details: frayed at the edges, zipper coin section, small metal logo. Please contact me if found.",hinglish,detailed,Canteen,low,12.900359,77.501106,2026-09-11 09:35,0.5,2026-09-11 13:52,True,,"a grey wallet on a desk, metal logo"
L0187,U0261,I0221,train,spectacles case,accessories,"I lost my red Titan specatcle case. It has tiny logo on the front, hard shell.",en,detailed,Canteen,high,12.900359,77.501106,2026-09-22 12:19,2.0,2026-09-22 12:46,False,,
L0188,U0280,I0222,test,charger,electronics,I lost my off-white charger. Details: two-pin plug.,en,medium,Stationery Shop,high,12.899461,77.500276,2026-09-04 14:58,2.0,2026-09-04 18:16,False,,
L0189,U0458,I0223,val,spectacles case,accessories,I lost my brown spectacles case. Details: small logo.,en,medium,Library,medium,12.9,77.5,2026-09-16 15:38,4.0,2026-09-17 00:25,False,,
L0190,U0087,I0225,train,power bank,electronics,"I lost my black Ambrane power bank. Features: matte rubber finish, slim body, LED indicator.",en,detailed,Library,low,12.9,77.5,2026-07-21 14:16,1.0,2026-07-21 15:09,False,,
L0191,U0384,I0226,train,earbuds case,electronics,"I lost my white Realme charging case. Features: silicone cover, scratches on the lid.",en,detailed,Admin Block,low,12.898203,77.499816,2026-09-26 10:25,0.5,2026-09-26 12:23,False,,
L0192,U0589,I0227,train,backpack,bags,"I lost my red Safari backpack. Details: padded laptop section, reflective strip on the straps. Please contact me if found.",en,detailed,Mechanical Block,low,12.898203,77.502396,2026-08-11 19:14,2.0,2026-08-12 01:44,False,,
L0193,U0080,I0228,train,phone,electronics,I lost my black aSmsung phone. It has crack on the top corner.,en,medium,ECE Block,high,12.899192,77.501382,2026-09-04 20:34,1.0,2026-09-04 22:39,False,,
L0194,U0343,I0229,train,earbuds case,electronics,I lost my pink earbuds case. Features: tiny indicator light.,en,medium,Parking Lot,low,12.899461,77.498894,2026-08-03 13:50,2.0,2026-08-03 16:43,True,,"a rose Realme earbuds case on a bench, lanyard hook"
L0195,U0404,I0230,train,earbuds case,electronics,I lost my pink Realme earbuds case. It has lanyard hook.,en,medium,Main Gate,medium,12.898653,77.498157,2026-08-29 14:11,1.0,2026-08-29 22:05,True,,"a pink earbuds case on the floor, rubber cover"
L0196,U0126,I0231,val,earbuds case,electronics,silver laptop lost,en,brief,Girls Hostel,high,12.897305,77.503225,2026-07-31 17:03,4.0,2026-07-31 22:24,False,,
L0197,U0299,I0232,train,earbuds case,electronics,"I lost my white Realme earbuds case. It has scratches on the lid, tiny indicator light, silicone cover.",en,detailed,Boys Hostel,medium,12.902695,77.503686,2026-09-08 18:12,0.5,2026-09-08 21:09,True,,"a off-white Realme earbuds case on a desk, rubber cover"
L0198,U0496,I0233,train,earbuds case,electronics,I lost my white Realme earbuds case. It has small LED light.,en,medium,Canteen,low,12.900359,77.501106,2026-09-12 13:41,2.0,2026-09-12 16:36,True,,"a white Realme earbuds case on a desk, tiny indicator light"
L0199,U0363,I0234,train,wallet,accessories,"I lost my maroon-ish red spectacles case. Details: cloth pouch type, small logo, hard case.",en,detailed,Girls Hostel,high,12.897305,77.503225,2026-09-02 11:45,2.0,2026-09-02 16:15,True,,"a maroon-ish red spectacles case on a desk, soft pouch"
L0200,U0627,I0235,train,keys,accessories,I lost my red spectacle case. Details: zip closure.,en,medium,Girls Hostel,high,12.897305,77.503225,2026-09-23 19:29,1.0,2026-09-24 00:47,True,,"a red spectacles case on a bench, tiny logo on the front"
L0201,U0259,I0236,train,other,electronics,"Lost my laptop, it is blue.",en,brief,Mechanical Block,medium,12.898203,77.502396,2026-07-24 12:42,1.0,2026-07-24 20:55,False,,
L0202,U0213,I0237,train,spectacles case,accessories,I lost my brown spectacles case. It has tiny logo on the front.,en,medium,Library,high,12.9,77.5,2026-08-31 11:12,1.0,2026-08-31 16:10,False,,
L0203,U0759,I0238,val,keys,accessories,"I lost my dark grey keys. Features: tag hanging from it, small padlock key. Please contact me if found.",en,detailed,Girls Hostel,high,12.897305,77.503225,2026-08-12 09:31,0.5,2026-08-12 14:13,False,,
L0204,U0104,I0239,train,notebook,stationery,I lost my orange notebook. Features: sticky notes inside.,en,medium,Girls Hostel,high,12.897305,77.503225,2026-08-04 15:02,2.0,2026-08-04 15:59,True,,"a orange Navneet notebook on the floor, coloured sticky notes sticking out"
L0205,U0117,I0240,train,other,accessories,I lost my red keys. It has metal ring.,en,medium,Main Gate,high,12.898653,77.498157,2026-08-21 14:07,0.5,2026-08-21 19:09,True,,"a red keys on a table, two-wheeler key with cover"
L0206,U0452,I0241,test,backpack,bags,I lost my maroon bag. Details: slightly torn near the strap.,en,medium,Library,high,12.9,77.5,2026-08-04 10:01,4.0,2026-08-04 12:43,False,,
L0207,U0335,I0242,val,power bank,electronics,Kisi ko mila ho toh batao: i lost my white power bank. Details: LED indicator.,hinglish,medium,Mechanical Block,low,12.898203,77.502396,2026-09-15 20:37,2.0,2026-09-16 02:33,True,,"a white power bank on a bench, rubber finish"
L0208,U0301,I0243,train,smartwatch,electronics,"Mera i lost my green Fire-Boltt smartwatch. It has circular screen, rectangular screen. Please contact me if found. kho gaya hai.",hinglish,detailed,Girls Hostel,high,12.897305,77.503225,2026-07-22 11:19,2.0,2026-07-22 16:52,False,,
L0209,U0430,I0245,train,umbrella,accessories,I lost my red umbrella. It has printed edges.,en,medium,Main Gate,low,12.898653,77.498157,2026-09-04 16:34,2.0,2026-09-04 20:45,True,,"a red umbrella on a desk, bent rib"
L0210,U0019,I0246,test,smartwatch,electronics,"I lost my green Fire-Boltt smartwatch. Details: round dial, glass slightly scratched, rectangular screen. Please contact me if found.",en,detailed,Girls Hostel,medium,12.897305,77.503225,2026-09-19 15:27,0.5,2026-09-19 18:46,False,,
L0211,U0027,I0247,train,power bank,electronics,I lost my black charger bank. Features: matte rubber finish.,en,medium,Parking Lot,medium,12.899461,77.498894,2026-09-05 16:20,0.5,2026-09-06 00:58,False,,
L0212,U0671,I0248,train,power bank,electronics,I lost my black Ambrane charger bank. It has thin power bank.,en,medium,Parking Lot,medium,12.899461,77.498894,2026-09-07 18:49,1.0,2026-09-07 23:42,False,,
L0213,U0408,I0249,train,wallet,accessories,I lost my black Wildcraft wallet. Details: zip coin pocket.,en,medium,Auditorium,high,12.901437,77.499447,2026-09-19 15:01,4.0,2026-09-19 14:27,True,,"a black Wildcraft wallet on the floor, zip coin pocket"
L0214,U0768,I0251,train,water bottle,drinkware,"Lost my water bottle, it is pink.",en,brief,Stationery Shop,medium,12.899461,77.500276,2026-09-05 14:25,1.0,2026-09-05 21:40,True,,"a pink Cello water bottle on the floor, flip-top lid"
L0215,U0793,I0252,train,smartwatch,electronics,"I lost my white Apple Watch fitness band. Details: rubber strap, round dial, square dial. Please contact me if found.",en,detailed,Parking Lot,low,12.899461,77.498894,2026-09-23 10:15,0.5,2026-09-23 19:14,False,,
L0216,U0185,I0253,val,spectacles case,accessories,"I lost my brown Titan spectacles case. Features: hard shell, cloth pouch type. Please contact me if found.",en,detailed,CS Block,medium,12.899012,77.500737,2026-09-04 12:45,4.0,2026-09-04 21:09,False,,
L0217,U0677,I0254,val,umbrella,accessories,"I lost my brown spectacles case. It has tiny logo on the front, soft pouch.",en,detailed,Canteen,medium,12.900359,77.501106,2026-09-30 07:22,4.0,2026-09-30 18:55,False,,
L0218,U0263,I0255,train,umbrella,accessories,I lost my maroon-ish red umbrella. It has push-button opening.,en,medium,Admin Block,medium,12.898203,77.499816,2026-08-31 11:28,0.5,2026-08-31 14:08,True,,"a red umbrella on a desk, automatic open button"
L0219,U0119,I0256,val,umbrella,accessories,"I lost my dark grey Fastrack umbrella. It has foldable umbrella, one bent rib.",en,detailed,Playground,medium,12.901976,77.498341,2026-09-29 13:42,0.5,2026-09-29 17:02,True,,"a black umbrella on the floor, bent rib"
L0220,U0392,I0257,val,umbrella,accessories,"I lost my black Fastrack umbrella. Features: printed edges, foldable umbrella.",en,detailed,Playground,high,12.901976,77.498341,2026-09-26 08:11,2.0,2026-09-26 12:06,False,,
L0221,U0182,I0258,train,calculator,stationery,"I lost my blue Casio calculator. Features: faded keys, scientific calculator. Please contact me if found.",en,detailed,Mechanical Block,low,12.898203,77.502396,2026-08-18 12:06,0.5,2026-08-18 18:52,True,,"a blue calculator on the floor, some keys faded"
L0222,U0361,I0259,train,power bank,electronics,I lost my white power bank. Features: thin power bank.,en,medium,Mechanical Block,medium,12.898203,77.502396,2026-09-08 12:52,1.0,2026-09-08 21:41,False,,
L0223,U0295,I0260,test,notebook,stationery,I lost my blue notebook. It has about two hundred pages.,en,medium,Girls Hostel,low,12.897305,77.503225,2026-09-30 09:30,4.0,2026-09-30 14:51,True,,"a blue notebook on the floor, hard cover"
L0224,U0164,I0261,train,earbuds case,electronics,"I lost my green iPhone phone. It has transparent case, pop socket on the back, crack on the top corner. Please contact me if found.",en,detailed,Gym,medium,12.901797,77.501843,2026-08-10 14:31,4.0,2026-08-10 17:38,True,,"a dark green iPhone phone on the floor, transparent case"
L0225,U0044,I0262,train,keys,accessories,Lost borwn keys,en,brief,Canteen,high,12.900359,77.501106,2026-08-08 14:09,1.0,2026-08-08 15:19,True,,"a brown keys on a table, small padlock key"
L0226,U0669,I0263,test,wallet,accessories,I lost my black wallet. It has zip coin pocket.,en,medium,Parking Lot,low,12.899461,77.498894,2026-09-26 12:11,1.0,2026-09-26 14:17,True,,"a dark Woodland wallet on a desk, leather finish"
L0227,U0060,I0264,train,laptop,electronics,"I lost my blue Dell laptop. Features: keyboard lights up, black sleeve, stickers on the top cover.",en,detailed,Stationery Shop,low,12.899461,77.500276,2026-09-25 18:54,0.5,2026-09-26 03:10,False,,
L0228,U0689,I0265,train,laptop,electronics,"I lost my blue Dell laptop. It has fifteen inch display, in a black laptop sleeve. Please contact me if found.",en,detailed,Admin Block,high,12.898203,77.499816,2026-07-22 13:35,2.0,2026-07-22 22:40,False,,
L0229,U0009,I0266,test,water bottle,drinkware,I lost my silver Milton flask. Details: flip-top lid.,en,medium,Main Gate,medium,12.898653,77.498157,2026-08-11 17:53,1.0,2026-08-12 03:23,True,,"a silver water bottle on a desk, one litre bottle"
L0230,U0283,I0267,test,water bottle,drinkware,"I lost my silver Milton water bottle. Details: stainless steel, paint worn off in places. Please contact me if found.",en,detailed,Parking Lot,low,12.899461,77.498894,2026-08-21 11:18,2.0,2026-08-21 18:35,False,,
L0231,U0278,I0268,train,laptop,electronics,"I lost my grey Asus laptop. It has 15 inch screen, keyboard lights up, sticker on the lid.",en,detailed,Bus Stop,high,12.898383,77.497696,2026-08-01 12:06,2.0,2026-08-01 19:17,False,,
L0232,U0293,I0269,val,smartwatch,electronics,"I lost my green smartwatch. Features: square dial, scratch on the glass. Please contact me if found.",en,detailed,Parking Lot,medium,12.899461,77.498894,2026-07-24 13:07,2.0,2026-07-24 14:07,False,,
L0233,U0410,I0270,val,power bank,electronics,I lost my green watch. It has scratch on the glass.,en,medium,Admin Block,low,12.898203,77.499816,2026-09-15 07:55,2.0,2026-09-15 11:21,False,,
L0234,U0317,I0272,train,phone,electronics,"Lost my smartphone, it is blue.",en,brief,Bus Stop,high,12.898383,77.497696,2026-09-16 13:10,2.0,2026-09-16 20:21,False,,
L0235,U0607,I0273,train,phone,electronics,I lost my blue phone. Features: crack on the top corner.,en,medium,Bus Stop,high,12.898383,77.497696,2026-07-20 11:52,1.0,2026-07-20 14:15,True,,"a sky blue phone on a bench, crack on the top corner"
L0236,U0328,I0274,train,wallet,accessories,Kisi ko mila ho toh batao: i lost my grey wallet. Details: worn edges.,hinglish,medium,Canteen,medium,12.900359,77.501106,2026-08-22 15:28,1.0,2026-08-22 17:37,False,,
L0237,U0637,I0275,train,wallet,accessories,"I lost my grey Woodland wallet. Features: metal logo, looks like leather.",en,detailed,Gym,low,12.901797,77.501843,2026-08-13 12:39,0.5,2026-08-13 16:12,False,,
L0238,U0221,I0277,train,keys,accessories,"I lost my black keys. Features: plastic tag, tiny lock key.",en,detailed,Library,medium,12.9,77.5,2026-09-07 18:36,2.0,2026-09-07 21:06,False,,
L0239,U0007,I0278,train,other,electronics,"Lost my smartwatch, it is light pink.",en,brief,Library,high,12.9,77.5,2026-08-07 14:38,2.0,2026-08-07 17:37,True,,"a pink smartwatch on a table, glass slightly scratched"
L0240,U0430,I0279,train,laptop,electronics,Kisi ko mila ho toh batao: grey laptop lost,hinglish,brief,Main Gate,low,12.898653,77.498157,2026-09-08 11:13,1.0,2026-09-08 20:14,True,,"a grey laptop on the floor, black sleeve"
L0241,U0064,I0280,train,laptop,electronics,Lost grey alptop,en,brief,Main Gate,medium,12.898653,77.498157,2026-07-27 13:20,4.0,2026-07-27 18:46,True,,"a grey MacBook laptop on a desk, keyboard lights up"
L0242,U0713,I0281,train,laptop,electronics,I lost my black Dell notebook computer. Details: backlit keyboard.,en,medium,Stationery Shop,high,12.899461,77.500276,2026-07-21 16:47,2.0,2026-07-21 17:58,False,,
L0243,U0109,I0282,test,spectacles case,accessories,navy blue wallte lost,en,brief,CS Block,high,12.899012,77.500737,2026-07-29 15:30,1.0,2026-07-30 00:18,False,,
L0244,U0489,I0283,train,earbuds case,electronics,I lost my pink earbuds case. Features: tiny indicator light.,en,medium,Main Gate,medium,12.898653,77.498157,2026-09-17 15:43,4.0,2026-09-17 21:59,False,,
L0245,U0039,I0284,test,phone,electronics,Lost white phone,en,brief,ECE Block,low,12.899192,77.501382,2026-07-21 09:56,4.0,2026-07-21 13:42,False,,
L0246,U0517,I0285,train,power bank,electronics,Lost white power bank,en,brief,Auditorium,medium,12.901437,77.499447,2026-08-20 10:29,4.0,2026-08-20 13:52,True,,"a white power bank on a table, thin power bank"
L0247,U0390,I0286,train,power bank,electronics,I lost my white Raelme power bank. Details: slim body.,en,medium,Library,low,12.9,77.5,2026-09-25 08:36,0.5,2026-09-25 09:35,True,,"a white power bank on a desk, type-C input"
L0248,U0339,I0287,val,earbuds case,electronics,I lost my black earbuds case. Features: silicone cover.,en,medium,Mechanical Block,low,12.898203,77.502396,2026-09-04 16:49,0.5,2026-09-04 19:49,True,,"a dark grey earbuds case on the floor, rubber cover"
L0249,U0016,I0288,test,notebook,stationery,I lost my orange Classmate notebook. Details: 200 pages.,en,medium,Gym,medium,12.901797,77.501843,2026-08-12 12:11,1.0,2026-08-12 18:38,False,,
L0250,U0220,I0289,test,notebook,stationery,I lost my ornage record book. It has spiral bound.,en,medium,Gym,high,12.901797,77.501843,2026-08-10 13:46,1.0,2026-08-10 17:52,False,,
L0251,U0048,I0290,test,notebook,stationery,"Lost my reocrd book, it is red.",en,brief,CS Block,high,12.899012,77.500737,2026-10-03 19:12,1.0,2026-10-04 01:54,False,,
L0252,U0268,I0291,test,power bank,electronics,"I lost my blue Mi power bank. Details: slim body, LED indicator.",en,detailed,Main Gate,medium,12.898653,77.498157,2026-09-16 09:04,1.0,2026-09-16 11:48,True,,"a blue Mi power bank on a table, slim body"
L0253,U0702,I0292,test,power bank,electronics,"I lost my light blue Mi batteyr pack. Details: LED indicator, type-C input.",en,detailed,Admin Block,medium,12.898203,77.499816,2026-08-18 10:04,0.5,2026-08-18 14:21,True,,"a light blue Mi power bank on a table, LED indicator"
L0254,U0699,I0293,train,phone,electronics,I lost my silver Redmi phone. Features: transparent case.,en,medium,Canteen,low,12.900359,77.501106,2026-07-31 16:53,4.0,2026-07-31 16:41,True,,"a grey Redmi phone on a table, transparent case"
L0255,U0291,I0294,test,umbrella,accessories,I lost my pink umbrella. Features: bent rib.,en,medium,Canteen,high,12.900359,77.501106,2026-09-26 19:02,4.0,2026-09-26 21:52,True,,"a pink umbrella on the floor, folding type"
L0256,U0608,I0295,test,umbrella,accessories,"I lost my pink umbrella. It has printed edges, push-button opening.",en,detailed,Canteen,medium,12.900359,77.501106,2026-08-15 11:54,0.5,2026-08-15 15:15,True,,"a pink umbrella on a desk, automatic open button"
L0257,U0457,I0296,train,laptop,electronics,I lost my silver MacBook laptop. Details: 15 inch screen.,en,medium,Library,medium,12.9,77.5,2026-08-15 10:40,2.0,2026-08-15 20:53,False,,
L0258,U0110,I0297,train,laptop,electronics,"I lost my silver MacBook laptop. Features: in a black laptop sleeve, fifteen inch display.",en,detailed,Bus Stop,low,12.898383,77.497696,2026-08-19 14:02,0.5,2026-08-19 22:03,False,,
L0259,U0763,I0299,train,wallet,accessories,"I lost my maroon Puma wallet. Features: zip coin pocket, small metal logo.",en,detailed,Auditorium,high,12.901437,77.499447,2026-09-10 13:48,1.0,2026-09-10 20:24,True,,"a maroon Puma wallet on a desk, small metal logo"
L0260,U0244,I0300,train,calculator,stationery,I lost my blue Casio calculator. Details: scientific type.,en,medium,Canteen,medium,12.900359,77.501106,2026-08-19 12:40,1.0,2026-08-19 15:51,False,,
L0261,U0020,I0301,train,calculator,stationery,"Mera i lost my blue Casio calculator. Details: hard slide-on cover, faded keys. kho gaya hai.",hinglish,detailed,Stationery Shop,low,12.899461,77.500276,2026-09-27 13:38,0.5,2026-09-27 20:26,False,,
L0262,U0207,I0302,train,earbuds case,electronics,I lost my cream earbuds case. Details: scratches on the lid.,en,medium,Bus Stop,high,12.898383,77.497696,2026-07-20 11:13,4.0,2026-07-20 20:16,False,,
L0263,U0466,I0303,test,laptop,electronics,"I lost my black Acer laptop. Details: lback sleeve, stickers on the top cover.",en,detailed,Gym,high,12.901797,77.501843,2026-07-21 09:57,4.0,2026-07-21 13:00,False,,
L0264,U0229,I0304,train,notebook,stationery,"I lost my blue Classmate notebook. It has 200 pages, coloured sticky notes sticking out, spiral notebook.",en,detailed,Stationery Shop,high,12.899461,77.500276,2026-07-27 16:23,1.0,2026-07-27 17:52,True,,"a light blue notebook on a bench, coloured sticky notes sticking out"
L0265,U0576,I0305,test,power bank,electronics,"I lost my silver Syska power bank. It has type-C input, rubber finish.",en,detailed,Stationery Shop,low,12.899461,77.500276,2026-09-11 11:28,4.0,2026-09-11 16:32,False,,
L0266,U0732,I0306,train,backpack,bags,I lost my grey Wildcraft backpack. Details: white logo.,en,medium,Stationery Shop,medium,12.899461,77.500276,2026-09-25 11:01,0.5,2026-09-25 13:12,True,,"a grey Wildcraft backpack on a bench, padded laptop section"
L0267,U0424,I0307,train,backpack,bags,Lost grey backpakc,en,brief,Library,medium,12.9,77.5,2026-10-03 11:51,1.0,2026-10-03 16:12,False,,
L0268,U0389,I0308,train,calculator,stationery,I lost my light blue Casio calculator. Details: scientific type.,en,medium,Main Gate,high,12.898653,77.498157,2026-09-10 17:16,2.0,2026-09-11 02:04,False,,
L0269,U0021,I0310,train,wallet,accessories,I lost my navy blue umbrella. It has automatic open button.,en,medium,Library,high,12.9,77.5,2026-09-11 18:54,2.0,2026-09-11 20:26,False,,
L0270,U0242,I0311,train,earbuds case,electronics,I lost my pink Realme earbuds case. It has tiny indicator light.,en,medium,Gym,medium,12.901797,77.501843,2026-09-06 15:00,0.5,2026-09-06 18:23,False,,
L0271,U0040,I0312,train,power bank,electronics,"I lost my blue Anker power bank. Details: LED indicator, thin power bank. Please contact me if found.",en,detailed,Gym,medium,12.901797,77.501843,2026-08-25 14:38,2.0,2026-08-25 17:42,False,,
L0272,U0109,I0313,val,power bank,electronics,"I lost my white power bank. Features: four indicator lights, thin power bank.",en,detailed,Canteen,low,12.900359,77.501106,2026-10-01 15:45,4.0,2026-10-01 18:53,False,,
L0273,U0581,I0314,val,power bank,electronics,"I lost my white Mi power bank. It has matte rubber finish, four indicator lights. Please contact me if found.",en,detailed,Canteen,low,12.900359,77.501106,2026-09-15 08:26,0.5,2026-09-15 17:19,False,,
L0274,U0324,I0315,train,other,accessories,gray spectacles case lost,en,brief,Mechanical Block,low,12.898203,77.502396,2026-08-27 07:04,4.0,2026-08-27 09:29,False,,
L0275,U0667,I0316,val,water bottle,drinkware,"I lost my blue Milton water bottle. Features: flip-top lid, paint worn off in places. Please contact me if found.",en,detailed,Canteen,medium,12.900359,77.501106,2026-08-20 14:29,4.0,2026-08-20 21:30,True,,"a blue water bottle on a bench, flip cap"
L0276,U0753,I0317,train,charger,electronics,I lost my black AirPods earbuds case. It has tiny indicator light.,en,medium,Canteen,medium,12.900359,77.501106,2026-07-22 11:43,0.5,2026-07-22 17:58,True,,"a black AirPods earbuds case on a table, tiny indicator light"
L0277,U0596,I0318,train,smartwatch,electronics,I lost my green Apple Watch smartwatch. Details: scratch on the glass.,en,medium,Admin Block,medium,12.898203,77.499816,2026-07-24 11:33,4.0,2026-07-24 15:24,True,,"a green smartwatch on a desk, glass slightly scratched"
L0278,U0576,I0319,train,power bank,electronics,Lost black smartwatch,en,brief,Library,medium,12.9,77.5,2026-09-04 14:48,0.5,2026-09-04 20:05,True,,"a black smartwatch on the floor, rubber strap"
L0279,U0798,I0320,train,umbrella,accessories,Mera i lost my green umbrella. It has printed edges. kho gaya hai.,hinglish,medium,ECE Block,high,12.899192,77.501382,2026-07-21 14:22,0.5,2026-07-21 23:32,False,,
L0280,U0465,I0323,val,calculator,stationery,"I lost my grey Casio calculator. Features: faded keys, scientific calculator.",en,detailed,Boys Hostel,high,12.902695,77.503686,2026-09-26 15:24,4.0,2026-09-26 21:58,False,,
L0281,U0223,I0324,train,umbrella,accessories,"I lost my navy blue Popy umbrella. It has bent rib, printed edges. Please contact me if found.",en,detailed,Admin Block,medium,12.898203,77.499816,2026-07-25 13:11,2.0,2026-07-25 19:34,False,,
L0282,U0231,I0325,train,umbrella,accessories,I lost my blue umbrella. It has automatic open button.,en,medium,Admin Block,high,12.898203,77.499816,2026-08-20 17:30,0.5,2026-08-20 22:22,False,,
L0283,U0095,I0326,train,umbrella,accessories,"I lost my rose Lifelong umbrella. It has pattern on the border, push-button opening, foldable umbrella. Please contact me if found.",en,detailed,Stationery Shop,medium,12.899461,77.500276,2026-08-06 12:31,0.5,2026-08-06 16:51,True,,"a pink Lifelong umbrella on the floor, push-button opening"
L0284,U0165,I0327,test,wallet,accessories,dark brown card holder lost,en,brief,Playground,medium,12.901976,77.498341,2026-08-20 14:25,1.0,2026-08-20 23:55,True,,"a dark brown Fastrack wallet on a desk, looks like leather"
L0285,U0205,I0328,train,power bank,electronics,"I lost my blue power bank. Details: thin power bank, matte rubber finish.",en,detailed,Parking Lot,medium,12.899461,77.498894,2026-09-30 09:48,4.0,2026-09-30 17:46,False,,
L0286,U0449,I0329,val,power bank,electronics,Lost blue power bank,en,brief,CS Block,medium,12.899012,77.500737,2026-08-15 10:26,2.0,2026-08-15 12:58,True,,"a blue power bank on a desk, type-C input"
L0287,U0727,I0330,val,earbuds case,electronics,"I lost my blue AirPods earbuds case. Details: rubber cover, scuffed lid, lanyard hook.",en,detailed,Playground,high,12.901976,77.498341,2026-07-25 12:51,1.0,2026-07-25 21:58,True,,"a blue earbuds case on a desk, silicone cover"
L0288,U0241,I0331,train,wallet,accessories,"Lost my wallet, it is navy blue.",en,brief,Parking Lot,medium,12.899461,77.498894,2026-09-24 10:54,1.0,2026-09-24 11:48,False,,
L0289,U0278,I0332,train,notebook,stationery,"I lost my orange Camlin notebook. Details: sticky notes inside, 200 pages. Please contact me if found.",en,detailed,Auditorium,medium,12.901437,77.499447,2026-09-30 17:05,0.5,2026-09-30 20:00,False,,
L0290,U0551,I0333,train,notebook,stationery,Mera i lost my orange Camlin record book. It has 200 pages. kho gaya hai.,hinglish,medium,Auditorium,high,12.901437,77.499447,2026-09-27 17:29,1.0,2026-09-28 03:14,False,,
L0291,U0213,I0335,test,umbrella,accessories,"I lost my grey Lifelong umbrella. Features: push-button opening, foldable umbrella, bent rib.",en,detailed,Canteen,high,12.900359,77.501106,2026-08-08 12:44,2.0,2026-08-08 21:14,False,,
L0292,U0586,I0337,train,calculator,stationery,"I lost my sky blue Casio calculator. It has scientific calculator, solar strip on top.",en,detailed,Bus Stop,high,12.898383,77.497696,2026-07-25 12:54,0.5,2026-07-25 14:15,True,,"a blue Casio calculator on a bench, scientific type"
L0293,U0356,I0338,train,backpack,bags,"I lost my green Adidas backpack. Features: small tear by the strap, double zip on the front, padded laptop section.",en,detailed,Auditorium,high,12.901437,77.499447,2026-08-31 13:21,0.5,2026-08-31 20:06,True,,"a green Adidas backpack on a table, slightly torn near the strap"
L0294,U0600,I0339,train,power bank,electronics,"I lost my white Anker power bank. It has USB-C port, rubber finish.",en,detailed,Gym,low,12.901797,77.501843,2026-09-23 12:04,4.0,2026-09-23 20:04,False,,
L0295,U0608,I0340,train,power bank,electronics,"I lost my white Realme power bank. Details: type-C input, LED indicator. Please contact me if found.",en,detailed,Boys Hostel,medium,12.902695,77.503686,2026-08-31 14:24,0.5,2026-08-31 19:52,False,,
L0296,U0471,I0341,train,phone,electronics,Kisi ko mila ho toh batao: i lost my dark phone. Features: clear back cover.,hinglish,medium,Playground,high,12.901976,77.498341,2026-08-28 18:43,2.0,2026-08-28 19:49,False,,
L0297,U0248,I0342,test,smartwatch,electronics,"I lost my white Noise smartwatch. Features: silicone strap, square dial, circular screen. Please contact me if found.",en,detailed,Stationery Shop,high,12.899461,77.500276,2026-10-02 19:04,4.0,2026-10-03 00:52,False,,
L0298,U0003,I0343,test,laptop,electronics,"I lost my blue Dell laptop. It has sticker on the lid, keyboard lights up, black sleeve. Please contatc me if found.",en,detailed,Stationery Shop,low,12.899461,77.500276,2026-09-06 11:28,2.0,2026-09-06 12:59,True,,"a blue Dell laptop on a bench, in a black laptop sleeve"
L0299,U0275,I0344,test,laptop,electronics,"I lost my blue Dell laptop. Features: fifteen inch display, keyboard lights up. Please contact me if found.",en,detailed,ECE Block,medium,12.899192,77.501382,2026-09-22 12:54,1.0,2026-09-22 20:45,True,,"a blue laptop on the floor, backlit keyboard"
L0300,U0766,I0345,train,laptop,electronics,"I lost my blue HP laptop. It has 15 inch screen, black sleeve. Please contact me if found.",en,detailed,CS Block,high,12.899012,77.500737,2026-09-08 13:23,4.0,2026-09-08 19:27,False,,
L0301,U0175,I0346,train,laptop,electronics,I lost my blue HP laptop. Details: backlit keyboard.,en,medium,Stationery Shop,medium,12.899461,77.500276,2026-08-19 07:20,0.5,2026-08-19 09:06,True,,"a blue laptop on a bench, keyboard lights up"
L0302,U0609,I0348,train,calculator,stationery,Lost grey calculator,en,brief,Girls Hostel,medium,12.897305,77.503225,2026-08-10 10:18,0.5,2026-08-10 20:02,True,,"a gray Casio calculator on the floor, scientific type"
L0303,U0597,I0349,train,calculator,stationery,Lost grey scientific calculator,en,brief,Girls Hostel,medium,12.897305,77.503225,2026-07-30 15:34,1.0,2026-07-30 16:17,False,,
L0304,U0663,I0351,train,wallet,accessories,"I lost my navy blue Hidesign wallet. Features: zipper coin section, looks like leather, worn edges. Please contact me if found.",en,detailed,Playground,high,12.901976,77.498341,2026-08-22 19:15,1.0,2026-08-22 21:13,True,,"a blue Hidesign wallet on a desk, leather finish"
L0305,U0239,I0352,test,keys,accessories,"I lost my silver keychain. It has bike key with a rubber cover, steel ring. Please contact me if found.",en,detailed,Canteen,low,12.900359,77.501106,2026-09-17 20:12,4.0,2026-09-17 21:10,True,,"a grey keys on a bench, two-wheeler key with cover"
L0306,U0061,I0353,test,keys,accessories,I lost my silver keys. It has tiny lock key.,en,medium,Boys Hostel,medium,12.902695,77.503686,2026-07-25 14:13,0.5,2026-07-25 23:57,False,,
L0307,U0743,I0354,train,spectacles case,accessories,"I lost my grey Titan spectacles case. Features: tiny logo on the front, hard case, soft pouch.",en,detailed,Boys Hostel,high,12.902695,77.503686,2026-08-01 09:36,4.0,2026-08-01 11:10,True,,"a grey spectacles case on a bench, tiny logo on the front"
L0308,U0725,I0355,train,notebook,stationery,"Lost my notebook, it is green.",en,brief,Main Gate,medium,12.898653,77.498157,2026-10-03 10:22,2.0,2026-10-03 16:17,False,,
L0309,U0012,I0356,train,earbuds case,electronics,"I lost my black Noise earbuds case. Features: small LED light, scuffed lid.",en,detailed,Canteen,high,12.900359,77.501106,2026-07-20 14:14,1.0,2026-07-20 18:00,False,,
L0310,U0794,I0357,train,earbuds case,electronics,"I lost my black earbuds case. Features: scuffed lid, rubber cover.",en,detailed,Parking Lot,low,12.899461,77.498894,2026-09-11 09:53,2.0,2026-09-11 14:26,False,,
L0311,U0716,I0358,train,charger,electronics,"I lost my white Apple charger. Features: long cable, two-pin adapter, cloth braided cable. Please contact me if found.",en,detailed,Main Gate,medium,12.898653,77.498157,2026-10-02 14:16,0.5,2026-10-02 17:33,False,,
L0312,U0377,I0359,train,charger,electronics,"I lost my white Apple adapter with cable. It has fast charging type, about 1.5 m cable. Please contact me if found.",en,detailed,Main Gate,high,12.898653,77.498157,2026-08-30 17:24,4.0,2026-08-30 19:57,True,,"a white charger on a table, long cable"
L0313,U0129,I0360,train,earbuds case,electronics,"Lost my earbuds case, it is pink.",en,brief,CS Block,medium,12.899012,77.500737,2026-08-10 20:08,1.0,2026-08-10 23:44,False,,
L0314,U0038,I0361,train,wallet,accessories,"Mera i lost my brown Hidesign wallet. It has zip coin pocket, worn edges, metal logo. kho gaya hai.",hinglish,detailed,Playground,medium,12.901976,77.498341,2026-07-27 12:46,2.0,2026-07-27 22:59,False,,
L0315,U0043,I0362,test,calculator,stationery,"I lost my black Casio scientific calculator. Features: some keys faded, slide cover, solar strip on top. Please contact me if found.",en,detailed,Canteen,high,12.900359,77.501106,2026-08-27 15:46,1.0,2026-08-27 18:09,True,,"a black Casio calculator on a bench, faded keys"
L0316,U0018,I0363,train,laptop,electronics,I lost my black MacBook laptop. It has stickers on the top cover.,en,medium,Parking Lot,low,12.899461,77.498894,2026-08-26 15:16,2.0,2026-08-26 23:35,True,,"a black laptop on the floor, sticker on the lid"
L0317,U0223,I0364,train,power bank,electronics,I lost my off-white pwoer bank. Details: slim body.,en,medium,Stationery Shop,low,12.899461,77.500276,2026-07-28 10:10,1.0,2026-07-28 15:41,True,,"a off-white Syska power bank on a desk, four indicator lights"
L0318,U0305,I0365,train,keys,accessories,"Lost my keys, it is silver.",en,brief,Parking Lot,high,12.899461,77.498894,2026-08-04 11:01,4.0,2026-08-04 18:48,False,,
L0319,U0367,I0366,train,keys,accessories,Mera i lost my silver keys. Details: tiny lock key. kho gaya hai.,hinglish,medium,Parking Lot,high,12.899461,77.498894,2026-08-14 13:04,4.0,2026-08-14 20:08,False,,
L0320,U0665,I0367,train,umbrella,accessories,I lost my black Fastrack umbrella. Features: printed edges.,en,medium,CS Block,medium,12.899012,77.500737,2026-08-05 16:40,0.5,2026-08-06 01:39,True,,"a black Fastrack umbrella on a desk, folding type"
L0321,U0435,I0368,train,notebook,stationery,"Mera i lost my blue notebook. It has about two hundred pages, spiral notebook. kho gaya hai.",hinglish,detailed,Boys Hostel,high,12.902695,77.503686,2026-08-28 15:27,1.0,2026-08-29 01:00,False,,
L0322,U0044,I0369,train,notebook,stationery,"I lost my blue notebook. Details: thick cover, about two hundred pages.",en,detailed,Gym,low,12.901797,77.501843,2026-09-16 10:07,0.5,2026-09-16 13:01,False,,
L0323,U0684,I0370,train,power bank,electronics,"I lost my blue power bank. It has USB-C port, four indicator lights.",en,detailed,Canteen,low,12.900359,77.501106,2026-08-14 15:36,2.0,2026-08-14 23:26,False,,
L0324,U0201,I0371,test,water bottle,drinkware,"Lost my water bottle, it is green.",en,brief,Main Gate,low,12.898653,77.498157,2026-07-25 08:17,4.0,2026-07-25 16:39,False,,
L0325,U0218,I0372,test,water bottle,drinkware,I lost my green water bottle. It has one litre bottle.,en,medium,Main Gate,high,12.898653,77.498157,2026-09-01 08:43,1.0,2026-09-01 17:01,False,,
L0326,U0201,I0375,val,smartwatch,electronics,"I lost my blue phone. Details: pop socket on the back, two cameras at the back, crack on the top corner. Please contact me if found.",en,detailed,Auditorium,high,12.901437,77.499447,2026-08-23 12:29,2.0,2026-08-23 17:52,False,,
L0327,U0204,I0376,train,smartwatch,electronics,Kisi ko mila ho toh batao: i lost my blue Syska power bank. It has four indicator lights.,hinglish,medium,Main Gate,low,12.898653,77.498157,2026-08-01 14:07,0.5,2026-08-01 20:16,True,,"a blue power bank on the floor, LED indicator"
L0328,U0023,I0377,train,calculator,stationery,"I lost my black Citizen calculator. It has scientific type, slide cover, solar strip on top. Please contact me if found.",en,detailed,Main Gate,high,12.898653,77.498157,2026-10-03 11:51,1.0,2026-10-03 12:59,False,,
L0329,U0442,I0378,train,power bank,electronics,"I lost my silver Anker power bank. It has four indicator lights, USB-C port. Please contact me if found.",en,detailed,Canteen,low,12.900359,77.501106,2026-08-03 10:06,0.5,2026-08-03 10:56,True,,"a grey power bank on a table, LED indicator"
L0330,U0024,I0379,train,smartwatch,electronics,I lost my pink Apple Wathc fitness band. It has rectangular screen.,en,medium,Boys Hostel,medium,12.902695,77.503686,2026-07-27 09:54,4.0,2026-07-27 13:17,False,,
L0331,U0126,I0380,train,smartwatch,electronics,pink smartwatch lost,en,brief,Boys Hostel,medium,12.902695,77.503686,2026-09-05 14:05,1.0,2026-09-05 15:37,False,,
L0332,U0781,I0381,train,smartwatch,electronics,"I lost my pink Noise smartwatch. Details: scratch on the glass, silicone strap, square dial.",en,detailed,Admin Block,medium,12.898203,77.499816,2026-08-06 15:27,0.5,2026-08-06 21:31,False,,
L0333,U0458,I0382,val,calculator,stationery,"Mera i lost my black calculator. Features: some keys faded, scientific calculator, solar strip on top. Please contact me if found. kho gaya hai.",hinglish,detailed,Canteen,low,12.900359,77.501106,2026-09-09 10:42,0.5,2026-09-09 14:28,False,,
L0334,U0465,I0383,test,keys,accessories,"I lost my dark brown keys. Details: small padlock key, metal ring. Please contact me if found.",en,detailed,Admin Block,medium,12.898203,77.499816,2026-08-19 14:33,2.0,2026-08-19 21:09,False,,
L0335,U0175,I0384,train,water bottle,drinkware,I lost my pink water bottle. It has stainless steel.,en,medium,Parking Lot,high,12.899461,77.498894,2026-08-28 19:20,4.0,2026-08-28 23:05,True,,"a pink water bottle on a desk, flip-top lid"
L0336,U0317,I0385,train,umbrella,accessories,"I lost my gray umbrella. Details: automatic open button, one bent rib. Please contact me if found.",en,detailed,Admin Block,medium,12.898203,77.499816,2026-09-05 11:00,4.0,2026-09-05 15:04,True,,"a grey umbrella on a bench, one bent rib"
L0337,U0704,I0386,train,wallet,accessories,"I lost my navy blue Puma purse. Details: metal logo, worn edges, zip coin pocket.",en,detailed,Gym,medium,12.901797,77.501843,2026-08-24 13:23,0.5,2026-08-24 19:14,False,,
L0338,U0184,I0388,train,wallet,accessories,"I lost my brown Puma card holder. Details: worn edges, leather finish.",en,detailed,Bus Stop,low,12.898383,77.497696,2026-09-10 08:22,4.0,2026-09-10 11:18,False,,
L0339,U0177,I0389,train,phone,electronics,I lost my red Vivo phone. Details: crack on the top corner.,en,medium,Parking Lot,medium,12.899461,77.498894,2026-10-02 09:02,2.0,2026-10-02 18:35,True,,"a red Vivo phone on a bench, two cameras at the back"
L0340,U0272,I0390,train,keys,accessories,"I lost my brown keys. Details: plastic tag, small padlock key.",en,detailed,Main Gate,high,12.898653,77.498157,2026-07-24 09:29,2.0,2026-07-24 19:36,True,,"a brown keys on the floor, small padlock key"
L0341,U0416,I0391,train,keys,accessories,"I lost my black keys. Details: metal ring, bike key with a rubber cover, tag hanging from it.",en,detailed,Canteen,medium,12.900359,77.501106,2026-08-26 19:09,2.0,2026-08-27 03:28,False,,
L0342,U0660,I0392,test,umbrella,accessories,I lost my navy blue Popy umbrella. Features: foldable umbrella.,en,medium,ECE Block,low,12.899192,77.501382,2026-07-23 14:30,4.0,2026-07-23 15:35,False,,
L0343,U0524,I0393,test,umbrella,accessories,I lost my navy blue umbrella. It has one bent rib.,en,medium,Girls Hostel,low,12.897305,77.503225,2026-08-07 14:53,0.5,2026-08-07 22:19,True,,"a navy blue umbrella on the floor, printed edges"
L0344,U0496,I0394,train,earbuds case,electronics,"Mera i lost my dark grey Apple adapter with cable. It has fast charging type, cloth braided cable. Please contact me if found. kho gaya hai.",hinglish,detailed,Mechanical Block,low,12.898203,77.502396,2026-08-22 09:35,1.0,2026-08-22 10:38,False,,
L0345,U0218,I0395,train,wallet,accessories,I lost my silver-grey Woodland wallet. Features: frayed at the edges.,en,medium,ECE Block,high,12.899192,77.501382,2026-07-20 12:01,4.0,2026-07-20 20:58,False,,
L0346,U0622,I0396,val,water bottle,drinkware,"I lost my orange water bottle. It has 1 litre size, flip cap.",en,detailed,Boys Hostel,medium,12.902695,77.503686,2026-09-11 09:40,1.0,2026-09-11 17:16,False,,
L0347,U0207,I0397,train,charger,electronics,I lost my black charger. Details: fast chargign type.,en,medium,Playground,high,12.901976,77.498341,2026-08-26 20:30,1.0,2026-08-26 21:58,False,,
L0348,U0201,I0398,train,water bottle,drinkware,"I lost my orange Milton flask. It has piant worn off in places, stainless steel.",en,detailed,Parking Lot,high,12.899461,77.498894,2026-08-27 12:46,4.0,2026-08-27 15:46,False,,
L0349,U0067,I0399,train,spectacles case,accessories,I lost my brown spectacles case. Features: zippered.,en,medium,Parking Lot,high,12.899461,77.498894,2026-09-14 15:49,4.0,2026-09-14 18:01,True,,"a brown Titan spectacles case on a bench, cloth pouch type"
L0350,U0774,I0400,train,charger,electronics,"I lost my black Realme charger. Features: fast charger, braided cable, two-pin adapter.",en,detailed,Mechanical Block,low,12.898203,77.502396,2026-08-12 10:13,1.0,2026-08-12 18:17,False,,
L0351,U0798,I0401,train,water bottle,drinkware,"I lost my silver Milton water bottle. Features: steel body, paint worn off in places.",en,detailed,Gym,medium,12.901797,77.501843,2026-08-05 14:09,1.0,2026-08-05 17:25,False,,
L0352,U0390,I0402,val,spectacles case,accessories,Lost grey spectacles case,en,brief,Auditorium,high,12.901437,77.499447,2026-07-26 17:36,2.0,2026-07-26 17:24,False,,
L0353,U0711,I0403,val,spectacles case,accessories,I lost my grey Titan glasses case. It has cloth pouch type.,en,medium,Auditorium,medium,12.901437,77.499447,2026-07-23 10:20,4.0,2026-07-23 18:10,True,,"a grey Titan spectacles case on a table, soft pouch"
L0354,U0103,I0404,train,charger,electronics,"I lost my lgiht pink Noise earbuds case. Features: tiny indicator light, scuffed lid, rubber cover. Please contact me if found.",en,detailed,ECE Block,low,12.899192,77.501382,2026-09-26 10:14,1.0,2026-09-26 10:12,False,,
L0355,U0720,I0405,val,smartwatch,electronics,I lost my green Apple Watch smartwatch. Features: rectangular screen.,en,medium,Library,high,12.9,77.5,2026-08-07 07:49,0.5,2026-08-07 10:30,False,,
L0356,U0697,I0406,val,smartwatch,electronics,I lost my green Apple Watch smartwatch. It has rubber strap.,en,medium,Library,medium,12.9,77.5,2026-08-28 10:37,4.0,2026-08-28 19:09,True,,"a green smartwatch on a bench, silicone strap"
L0357,U0281,I0407,train,calculator,stationery,grey calculaotr lost,en,brief,Mechanical Block,low,12.898203,77.502396,2026-07-28 07:51,1.0,2026-07-28 11:50,True,,"a grey Casio calculator on a desk, solar strip on top"
L0358,U0214,I0408,train,umbrella,accessories,I lost my pink Fastrack umbrella. Details: push-button opening.,en,medium,CS Block,medium,12.899012,77.500737,2026-09-14 12:08,4.0,2026-09-14 16:26,True,,"a pink Fastrack umbrella on a desk, folding type"
L0359,U0226,I0409,train,umbrella,accessories,I lost my pink Fastrack umbrella. It has bent rib.,en,medium,ECE Block,low,12.899192,77.501382,2026-08-12 12:52,0.5,2026-08-12 15:54,False,,
L0360,U0513,I0410,train,other,stationery,"Lost my calculator, it is blue.",en,brief,Auditorium,medium,12.901437,77.499447,2026-08-26 12:49,2.0,2026-08-26 14:36,False,,
L0361,U0376,I0411,train,calculator,stationery,I lost my black Casio calculator. It has hard slide-on cover.,en,medium,Bus Stop,medium,12.898383,77.497696,2026-09-24 10:30,2.0,2026-09-24 15:33,False,,
L0362,U0616,I0412,val,earbuds case,electronics,I lost my black OnePlus earbuds case. Details: silicone cover.,en,medium,Canteen,low,12.900359,77.501106,2026-09-04 14:55,4.0,2026-09-04 18:30,False,,
L0363,U0724,I0413,val,power bank,electronics,I lost my sky blue power bank. It has USB-C port.,en,medium,Canteen,low,12.900359,77.501106,2026-09-21 16:49,1.0,2026-09-21 18:12,True,,"a blue power bank on a desk, USB-C port"
L0364,U0115,I0414,train,earbuds case,electronics,I lost my blue boAt earbuds case. It has small LED light.,en,medium,Auditorium,high,12.901437,77.499447,2026-07-24 16:01,0.5,2026-07-24 18:56,True,,"a blue earbuds case on the floor, silicone cover"
L0365,U0141,I0415,test,spectacles case,accessories,Lost black spectacles case,en,brief,ECE Block,high,12.899192,77.501382,2026-08-05 10:17,0.5,2026-08-05 14:26,False,,
L0366,U0129,I0416,train,notebook,stationery,"I lost my dark book. Details: 200 pages, spiral notebook, coloured sticky notes sticking out.",en,detailed,ECE Block,medium,12.899192,77.501382,2026-09-04 11:55,2.0,2026-09-04 20:14,False,,
L0367,U0767,I0417,train,notebook,stationery,"I lost my black notebook. Features: thick cover, 200 pages. Please contact me if found.",en,detailed,Stationery Shop,low,12.899461,77.500276,2026-09-14 15:19,2.0,2026-09-14 23:58,False,,
L0368,U0560,I0419,val,umbrella,accessories,"Lost my umbrella, it is grey.",en,brief,CS Block,high,12.899012,77.500737,2026-09-11 18:22,0.5,2026-09-11 21:05,False,,
L0369,U0221,I0420,val,umbrella,accessories,"I lost my grey umbrella. It has push-button opening, folding type. Please contact me if found.",en,detailed,CS Block,medium,12.899012,77.500737,2026-08-26 09:37,1.0,2026-08-26 15:40,True,,"a grey umbrella on a bench, foldable umbrella"
L0370,U0793,I0421,train,calculator,stationery,"I lost my blue calculator. Details: faded keys, solar panel, scientific type.",en,detailed,Bus Stop,high,12.898383,77.497696,2026-09-17 12:19,1.0,2026-09-17 17:28,True,,"a blue Casio calculator on a bench, faded keys"
L0371,U0417,I0422,train,calculator,stationery,Lost sky blue calculator,en,brief,Parking Lot,high,12.899461,77.498894,2026-09-18 20:28,4.0,2026-09-19 04:41,False,,
L0372,U0463,I0423,test,notebook,stationery,I lost my blue notebook. It has spiral notebook.,en,medium,Auditorium,low,12.901437,77.499447,2026-08-05 10:09,2.0,2026-08-05 11:41,False,,
L0373,U0760,I0424,train,smartwatch,electronics,"I lost my black Apple Watch smartwatch. Features: round dial, rectangular screen, rubber strap.",en,detailed,Bus Stop,medium,12.898383,77.497696,2026-08-29 11:06,1.0,2026-08-29 15:49,False,,
L0374,U0536,I0425,train,smartwatch,electronics,I lost my black Apple Watch watch. It has rectangular screen.,en,medium,Bus Stop,high,12.898383,77.497696,2026-09-13 12:29,1.0,2026-09-13 19:24,True,,"a black Apple Watch smartwatch on the floor, rectangular screen"
L0375,U0009,I0426,train,smartwatch,electronics,Lost green smartwatch,en,brief,ECE Block,high,12.899192,77.501382,2026-08-07 13:57,4.0,2026-08-07 18:44,True,,"a green smartwatch on a bench, glass slightly scratched"
L0376,U0422,I0427,train,power bank,electronics,I lost my blue power bank. Features: USB-C port.,en,medium,Library,low,12.9,77.5,2026-10-03 08:14,0.5,2026-10-03 15:06,False,,
L0377,U0406,I0428,val,laptop,electronics,"I lost my blue laptop. Details: backlit keyboard, sticker on the lid, fifteen inch display.",en,detailed,Main Gate,low,12.898653,77.498157,2026-08-16 19:24,4.0,2026-08-16 21:03,False,,
L0378,U0160,I0429,val,laptop,electronics,"Lost my laptop, it is blue.",en,brief,Parking Lot,low,12.899461,77.498894,2026-08-21 16:44,0.5,2026-08-22 01:15,True,,"a blue MacBook laptop on a table, black sleeve"
L0379,U0750,I0430,val,backpack,bags,"Kisi ko mila ho toh batao: i lost my green Skybags backpack. Features: white logo, laptop compartment.",hinglish,detailed,Parking Lot,low,12.899461,77.498894,2026-08-24 12:00,1.0,2026-08-24 19:54,True,,"a green backpack on a bench, padded laptop section"
L0380,U0150,I0431,train,laptop,electronics,"I lost my black Asus laptop. Features: sticker on the lid, in a black laptop sleeve.",en,detailed,Mechanical Block,medium,12.898203,77.502396,2026-08-11 16:39,0.5,2026-08-11 18:37,False,,
L0381,U0308,I0432,train,spectacles case,accessories,Lost red spectacles case,en,brief,Parking Lot,low,12.899461,77.498894,2026-09-07 12:31,1.0,2026-09-07 14:40,False,,
L0382,U0009,I0433,test,laptop,electronics,"Lost my laptop, it is grey.",en,brief,Boys Hostel,medium,12.902695,77.503686,2026-08-28 16:28,4.0,2026-08-28 19:22,True,,"a grey Lenovo laptop on the floor, in a black laptop sleeve"
L0383,U0581,I0437,train,charger,electronics,"Lost my charger, it is cream.",en,brief,ECE Block,high,12.899192,77.501382,2026-08-19 20:08,4.0,2026-08-19 20:05,False,,
L0384,U0072,I0438,train,water bottle,drinkware,pink water bottle lost,en,brief,Admin Block,medium,12.898203,77.499816,2026-07-28 10:06,2.0,2026-07-28 15:11,False,,
L0385,U0675,I0440,test,backpack,bags,"I lost my red Wildcraft backpack. Features: a pocket on the side, two front zips, logo in white on the front. Please contact me if found.",en,detailed,Canteen,high,12.900359,77.501106,2026-09-12 16:59,4.0,2026-09-13 00:07,False,,
L0386,U0345,I0441,train,power bank,electronics,"I lost my maroon-ish red iPhone phone. It has two cameras at the back, transparent case.",en,detailed,Playground,low,12.901976,77.498341,2026-09-16 15:17,1.0,2026-09-16 16:44,True,,"a maroon-ish red phone on a table, dual camera"
L0387,U0226,I0442,train,phone,electronics,I lost my maroon-ish red phone. Details: transparnet case.,en,medium,Auditorium,medium,12.901437,77.499447,2026-08-02 14:25,2.0,2026-08-02 20:01,True,,"a red phone on a table, clear back cover"
L0388,U0532,I0443,train,smartwatch,electronics,"I lost my green Apple Watch smartwatch. Features: silicone strap, circular screen, glass slightly scratched. Please contact me if found.",en,detailed,Stationery Shop,high,12.899461,77.500276,2026-09-12 13:23,2.0,2026-09-12 21:34,False,,
L0389,U0788,I0444,train,smartwatch,electronics,I lost my green smartwatch. Features: circular screen.,en,medium,Stationery Shop,medium,12.899461,77.500276,2026-09-01 07:54,2.0,2026-09-01 11:36,True,,"a green smartwatch on a table, circular screen"
L0390,U0055,I0446,train,phone,electronics,"I lost my silver OnePlus phone. Features: crack on the top corner, ring holder on the back.",en,detailed,CS Block,medium,12.899012,77.500737,2026-07-30 15:09,2.0,2026-07-30 20:45,False,,
L0391,U0436,I0447,train,laptop,electronics,"I lost my silver OnePlus mobile. Details: clear back cover, cracked screen corner. Please contact me if found.",en,detailed,CS Block,medium,12.899012,77.500737,2026-10-01 13:50,2.0,2026-10-01 15:10,True,,"a silver OnePlus phone on a desk, clear back cover"
L0392,U0288,I0448,train,notebook,stationery,"I lost my black Camlin notebook. It has about two hundred pages, sticky notes inside, spiral notebook. Please contact me if found.",en,detailed,ECE Block,high,12.899192,77.501382,2026-08-18 19:18,0.5,2026-08-18 23:47,False,,
L0393,U0036,I0449,train,notebook,stationery,"I lost my black Camlin notebook. Features: thick cover, spiral notebook.",en,detailed,ECE Block,high,12.899192,77.501382,2026-09-21 10:19,2.0,2026-09-21 12:54,False,,
L0394,U0201,I0451,train,notebook,stationery,I lost my red notebook. Features: coloured sticky notes sticking out.,en,medium,Admin Block,medium,12.898203,77.499816,2026-07-21 10:46,2.0,2026-07-21 16:42,False,,
L0395,U0594,I0452,train,keys,accessories,"I lost my dark brown keys. Details: plastic tag, bike key with a rubber cover.",en,detailed,Library,medium,12.9,77.5,2026-08-22 14:39,4.0,2026-08-22 22:49,False,,
L0396,U0515,I0453,test,wallet,accessories,"I lost my navy blue Hidesign wallet. Features: looks like leather, zipper coin section, worn edges.",en,detailed,Admin Block,high,12.898203,77.499816,2026-09-19 18:18,1.0,2026-09-19 23:15,True,,"a navy blue wallet on a desk, worn edges"
L0397,U0737,I0454,train,calculator,stationery,"I lost my blue Citizen calculator. It has faded keys, scinetific calculator.",en,detailed,Parking Lot,medium,12.899461,77.498894,2026-09-24 13:46,1.0,2026-09-24 19:42,True,,"a blue calculator on the floor, some keys faded"
L0398,U0047,I0455,train,calculator,stationery,"I lost my blue Citizen calculator. Details: some keys faded, slide cover. Please contact me if found.",en,detailed,Parking Lot,high,12.899461,77.498894,2026-10-01 13:04,0.5,2026-10-01 18:39,True,,"a sky blue Citizen calculator on a table, hard slide-on cover"
L0399,U0621,I0456,train,keys,accessories,"I lost my red keys. Details: tiny lock key, steel ring.",en,detailed,Canteen,low,12.900359,77.501106,2026-09-26 16:45,2.0,2026-09-26 23:53,False,,
L0400,U0321,I0457,test,charger,electronics,black charger lost,en,brief,Parking Lot,low,12.899461,77.498894,2026-07-22 18:33,1.0,2026-07-22 22:09,False,,
L0401,U0500,I0458,val,smartwatch,electronics,I lost my grey HP laptop. It has in a black latpop sleeve.,en,medium,Parking Lot,medium,12.899461,77.498894,2026-10-01 15:41,4.0,2026-10-01 23:25,False,,
L0402,U0577,I0459,val,laptop,electronics,"Mera i lost my grey HP laptop. Features: sticker on the lid, backlit keyboard. kho gaya hai.",hinglish,detailed,Main Gate,low,12.898653,77.498157,2026-09-26 14:54,0.5,2026-09-26 21:53,False,,
L0403,U0054,I0460,val,notebook,stationery,I lost my black Navneet notebook. It has spiral notebook.,en,medium,Playground,high,12.901976,77.498341,2026-09-28 08:36,0.5,2026-09-28 09:08,False,,
L0404,U0393,I0461,val,other,bags,"I lost my dark grey Skybags backpack. Details: reflective strip on the straps, a pocket on the side.",en,detailed,Girls Hostel,high,12.897305,77.503225,2026-09-29 18:49,1.0,2026-09-29 22:04,False,,
L0405,U0227,I0462,test,other,accessories,"Lost my spectacle case, it is black.",en,brief,Bus Stop,high,12.898383,77.497696,2026-09-05 16:44,4.0,2026-09-05 22:35,True,,"a black spectacles case on a table, hard case"
L0406,U0137,I0464,test,spectacles case,accessories,Lost blue spectacles case,en,brief,Stationery Shop,low,12.899461,77.500276,2026-09-28 09:00,2.0,2026-09-28 11:17,False,,
L0407,U0649,I0465,train,charger,electronics,Kisi ko mila ho toh batao: lost white charger,hinglish,brief,ECE Block,medium,12.899192,77.501382,2026-09-04 12:27,1.0,2026-09-04 21:06,False,,
L0408,U0350,I0466,train,laptop,electronics,"I lost my black HP notebook computer. Details: in a black laptop sleeve, keyboard lights up.",en,detailed,Parking Lot,low,12.899461,77.498894,2026-08-03 12:01,1.0,2026-08-03 15:49,False,,
L0409,U0384,I0467,train,earbuds case,electronics,"I lost my blue earbuds case. It has silicone cover, scratches on the lid, tiny indicator light. Please contact me if found.",en,detailed,Playground,medium,12.901976,77.498341,2026-08-15 10:38,1.0,2026-08-15 17:01,True,,"a sky blue earbuds case on a desk, silicone cover"
L0410,U0156,I0468,train,water bottle,drinkware,"I lost my orange Cello water bottle. Features: scratched paint, flip-top lid. Please contact me if found.",en,detailed,Mechanical Block,medium,12.898203,77.502396,2026-09-11 09:11,2.0,2026-09-11 16:14,False,,
L0411,U0283,I0469,val,charger,electronics,Lost white charger,en,brief,Mechanical Block,high,12.898203,77.502396,2026-08-27 18:48,4.0,2026-08-28 03:02,False,,
L0412,U0668,I0470,val,charger,electronics,I lost my white Samsung charger. Details: fast charger.,en,medium,Mechanical Block,high,12.898203,77.502396,2026-07-24 12:11,0.5,2026-07-24 12:35,True,,"a off-white charger on a table, fast charger"
L0413,U0212,I0471,train,water bottle,drinkware,blue water bottle lost,en,brief,Parking Lot,high,12.899461,77.498894,2026-08-17 16:34,1.0,2026-08-17 19:28,False,,
L0414,U0671,I0472,train,laptop,electronics,"I lost my black laptop. Features: 15 inch screen, in a black laptop sleeve, stickers on the top cover. Please contact me if found.",en,detailed,CS Block,medium,12.899012,77.500737,2026-08-20 09:49,1.0,2026-08-20 17:29,True,,"a black MacBook laptop on a table, black sleeve"
L0415,U0356,I0473,train,laptop,electronics,I lost my black MacBook laptop. Features: keyboard lights up.,en,medium,Canteen,medium,12.900359,77.501106,2026-09-16 08:33,2.0,2026-09-16 11:10,False,,
L0416,U0431,I0474,train,smartwatch,electronics,I lost my pink oNise fitness band. Details: circular screen.,en,medium,CS Block,high,12.899012,77.500737,2026-09-13 15:29,0.5,2026-09-13 18:00,False,,
L0417,U0373,I0475,test,wallet,accessories,"I lost my grey Woodland wallet. It has frayed at the edges, metal logo.",en,detailed,Boys Hostel,high,12.902695,77.503686,2026-08-11 09:45,0.5,2026-08-11 11:11,False,,
L0418,U0577,I0476,val,phone,electronics,white phone lost,en,brief,Main Gate,low,12.898653,77.498157,2026-08-13 09:29,4.0,2026-08-13 17:45,False,,
L0419,U0576,I0478,train,power bank,electronics,"I lost my white Ambrane power bank. Details: four indicator lights, type-C input, slim body.",en,detailed,Canteen,low,12.900359,77.501106,2026-09-16 09:56,1.0,2026-09-16 10:44,False,,
L0420,U0508,I0479,train,wallet,accessories,"I lost my brown Woodland wallet. Features: looks like leather, frayed at the edges. Please contact me if found.",en,detailed,Girls Hostel,high,12.897305,77.503225,2026-07-25 18:18,1.0,2026-07-25 20:38,False,,
L0421,U0082,I0480,train,laptop,electronics,I lost my blue notebook computer. Details: keyboard lights up.,en,medium,Canteen,high,12.900359,77.501106,2026-08-19 14:17,1.0,2026-08-19 18:39,False,,
L0422,U0400,I0481,train,laptop,electronics,I lost my light blue Dell laptop. Features: in a black laptop sleeve.,en,medium,Stationery Shop,medium,12.899461,77.500276,2026-08-22 17:36,0.5,2026-08-22 19:15,True,,"a blue laptop on the floor, black sleeve"
L0423,U0727,I0483,train,backpack,bags,Lost navy blue backpack,en,brief,Library,medium,12.9,77.5,2026-08-15 12:45,1.0,2026-08-15 14:32,True,,"a navy blue backpack on the floor, two front zips"
L0424,U0292,I0485,train,backpack,bags,I lost my maroon Wildcraft backpack. Features: double zip on the front.,en,medium,Mechanical Block,high,12.898203,77.502396,2026-09-07 12:15,1.0,2026-09-07 19:58,False,,
L0425,U0708,I0486,train,phone,electronics,I lost my white phone. It has pop socket on the back.,en,medium,Auditorium,medium,12.901437,77.499447,2026-09-08 08:33,1.0,2026-09-08 17:58,False,,
L0426,U0654,I0487,train,phone,electronics,"I lost my white Vivo phone. It has dual camera, crack on the top corner. Please contact me if found.",en,detailed,Auditorium,high,12.901437,77.499447,2026-08-31 15:56,1.0,2026-08-31 17:11,False,,
L0427,U0247,I0488,test,water bottle,drinkware,I lost my orange water bottle. Details: steel body.,en,medium,Girls Hostel,low,12.897305,77.503225,2026-10-02 11:48,4.0,2026-10-02 15:20,True,,"a orange Tupperware water bottle on the floor, paint worn off in places"
L0428,U0663,I0489,train,backpack,bags,Lost black abckpack,en,brief,Canteen,low,12.900359,77.501106,2026-10-02 08:24,2.0,2026-10-02 18:04,True,,"a black backpack on a table, reflective strip"
L0429,U0239,I0490,test,earbuds case,electronics,I lost my black small case. Details: small LED light.,en,medium,Canteen,low,12.900359,77.501106,2026-08-19 12:26,2.0,2026-08-19 22:00,False,,
L0430,U0234,I0492,test,earbuds case,electronics,"I lost my white boAt earbuds case. Features: rubber cover, hook for a lanyard, tiny indicator light. Please contact me if found.",en,detailed,Playground,medium,12.901976,77.498341,2026-09-09 13:19,0.5,2026-09-09 21:05,False,,
L0431,U0308,I0493,test,earbuds case,electronics,"I lost my wihte boAt earbuds case. It has scratches on the lid, tiny indicator light. Please contact me if found.",en,detailed,Auditorium,high,12.901437,77.499447,2026-07-22 15:57,0.5,2026-07-22 20:54,False,,
L0432,U0548,I0494,val,phone,electronics,"I lost my blue AirPods earbuds case. It has tiny indicator light, hook for a lanyard. Please contact me if found.",en,detailed,Mechanical Block,low,12.898203,77.502396,2026-10-01 11:39,1.0,2026-10-01 21:39,False,,
L0433,U0377,I0496,train,umbrella,accessories,Lost navy blue umbrella,en,brief,Auditorium,low,12.901437,77.499447,2026-09-12 12:27,1.0,2026-09-12 17:53,False,,
L0434,U0502,I0497,train,umbrella,accessories,I lost my navy blue umbrella. Details: one bent rib.,en,medium,Playground,medium,12.901976,77.498341,2026-09-02 14:04,4.0,2026-09-02 21:57,False,,
L0435,U0718,I0498,train,spectacles case,accessories,"Lost my spectacles case, it is grey.",en,brief,Main Gate,high,12.898653,77.498157,2026-09-07 19:11,4.0,2026-09-08 00:14,True,,"a gray Lenskart spectacles case on the floor, soft pouch"
L0436,U0083,I0499,val,laptop,electronics,"I lost my blue Lenovo laptop. It has sticker on the lid, black sleeve. Please contact me if found.",en,detailed,Library,high,12.9,77.5,2026-08-10 07:55,2.0,2026-08-10 13:58,True,,"a blue Lenovo laptop on a table, black sleeve"
L0437,U0314,I0500,train,calculator,stationery,I lost my blue calculator. Features: slide cover.,en,medium,Main Gate,low,12.898653,77.498157,2026-08-26 11:49,0.5,2026-08-26 17:32,False,,
L0438,U0305,I0501,val,water bottle,drinkware,Lost pink Milton water bottle,en,brief,Canteen,high,12.900359,77.501106,2026-07-29 11:52,0.5,2026-07-29 21:08,True,,"a rose Milton water bottle on the floor, scratched paint"
L0439,U0490,I0502,train,power bank,electronics,"Lost my power bank, it is silver.",en,brief,Bus Stop,low,12.898383,77.497696,2026-09-08 16:34,4.0,2026-09-08 20:05,False,,
L0440,U0353,I0503,train,charger,electronics,I lost my white Samsung charger. Details: fast charger.,en,medium,Boys Hostel,high,12.902695,77.503686,2026-09-01 13:38,2.0,2026-09-01 19:49,True,,"a white Samsung charger on a bench, cloth braided cable"
L0441,U0518,I0504,val,wallet,accessories,grey card holder lost,en,brief,Boys Hostel,medium,12.902695,77.503686,2026-08-25 14:30,4.0,2026-08-25 18:34,False,,
L0442,U0110,I0505,train,earbuds case,electronics,"I lost my blue AirPods earbuds case. Features: tiny indicator light, hook for a lanyard, scuffed lid.",en,detailed,Auditorium,low,12.901437,77.499447,2026-08-31 11:51,0.5,2026-08-31 20:08,True,,"a blue AirPods earbuds case on a bench, tiny indicator light"
L0443,U0650,I0506,train,earbuds case,electronics,I lost my blue AirPods earbuds case. Features: small LED light.,en,medium,Playground,medium,12.901976,77.498341,2026-09-11 12:52,2.0,2026-09-11 17:44,False,,
L0444,U0170,I0508,train,phone,electronics,I lost my silver phone. Features: pop socket on the back.,en,medium,Auditorium,medium,12.901437,77.499447,2026-09-26 15:56,2.0,2026-09-27 01:18,False,,
L0445,U0628,I0509,val,charger,electronics,"I lost my black Realme charger. Details: long cable, fast charging type, cloth braided cable. Please contact me if found.",en,detailed,Playground,medium,12.901976,77.498341,2026-08-06 16:32,4.0,2026-08-06 22:03,False,,
L0446,U0586,I0510,val,charger,electronics,I lost my black Realme charger. Details: two-pin adapter.,en,medium,Auditorium,low,12.901437,77.499447,2026-09-12 13:33,0.5,2026-09-12 15:10,True,,"a dark grey charger on a bench, two-pin plug"
L0447,U0167,I0511,train,spectacles case,accessories,"I lost my grey Lenskart specs box. Features: cloth pouch type, small logo.",en,detailed,Main Gate,high,12.898653,77.498157,2026-09-28 08:54,4.0,2026-09-28 14:58,True,,"a grey Lenskart spectacles case on a desk, cloth pouch type"
L0448,U0177,I0512,train,umbrella,accessories,Lost black Fastrack umbrella,en,brief,Stationery Shop,high,12.899461,77.500276,2026-07-29 17:42,2.0,2026-07-29 23:21,False,,
L0449,U0393,I0513,test,umbrella,accessories,"Kisi ko mila ho toh batao: i lost my light pink Fastrack umbrella. Details: printed edges, one bent rib. Please contact me if found.",hinglish,detailed,Boys Hostel,medium,12.902695,77.503686,2026-09-15 09:49,2.0,2026-09-15 14:42,True,,"a pink Fastrack umbrella on a desk, bent rib"
L0450,U0729,I0514,val,water bottle,drinkware,"I lost my black Milton water bottle. Details: steel body, scratched paint. Please contact me if found.",en,detailed,Playground,high,12.901976,77.498341,2026-09-10 13:04,4.0,2026-09-10 16:10,True,,"a black Milton water bottle on a table, steel body"
L0451,U0750,I0515,val,other,drinkware,I lost my black Milton water bottle. It has flip-top lid.,en,medium,Playground,high,12.901976,77.498341,2026-09-21 14:28,0.5,2026-09-21 21:06,False,,
L0452,U0684,I0516,train,charger,electronics,I lost my black Raelme charger. Details: long cable.,en,medium,Auditorium,medium,12.901437,77.499447,2026-09-22 11:44,0.5,2026-09-22 12:40,True,,"a black Realme charger on a bench, fast charger"
L0453,U0133,I0517,test,backpack,bags,I lost my grey backpack. It has two front zips.,en,medium,Stationery Shop,medium,12.899461,77.500276,2026-07-22 19:20,1.0,2026-07-22 20:32,False,,
L0454,U0359,I0518,train,calculator,stationery,I lost my grey calculator. Features: scientific type.,en,medium,Canteen,medium,12.900359,77.501106,2026-07-27 14:32,1.0,2026-07-27 23:59,False,,
L0455,U0225,I0519,train,notebook,stationery,I lost my rgeen notebook. It has spiral notebook.,en,medium,Playground,high,12.901976,77.498341,2026-07-28 13:33,1.0,2026-07-28 13:48,False,,
L0456,U0552,I0522,train,laptop,electronics,"I lost my black laptop. Details: keyboard lights up, in a black laptop sleeve. Please contact me if found.",en,detailed,Mechanical Block,high,12.898203,77.502396,2026-09-12 10:54,4.0,2026-09-12 13:13,False,,
L0457,U0084,I0523,train,umbrella,accessories,"I lost my pink umbrella. It has folding type, push-button opening.",en,detailed,Gym,medium,12.901797,77.501843,2026-08-15 09:48,2.0,2026-08-15 15:32,False,,
L0458,U0574,I0525,train,phone,electronics,I lost my silver phone. It has crack on the top corner.,en,medium,Girls Hostel,high,12.897305,77.503225,2026-09-21 07:22,4.0,2026-09-21 15:09,True,,"a silver phone on a desk, pop socket on the back"
L0459,U0336,I0526,train,power bank,electronics,"I lost my black Syska power bank. Features: matte rubber finish, LED indicator.",en,detailed,CS Block,high,12.899012,77.500737,2026-08-12 19:46,4.0,2026-08-12 19:44,True,,"a black Syska power bank on a table, four indicator lights"
L0460,U0444,I0527,train,power bank,electronics,"I lost my black Syska power bank. It has matte rubber finish, USB-C port.",en,detailed,ECE Block,medium,12.899192,77.501382,2026-10-02 08:19,4.0,2026-10-02 18:04,True,,"a black Syska power bank on a bench, rubber finish"
L0461,U0597,I0528,train,smartwatch,electronics,"I lost my black smartwatch. It has rubber strap, round dial.",en,detailed,Gym,high,12.901797,77.501843,2026-08-06 16:08,4.0,2026-08-06 22:43,False,,
L0462,U0721,I0529,val,water bottle,drinkware,"I lost my blue Tupperware bottle. Details: stainless steel, scratched paint.",en,detailed,Canteen,high,12.900359,77.501106,2026-09-30 08:58,2.0,2026-09-30 10:56,False,,
L0463,U0714,I0530,val,water bottle,drinkware,"Lost my bottle, it is blue.",en,brief,ECE Block,high,12.899192,77.501382,2026-09-14 16:39,2.0,2026-09-15 02:30,False,,
L0464,U0275,I0531,train,power bank,electronics,"I lost my black power bank. Details: matte rubber finish, type-C input.",en,detailed,Mechanical Block,medium,12.898203,77.502396,2026-08-18 10:35,0.5,2026-08-18 17:36,True,,"a black Ambrane power bank on a table, matte rubber finish"
L0465,U0172,I0533,train,spectacles case,accessories,I lost my brown specs box. Details: hard case.,en,medium,Admin Block,low,12.898203,77.499816,2026-09-19 15:00,0.5,2026-09-19 21:30,False,,
L0466,U0493,I0534,train,wallet,accessories,I lost my dark Fastrack wallet. Features: leather finish.,en,medium,Gym,high,12.901797,77.501843,2026-09-26 09:14,1.0,2026-09-26 18:44,False,,
L0467,U0534,I0535,train,smartwatch,electronics,I lost my black Noise fitness band. Features: rubber strap.,en,medium,Library,medium,12.9,77.5,2026-08-15 10:50,2.0,2026-08-15 14:47,False,,
L0468,U0329,I0536,train,power bank,electronics,"I lost my black Mi power bank. It has slim body, type-C input.",en,detailed,Parking Lot,medium,12.899461,77.498894,2026-08-03 19:52,2.0,2026-08-04 03:01,False,,
L0469,U0241,I0537,train,calculator,stationery,black calculator lost,en,brief,Library,low,12.9,77.5,2026-09-07 11:27,0.5,2026-09-07 17:24,True,,"a black calculator on a bench, slide cover"
L0470,U0538,I0538,test,keys,accessories,"I lost my red keys. It has small padlock key, plastic tag. Please contact me if found.",en,detailed,Mechanical Block,medium,12.898203,77.502396,2026-07-28 07:02,2.0,2026-07-28 12:38,False,,
L0471,U0337,I0539,val,backpack,bags,"I lost my black American Tourister backpack. Details: padded laptop section, logo in white on the front, double zip on the front.",en,detailed,Library,high,12.9,77.5,2026-09-21 11:33,1.0,2026-09-21 18:41,False,,
L0472,U0663,I0540,train,umbrella,accessories,I lost my tan Titan specs box. Details: cloth pouch type.,en,medium,Library,low,12.9,77.5,2026-08-03 10:12,2.0,2026-08-03 18:19,False,,
L0473,U0586,I0541,train,backpack,bags,"I lost my maroon Puma backpack. Details: small tear by the strap, one side pocket, white logo.",en,detailed,Parking Lot,low,12.899461,77.498894,2026-08-10 14:29,1.0,2026-08-11 00:45,True,,"a maroon Puma backpack on a desk, logo in white on the front"
L0474,U0473,I0542,test,other,accessories,"I lost my brown spectacle case. Features: hard shell, cloth pouch type, zip closure.",en,detailed,Main Gate,low,12.898653,77.498157,2026-09-15 09:31,0.5,2026-09-15 11:41,True,,"a dark brown spectacles case on a bench, zip closure"
L0475,U0114,I0543,val,earbuds case,electronics,Lost white earbuds case,en,brief,Admin Block,high,12.898203,77.499816,2026-08-08 16:30,1.0,2026-08-09 00:47,False,,
L0476,U0485,I0544,val,power bank,electronics,I lost my white Realme earbuds case. It has lanyard hook.,en,medium,Admin Block,medium,12.898203,77.499816,2026-09-07 18:02,2.0,2026-09-07 22:26,True,,"a off-white Realme earbuds case on a bench, scuffed lid"
L0477,U0411,I0546,test,wallet,accessories,I lost my navy blue wallet. Features: leather finish.,en,medium,ECE Block,medium,12.899192,77.501382,2026-09-02 08:52,1.0,2026-09-02 17:54,False,,
L0478,U0068,I0547,train,earbuds case,electronics,"I lost my pink earbuds case. Features: scuffed lid, silicone cover, small LED light. Please contact me if found.",en,detailed,Main Gate,medium,12.898653,77.498157,2026-09-09 08:35,2.0,2026-09-09 14:50,False,,
L0479,U0331,I0548,train,spectacles case,accessories,grey umbrella lost,en,brief,Stationery Shop,low,12.899461,77.500276,2026-09-04 15:53,0.5,2026-09-04 18:18,False,,
L0480,U0654,I0549,train,umbrella,accessories,"I lost my grey Fastrack umbrella. It has push-button opening, one bent rib. Please contact me if found.",en,detailed,ECE Block,high,12.899192,77.501382,2026-09-01 08:32,4.0,2026-09-01 12:14,True,,"a grey umbrella on the floor, push-button opening"
L0481,U0008,I0551,train,keys,accessories,I lost my silver keys. Features: tag hagning from it.,en,medium,Girls Hostel,low,12.897305,77.503225,2026-09-19 12:09,0.5,2026-09-19 14:33,False,,
L0482,U0233,I0552,train,wallet,accessories,I lost my brown card holder. Features: leather finish.,en,medium,CS Block,high,12.899012,77.500737,2026-08-01 11:11,4.0,2026-08-01 18:09,False,,
L0483,U0098,I0553,train,wallet,accessories,I lost my brown Hidesign card holder. It has metal logo.,en,medium,Canteen,high,12.900359,77.501106,2026-08-18 13:54,4.0,2026-08-18 14:46,False,,
L0484,U0379,I0554,train,earbuds case,electronics,I lost my blue charging case. Details: hook for a lanyard.,en,medium,Canteen,low,12.900359,77.501106,2026-08-01 18:54,0.5,2026-08-02 00:08,False,,
L0485,U0070,I0556,train,water bottle,drinkware,"Lost my bottle, it is silver.",en,brief,Parking Lot,medium,12.899461,77.498894,2026-08-03 09:11,1.0,2026-08-03 10:34,True,,"a silver Decathlon water bottle on a bench, steel body"
L0486,U0133,I0557,train,water bottle,drinkware,"I lost my silver Decathlon water bottle. Features: flip cap, stainless steel.",en,detailed,Parking Lot,medium,12.899461,77.498894,2026-09-22 07:51,4.0,2026-09-22 10:40,False,,
L0487,U0214,I0558,train,power bank,electronics,"I lost my silver Realem charger bank. Details: LED indicator, rubber finish.",en,detailed,Boys Hostel,high,12.902695,77.503686,2026-08-24 11:34,1.0,2026-08-24 18:18,False,,
L0488,U0652,I0559,test,calculator,stationery,Mera i lost my grey calculator. It has some keys faded. kho gaya hai.,hinglish,medium,Stationery Shop,low,12.899461,77.500276,2026-09-18 13:26,1.0,2026-09-18 15:43,False,,
L0489,U0776,I0560,test,calculator,stationery,I lost my grey Citizen calculator. Details: faded keys.,en,medium,CS Block,medium,12.899012,77.500737,2026-10-02 14:03,0.5,2026-10-02 18:27,False,,
L0490,U0374,I0561,train,keys,accessories,"I lost my silver keys. Details: plastic tag, small padlock key, two-wheeler key with cover. Please contact me if found.",en,detailed,Main Gate,medium,12.898653,77.498157,2026-09-14 17:03,2.0,2026-09-14 18:06,False,,
L0491,U0173,I0562,train,keys,accessories,I lost my metallic keys. Features: metal ring.,en,medium,Main Gate,high,12.898653,77.498157,2026-09-25 09:05,4.0,2026-09-25 12:27,False,,
L0492,U0757,I0564,train,phone,electronics,"Lost my smartphone, it is green.",en,brief,Canteen,low,12.900359,77.501106,2026-09-23 08:09,0.5,2026-09-23 08:29,False,,
L0493,U0142,I0565,test,water bottle,drinkware,"Mera lost my watre bottle, it is black. kho gaya hai.",hinglish,brief,Bus Stop,high,12.898383,77.497696,2026-08-11 14:16,0.5,2026-08-11 20:02,False,,
L0494,U0230,I0566,val,water bottle,drinkware,I lost my pink flask. Features: scratched paint.,en,medium,Gym,high,12.901797,77.501843,2026-08-05 09:20,1.0,2026-08-05 12:51,True,,"a pink water bottle on a table, paint worn off in places"
L0495,U0411,I0567,train,laptop,electronics,I lost my blue MacBook laptop. It has 15 inch screen.,en,medium,ECE Block,high,12.899192,77.501382,2026-08-05 14:01,1.0,2026-08-05 14:47,False,,
L0496,U0696,I0568,train,laptop,electronics,I lost my blue laptop. Features: black sleeve.,en,medium,Stationery Shop,medium,12.899461,77.500276,2026-08-12 10:35,2.0,2026-08-12 19:12,False,,
L0497,U0738,I0569,train,umbrella,accessories,I lost my black Popy umbrella. It has printed edges.,en,medium,Bus Stop,high,12.898383,77.497696,2026-08-15 17:26,2.0,2026-08-16 02:37,True,,"a black umbrella on the floor, automatic open button"
L0498,U0494,I0570,test,laptop,electronics,Lost grey Acer laptop,en,brief,Parking Lot,low,12.899461,77.498894,2026-09-08 14:18,0.5,2026-09-08 19:56,False,,
L0499,U0700,I0571,train,umbrella,accessories,"I lost my red Fastrack umbrella. Details: pattern on the border, one bent rib, automatic open button.",en,detailed,Gym,high,12.901797,77.501843,2026-10-02 16:58,2.0,2026-10-02 23:27,False,,
L0500,U0207,I0572,train,earbuds case,electronics,"I lost my white Noise earbuds case. It has lanyard hook, silicone cover, tiny indicator light.",en,detailed,Main Gate,high,12.898653,77.498157,2026-07-20 12:04,1.0,2026-07-20 15:56,False,,
L0501,U0524,I0573,train,earbuds case,electronics,"I lost my white Noise earbuds case. Features: scratches on the lid, silicone cover.",en,detailed,Main Gate,high,12.898653,77.498157,2026-09-09 10:08,4.0,2026-09-09 15:02,False,,
L0502,U0756,I0575,val,notebook,stationery,"I lost my blue Classmate notebook. Features: hard cover, spiral bound. Please contact me if found.",en,detailed,Admin Block,medium,12.898203,77.499816,2026-09-28 15:09,4.0,2026-09-28 16:49,True,,"a blue Classmate notebook on a table, spiral notebook"
L0503,U0216,I0576,train,wallet,accessories,"I lost my brown Fastrack wallet. Features: looks like leather, frayed at the edges, metal logo. Please contact me if found.",en,detailed,Bus Stop,high,12.898383,77.497696,2026-09-24 10:50,2.0,2026-09-24 12:00,False,,
L0504,U0022,I0577,train,calculator,stationery,"I lost my blue Casio calculator. Features: scientific calculator, slide cover.",en,detailed,Canteen,high,12.900359,77.501106,2026-09-26 19:53,4.0,2026-09-26 23:01,False,,
L0505,U0327,I0579,test,backpack,bags,"I lost my maroon-ish red Safari backpack. It has a pocket on the side, logo in white on the front, slightly torn near the strap. Please contact me if found.",en,detailed,Playground,high,12.901976,77.498341,2026-08-17 10:37,1.0,2026-08-17 12:41,False,,
L0506,U0279,I0580,train,laptop,electronics,I lost my silver HP laptop. It has sticker on the lid.,en,medium,Bus Stop,medium,12.898383,77.497696,2026-08-26 19:26,0.5,2026-08-27 01:50,False,,
L0507,U0476,I0582,train,earbuds case,electronics,"I lost my light pink OnePlus earbuds case. It has scuffed lid, tiny indicator light.",en,detailed,Canteen,high,12.900359,77.501106,2026-07-22 08:44,1.0,2026-07-22 17:15,False,,
L0508,U0167,I0584,train,phone,electronics,"I lost my white Vivo phone. Features: crack on the top corner, two cameras at the back. Please cnotact me if found.",en,detailed,Admin Block,medium,12.898203,77.499816,2026-08-12 16:40,1.0,2026-08-12 19:28,True,,"a off-white Vivo phone on a bench, dual camera"
L0509,U0503,I0585,val,wallet,accessories,I lost my brown purse. Details: leather finish.,en,medium,Parking Lot,medium,12.899461,77.498894,2026-09-02 10:22,2.0,2026-09-02 19:22,False,,
L0510,U0025,I0586,train,smartwatch,electronics,I lost my white smartwatch. Features: glass slightly scratched.,en,medium,Girls Hostel,medium,12.897305,77.503225,2026-09-08 08:46,0.5,2026-09-08 09:54,False,,
L0511,U0352,I0587,train,phone,electronics,Lost wihte smartphone,en,brief,Canteen,high,12.900359,77.501106,2026-08-20 11:22,0.5,2026-08-20 12:40,False,,
L0512,U0287,I0588,val,wallet,accessories,I lost my grey wallet. Features: metal logo.,en,medium,Parking Lot,low,12.899461,77.498894,2026-08-15 15:09,0.5,2026-08-15 21:22,True,,"a gray wallet on a table, zip coin pocket"
L0513,U0646,I0589,train,wallet,accessories,"I lost my navy blue Hidesign wallet. It has frayed at the edges, zip coin pocket.",en,detailed,Admin Block,medium,12.898203,77.499816,2026-09-28 13:51,2.0,2026-09-28 16:04,True,,"a navy blue Hidesign wallet on a bench, frayed at the edges"
L0514,U0214,I0590,train,other,drinkware,I lost my dark green Borosil water bottle. It has steel body.,en,medium,ECE Block,medium,12.899192,77.501382,2026-08-24 12:21,1.0,2026-08-24 21:33,False,,
L0515,U0034,I0592,train,spectacles case,accessories,I lost my grey spectacles case. Details: tiny logo on the front.,en,medium,Mechanical Block,medium,12.898203,77.502396,2026-08-05 09:45,0.5,2026-08-05 13:06,False,,
L0516,U0236,I0593,train,umbrella,accessories,Kisi ko mila ho toh batao: red spectacles case lost,hinglish,brief,ECE Block,high,12.899192,77.501382,2026-08-27 10:44,0.5,2026-08-27 19:59,False,,
L0517,U0159,I0594,train,smartwatch,electronics,I lost my sky blue Fire-Boltt smartwatch. It has rectangular screen.,en,medium,Mechanical Block,high,12.898203,77.502396,2026-08-16 12:49,2.0,2026-08-16 19:14,False,,
L0518,U0537,I0595,val,phone,electronics,"I lost my black phone. It has ring holder on the back, clear back cover.",en,detailed,Library,high,12.9,77.5,2026-09-25 17:56,4.0,2026-09-26 00:29,True,,"a black OnePlus phone on a bench, clear back cover"
L0519,U0597,I0596,train,water bottle,drinkware,blue wtaer bottle lost,en,brief,ECE Block,low,12.899192,77.501382,2026-10-02 13:38,0.5,2026-10-02 15:39,True,,"a sky blue Cello water bottle on a desk, steel body"
L0520,U0054,I0597,train,water bottle,drinkware,"I lost my blue Cello water bottle. It has one litre bottle, paint worn off in places. Please contact me if found.",en,detailed,Stationery Shop,high,12.899461,77.500276,2026-07-29 07:10,1.0,2026-07-29 10:27,False,,
L0521,U0391,I0598,train,laptop,electronics,I lost my blue Asus laptop. Details: in a black laptop sleeve.,en,medium,Playground,high,12.901976,77.498341,2026-08-03 10:35,0.5,2026-08-03 14:29,True,,"a light blue Asus laptop on the floor, sticker on the lid"
L0522,U0516,I0599,train,laptop,electronics,I lost my blue Asus laptop. It has in a black alptop sleeve.,en,medium,Auditorium,low,12.901437,77.499447,2026-09-28 17:18,1.0,2026-09-29 02:42,False,,
L0523,U0413,I0600,val,keys,accessories,"I lost my pink Lifelong umbrella. It has printed edges, push-button opening, one bent rib.",en,detailed,Playground,high,12.901976,77.498341,2026-08-07 09:14,1.0,2026-08-07 11:25,True,,"a pink Lifelong umbrella on a bench, automatic open button"
L0524,U0763,I0601,train,water bottle,drinkware,"I lost my pink water bottle. Features: stainless steel, flip cap, paint worn off in places. Please contact me if found.",en,detailed,Main Gate,medium,12.898653,77.498157,2026-08-30 17:59,2.0,2026-08-30 22:14,True,,"a pink water bottle on a table, scratched paint"
L0525,U0678,I0602,train,water bottle,drinkware,"I lost my pink Tupperware water bottle. It has 1 litre size, paint worn off in places. Please contact me if found.",en,detailed,Main Gate,high,12.898653,77.498157,2026-10-02 10:58,0.5,2026-10-02 12:39,False,,
L0526,U0270,I0603,val,phone,electronics,I lost my white Dell charger. It has fast charger.,en,medium,Canteen,high,12.900359,77.501106,2026-09-21 08:41,1.0,2026-09-21 16:54,False,,
L0527,U0505,I0604,val,charger,electronics,Kisi ko mila ho toh batao: lost white Dell chagrer,hinglish,brief,Canteen,medium,12.900359,77.501106,2026-07-27 18:38,0.5,2026-07-27 23:55,False,,
L0528,U0023,I0605,val,charger,electronics,"I lost my white eRalme charger. Features: two-pin adapter, fast charging type, cloth braided cable. Please contact me if found.",en,detailed,Library,medium,12.9,77.5,2026-09-14 11:55,4.0,2026-09-14 17:14,False,,
L0529,U0294,I0606,train,keys,accessories,"I lost my brown keys. Features: bike key with a rubber cover, plastic tag.",en,detailed,Mechanical Block,low,12.898203,77.502396,2026-09-11 15:05,2.0,2026-09-11 23:21,True,,"a brown keys on a table, bike key with a rubber cover"
L0530,U0565,I0607,train,umbrella,accessories,"I lost my brown keys. Features: plastic tag, metal ring.",en,detailed,Girls Hostel,high,12.897305,77.503225,2026-07-27 17:18,1.0,2026-07-27 17:59,False,,
L0531,U0226,I0608,train,spectacles case,accessories,red spectacles case lost,en,brief,Canteen,low,12.900359,77.501106,2026-08-03 15:52,2.0,2026-08-04 00:41,True,,"a red spectacles case on a bench, hard case"
L0532,U0163,I0609,train,spectacles case,accessories,I lost my maroon-ish red spcetacles case. Features: zippered.,en,medium,Boys Hostel,medium,12.902695,77.503686,2026-07-22 16:42,2.0,2026-07-22 21:35,False,,
L0533,U0721,I0610,test,water bottle,drinkware,"I lost my dark grey Decathlon bottle. Features: 1 litre size, stainless steel, paint worn off in places. Please contact me if found.",en,detailed,Library,high,12.9,77.5,2026-08-22 18:43,2.0,2026-08-23 03:17,False,,
L0534,U0524,I0611,test,water bottle,drinkware,"I lost my black water bottle. It has flip-top lid, srcatched paint.",en,detailed,Playground,low,12.901976,77.498341,2026-09-07 13:24,1.0,2026-09-07 13:43,False,,
L0535,U0404,I0612,test,wallet,accessories,"I lost my navy blue Hidesign wallet. Details: worn edges, looks like leather. Please contact me if found.",en,detailed,Canteen,medium,12.900359,77.501106,2026-08-18 19:56,4.0,2026-08-19 03:49,True,,"a navy blue Hidesign wallet on a bench, worn edges"
L0536,U0748,I0613,test,wallet,accessories,I lost my navy blue Hidesign wallet. Features: looks like leather.,en,medium,Canteen,high,12.900359,77.501106,2026-07-31 11:01,1.0,2026-07-31 14:56,False,,
L0537,U0466,I0614,test,backpack,bags,I lost my black Wildcraft backpack. Details: reflective strip.,en,medium,ECE Block,medium,12.899192,77.501382,2026-08-03 20:05,0.5,2026-08-03 22:06,False,,
L0538,U0101,I0615,test,backpack,bags,"I lost my black Wildcraft backpack. Features: a pocket on the side, reflective strip.",en,detailed,ECE Block,high,12.899192,77.501382,2026-09-08 09:57,4.0,2026-09-08 13:32,False,,
L0539,U0499,I0617,test,notebook,stationery,"I lost my red Navneet book. Details: coloured sticky notes sticking out, spiral bound, thick cover. Please contact me if found.",en,detailed,Girls Hostel,high,12.897305,77.503225,2026-08-11 06:09,4.0,2026-08-11 12:43,False,,
L0540,U0050,I0618,train,charger,electronics,I lost my blue power bank. Details: USB-C port.,en,medium,Library,high,12.9,77.5,2026-09-17 11:25,4.0,2026-09-17 18:54,True,,"a blue power bank on a desk, USB-C port"
L0541,U0053,I0619,train,phone,electronics,"I lost my black Realme phone. It has ring holder on the back, clear back cover, cracked screen corner.",en,detailed,Main Gate,medium,12.898653,77.498157,2026-07-28 12:02,2.0,2026-07-28 14:32,False,,
L0542,U0272,I0620,train,smartwatch,electronics,I lost my black boAt smartwatch. Details: rubber strap.,en,medium,Bus Stop,medium,12.898383,77.497696,2026-10-01 15:16,0.5,2026-10-01 15:44,False,,
L0543,U0330,I0621,val,backpack,bags,I lost my black rucksack. Details: laptop compartment.,en,medium,CS Block,low,12.899012,77.500737,2026-09-17 09:57,4.0,2026-09-17 11:12,False,,
L0544,U0412,I0623,val,spectacles case,accessories,black spectacles case lost,en,brief,Canteen,high,12.900359,77.501106,2026-07-22 10:22,4.0,2026-07-22 15:00,False,,
L0545,U0614,I0625,val,notebook,stationery,I lost my green Camlin book. It has spiral notebook.,en,medium,ECE Block,medium,12.899192,77.501382,2026-08-07 14:20,0.5,2026-08-07 22:10,False,,
L0546,U0325,I0627,train,wallet,accessories,"I lost my maroon Woodland wallet. Features: worn edges, leather finish.",en,detailed,Main Gate,medium,12.898653,77.498157,2026-08-21 09:54,0.5,2026-08-21 17:08,True,,"a maroon wallet on the floor, worn edges"
L0547,U0629,I0628,train,phone,electronics,"I lost my red iPhone phone. It has ring holder on the back, cracked screen corner, transparent case.",en,detailed,Playground,medium,12.901976,77.498341,2026-08-14 08:25,1.0,2026-08-14 12:01,True,,"a red phone on a table, ring holder on the back"
L0548,U0128,I0629,train,backpack,bags,I lost my black Puma backpack. Features: logo in white on the front.,en,medium,Parking Lot,high,12.899461,77.498894,2026-07-24 15:44,1.0,2026-07-24 20:58,False,,
L0549,U0150,I0630,train,backpack,bags,I lost my black Puma backpack. It has reflective strip.,en,medium,Parking Lot,high,12.899461,77.498894,2026-10-02 14:56,0.5,2026-10-02 17:28,False,,
L0550,U0182,I0631,train,backpack,bags,"Mera i lost my navy blue Nike sports bag. Details: double zip on the front, white logo, one side pocket. kho gaya hai.",hinglish,detailed,CS Block,high,12.899012,77.500737,2026-08-01 08:16,4.0,2026-08-01 15:47,False,,
L0551,U0072,I0632,train,power bank,electronics,"I lost my black Mi power bank. Details: matte rubber finish, type-C input.",en,detailed,Auditorium,high,12.901437,77.499447,2026-09-01 10:00,4.0,2026-09-01 16:50,True,,"a black Mi power bank on the floor, matte rubber finish"
L0552,U0162,I0633,test,backpack,bags,I lost my red backpack. Features: logo in white on the front.,en,medium,Admin Block,medium,12.898203,77.499816,2026-07-23 13:18,1.0,2026-07-23 15:26,False,,
L0553,U0165,I0635,train,charger,electronics,"I lost my white Mi adapter with cable. Details: cloth braided cable, long cable. Please contact me if found.",en,detailed,Gym,high,12.901797,77.501843,2026-09-17 17:50,4.0,2026-09-17 21:12,False,,
L0554,U0597,I0636,train,wallet,accessories,"I lost my grey wallet. Details: leather finish, zipper coin section, worn edges.",en,detailed,CS Block,medium,12.899012,77.500737,2026-07-24 12:37,2.0,2026-07-24 15:33,False,,
L0555,U0129,I0637,val,umbrella,accessories,"I lost my navy blue umbrella. Features: pattern on the border, foldable umbrella. Please contact me if found.",en,detailed,Parking Lot,high,12.899461,77.498894,2026-07-23 12:54,1.0,2026-07-23 20:52,False,,
L0556,U0217,I0638,val,umbrella,accessories,I lost my navy blue umbrella. It has one bent rib.,en,medium,Parking Lot,medium,12.899461,77.498894,2026-09-22 08:22,0.5,2026-09-22 15:38,False,,
L0557,U0781,I0639,train,umbrella,accessories,"I lost my pink Lifelong umbrella. Details: foldable umbrella, pattern on the border, one bent rib.",en,detailed,Boys Hostel,medium,12.902695,77.503686,2026-08-28 11:26,4.0,2026-08-28 11:31,False,,
L0558,U0138,I0640,train,other,stationery,I lost my green notebook. It has about two hundred pages.,en,medium,Main Gate,medium,12.898653,77.498157,2026-08-14 07:58,2.0,2026-08-14 10:03,False,,
L0559,U0576,I0641,train,wallet,accessories,I lost my brown Woodland purse. Features: looks like leather.,en,medium,Canteen,low,12.900359,77.501106,2026-08-27 16:39,0.5,2026-08-28 02:08,False,,
L0560,U0419,I0642,train,notebook,stationery,Lost red notebook,en,brief,Mechanical Block,medium,12.898203,77.502396,2026-09-21 09:03,2.0,2026-09-21 19:21,True,,"a red Navneet notebook on a bench, coloured sticky notes sticking out"
L0561,U0130,I0643,train,water bottle,drinkware,I lost my green Milton water bottle. Features: one litre bottle.,en,medium,Admin Block,high,12.898203,77.499816,2026-07-25 13:02,1.0,2026-07-25 15:21,False,,
L0562,U0484,I0645,train,smartwatch,electronics,I lost my green Apple Watch smartwatch. Details: round dial.,en,medium,Stationery Shop,medium,12.899461,77.500276,2026-07-23 19:19,1.0,2026-07-24 01:03,False,,
L0563,U0185,I0647,test,wallet,accessories,I lost my brown Wildcraft wallet. Details: metal logo.,en,medium,Stationery Shop,medium,12.899461,77.500276,2026-09-05 07:50,1.0,2026-09-05 15:00,True,,"a brown wallet on a table, metal logo"
L0564,U0282,I0648,train,wallet,accessories,"I lost my navy blue Hidesign wallet. It has leather finish, small metal logo. Please contact me if found.",en,detailed,Boys Hostel,medium,12.902695,77.503686,2026-08-31 15:50,0.5,2026-09-01 00:48,False,,
L0565,U0353,I0649,train,phone,electronics,I lost my blue phone. It has ring holder on the back.,en,medium,Parking Lot,medium,12.899461,77.498894,2026-09-23 09:11,1.0,2026-09-23 18:28,False,,
L0566,U0186,I0650,train,smartwatch,electronics,Lost blue aerbuds case,en,brief,Mechanical Block,high,12.898203,77.502396,2026-09-07 12:31,0.5,2026-09-07 19:34,True,,"a blue earbuds case on the floor, lanyard hook"
L0567,U0238,I0651,train,water bottle,drinkware,"Lost my water bottle, it is pink.",en,brief,Gym,medium,12.901797,77.501843,2026-09-18 13:49,2.0,2026-09-18 20:31,False,,
L0568,U0649,I0652,train,keys,accessories,black keys lost,en,brief,ECE Block,low,12.899192,77.501382,2026-09-14 08:08,4.0,2026-09-14 14:43,False,,
L0569,U0623,I0653,val,charger,electronics,"I lost my white Mi charger. Details: fast charging type, two-pin adapter, about 1.5 m cable. Please contact me if found.",en,detailed,Auditorium,medium,12.901437,77.499447,2026-09-30 17:10,2.0,2026-10-01 01:52,False,,
L0570,U0198,I0654,train,phone,electronics,"I lost my red Vivo mobile. It has dual camera, cracked screen corner, clear back cover.",en,detailed,Parking Lot,medium,12.899461,77.498894,2026-09-26 14:13,1.0,2026-09-26 17:00,False,,
L0571,U0614,I0655,val,smartwatch,electronics,"I lost my green Noise smartwatch. Details: rubber strap, rectangular screen, circular screen.",en,detailed,Boys Hostel,high,12.902695,77.503686,2026-09-24 10:55,1.0,2026-09-24 19:38,True,,"a green Noise smartwatch on a bench, silicone strap"
L0572,U0180,I0656,train,wallet,accessories,"I lost my brown Fastrack wallet. Features: frayed at the edges, zipper coin section, small metal logo.",en,detailed,Bus Stop,medium,12.898383,77.497696,2026-08-13 13:48,0.5,2026-08-13 22:05,True,,"a brown wallet on the floor, zipper coin section"
L0573,U0189,I0657,train,backpack,bags,Kisi ko mila ho toh batao: i lost my silver-grey Ameircan Tourister backpack. It has laptop compartment.,hinglish,medium,Girls Hostel,high,12.897305,77.503225,2026-08-31 10:45,2.0,2026-08-31 19:56,True,,"a grey American Tourister backpack on the floor, laptop compartment"
L0574,U0279,I0658,train,backpack,bags,Lost grey backpack,en,brief,Mechanical Block,low,12.898203,77.502396,2026-08-01 11:26,2.0,2026-08-01 18:25,True,,"a grey backpack on a desk, reflective strip"
L0575,U0727,I0659,train,calculator,stationery,"I lost my gray calculator. Features: slide cover, faded keys, solar panel. Please contact me if found.",en,detailed,Mechanical Block,medium,12.898203,77.502396,2026-09-16 14:31,2.0,2026-09-16 21:35,False,,
L0576,U0277,I0660,train,calculator,stationery,"I lost my grey Casio calculator. Details: scientific type, faded keys.",en,detailed,Mechanical Block,medium,12.898203,77.502396,2026-07-22 09:36,4.0,2026-07-22 11:09,True,,"a grey Casio calculator on a table, some keys faded"
L0577,U0634,I0661,train,backpack,bags,"I lost my red Wildcraft backpack. Features: one side pocket, logo in white on the front, small tear by the strap.",en,detailed,Admin Block,medium,12.898203,77.499816,2026-09-01 09:29,0.5,2026-09-01 13:06,False,,
L0578,U0495,I0662,test,notebook,stationery,I lost my dark grey notebook. Features: sticky notes inside.,en,medium,Auditorium,medium,12.901437,77.499447,2026-08-21 12:29,2.0,2026-08-21 14:16,False,,
L0579,U0203,I0663,train,spectacles case,accessories,"I lost my brown spectacles case. It has hard shell, tiny logo on the front, zippered.",en,detailed,Library,high,12.9,77.5,2026-08-04 13:00,0.5,2026-08-04 18:36,False,,
L0580,U0546,I0664,train,charger,electronics,"I lost my black charger. It has long cable, cloth braided cable.",en,detailed,Bus Stop,medium,12.898383,77.497696,2026-08-12 13:27,4.0,2026-08-12 18:52,True,,"a black charger on a table, about 1.5 m cable"
L0581,U0095,I0665,train,charger,electronics,"I lost my black Dell charger. Details: two-pin adapter, baout 1.5 m cable.",en,detailed,Bus Stop,high,12.898383,77.497696,2026-09-17 17:02,0.5,2026-09-18 01:57,False,,
L0582,U0264,I0666,val,water bottle,drinkware,"I lost my pink Milton bottle. Details: steel body, paint worn off in places.",en,detailed,ECE Block,low,12.899192,77.501382,2026-08-28 14:35,2.0,2026-08-28 16:49,False,,
L0583,U0768,I0667,train,water bottle,drinkware,Lost blue water bottle,en,brief,Stationery Shop,low,12.899461,77.500276,2026-07-29 14:27,0.5,2026-07-29 22:59,True,,"a blue water bottle on the floor, scratched paint"
L0584,U0096,I0668,train,keys,accessories,I lost my black keys. It has two-wheeler key with cover.,en,medium,CS Block,high,12.899012,77.500737,2026-10-02 11:59,2.0,2026-10-02 17:26,False,,
L0585,U0777,I0669,train,other,drinkware,I lost my blue Decathlon water bottle. Features: paint worn off in places.,en,medium,Boys Hostel,high,12.902695,77.503686,2026-08-04 20:01,4.0,2026-08-05 03:17,True,,"a blue water bottle on a table, paint worn off in places"
L0586,U0231,I0670,train,water bottle,drinkware,"I lost my blue Decathlon flask. Features: scratched paint, flip cap.",en,detailed,Canteen,high,12.900359,77.501106,2026-07-21 14:14,1.0,2026-07-22 00:24,False,,
L0587,U0307,I0671,test,umbrella,accessories,"Lost my umbrella, it is red.",en,brief,Gym,medium,12.901797,77.501843,2026-07-28 16:08,4.0,2026-07-29 01:09,True,,"a red umbrella on a desk, foldable umbrella"
L0588,U0646,I0672,train,backpack,bags,"Mera i lost my green backpack. Details: laptop compartment, slightly torn near the strap, one side pocket. kho gaya hai.",hinglish,detailed,Bus Stop,low,12.898383,77.497696,2026-08-11 09:22,4.0,2026-08-11 14:29,True,,"a green Adidas backpack on a table, small tear by the strap"
L0589,U0005,I0673,test,keys,accessories,I lost my green umbrella. It has pattern on the border.,en,medium,ECE Block,high,12.899192,77.501382,2026-09-09 13:05,0.5,2026-09-09 19:24,False,,
L0590,U0130,I0674,train,earbuds case,electronics,"I lost my white Noise small case. Features: scuffed lid, silicone cover. Please contact me if found.",en,detailed,Gym,high,12.901797,77.501843,2026-10-01 09:45,1.0,2026-10-01 19:36,False,,
L0591,U0118,I0676,train,calculator,stationery,"I lost my silver-grey Casio scientific calculator. It has scientific calculator, solar panel. Please contact me if found.",en,detailed,Main Gate,high,12.898653,77.498157,2026-09-10 07:11,4.0,2026-09-10 09:03,True,,"a grey Casio calculator on the floor, solar strip on top"
L0592,U0018,I0677,train,wallet,accessories,Mera i lost my brown Fastrack wallet. Features: zip coin pocket. kho gaya hai.,hinglish,medium,Library,high,12.9,77.5,2026-09-14 11:55,4.0,2026-09-14 20:57,False,,
L0593,U0298,I0678,train,backpack,bags,"Lost my backpack, it is navy blue.",en,brief,Main Gate,medium,12.898653,77.498157,2026-07-23 10:45,4.0,2026-07-23 12:36,False,,
L0594,U0589,I0679,train,backpack,bags,I lost my navy blue backpack. It has two front zips.,en,medium,Bus Stop,medium,12.898383,77.497696,2026-07-31 10:07,2.0,2026-07-31 18:01,False,,
L0595,U0034,I0680,train,spectacles case,accessories,"I lost my black Titan spectacles case. Details: tiny logo on the front, hard shell, soft pouch. Please contact me if found.",en,detailed,Bus Stop,medium,12.898383,77.497696,2026-09-26 10:44,1.0,2026-09-26 17:01,False,,
L0596,U0001,I0681,val,laptop,electronics,"I lost my silver Dell laptop. It has sticker on the lid, in a black laptop sleeve, fifteen inch display.",en,detailed,Auditorium,low,12.901437,77.499447,2026-08-05 13:53,0.5,2026-08-05 16:51,False,,
L0597,U0740,I0682,train,backpack,bags,I lost my grey backpack. Details: slightly torn near the strap.,en,medium,Stationery Shop,low,12.899461,77.500276,2026-08-28 08:45,4.0,2026-08-28 18:06,True,,"a grey American Tourister backpack on a bench, two front zips"
L0598,U0572,I0683,train,backpack,bags,"I lost my grey American Tourister bag. Features: white logo, reflective strip on the straps, one side pocket. Please contact me if found.",en,detailed,ECE Block,medium,12.899192,77.501382,2026-08-21 17:36,2.0,2026-08-22 01:06,True,,"a grey American Tourister backpack on a table, logo in white on the front"
L0599,U0210,I0684,train,calculator,stationery,I lost my grey Casio calculator. Features: solar panel.,en,medium,Auditorium,low,12.901437,77.499447,2026-10-01 12:43,1.0,2026-10-01 20:04,False,,
L0600,U0607,I0685,train,keys,accessories,black keys lost,en,brief,Boys Hostel,high,12.902695,77.503686,2026-10-03 16:47,1.0,2026-10-03 21:52,False,,
L0601,U0423,I0686,train,keys,accessories,"Lost my keys, it is dark.",en,brief,ECE Block,low,12.899192,77.501382,2026-08-30 11:04,4.0,2026-08-30 17:47,False,,
L0602,U0529,I0687,train,smartwatch,electronics,whtie smartwatch lost,en,brief,Bus Stop,high,12.898383,77.497696,2026-08-22 18:46,4.0,2026-08-22 20:27,False,,
L0603,U0377,I0688,train,smartwatch,electronics,"Lost my smartwatch, it is white.",en,brief,Bus Stop,high,12.898383,77.497696,2026-08-04 15:32,2.0,2026-08-05 00:04,True,,"a white smartwatch on the floor, square dial"
L0604,U0615,I0689,val,smartwatch,electronics,"I lost my green Amazfit smartwatch. It has glass slightly scratched, rubber strap.",en,detailed,CS Block,medium,12.899012,77.500737,2026-09-14 12:22,1.0,2026-09-14 14:08,False,,
L0605,U0706,I0690,val,water bottle,drinkware,"I lost my pink Cello bottle. It has flip cap, scratched paint, one litre bottle.",en,detailed,Parking Lot,low,12.899461,77.498894,2026-09-30 13:00,2.0,2026-09-30 13:50,False,,
L0606,U0021,I0691,train,smartwatch,electronics,I lost my blue boAt smartwatch. Details: square dial.,en,medium,Admin Block,medium,12.898203,77.499816,2026-08-17 18:49,0.5,2026-08-18 03:05,False,,
L0607,U0333,I0692,train,laptop,electronics,"I lost my blue Dell laptop. Features: sticker on the lid, black sleeve, backlit keyboard. Please contact me if found.",en,detailed,Gym,medium,12.901797,77.501843,2026-08-31 10:51,0.5,2026-08-31 20:44,False,,
L0608,U0743,I0693,train,laptop,electronics,"I lost my blue Dell laptop. Details: backlit keyboard, 15 inch screen. Please contact me if found.",en,detailed,Canteen,high,12.900359,77.501106,2026-07-25 11:53,0.5,2026-07-25 17:40,True,,"a blue laptop on a desk, backlit keyboard"
L0609,U0766,I0694,train,wallet,accessories,I lost my maroon Woodland wallet. Details: small metal logo.,en,medium,Gym,high,12.901797,77.501843,2026-08-21 16:14,1.0,2026-08-22 01:30,False,,
L0610,U0715,I0695,train,smartwatch,electronics,"I lost my green Amazfit smartwatch. It has silicone strap, scratch on the glass.",en,detailed,Gym,high,12.901797,77.501843,2026-08-21 11:20,4.0,2026-08-21 13:31,False,,
L0611,U0084,I0698,train,notebook,stationery,"I lost my black book. Features: about two hundred pages, hard cover.",en,detailed,Playground,medium,12.901976,77.498341,2026-09-25 19:01,0.5,2026-09-26 04:16,False,,
L0612,U0758,I0699,train,wallet,accessories,"Lost my wallet, it is navy blue.",en,brief,Admin Block,medium,12.898203,77.499816,2026-08-12 14:30,2.0,2026-08-12 21:57,False,,
L0613,U0427,I0700,train,backpack,bags,"I lost my grey American Tourister backpack. Details: one side pocket, reflective strip on the straps, small tear by the strap.",en,detailed,Canteen,low,12.900359,77.501106,2026-09-02 15:17,0.5,2026-09-02 19:52,True,,"a grey American Tourister backpack on a desk, small tear by the strap"
L0614,U0041,I0701,train,backpack,bags,I lost my grey backpack. Features: double zip on the front.,en,medium,ECE Block,high,12.899192,77.501382,2026-09-08 09:09,4.0,2026-09-08 12:50,False,,
L0615,U0448,I0702,train,power bank,electronics,"I lost my metallic Anker battery pack. Features: thin power bank, type-C input, rubber finish. Please contact me if found.",en,detailed,Gym,high,12.901797,77.501843,2026-10-02 09:15,0.5,2026-10-02 12:28,False,,
L0616,U0552,I0703,train,umbrella,accessories,"I lost my grey umbrella. Details: push-button opening, bent rib. Please contact me if found.",en,detailed,Stationery Shop,medium,12.899461,77.500276,2026-08-25 07:22,2.0,2026-08-25 09:22,False,,
L0617,U0693,I0704,train,umbrella,accessories,Kisi ko mila ho toh batao: lost grey umbrella,hinglish,brief,Stationery Shop,medium,12.899461,77.500276,2026-08-05 12:13,2.0,2026-08-05 16:06,False,,
L0618,U0760,I0705,train,power bank,electronics,I lost my blue Syska power bank. Details: slim body.,en,medium,Bus Stop,high,12.898383,77.497696,2026-08-26 14:14,0.5,2026-08-26 16:47,False,,
L0619,U0233,I0706,val,keys,accessories,I lost my black keychain. Features: two-wheeler key with cover.,en,medium,Parking Lot,low,12.899461,77.498894,2026-07-29 10:08,2.0,2026-07-29 10:43,False,,
L0620,U0209,I0707,test,umbrella,accessories,navy blue umbrella lost,en,brief,Boys Hostel,high,12.902695,77.503686,2026-08-29 17:18,4.0,2026-08-29 20:41,True,,"a dark blue Popy umbrella on the floor, one bent rib"
L0621,U0344,I0708,train,laptop,electronics,"I lost my silver Lenovo laptop. Details: fifteen inch display, keyboard lights up. Please contact me if found.",en,detailed,ECE Block,low,12.899192,77.501382,2026-09-08 11:56,1.0,2026-09-08 18:27,True,,"a silver laptop on a bench, 15 inch screen"
L0622,U0608,I0709,train,water bottle,drinkware,"I lost my orange Decathlon water bottle. Details: stainless steel, paint worn off in places, 1 litre size. Please contact me if found.",en,detailed,Gym,high,12.901797,77.501843,2026-09-10 16:54,1.0,2026-09-11 01:11,True,,"a orange Decathlon water bottle on a bench, paint worn off in places"
L0623,U0361,I0710,train,water bottle,drinkware,I lost my orange water bottle. It has one litre bottle.,en,medium,Canteen,medium,12.900359,77.501106,2026-08-11 18:29,4.0,2026-08-11 20:40,True,,"a orange Decathlon water bottle on a desk, flip-top lid"
L0624,U0055,I0711,train,calculator,stationery,"I lost my grey Casio calculator. Features: slide cover, some keys faded, scientific type.",en,detailed,Boys Hostel,high,12.902695,77.503686,2026-09-01 10:29,2.0,2026-09-01 15:06,False,,
L0625,U0714,I0712,val,laptop,electronics,blue laptop lost,en,brief,Mechanical Block,medium,12.898203,77.502396,2026-07-31 13:26,0.5,2026-07-31 22:07,False,,
L0626,U0319,I0713,train,water bottle,drinkware,Lost silver water bottle,en,brief,Bus Stop,high,12.898383,77.497696,2026-09-15 10:10,0.5,2026-09-15 12:06,False,,
L0627,U0348,I0714,test,earbuds case,electronics,"I lost my blue Noise small case. Features: scratches on the lid, rubber cover. Please contact me if found.",en,detailed,Canteen,medium,12.900359,77.501106,2026-09-22 12:10,4.0,2026-09-22 14:00,False,,
L0628,U0535,I0716,train,keys,accessories,sliver key bunch lost,en,brief,CS Block,high,12.899012,77.500737,2026-08-25 15:02,4.0,2026-08-25 15:35,True,,"a silver keys on a bench, steel ring"
L0629,U0551,I0718,train,calculator,stationery,"I lost my black Citizen calculator. It has some keys faded, scientific calculator.",en,detailed,CS Block,low,12.899012,77.500737,2026-07-21 14:31,0.5,2026-07-21 15:58,True,,"a black Citizen calculator on a bench, scientific calculator"
L0630,U0758,I0719,train,keys,accessories,I lost my dark grey keys. Details: emtal ring.,en,medium,Main Gate,high,12.898653,77.498157,2026-08-04 11:59,4.0,2026-08-04 16:43,False,,
L0631,U0089,I0720,train,umbrella,accessories,"I lost my black keys. It has small padlock key, two-wheeler key with cover.",en,detailed,Bus Stop,low,12.898383,77.497696,2026-09-10 09:55,2.0,2026-09-10 19:44,False,,
L0632,U0749,I0721,train,wallet,accessories,"I lost my navy blue Wildcraft wallet. It has zipper coin section, frayed at the edges. Please contact me if found.",en,detailed,Mechanical Block,high,12.898203,77.502396,2026-08-01 17:35,1.0,2026-08-01 23:24,False,,
L0633,U0262,I0722,test,laptop,electronics,"I lost my blue Asus laptop. It has backlit keyboard, sticker on the lid. Please contact me if found.",en,detailed,Bus Stop,medium,12.898383,77.497696,2026-07-27 09:43,0.5,2026-07-27 16:34,True,,"a blue laptop on a desk, stickers on the top cover"
L0634,U0537,I0723,train,earbuds case,electronics,"I lost my white Noise earbuds case. Features: scuffed lid, tiny indicator light. Please contact me if found.",en,detailed,Canteen,medium,12.900359,77.501106,2026-08-13 10:47,2.0,2026-08-13 17:27,False,,
L0635,U0578,I0725,train,umbrella,accessories,green umbrella lost,en,brief,Bus Stop,high,12.898383,77.497696,2026-08-10 11:23,4.0,2026-08-10 13:04,False,,
L0636,U0740,I0726,test,power bank,electronics,I lost my white Mi power bank. Details: matte rubber finish.,en,medium,CS Block,high,12.899012,77.500737,2026-09-07 16:15,1.0,2026-09-07 21:01,False,,
L0637,U0425,I0727,train,water bottle,drinkware,pink water bottle lost,en,brief,Stationery Shop,high,12.899461,77.500276,2026-07-27 10:11,4.0,2026-07-27 18:43,False,,
L0638,U0799,I0728,val,charger,electronics,"Mera i lost my blue Motorola phone. It has ring holder on the back, clear back cover, crack on the top corner. kho gaya hai.",hinglish,detailed,Parking Lot,low,12.899461,77.498894,2026-09-09 11:32,4.0,2026-09-09 14:26,True,,"a blue phone on a bench, crack on the top corner"
L0639,U0736,I0729,val,phone,electronics,I lost my sky blue phone. It has dual camera.,en,medium,Main Gate,high,12.898653,77.498157,2026-09-12 09:58,1.0,2026-09-12 17:33,False,,
L0640,U0368,I0730,train,charger,electronics,I lost my dark Dell charger. It has two-pin adapter.,en,medium,Canteen,medium,12.900359,77.501106,2026-09-07 10:48,1.0,2026-09-07 18:19,False,,
L0641,U0775,I0731,train,keys,accessories,"I lost my black keys. It has bike key with a rubber cover, plastic tag, steel ring. Please contact me if found.",en,detailed,Library,low,12.9,77.5,2026-09-27 17:58,1.0,2026-09-27 22:04,False,,
L0642,U0035,I0732,train,notebook,stationery,Lost red notebook,en,brief,Stationery Shop,medium,12.899461,77.500276,2026-08-20 08:28,4.0,2026-08-20 19:58,True,,"a red notebook on a table, spiral notebook"
L0643,U0563,I0733,test,backpack,bags,"I lost my grey Skybags sports bag. Features: double zip on the front, one side pocket.",en,detailed,ECE Block,medium,12.899192,77.501382,2026-08-22 10:42,1.0,2026-08-22 12:03,False,,
L0644,U0213,I0734,train,spectacles case,accessories,I lost my blue Lenskart specs box. Features: soft pouch.,en,medium,Library,high,12.9,77.5,2026-08-23 08:18,0.5,2026-08-23 14:35,False,,
L0645,U0520,I0735,train,spectacles case,accessories,Lost blue spectacles case,en,brief,Library,medium,12.9,77.5,2026-09-01 06:53,2.0,2026-09-01 16:10,True,,"a blue spectacles case on the floor, hard case"
L0646,U0030,I0736,train,phone,electronics,I lost my white Realme mobile. Features: pop sokcet on the back.,en,medium,Gym,medium,12.901797,77.501843,2026-08-21 09:47,1.0,2026-08-21 19:24,False,,
L0647,U0508,I0737,test,notebook,stationery,I lost my black notebook. It has spiral bound.,en,medium,Auditorium,medium,12.901437,77.499447,2026-07-25 10:45,0.5,2026-07-25 14:19,False,,
L0648,U0592,I0739,train,power bank,electronics,I lost my white charger. It has cloth braided cable.,en,medium,Auditorium,low,12.901437,77.499447,2026-08-27 17:44,0.5,2026-08-27 21:39,True,,"a white Realme charger on a table, two-pin plug"
L0649,U0324,I0740,train,smartwatch,electronics,I lost my cream fitness band. Features: silicone strap.,en,medium,Gym,medium,12.901797,77.501843,2026-08-14 13:48,0.5,2026-08-14 14:22,False,,
L0650,U0398,I0741,train,smartwatch,electronics,"I lost my white Amazfit smartwatch. Features: square dial, glass slightly scratched. Please contact me if found.",en,detailed,Canteen,low,12.900359,77.501106,2026-09-01 11:08,4.0,2026-09-01 19:01,False,,
L0651,U0013,I0742,val,power bank,electronics,"I lost my dark grey Syska power bank. Features: USB-C port, four indicator lights.",en,detailed,Bus Stop,medium,12.898383,77.497696,2026-08-07 13:58,2.0,2026-08-07 20:44,True,,"a black Syska power bank on a desk, LED indicator"
L0652,U0425,I0743,val,power bank,electronics,black Syska power bank lost,en,brief,Bus Stop,high,12.898383,77.497696,2026-09-11 15:36,2.0,2026-09-11 17:20,True,,"a dark grey power bank on a desk, LED indicator"
L0653,U0516,I0744,train,laptop,electronics,I lost my blue laptop. Details: backlit keyboard.,en,medium,Mechanical Block,medium,12.898203,77.502396,2026-09-17 08:21,0.5,2026-09-17 11:58,False,,
L0654,U0380,I0745,train,laptop,electronics,I lost my blue Lenovo laptop. It has fifteen inch display.,en,medium,Mechanical Block,high,12.898203,77.502396,2026-08-09 09:13,0.5,2026-08-09 10:58,False,,
L0655,U0781,I0746,train,backpack,bags,I lost my maroon Wildrcaft rucksack. Details: slightly torn near the strap.,en,medium,CS Block,medium,12.899012,77.500737,2026-09-28 13:21,1.0,2026-09-28 22:04,False,,
L0656,U0220,I0747,train,backpack,bags,"Lost my backpack, it is maroon.",en,brief,CS Block,medium,12.899012,77.500737,2026-08-15 09:18,0.5,2026-08-15 13:45,False,,
L0657,U0228,I0748,test,spectacles case,accessories,"I lost my brown Lenskart spectacles case. Details: hard shell, zippered.",en,detailed,Stationery Shop,low,12.899461,77.500276,2026-08-22 11:55,0.5,2026-08-22 19:41,True,,"a brown spectacles case on a desk, hard case"
L0658,U0766,I0749,train,charger,electronics,"I lost my black Apple charger. Features: two-pin plug, fast charger.",en,detailed,Library,medium,12.9,77.5,2026-09-11 12:03,1.0,2026-09-11 21:04,False,,
L0659,U0183,I0750,test,earbuds case,electronics,"I lost my black boAt earbuds case. It has small LED light, scratches on the lid.",en,detailed,Auditorium,medium,12.901437,77.499447,2026-09-11 14:44,1.0,2026-09-11 19:02,True,,"a black boAt earbuds case on a table, scuffed lid"
L0660,U0218,I0751,test,earbuds case,electronics,I lost my lback boAt earbuds case. It has scuffed lid.,en,medium,Auditorium,medium,12.901437,77.499447,2026-09-25 18:20,2.0,2026-09-26 02:06,False,,
L0661,U0200,I0752,train,power bank,electronics,I lost my white Syska power bank. It has rubber finish.,en,medium,Stationery Shop,medium,12.899461,77.500276,2026-07-27 13:23,0.5,2026-07-27 13:57,False,,
L0662,U0233,I0753,train,laptop,electronics,silver notebook computer lost,en,brief,Library,medium,12.9,77.5,2026-09-01 17:25,4.0,2026-09-01 23:57,False,,
L0663,U0135,I0754,train,laptop,electronics,I lost my black laptop. Features: sticker on the lid.,en,medium,Playground,high,12.901976,77.498341,2026-07-29 08:45,0.5,2026-07-29 09:21,False,,
L0664,U0353,I0755,train,power bank,electronics,"I lost my black laptop. It has backlit keyboard, in a black laptop sleeve. Please contact me if found.",en,detailed,Playground,high,12.901976,77.498341,2026-10-02 19:23,4.0,2026-10-02 23:26,True,,"a black Asus laptop on a desk, black sleeve"
L0665,U0394,I0756,train,phone,electronics,"Lost my phone, it is dark green.",en,brief,Parking Lot,medium,12.899461,77.498894,2026-09-08 06:59,2.0,2026-09-08 09:20,True,,"a green phone on the floor, transparent case"
L0666,U0047,I0757,train,phone,electronics,"I lost my green OnePlus mobile. Details: transparent case, ring holder on the back. Please contatc me if found.",en,detailed,Main Gate,low,12.898653,77.498157,2026-08-15 07:50,4.0,2026-08-15 10:33,False,,
L0667,U0377,I0758,train,spectacles case,accessories,I lost my red Titan specs box. It has soft pouch.,en,medium,Main Gate,low,12.898653,77.498157,2026-07-23 12:41,4.0,2026-07-23 21:08,True,,"a red spectacles case on a table, small logo"
L0668,U0435,I0760,train,keys,accessories,"I lost my brown keys. It has two-wheeler key with cover, tag hanging from it.",en,detailed,Main Gate,high,12.898653,77.498157,2026-09-24 10:38,4.0,2026-09-24 14:40,False,,
L0669,U0010,I0761,test,phone,electronics,"Kisi ko mila ho toh batao: lost my phone, it is blue.",hinglish,brief,Stationery Shop,low,12.899461,77.500276,2026-09-25 09:38,4.0,2026-09-25 12:17,False,,
L0670,U0444,I0762,train,wallet,accessories,I lost my navy blue Wildcraft card holder. Details: zip coin pocket.,en,medium,Mechanical Block,medium,12.898203,77.502396,2026-08-11 10:00,1.0,2026-08-11 13:01,False,,
L0671,U0294,I0763,train,wallet,accessories,"I lost my navy blue Fastrack wallet. Details: frayed at the edges, metal logo.",en,detailed,Girls Hostel,low,12.897305,77.503225,2026-08-28 10:07,1.0,2026-08-28 11:44,False,,
L0672,U0733,I0764,train,water bottle,drinkware,Lost green Borosil bottle,en,brief,Library,low,12.9,77.5,2026-09-23 10:28,1.0,2026-09-23 11:26,True,,"a dark green Borosil water bottle on a table, one litre bottle"
L0673,U0682,I0765,train,earbuds case,electronics,"Lost my earbuds case, it is black.",en,brief,Mechanical Block,high,12.898203,77.502396,2026-08-03 11:21,0.5,2026-08-03 12:39,False,,
L0674,U0142,I0766,train,earbuds case,electronics,"I lost my black charging case. Features: scratches on the lid, tiny indicator light.",en,detailed,Mechanical Block,high,12.898203,77.502396,2026-08-24 08:19,4.0,2026-08-24 12:33,False,,
L0675,U0232,I0767,train,phone,electronics,I lost my green phone. Features: transparent case.,en,medium,Canteen,low,12.900359,77.501106,2026-09-21 11:02,1.0,2026-09-21 12:14,False,,
L0676,U0079,I0768,train,charger,electronics,"I lost my black charger. Details: about 1.5 m cable, cloth braided cable. Please contact me if found.",en,detailed,Auditorium,medium,12.901437,77.499447,2026-09-07 11:11,0.5,2026-09-07 20:10,True,,"a black Samsung charger on a desk, about 1.5 m cable"
L0677,U0539,I0770,train,charger,electronics,"Lost my charger, it is black.",en,brief,Library,high,12.9,77.5,2026-10-02 14:38,0.5,2026-10-02 23:57,True,,"a black charger on the floor, about 1.5 m cable"
L0678,U0540,I0771,train,umbrella,accessories,"I lost my red umbrella. It has push-button opening, folding type, printed edges.",en,detailed,Main Gate,high,12.898653,77.498157,2026-07-20 10:25,2.0,2026-07-20 17:07,False,,
L0679,U0100,I0772,train,umbrella,accessories,red umbrella lost,en,brief,Main Gate,medium,12.898653,77.498157,2026-08-01 08:46,4.0,2026-08-01 14:14,False,,
L0680,U0157,I0773,val,spectacles case,accessories,I lost my grey wallet. Features: worn edges.,en,medium,CS Block,low,12.899012,77.500737,2026-08-18 14:51,4.0,2026-08-19 00:03,True,,"a grey wallet on a table, small metal logo"
L0681,U0155,I0775,train,notebook,stationery,"I lost my dark green notebook. Features: spiral bound, 200 pages. Please contact me if found.",en,detailed,Playground,high,12.901976,77.498341,2026-08-04 12:34,1.0,2026-08-04 17:55,False,,
L0682,U0466,I0776,train,laptop,electronics,"I lost my pink Niose smartwatch. Details: rectangular screen, round dial, rubber strap.",en,detailed,Main Gate,medium,12.898653,77.498157,2026-08-27 12:39,1.0,2026-08-27 20:17,False,,
L0683,U0051,I0777,val,earbuds case,electronics,"I lost my white boAt earbuds case. It has lanyard hook, scuffed lid, smlal LED light. Please contact me if found.",en,detailed,Auditorium,high,12.901437,77.499447,2026-07-24 11:32,4.0,2026-07-24 10:59,False,,
L0684,U0611,I0778,train,charger,electronics,I lost my white charger. Features: cloth braided cable.,en,medium,ECE Block,high,12.899192,77.501382,2026-09-04 11:10,4.0,2026-09-04 20:31,False,,
L0685,U0528,I0779,val,smartwatch,electronics,"I lost my green Apple Watch smartwatch. Details: rubber strap, square dial. Please contact me if found.",en,detailed,Mechanical Block,high,12.898203,77.502396,2026-08-03 09:03,4.0,2026-08-03 15:04,True,,"a green Apple Watch smartwatch on a bench, square dial"
L0686,U0716,I0780,train,laptop,electronics,"I lost my black notebook computer. Features: stickers on the top cover, backlit keyboard, fifteen inch display.",en,detailed,Gym,medium,12.901797,77.501843,2026-08-08 11:56,1.0,2026-08-08 19:48,True,,"a black MacBook laptop on a table, keyboard lights up"
L0687,U0565,I0781,train,umbrella,accessories,"I lost my pink Lifelong umbrella. Details: foldable umbrella, automatic open button. Please contact me if found.",en,detailed,Stationery Shop,low,12.899461,77.500276,2026-08-30 14:15,2.0,2026-08-30 21:26,True,,"a pink umbrella on the floor, automatic open button"
L0688,U0414,I0782,train,other,stationery,"I lost my gray Casio scientific calculator. It has hard slide-on cover, scientific type, solar panel. Please contact me if found.",en,detailed,Playground,low,12.901976,77.498341,2026-09-08 08:37,1.0,2026-09-08 11:24,True,,"a grey calculator on the floor, solar strip on top"
L0689,U0070,I0783,train,calculator,stationery,I lost my grey calculator. Features: faded keys.,en,medium,Auditorium,high,12.901437,77.499447,2026-08-14 18:47,1.0,2026-08-15 00:41,True,,"a grey Casio calculator on a table, scientific calculator"
L0690,U0797,I0785,train,backpack,bags,"I lost my black Wildcraft bag. Features: padded laptop section, reflective strip, one side pocket.",en,detailed,Auditorium,medium,12.901437,77.499447,2026-10-01 07:53,4.0,2026-10-01 15:36,False,,
L0691,U0439,I0786,train,charger,electronics,I lost my white charger. It has about 1.5 m cable.,en,medium,Main Gate,medium,12.898653,77.498157,2026-07-29 13:16,1.0,2026-07-29 22:20,False,,
L0692,U0071,I0787,test,phone,electronics,"I lost my blue Lenovo laptop. Details: black sleeve, stickers on the top cover, fifteen inch display.",en,detailed,Mechanical Block,high,12.898203,77.502396,2026-08-18 12:59,2.0,2026-08-18 23:34,False,,
L0693,U0689,I0788,test,laptop,electronics,"I lost my blue Lenovo laptop. Details: sticker on the lid, keyboard lights up.",en,detailed,Mechanical Block,high,12.898203,77.502396,2026-08-18 13:23,0.5,2026-08-18 15:50,True,,"a blue laptop on a bench, keyboard lights up"
L0694,U0045,I0789,train,calculator,stationery,I lost my blue Casio calculator. It has hard slide-on cover.,en,medium,Library,medium,12.9,77.5,2026-09-10 16:59,2.0,2026-09-10 20:18,False,,
L0695,U0534,I0790,test,charger,electronics,"I lost my black Realme adapter with cable. Features: two-pin plug, long cable, cloth braided cable. Please contact me if found.",en,detailed,Gym,high,12.901797,77.501843,2026-10-02 17:57,0.5,2026-10-03 02:05,True,,"a black charger on a bench, about 1.5 m cable"
L0696,U0785,I0791,val,keys,accessories,I lost my grey umbrella. Details: folding type.,en,medium,Stationery Shop,low,12.899461,77.500276,2026-09-20 10:00,2.0,2026-09-20 13:31,False,,
L0697,U0678,I0792,test,notebook,stationery,Mera i lost my green notebook. Details: thick cover. kho gaya hai.,hinglish,medium,Library,low,12.9,77.5,2026-08-07 14:02,0.5,2026-08-07 15:19,False,,
L0698,U0256,I0793,train,backpack,bags,I lost my maroon backpack. It has reflective strip.,en,medium,Girls Hostel,medium,12.897305,77.503225,2026-08-09 11:46,4.0,2026-08-09 19:48,False,,
L0699,U0109,I0795,train,calculator,stationery,"Lost my calculator, it is black.",en,brief,Girls Hostel,high,12.897305,77.503225,2026-09-22 12:08,0.5,2026-09-22 14:28,False,,
L0700,U0166,I0796,train,calculator,stationery,"I lost my black Citizen scientific calculator. It has some keys faded, scientific type.",en,detailed,Mechanical Block,low,12.898203,77.502396,2026-09-11 15:44,1.0,2026-09-11 20:25,False,,
L0701,U0412,I0797,train,other,drinkware,I lost my blue flask. Details: flip-top lid.,en,medium,Bus Stop,medium,12.898383,77.497696,2026-07-29 07:52,2.0,2026-07-29 10:17,True,,"a blue water bottle on a desk, stainless steel"
L0702,U0280,I0798,train,water bottle,drinkware,blue bottle lost,en,brief,Main Gate,low,12.898653,77.498157,2026-08-29 15:35,0.5,2026-08-29 18:59,False,,
L0703,U0138,I0799,train,notebook,stationery,I lost my red record book. Details: hard cover.,en,medium,Mechanical Block,high,12.898203,77.502396,2026-08-18 16:45,2.0,2026-08-19 01:14,False,,
L0704,U0750,I0800,train,notebook,stationery,"I lost my red Camlin notebook. Features: sticky notes inside, hard cover. Please contact me if found.",en,detailed,Girls Hostel,low,12.897305,77.503225,2026-08-18 11:09,2.0,2026-08-18 13:11,False,,
L0705,U0758,I0802,val,notebook,stationery,"Kisi ko mila ho toh batao: i lost my black Camlin notebook. It has 200 pages, sticky notes inside. Please contact me if found.",hinglish,detailed,Girls Hostel,high,12.897305,77.503225,2026-09-22 18:34,4.0,2026-09-22 22:44,False,,
L0706,U0437,I0804,train,smartwatch,electronics,"I lost my black Lenovo notebook computer. Details: sticker on the lid, backlit keyboard, in a black laptop sleeve. Please contact me if found.",en,detailed,Girls Hostel,high,12.897305,77.503225,2026-09-10 10:46,0.5,2026-09-10 11:22,False,,
L0707,U0509,I0805,test,keys,accessories,red keys lost,en,brief,Parking Lot,high,12.899461,77.498894,2026-07-31 12:30,2.0,2026-07-31 18:08,False,,
L0708,U0255,I0806,train,water bottle,drinkware,"Mera i lost my black Tupperware water bottle. It has paint worn off in places, steel body, flip-top lid. Pelase contact me if found. kho gaya hai.",hinglish,detailed,Library,low,12.9,77.5,2026-09-23 10:43,4.0,2026-09-23 15:37,False,,
L0709,U0500,I0807,train,laptop,electronics,I lost my grey laptop. Details: blcak sleeve.,en,medium,Bus Stop,medium,12.898383,77.497696,2026-09-12 11:31,2.0,2026-09-12 11:43,False,,
L0710,U0482,I0809,train,notebook,stationery,"I lost my red Navneet notebook. Features: spiral notebook, sticky noets inside. Please contact me if found.",en,detailed,CS Block,medium,12.899012,77.500737,2026-09-05 10:51,2.0,2026-09-05 11:52,False,,
L0711,U0261,I0810,train,phone,electronics,"I lost my red phone. It has pop socket on the back, crack on the top corner, transparent case.",en,detailed,Mechanical Block,medium,12.898203,77.502396,2026-08-21 10:52,1.0,2026-08-21 13:49,False,,
L0712,U0271,I0811,train,phone,electronics,"I lost my red Realme phone. It has dual camera, pop socket on the back.",en,detailed,Mechanical Block,high,12.898203,77.502396,2026-09-17 17:57,4.0,2026-09-18 01:44,False,,
L0713,U0125,I0812,train,smartwatch,electronics,I lost my black boAt smartwatch. Features: rubber strap.,en,medium,Playground,low,12.901976,77.498341,2026-09-03 18:11,1.0,2026-09-03 20:30,False,,
L0714,U0592,I0813,train,laptop,electronics,I lost my silver laptop. Features: backlit keyboard.,en,medium,Stationery Shop,low,12.899461,77.500276,2026-09-29 11:21,1.0,2026-09-29 20:42,False,,
L0715,U0664,I0814,train,laptop,electronics,I lost my silver laptop. It has 15 inch screen.,en,medium,Canteen,high,12.900359,77.501106,2026-09-11 08:50,0.5,2026-09-11 17:09,False,,
L0716,U0626,I0815,train,spectacles case,accessories,I lost my black spectacles case. It has zippered.,en,medium,Boys Hostel,high,12.902695,77.503686,2026-09-28 15:15,2.0,2026-09-28 18:32,False,,
L0717,U0248,I0816,train,spectacles case,accessories,"I lost my black Lenskart spectacles case. It has cloth pouch type, hard case. Please contact me if found.",en,detailed,Boys Hostel,high,12.902695,77.503686,2026-08-19 18:05,1.0,2026-08-20 00:55,False,,
L0718,U0165,I0817,train,charger,electronics,"I lost my white phone. It has clear back cover, crack on the top corner, ring holder on the back. Please contact me if found.",en,detailed,Parking Lot,medium,12.899461,77.498894,2026-08-07 12:28,4.0,2026-08-07 17:40,True,,"a white phone on a desk, pop socket on the back"
L0719,U0320,I0818,train,laptop,electronics,I lost my silver Dell notebook computer. Details: black sleeve.,en,medium,ECE Block,high,12.899192,77.501382,2026-07-29 10:33,1.0,2026-07-29 14:02,False,,
L0720,U0679,I0819,train,spectacles case,accessories,"Mera i lost my brown spectacle case. Features: cloth pouch type, zip closure. kho gaya hai.",hinglish,detailed,Boys Hostel,medium,12.902695,77.503686,2026-09-18 21:24,4.0,2026-09-18 20:01,False,,
L0721,U0417,I0820,train,spectacles case,accessories,"I lost my brown Titan spectacles case. It has zippered, tiny logo on the front. Please contact me if found.",en,detailed,Boys Hostel,high,12.902695,77.503686,2026-08-14 15:25,1.0,2026-08-14 16:57,True,,"a brown spectacles case on the floor, tiny logo on the front"
L0722,U0658,I0821,val,backpack,bags,Mera i lost my red Safari bag. Features: reflective strip on the straps. kho gaya hai.,hinglish,medium,Mechanical Block,high,12.898203,77.502396,2026-07-27 15:50,0.5,2026-07-27 17:49,False,,
L0723,U0121,I0822,val,earbuds case,electronics,"I lost my pink AirPods earbuds case. Features: scratches on the lid, tiny indicator light. Please contact me if found.",en,detailed,Library,low,12.9,77.5,2026-09-11 19:17,2.0,2026-09-11 20:18,False,,
L0724,U0165,I0823,test,smartwatch,electronics,I lost my pink smartwatch. Details: scratch on the glass.,en,medium,Stationery Shop,low,12.899461,77.500276,2026-09-10 09:04,0.5,2026-09-10 18:13,False,,
L0725,U0125,I0824,train,wallet,accessories,"Lost my wallet, it is black.",en,brief,Canteen,medium,12.900359,77.501106,2026-07-28 19:30,2.0,2026-07-28 23:03,False,,
L0726,U0547,I0825,train,earbuds case,electronics,"I lost my dark grey OnePlus earbuds case. Details: scuffed lid, silicone cover, hook for a lanyard. Please contact me if found.",en,detailed,Bus Stop,high,12.898383,77.497696,2026-09-05 18:05,0.5,2026-09-06 00:41,False,,
L0727,U0557,I0826,train,charger,electronics,I lost my white charger. Details: two-pin adapter.,en,medium,Canteen,medium,12.900359,77.501106,2026-09-04 10:47,2.0,2026-09-04 15:25,True,,"a white charger on a bench, fast charging type"
L0728,U0546,I0827,train,calculator,stationery,"I lost my blue Casio calculator. Details: solar panel, some keys faded, scientific type.",en,detailed,Library,low,12.9,77.5,2026-09-11 07:37,0.5,2026-09-11 08:36,True,,"a blue calculator on a table, some keys faded"
L0729,U0643,I0828,train,charger,electronics,I lost my black earbuds case. Features: silicone cover.,en,medium,ECE Block,high,12.899192,77.501382,2026-09-24 15:36,4.0,2026-09-24 21:22,False,,
L0730,U0072,I0829,train,earbuds case,electronics,"I lost my black AirPods small case. Features: silicone cover, small LED light.",en,detailed,CS Block,medium,12.899012,77.500737,2026-08-17 16:22,4.0,2026-08-17 22:21,False,,
L0731,U0250,I0830,train,laptop,electronics,I lost my silver laptop. Details: in a black laptop sleeve.,en,medium,Auditorium,high,12.901437,77.499447,2026-08-21 08:05,2.0,2026-08-21 10:02,True,,"a metallic MacBook laptop on a table, in a black laptop sleeve"
L0732,U0773,I0831,test,earbuds case,electronics,I lost my rose earbuds case. Features: hook for a lanyard.,en,medium,Library,low,12.9,77.5,2026-09-05 15:24,4.0,2026-09-05 16:30,True,,"a pink earbuds case on a table, scratches on the lid"
L0733,U0309,I0832,val,spectacles case,accessories,"I lost my blue Lenskart spectacles case. It has zippered, soft pouch.",en,detailed,Canteen,low,12.900359,77.501106,2026-08-12 12:06,0.5,2026-08-12 14:58,False,,
L0734,U0222,I0833,train,umbrella,accessories,"I lost my grey umbrella. Details: printed edges, folding type.",en,detailed,Boys Hostel,high,12.902695,77.503686,2026-07-22 13:24,1.0,2026-07-22 18:58,False,,
L0735,U0521,I0834,train,earbuds case,electronics,"I lost my white AirPods earbuds case. It has silicone cover, lanyard hook, tiny indicator light.",en,detailed,Canteen,low,12.900359,77.501106,2026-07-29 14:10,2.0,2026-07-29 21:07,True,,"a white AirPods earbuds case on a desk, silicone cover"
L0736,U0115,I0835,train,earbuds case,electronics,"I lost my white AirPods airopds case. It has small LED light, scuffed lid. Please contact me if found.",en,detailed,Gym,low,12.901797,77.501843,2026-08-03 11:41,2.0,2026-08-03 19:12,True,,"a white earbuds case on a desk, tiny indicator light"
L0737,U0269,I0836,train,spectacles case,accessories,I lost my red spectacles case. Details: soft pouch.,en,medium,Boys Hostel,medium,12.902695,77.503686,2026-07-22 08:21,2.0,2026-07-22 12:22,True,,"a red spectacles case on a table, zip closure"
L0738,U0324,I0837,train,notebook,stationery,"I lost my blue Navneet notebook. It has coloured sticky notes sticking out, hard cover, about two hundred pages.",en,detailed,Stationery Shop,medium,12.899461,77.500276,2026-07-29 09:56,2.0,2026-07-29 17:57,False,,
L0739,U0123,I0838,train,notebook,stationery,I lost my blue Navneet notebook. Details: thick cover.,en,medium,Stationery Shop,medium,12.899461,77.500276,2026-09-03 08:17,0.5,2026-09-03 08:59,True,,"a blue notebook on a bench, thick cover"
L0740,U0564,I0839,train,umbrella,accessories,"I lost my pink umbrella. Features: pattern on the border, folding type, one bent rib. Please contact me if found.",en,detailed,Auditorium,medium,12.901437,77.499447,2026-08-17 08:19,4.0,2026-08-17 15:39,True,,"a pink umbrella on the floor, one bent rib"
L0741,U0673,I0840,test,umbrella,accessories,Kisi ko mila ho toh batao: i lost my dark grey umbrella. It has bent rib.,hinglish,medium,Boys Hostel,high,12.902695,77.503686,2026-08-18 09:59,0.5,2026-08-18 10:24,True,,"a black umbrella on a desk, push-button opening"
L0742,U0193,I0841,train,phone,electronics,I lost my black OnePlus phone. It has cracked screen corner.,en,medium,Canteen,high,12.900359,77.501106,2026-08-20 13:36,2.0,2026-08-20 17:45,False,,
L0743,U0792,I0842,val,earbuds case,electronics,"I lost my pink OnePlus earbuds case. Features: silicone cover, small LED light.",en,detailed,Admin Block,high,12.898203,77.499816,2026-09-29 11:55,4.0,2026-09-29 16:25,False,,
L0744,U0605,I0843,train,laptop,electronics,"I lost my black laptop. Details: stickers on the top cover, 15 inch screen.",en,detailed,Mechanical Block,high,12.898203,77.502396,2026-08-17 08:06,0.5,2026-08-17 10:54,False,,
L0745,U0546,I0844,train,laptop,electronics,"I lost my black laptop. It has stickers on the top cover, backlit keyboard.",en,detailed,Mechanical Block,medium,12.898203,77.502396,2026-09-04 16:11,2.0,2026-09-04 22:47,False,,
L0746,U0012,I0845,train,umbrella,accessories,I lost my black umbrella. Details: one bent rib.,en,medium,Auditorium,low,12.901437,77.499447,2026-08-17 14:11,2.0,2026-08-17 22:53,False,,
L0747,U0083,I0846,train,smartwatch,electronics,"I lost my white Mi adapter with cable. Details: long cable, two-pin plug, cloth braided cable.",en,detailed,Girls Hostel,high,12.897305,77.503225,2026-08-15 11:59,0.5,2026-08-15 19:37,False,,
L0748,U0273,I0847,val,keys,accessories,"I lost my red keys. Features: small padlock key, tag hanging from it.",en,detailed,Main Gate,low,12.898653,77.498157,2026-09-19 12:58,1.0,2026-09-19 13:48,True,,"a red keys on a table, small padlock key"
L0749,U0537,I0848,train,keys,accessories,"I lost my black keys. Details: plastic tag, tiny lock key. Please contact me if found.",en,detailed,Admin Block,medium,12.898203,77.499816,2026-07-30 11:55,2.0,2026-07-30 14:36,True,,"a black keys on a table, tiny lock key"
L0750,U0233,I0849,train,keys,accessories,Lost black keys,en,brief,Admin Block,high,12.898203,77.499816,2026-08-04 08:32,1.0,2026-08-04 11:45,True,,"a black keys on the floor, tag hanging from it"
L0751,U0532,I0850,train,laptop,electronics,"I lost my grey MacBook notebook computer. It has backlit keyboard, black sleeve, sticker on the lid. Please contact me if found.",en,detailed,Parking Lot,high,12.899461,77.498894,2026-09-29 14:05,4.0,2026-09-29 15:40,False,,
L0752,U0522,I0851,train,laptop,electronics,"Lost my laptop, it is grey.",en,brief,Parking Lot,high,12.899461,77.498894,2026-09-10 10:34,2.0,2026-09-10 17:58,True,,"a grey MacBook laptop on a desk, in a black laptop sleeve"
L0753,U0613,I0853,train,phone,electronics,"Mera i lost my black Redmi smartphone. Features: crack on the top corner, clear back cover. Please contact me if found. kho gaya hai.",hinglish,detailed,Gym,high,12.901797,77.501843,2026-09-10 13:50,4.0,2026-09-10 13:52,True,,"a black Redmi phone on a table, crack on the top corner"
L0754,U0488,I0854,train,phone,electronics,I lost my black Redmi phone. Details: cracked csreen corner.,en,medium,Gym,medium,12.901797,77.501843,2026-09-28 13:56,0.5,2026-09-28 21:06,False,,
L0755,U0220,I0855,train,other,electronics,"I lost my pink OnePlus charging case. Features: small LED light, scratches on the lid.",en,detailed,Boys Hostel,high,12.902695,77.503686,2026-07-28 08:08,4.0,2026-07-28 16:22,True,,"a pink OnePlus earbuds case on the floor, scuffed lid"
L0756,U0143,I0856,train,earbuds case,electronics,I lost my pink small case. Details: lanyard hook.,en,medium,Boys Hostel,high,12.902695,77.503686,2026-09-12 08:59,0.5,2026-09-12 09:32,False,,
L0757,U0233,I0858,train,smartwatch,electronics,"I lost my white boAt smartwatch. It has scratch on the glass, rectangular screen. Please contact me if found.",en,detailed,Bus Stop,high,12.898383,77.497696,2026-10-01 16:46,4.0,2026-10-01 20:16,False,,
L0758,U0651,I0860,train,phone,electronics,"I lost my white Noise watch. Details: glass slihgtly scratched, rectangular screen, round dial. Please contact me if found.",en,detailed,Bus Stop,high,12.898383,77.497696,2026-08-31 12:47,2.0,2026-08-31 16:03,False,,
L0759,U0556,I0863,val,wallet,accessories,I lost my wine red card holder. It has frayed at the edges.,en,medium,CS Block,low,12.899012,77.500737,2026-08-29 10:22,0.5,2026-08-29 14:36,False,,
L0760,U0666,I0864,val,wallet,accessories,"I lost my dark red Fastrack card holder. It has leather finish, zip coin pocket. Please contact me if found.",en,detailed,Library,medium,12.9,77.5,2026-07-29 11:06,0.5,2026-07-29 15:18,False,,
L0761,U0648,I0867,train,charger,electronics,"I lost my black Samsung charger. Features: long cable, fast charging type, cloth braided cable. Please contact me if found.",en,detailed,Stationery Shop,high,12.899461,77.500276,2026-08-13 08:19,4.0,2026-08-13 13:51,False,,
L0762,U0645,I0868,train,spectacles case,accessories,I lost my red glasses case. Features: hard case.,en,medium,Gym,medium,12.901797,77.501843,2026-08-31 15:22,2.0,2026-09-01 00:22,False,,
L0763,U0354,I0869,test,power bank,electronics,"Mera lost my battery pack, it is silver. kho gaya hai.",hinglish,brief,Canteen,high,12.900359,77.501106,2026-10-03 16:42,0.5,2026-10-03 19:06,False,,
L0764,U0543,I0870,test,power bank,electronics,silver Ambrane power bank lost,en,brief,Stationery Shop,low,12.899461,77.500276,2026-07-29 19:07,1.0,2026-07-30 02:41,False,,
L0765,U0661,I0871,train,water bottle,drinkware,I lost my silver Borosil water bottle. It has paint worn off in places.,en,medium,Mechanical Block,low,12.898203,77.502396,2026-08-26 10:58,2.0,2026-08-26 16:49,False,,
L0766,U0729,I0872,train,backpack,bags,I lost my grey Adidas backpack. It has slightly torn near the strap.,en,medium,Gym,low,12.901797,77.501843,2026-08-24 12:41,4.0,2026-08-24 20:53,True,,"a grey Adidas backpack on a bench, padded laptop section"
L0767,U0124,I0873,train,notebook,stationery,I lost my maroon-ish red Camlin record book. It has 200 pages.,en,medium,Auditorium,high,12.901437,77.499447,2026-10-01 17:57,0.5,2026-10-01 23:41,False,,
L0768,U0427,I0874,train,notebook,stationery,"I lost my red Camlin notebook. Details: coloured sticky notes sticking out, spiral bound. Please contact me if found.",en,detailed,Library,low,12.9,77.5,2026-09-01 14:03,0.5,2026-09-01 20:50,False,,
L0769,U0457,I0875,val,earbuds case,electronics,"I lost my pink Noise airpods case. Features: hook for a lanyard, tiny nidicator light, rubber cover. Please contact me if found.",en,detailed,Main Gate,medium,12.898653,77.498157,2026-08-21 13:31,4.0,2026-08-21 21:44,False,,
L0770,U0179,I0876,val,wallet,accessories,I lost my brown wallet. Details: small metal logo.,en,medium,CS Block,medium,12.899012,77.500737,2026-08-27 14:59,1.0,2026-08-27 23:54,False,,
L0771,U0609,I0878,train,other,bags,I lost my maroon rucksack. It has logo in white on the front.,en,medium,Parking Lot,high,12.899461,77.498894,2026-09-10 08:32,1.0,2026-09-10 16:12,False,,
L0772,U0031,I0879,train,umbrella,accessories,"Lost my umbrella, it is red.",en,brief,Library,high,12.9,77.5,2026-08-10 14:07,4.0,2026-08-10 19:22,False,,
