claim_id,found_id,claimant_user_id,claim_type,split,q1,a1,correct1,q2,a2,correct2,q3,a3,correct3,n_correct,decision_label
C00001,F0001,U0557,genuine_full,train,What capacity is printed on it?,5000 mah,True,Is a cable attached?,a type-c cable,True,Is there any damage?,a loose port,True,3,approve
C00002,F0001,U0439,impostor,train,What capacity is printed on it?,20000 mAh with display,False,Is a cable attached?,a short white cable attached,False,Is there any damage?,I think a loose port,True,1,reject
C00003,F0002,U0734,impostor,test,What charm is on the keychain?,a cartoon figure,False,How many keys are there?,four keys,True,What kind of ring holds the keys?,split ring with a loop,False,1,reject
C00004,F0003,U0749,genuine_full,test,What kind of ring holds the keys?,a carabiner,True,What is written on the tag?,a hostel name,True,What charm is on the keychain?,a plastic football,True,3,approve
C00005,F0003,U0045,impostor,test,What kind of ring holds the keys?,a split ring with a loop,False,What is written on the tag?,I think a hostel name,True,What charm is on the keychain?,a small torch,False,1,reject
C00006,F0004,U0752,genuine_partial,train,Roughly how much cash is inside?,no cash,True,What other small item is inside?,a coin,True,Which card is in the first slot?,a metro card,False,2,manual_review
C00007,F0005,U0290,genuine_full,train,What is inside the front pocket?,two notebooks,True,Is there any tag or sticker on it?,yellow ribbon on the zip,True,What is the colour of the inner lining?,blue,True,3,approve
C00008,F0007,U0362,genuine_full,val,What kind of charger is it?,a 65W laptop charger,True,Is there any damage?,a frayed cable near the pin,True,Is there any marking?,a name written in marker,True,3,approve
C00009,F0008,U0659,genuine_full,test,What else is inside the case?,a cleaning cloth,True,What is printed on the case?,floral print,True,What colour is the frame inside?,brown frame,True,3,approve
C00010,F0008,U0211,impostor,test,What else is inside the case?,a screwdriver kit,False,What is printed on the case?,I think a name label,False,What colour is the frame inside?,gold frame,False,0,reject
C00011,F0009,U0046,impostor,val,What does the handle look like?,a straight handle,False,What strap does it have?,a red strap,False,Is there any damage?,I think a bent rib,True,1,reject
C00012,F0010,U0141,genuine_full,train,What other small item is inside?,a library slip,True,Which card is in the first slot?,a debit card,True,Roughly how much cash is inside?,I think 100 to 500 rupees,True,3,approve
C00013,F0010,U0612,impostor,train,What other small item is inside?,a visiting card,False,Which card is in the first slot?,a library card,False,Roughly how much cash is inside?,500 to 2000 rupees,False,0,reject
C00014,F0011,U0264,genuine_full,train,Which card is in the first slot?,I think a bus pass,True,Is there a photo inside?,no photo,True,What other small item is inside?,a library slip,True,3,approve
C00015,F0011,U0678,impostor,train,Which card is in the first slot?,a college ID,False,Is there a photo inside?,family photo,False,What other small item is inside?,a coin,False,0,reject
C00016,F0012,U0799,genuine_full,train,Is anything written on it?,initials on the cover,True,What cover does it have?,no cover,True,What is the model number?,fx-991ES Plus,True,3,approve
C00017,F0012,U0048,impostor,train,Is anything written on it?,no marking,False,What cover does it have?,no cover,True,What is the model number?,fx-570ES,False,1,reject
C00018,F0013,U0664,genuine_full,train,What kind of ring holds the keys?,steel ring,True,How many keys are there?,one key,True,What charm is on the keychain?,I think a plastic football,True,3,approve
C00019,F0013,U0525,impostor,train,What kind of ring holds the keys?,carabiner,False,How many keys are there?,five keys,False,What charm is on the keychain?,I think a cartoon figure,False,0,reject
C00020,F0014,U0401,genuine_partial,train,Is there any marking?,initials,True,Is there any damage?,I think no damage,True,What kind of charger is it?,I don't remember,False,2,manual_review
C00021,F0014,U0402,impostor,train,Is there any marking?,name written in marker,False,Is there any damage?,a cracked adapter body,False,What kind of charger is it?,a 20W phone charger,True,1,reject
C00022,F0015,U0204,genuine_full,train,Is there any damage?,no damage,True,What kind of charger is it?,a USB cable with adapter,True,How is the cable wrapped?,no wrap,True,3,approve
C00023,F0015,U0795,impostor,train,Is there any damage?,no damage,True,What kind of charger is it?,a 20w phone charger,False,How is the cable wrapped?,I think a rubber band around the cable,False,1,reject
C00024,F0016,U0697,impostor,train,How is the cable wrapped?,no wrap,False,Is there any damage?,a cracked adapter body,False,What kind of charger is it?,33W fast charger,True,1,reject
C00025,F0017,U0713,genuine_full,train,What charm is on the keychain?,a bell charm,True,What kind of ring holds the keys?,a carabiner,True,What is written on the tag?,cycle lock key attached,True,3,approve
C00026,F0018,U0166,genuine_partial,train,What charm is on the keychain?,I think a bell charm,True,What is written on the tag?,a cycle lock key attached,True,What kind of ring holds the keys?,carabiner,False,2,manual_review
C00027,F0019,U0791,impostor,train,Which earbuds are inside?,I think no buds,False,What cover does the case have?,I think a glitter cover,False,Is there any marking on it?,I think a name label,False,0,reject
C00028,F0020,U0249,genuine_full,train,What is the desktop wallpaper?,I think a mountain sunset,True,Was a charger with it?,no charger,True,What marks does it have?,no visible scratch,True,3,approve
C00029,F0022,U0707,genuine_full,train,What is the desktop wallpaper?,a cricket player photo,True,What marks does it have?,no visible scratch,True,Was a charger with it?,"I think yes, with a black adapter",True,3,approve
C00030,F0022,U0516,impostor,train,What is the desktop wallpaper?,a family photo,False,What marks does it have?,I think scratch on the left corner,False,Was a charger with it?,only the cable,False,0,reject
C00031,F0023,U0343,impostor,train,What is on the cover?,no marking,False,Which subject is it for?,Physics,False,Is there anything loose inside?,nothing inside,False,0,reject
C00032,F0024,U0679,genuine_full,train,Is there any damage?,loose strap,True,What colour is the strap?,a blue strap,True,What else was with it?,I think the charging dock in a pouch,True,3,approve
C00033,F0025,U0660,genuine_full,train,What other small item is inside?,a library slip,True,Is there a photo inside?,I think no photo,True,Which card is in the first slot?,a college ID,True,3,approve
C00034,F0026,U0792,genuine_full,train,What is on the cover?,I think a coffee stain,True,Which subject is it for?,machine learning,True,Is there anything loose inside?,nothing inside,True,3,approve
C00035,F0027,U0031,genuine_full,train,What is on the cover?,subject name only,True,Is there anything loose inside?,a sticky note inside,True,Which subject is it for?,data structures,True,3,approve
C00036,F0028,U0413,genuine_full,train,Is there any marking on it?,initial R,True,Which earbuds are inside?,only the right bud,True,Is there a charm attached?,a metal ring,True,3,approve
C00037,F0030,U0040,genuine_full,train,Was a charger with it?,"yes, with an extension cord",True,What sticker is on the lid?,a cartoon sticker,True,What is the desktop wallpaper?,a beach photo,True,3,approve
C00038,F0031,U0668,genuine_full,val,What kind of charger is it?,a 65W laptop charger,True,How is the cable wrapped?,tape on the cable,True,Is there any damage?,no damage,True,3,approve
C00039,F0031,U0688,impostor,val,What kind of charger is it?,33W fast charger,False,How is the cable wrapped?,tape on the cable,True,Is there any damage?,a bent pin,False,1,reject
C00040,F0032,U0327,genuine_full,train,Which subject is it for?,I think Physics,True,Is there anything loose inside?,nothing inside,True,What is on the first page?,a cartoon,True,3,approve
C00041,F0032,U0065,impostor,train,Which subject is it for?,I think Operating Systems,False,Is there anything loose inside?,nothing inside,True,What is on the first page?,timetable,False,1,reject
C00042,F0033,U0368,genuine_full,test,Is anything written on it?,name written on the back,True,What is the model number?,I think fx-570ES,True,Is any key damaged?,cracked corner,True,3,approve
C00043,F0033,U0800,impostor,test,Is anything written on it?,I think name written on the back,True,What is the model number?,fx-991ES Plus,False,Is any key damaged?,a cracked corner,True,2,manual_review
C00044,F0034,U0745,impostor,train,What colour is the frame inside?,transparent frame,False,What is the lens condition?,I think no scratches,False,What is printed on the case?,a logo of an optical shop,True,1,reject
C00045,F0035,U0737,genuine_partial,train,Roughly how much cash is inside?,over 2000 rupees,True,What other small item is inside?,a coin,True,Is there a photo inside?,I don't remember,False,2,manual_review
C00046,F0035,U0588,impostor,train,Roughly how much cash is inside?,no cash,False,What other small item is inside?,a small key,False,Is there a photo inside?,polaroid,False,0,reject
C00047,F0036,U0725,impostor,train,Is there any damage?,a scuffed corner,False,What watch face is set?,a digital face with steps,False,What else was with it?,no dock,False,0,reject
C00048,F0037,U0448,genuine_full,train,What is on the cover?,subject name only,True,What is on the first page?,a timetable,True,Which subject is it for?,data structures,True,3,approve
C00049,F0037,U0241,impostor,train,What is on the cover?,a sticker of a planet,False,What is on the first page?,a timetable,True,Which subject is it for?,Operating Systems,False,1,reject
C00050,F0038,U0055,genuine_full,train,Is there any damage?,no damage,True,What watch face is set?,an analog face,True,What else was with it?,no dock,True,3,approve
C00051,F0039,U0031,genuine_partial,test,What is on the first page?,cartoon,True,Which subject is it for?,DBMS,True,What is on the cover?,I don't remember,False,2,manual_review
C00052,F0040,U0552,impostor,train,What kind of case does it have?,blue hard case,False,Is there any screen damage?,scratched tempered glass,False,What wallpaper is on the phone?,a cricket player photo,False,0,reject
C00053,F0041,U0334,genuine_full,train,What is stuck to the back of the phone?,metro card in the cover,True,Is there any screen damage?,no cracks,True,What kind of case does it have?,flip cover,True,3,approve
C00054,F0041,U0346,impostor,train,What is stuck to the back of the phone?,no sticker,False,Is there any screen damage?,I think scratched tempered glass,False,What kind of case does it have?,transparent case,False,0,reject
C00055,F0042,U0613,genuine_full,train,What is printed on the case?,a floral print,True,What colour is the frame inside?,silver frame,True,What else is inside the case?,a cleaning cloth,True,3,approve
C00056,F0043,U0654,genuine_full,test,Is there any marking?,initials,True,Is there any damage?,a cracked adapter body,True,What kind of charger is it?,a usb cable with adapter,True,3,approve
C00057,F0044,U0690,genuine_full,train,What is inside the front pocket?,lunch box,True,What is the colour of the inner lining?,blue,True,Is there any tag or sticker on it?,a name tag with initials,True,3,approve
C00058,F0045,U0321,genuine_partial,train,What cover does it have?,I think no cover,True,Is any key damaged?,no damage,True,What is the model number?,fx-991EX,False,2,manual_review
C00059,F0045,U0226,impostor,train,What cover does it have?,a scratched cover,False,Is any key damaged?,a missing key cap,False,What is the model number?,fx-570ES,False,0,reject
C00060,F0046,U0623,genuine_partial,train,Is anything written on it?,no marking,True,What is the model number?,fx-991es plus,True,What cover does it have?,I don't remember,False,2,manual_review
C00061,F0046,U0602,impostor,train,Is anything written on it?,no marking,True,What is the model number?,fx-991ES Plus,True,What cover does it have?,I think a scratched cover,False,2,manual_review
C00062,F0048,U0718,genuine_full,train,What is the lens condition?,no scratches,True,What is printed on the case?,I think a logo of an optical shop,True,What else is inside the case?,a spare nose pad,True,3,approve
C00063,F0049,U0468,genuine_full,train,What is inside the front pocket?,calculator and a ruler,True,Describe the keychain attached to it.,football keychain,True,What is the colour of the inner lining?,red,True,3,approve
C00064,F0050,U0624,genuine_full,train,Was a charger with it?,I think no charger,True,What marks does it have?,worn keys near the touchpad,True,What sticker is on the lid?,a college club sticker,True,3,approve
C00065,F0050,U0199,impostor,train,Was a charger with it?,"yes, with a black adapter",False,What marks does it have?,I think no visible scratch,False,What sticker is on the lid?,a band sticker,False,0,reject
C00066,F0051,U0639,genuine_full,train,What colour is the strap?,a white strap,True,Is there any damage?,a scratch on the glass,True,What watch face is set?,family photo face,True,3,approve
C00067,F0052,U0485,genuine_full,train,What else was with it?,no dock,True,Is there any damage?,loose strap,True,What colour is the strap?,an olive strap,True,3,approve
C00068,F0053,U0484,genuine_full,train,Is there a photo inside?,no photo,True,What other small item is inside?,a small key,True,Roughly how much cash is inside?,no cash,True,3,approve
C00069,F0054,U0503,genuine_full,train,What else is inside the case?,a screwdriver kit,True,What is the lens condition?,an anti-glare coating,True,What colour is the frame inside?,silver frame,True,3,approve
C00070,F0054,U0172,impostor,train,What else is inside the case?,screwdriver kit,True,What is the lens condition?,no scratches,False,What colour is the frame inside?,transparent frame,False,1,reject
C00071,F0056,U0271,genuine_partial,val,Is there any damage?,a bent rib,False,What strap does it have?,a black velcro strap,True,What is inside the canopy?,a checked pattern,True,2,manual_review
C00072,F0056,U0161,impostor,val,Is there any damage?,a bent rib,False,What strap does it have?,no strap,False,What is inside the canopy?,a company logo,False,0,reject
C00073,F0057,U0305,genuine_partial,train,What colour is the strap?,I think an olive strap,True,What watch face is set?,digital face with steps,True,What else was with it?,I don't remember,False,2,manual_review
C00074,F0057,U0286,impostor,train,What colour is the strap?,I think a metal strap,False,What watch face is set?,cricket watch face,False,What else was with it?,a spare strap in a pouch,True,1,reject
C00075,F0058,U0028,genuine_full,train,Is there any damage?,I think a dent on one corner,True,What capacity is printed on it?,5000 mah,True,Is there a sticker on it?,cartoon sticker,True,3,approve
C00076,F0058,U0552,impostor,train,Is there any damage?,a scratched back,False,What capacity is printed on it?,10000 mAh,False,Is there a sticker on it?,a name sticker,False,0,reject
C00077,F0059,U0714,genuine_full,test,What is the colour of the inner lining?,orange,True,Is there any tag or sticker on it?,no sticker,True,Describe the keychain attached to it.,a brass ring with a bell,True,3,approve
C00078,F0059,U0108,impostor,test,What is the colour of the inner lining?,black,False,Is there any tag or sticker on it?,no sticker,True,Describe the keychain attached to it.,a red heart keychain,False,1,reject
C00079,F0060,U0568,genuine_full,test,Is there any tag or sticker on it?,a Spiderman sticker,True,Describe the keychain attached to it.,small panda keychain,True,What is the colour of the inner lining?,blue,True,3,approve
C00080,F0061,U0498,genuine_full,val,Is there any damage?,frayed cable near the pin,True,Is there any marking?,I think no marking,True,What kind of charger is it?,20W phone charger,True,3,approve
C00081,F0062,U0755,genuine_full,test,What watch face is set?,a cricket watch face,True,What colour is the strap?,I think a black strap,True,What else was with it?,no dock,True,3,approve
C00082,F0063,U0411,impostor,train,What is inside the bottle?,half filled with water,True,Where is the dent or scratch?,no dent,False,What kind of strap or handle does it have?,I think a black strap,True,2,manual_review
C00083,F0064,U0581,genuine_partial,train,What capacity is printed on it?,20000 mah,True,Is a cable attached?,I don't remember,False,Is there a sticker on it?,price sticker,True,2,manual_review
C00084,F0064,U0080,impostor,train,What capacity is printed on it?,20000 mAh,True,Is a cable attached?,I think no cable,False,Is there a sticker on it?,a name sticker,False,1,reject
C00085,F0065,U0397,genuine_full,train,Is there any damage?,a loose port,True,Is a cable attached?,I think no cable,True,Is there a sticker on it?,I think a price sticker,True,3,approve
C00086,F0065,U0478,impostor,train,Is there any damage?,a dent on one corner,False,Is a cable attached?,lightning cable,False,Is there a sticker on it?,a price sticker,True,1,reject
C00087,F0066,U0726,genuine_full,train,Is there any tag or sticker on it?,no sticker,True,Describe the keychain attached to it.,a red heart keychain,True,What is the colour of the inner lining?,grey,True,3,approve
C00088,F0066,U0572,impostor,train,Is there any tag or sticker on it?,a spiderman sticker,False,Describe the keychain attached to it.,football keychain,False,What is the colour of the inner lining?,black,False,0,reject
C00089,F0068,U0572,genuine_full,val,What does the handle look like?,straight handle,True,Is there any damage?,I think a missing button,True,What is inside the canopy?,a polka dot pattern,True,3,approve
C00090,F0069,U0532,genuine_full,train,What strap does it have?,a black velcro strap,True,What is inside the canopy?,plain inside,True,Is there any damage?,a bent rib,True,3,approve
C00091,F0070,U0625,genuine_full,train,What watch face is set?,a digital face with steps,True,What colour is the strap?,a metal strap,True,Is there any damage?,I think a loose strap,True,3,approve
C00092,F0070,U0423,impostor,train,What watch face is set?,a cricket watch face,False,What colour is the strap?,an olive strap,False,Is there any damage?,scuffed corner,False,0,reject
C00093,F0071,U0309,genuine_full,train,Is there a sticker on it?,a price sticker,True,What capacity is printed on it?,5000 mAh,True,Is there any damage?,a loose port,True,3,approve
C00094,F0071,U0125,impostor,train,Is there a sticker on it?,a price sticker,True,What capacity is printed on it?,20000 mAh,False,Is there any damage?,no damage,False,1,reject
C00095,F0073,U0488,genuine_full,train,Is a cable attached?,I think a type-C cable,True,Is there any damage?,no damage,True,What capacity is printed on it?,10000 mah slim,True,3,approve
C00096,F0074,U0491,genuine_full,train,What cover does the case have?,a glitter cover,True,Which earbuds are inside?,I think only the right bud,True,Is there a charm attached?,no charm,True,3,approve
C00097,F0074,U0554,impostor,train,What cover does the case have?,plain case,False,Which earbuds are inside?,only the right bud,True,Is there a charm attached?,beaded charm,False,1,reject
C00098,F0075,U0742,genuine_full,train,What colour is the strap?,I think an olive strap,True,What watch face is set?,a cricket watch face,True,Is there any damage?,I think a scuffed corner,True,3,approve
C00099,F0076,U0152,genuine_full,train,How many keys are there?,three keys,True,What kind of ring holds the keys?,a steel ring,True,What charm is on the keychain?,a plastic football,True,3,approve
C00100,F0076,U0612,impostor,train,How many keys are there?,two keys,False,What kind of ring holds the keys?,I think a steel ring,True,What charm is on the keychain?,a bottle opener,False,1,reject
C00101,F0077,U0474,genuine_partial,train,What charm is on the keychain?,a leather tag,True,How many keys are there?,four keys,True,What is written on the tag?,I don't remember,False,2,manual_review
C00102,F0077,U0221,impostor,train,What charm is on the keychain?,a plastic football,False,How many keys are there?,I think five keys,False,What is written on the tag?,a cycle lock key attached,False,0,reject
C00103,F0078,U0114,genuine_partial,train,What sticker is on the lid?,I don't remember,False,What marks does it have?,I think no visible scratch,True,What is the desktop wallpaper?,I think an anime character,True,2,manual_review
C00104,F0078,U0328,impostor,train,What sticker is on the lid?,a GitHub sticker,True,What marks does it have?,no visible scratch,True,What is the desktop wallpaper?,a family photo,False,2,manual_review
C00105,F0079,U0326,genuine_full,train,Is there a sticker on it?,a name sticker,True,Is a cable attached?,a type-C cable,True,Is there any damage?,a scratched back,True,3,approve
C00106,F0079,U0008,impostor,train,Is there a sticker on it?,a cartoon sticker,False,Is a cable attached?,a short white cable attached,False,Is there any damage?,dent on one corner,False,0,reject
C00107,F0080,U0605,genuine_partial,test,What is the lens condition?,a slightly loose screw,True,What colour is the frame inside?,I don't remember,False,What else is inside the case?,I think a spare nose pad,True,2,manual_review
C00108,F0081,U0191,genuine_full,train,What other small item is inside?,I think a folded receipt,True,Which card is in the first slot?,a library card,True,Is there a photo inside?,I think a passport-size photo,True,3,approve
C00109,F0082,U0627,genuine_full,train,What colour is the strap?,a black strap,True,What else was with it?,the charging dock in a pouch,True,Is there any damage?,no damage,True,3,approve
C00110,F0082,U0388,impostor,train,What colour is the strap?,an olive strap,False,What else was with it?,I think the charging dock in a pouch,True,Is there any damage?,a scuffed corner,False,1,reject
C00111,F0084,U0739,genuine_full,train,Is there any damage?,no damage,True,What strap does it have?,no strap,True,What does the handle look like?,a curved wooden handle,True,3,approve
C00112,F0085,U0407,genuine_partial,train,What is inside the front pocket?,an umbrella,True,Describe the keychain attached to it.,I don't remember,False,Is there any tag or sticker on it?,a college fest tag,True,2,manual_review
C00113,F0085,U0582,impostor,train,What is inside the front pocket?,a lunch box,False,Describe the keychain attached to it.,a football keychain,False,Is there any tag or sticker on it?,no sticker,False,0,reject
C00114,F0086,U0510,impostor,val,What else was with it?,a spare strap in a pouch,False,What watch face is set?,a plain black face,True,What colour is the strap?,an olive strap,False,1,reject
C00115,F0087,U0380,genuine_full,val,Is there anything loose inside?,I think nothing inside,True,What is on the first page?,I think a cartoon,True,What is on the cover?,I think no marking,True,3,approve
C00116,F0088,U0241,genuine_full,train,What colour is the strap?,a blue strap,True,What watch face is set?,plain black face,True,Is there any damage?,I think a scratch on the glass,True,3,approve
C00117,F0089,U0345,genuine_partial,val,What sticker is on the lid?,a college club sticker,True,Was a charger with it?,I don't remember,False,What marks does it have?,scratch on the left corner,True,2,manual_review
C00118,F0090,U0564,impostor,train,Is there anything loose inside?,a loose sheet inside,False,What is on the cover?,a doodle of a cat,False,What is on the first page?,a timetable,True,1,reject
C00119,F0091,U0247,genuine_full,train,What marks does it have?,I think scratch on the left corner,True,What sticker is on the lid?,a band sticker,True,Was a charger with it?,no charger,True,3,approve
C00120,F0092,U0319,genuine_full,test,What kind of strap or handle does it have?,a black strap,True,What is inside the bottle?,a tea bag inside,True,Where is the dent or scratch?,dent near the neck,True,3,approve
C00121,F0093,U0219,genuine_partial,val,Is there any marking on it?,a name label,True,What cover does the case have?,a leather pouch,True,Is there a charm attached?,I don't remember,False,2,manual_review
C00122,F0093,U0264,impostor,val,Is there any marking on it?,I think a heart drawn with marker,False,What cover does the case have?,a cartoon silicone cover,False,Is there a charm attached?,beaded charm,False,0,reject
C00123,F0094,U0421,genuine_partial,train,Is there any damage?,scuffed corner,False,What watch face is set?,a cricket watch face,True,What colour is the strap?,pink strap,True,2,manual_review
C00124,F0095,U0287,genuine_full,train,What is the model number?,fx-570ES,True,Is any key damaged?,no damage,True,What cover does it have?,a blue flip cover,True,3,approve
C00125,F0095,U0374,impostor,train,What is the model number?,fx-991ES Plus,False,Is any key damaged?,I think a missing key cap,False,What cover does it have?,a scratched cover,False,0,reject
C00126,F0096,U0166,impostor,train,What kind of case does it have?,transparent case,False,What is stuck to the back of the phone?,a ring holder,False,Is there any screen damage?,small chip on the bottom edge,False,0,reject
C00127,F0097,U0023,genuine_full,train,Is a cable attached?,a lightning cable,True,Is there a sticker on it?,a price sticker,True,Is there any damage?,a scratched back,True,3,approve
C00128,F0097,U0193,impostor,train,Is a cable attached?,no cable,False,Is there a sticker on it?,a name sticker,False,Is there any damage?,no damage,False,0,reject
C00129,F0098,U0702,genuine_full,test,What is inside the front pocket?,a calculator and a ruler,True,What is the colour of the inner lining?,black,True,Describe the keychain attached to it.,a metal bottle-opener keychain,True,3,approve
C00130,F0098,U0604,impostor,test,What is inside the front pocket?,pair of earphones,False,What is the colour of the inner lining?,grey,False,Describe the keychain attached to it.,I think a small panda keychain,False,0,reject
C00131,F0099,U0495,genuine_full,test,Describe the keychain attached to it.,I think a brass ring with a bell,True,Is there any tag or sticker on it?,I think a bus pass holder,True,What is the colour of the inner lining?,grey,True,3,approve
C00132,F0101,U0271,genuine_full,train,What kind of strap or handle does it have?,no strap,True,What sticker is on the bottle?,football sticker,True,What is inside the bottle?,empty,True,3,approve
C00133,F0101,U0667,impostor,train,What kind of strap or handle does it have?,no strap,True,What sticker is on the bottle?,no sticker,False,What is inside the bottle?,half filled with water,False,1,reject
C00134,F0102,U0347,genuine_full,train,What is on the first page?,a name and roll number,True,Is there anything loose inside?,I think a sticky note inside,True,Which subject is it for?,Engineering Maths,True,3,approve
C00135,F0102,U0037,impostor,train,What is on the first page?,I think a timetable,False,Is there anything loose inside?,a pen clipped inside,False,Which subject is it for?,data structures,False,0,reject
C00136,F0103,U0115,genuine_partial,train,Is there anything loose inside?,I think a sticky note inside,True,What is on the cover?,I don't remember,False,What is on the first page?,a timetable,True,2,manual_review
C00137,F0104,U0424,genuine_full,train,What is inside the bottle?,empty,True,What kind of strap or handle does it have?,I think a rope handle,True,What sticker is on the bottle?,a football sticker,True,3,approve
C00138,F0104,U0546,impostor,train,What is inside the bottle?,empty,True,What kind of strap or handle does it have?,a rope handle,True,What sticker is on the bottle?,a cartoon sticker,False,2,manual_review
C00139,F0105,U0132,genuine_full,train,Where is the dent or scratch?,dent near the neck,True,What kind of strap or handle does it have?,rope handle,True,What is inside the bottle?,I think a tea bag inside,True,3,approve
C00140,F0106,U0164,genuine_partial,val,What is inside the canopy?,floral print inside,True,What does the handle look like?,I don't remember,False,Is there any damage?,a missing button,True,2,manual_review
C00141,F0107,U0795,genuine_full,train,What is printed on the case?,I think a logo of an optical shop,True,What colour is the frame inside?,transparent frame,True,What else is inside the case?,a spare nose pad,True,3,approve
C00142,F0107,U0776,impostor,train,What is printed on the case?,a logo of an optical shop,True,What colour is the frame inside?,transparent frame,True,What else is inside the case?,a visiting card,False,2,manual_review
C00143,F0108,U0677,genuine_partial,train,What is printed on the case?,a logo of an optical shop,True,What colour is the frame inside?,black frame,True,What else is inside the case?,I don't remember,False,2,manual_review
C00144,F0108,U0625,impostor,train,What is printed on the case?,logo of an optical shop,True,What colour is the frame inside?,black frame,True,What else is inside the case?,I think a cleaning cloth,False,2,manual_review
C00145,F0109,U0600,genuine_full,test,Is there anything loose inside?,sticky note inside,True,Which subject is it for?,Operating Systems,True,What is on the first page?,I think an empty first page,True,3,approve
C00146,F0109,U0591,impostor,test,Is there anything loose inside?,nothing inside,False,Which subject is it for?,DBMS,False,What is on the first page?,I think a cartoon,False,0,reject
C00147,F0110,U0339,impostor,val,What cover does it have?,I think a blue flip cover,False,Is any key damaged?,a faded 7 key,False,What is the model number?,fx-82MS,False,0,reject
C00148,F0111,U0036,genuine_full,test,What watch face is set?,a digital face with steps,True,What else was with it?,no dock,True,What colour is the strap?,a white strap,True,3,approve
C00149,F0111,U0756,impostor,test,What watch face is set?,a cricket watch face,False,What else was with it?,no dock,True,What colour is the strap?,a pink strap,False,1,reject
C00150,F0112,U0468,genuine_full,test,What marks does it have?,I think no visible scratch,True,What is the desktop wallpaper?,a car photo,True,What sticker is on the lid?,cartoon sticker,True,3,approve
C00151,F0113,U0507,genuine_full,train,What cover does the case have?,a glitter cover,True,Which earbuds are inside?,both buds present,True,Is there a charm attached?,a metal ring,True,3,approve
C00152,F0113,U0548,impostor,train,What cover does the case have?,a leather pouch,False,Which earbuds are inside?,both buds present,True,Is there a charm attached?,no charm,False,1,reject
C00153,F0114,U0055,genuine_full,train,Is there any damage?,a loose port,True,Is a cable attached?,a type-c cable,True,What capacity is printed on it?,I think 10000 mAh,True,3,approve
C00154,F0114,U0281,impostor,train,Is there any damage?,no damage,False,Is a cable attached?,I think no cable,False,What capacity is printed on it?,5000 mAh,False,0,reject
C00155,F0115,U0226,genuine_partial,test,What is inside the bottle?,half filled with water,True,What kind of strap or handle does it have?,I don't remember,False,What sticker is on the bottle?,an NGO logo sticker,True,2,manual_review
C00156,F0115,U0740,impostor,test,What is inside the bottle?,empty,False,What kind of strap or handle does it have?,a rope handle,False,What sticker is on the bottle?,I think no sticker,False,0,reject
C00157,F0116,U0113,genuine_full,train,What marks does it have?,no visible scratch,True,What is the desktop wallpaper?,a cricket player photo,True,What sticker is on the lid?,I think a Python sticker,True,3,approve
C00158,F0117,U0287,impostor,test,Is there any screen damage?,no cracks,False,What wallpaper is on the phone?,family photo,False,What is stuck to the back of the phone?,a small smiley sticker,True,1,reject
C00159,F0118,U0189,genuine_full,train,What marks does it have?,no visible scratch,True,Was a charger with it?,only the cable,True,What is the desktop wallpaper?,an anime character,True,3,approve
C00160,F0118,U0328,impostor,train,What marks does it have?,I think dent on the lid,False,Was a charger with it?,no charger,False,What is the desktop wallpaper?,I think a family photo,False,0,reject
C00161,F0119,U0125,genuine_partial,test,Is there any screen damage?,no cracks,True,What is stuck to the back of the phone?,band logo sticker,True,What kind of case does it have?,I don't remember,False,2,manual_review
C00162,F0119,U0035,impostor,test,Is there any screen damage?,crack at top-left corner,False,What is stuck to the back of the phone?,heart sticker,False,What kind of case does it have?,transparent case,True,1,reject
C00163,F0121,U0182,genuine_full,train,What is the lens condition?,I think an anti-glare coating,True,What colour is the frame inside?,brown frame,True,What else is inside the case?,a screwdriver kit,True,3,approve
C00164,F0122,U0799,impostor,train,What wallpaper is on the phone?,a family photo,False,Is there any screen damage?,crack at top-left corner,False,What kind of case does it have?,I think green case with raised corners,True,1,reject
C00165,F0123,U0643,genuine_full,train,Is any key damaged?,a missing key cap,True,What is the model number?,fx-991ES Plus,True,Is anything written on it?,a sticker with a roll number,True,3,approve
C00166,F0124,U0733,genuine_full,train,Is any key damaged?,a faded 7 key,True,Is anything written on it?,no marking,True,What cover does it have?,no cover,True,3,approve
C00167,F0125,U0518,genuine_full,train,Is there any marking on it?,no marking,True,Which earbuds are inside?,only the left bud,True,Is there a charm attached?,no charm,True,3,approve
C00168,F0125,U0027,impostor,train,Is there any marking on it?,I think initial R,False,Which earbuds are inside?,both buds present,False,Is there a charm attached?,a tiny bear charm,False,0,reject
C00169,F0126,U0008,genuine_partial,train,What sticker is on the lid?,a college club sticker,True,What is the desktop wallpaper?,a beach photo,False,What marks does it have?,worn keys near the touchpad,True,2,manual_review
C00170,F0126,U0236,impostor,train,What sticker is on the lid?,a cartoon sticker,False,What is the desktop wallpaper?,a cat photo,False,What marks does it have?,I think scratch on the left corner,False,0,reject
C00171,F0129,U0515,genuine_full,train,Is there any tag or sticker on it?,I think a bus pass holder,True,What is inside the front pocket?,a calculator and a ruler,True,Describe the keychain attached to it.,a metal bottle-opener keychain,True,3,approve
C00172,F0131,U0672,impostor,val,What sticker is on the lid?,band sticker,False,What marks does it have?,dent on the lid,False,What is the desktop wallpaper?,I think a family photo,False,0,reject
C00173,F0132,U0708,impostor,val,How many keys are there?,four keys,False,What is written on the tag?,red key cover,True,What kind of ring holds the keys?,I think a carabiner,False,1,reject
C00174,F0133,U0610,genuine_full,val,What charm is on the keychain?,leather tag,True,How many keys are there?,three keys,True,What kind of ring holds the keys?,a plastic ring,True,3,approve
C00175,F0133,U0676,impostor,val,What charm is on the keychain?,plastic football,False,How many keys are there?,I think two keys,False,What kind of ring holds the keys?,a steel ring,False,0,reject
C00176,F0134,U0782,genuine_full,train,Is there a charm attached?,a beaded charm,True,Is there any marking on it?,I think initial R,True,Which earbuds are inside?,both buds present,True,3,approve
C00177,F0134,U0109,impostor,train,Is there a charm attached?,a metal ring,False,Is there any marking on it?,I think no marking,False,Which earbuds are inside?,no buds,False,0,reject
C00178,F0135,U0103,genuine_full,train,Which earbuds are inside?,both buds present,True,What cover does the case have?,a glitter cover,True,Is there a charm attached?,no charm,True,3,approve
C00179,F0136,U0240,genuine_full,test,Is anything written on it?,name written on the back,True,What is the model number?,fx-82MS,True,Is any key damaged?,I think a cracked corner,True,3,approve
C00180,F0136,U0004,impostor,test,Is anything written on it?,initials on the cover,False,What is the model number?,fx-570ES,False,Is any key damaged?,I think a missing key cap,False,0,reject
C00181,F0137,U0509,genuine_full,val,Is anything written on it?,I think no marking,True,What is the model number?,fx-82MS,True,Is any key damaged?,missing key cap,True,3,approve
C00182,F0138,U0667,genuine_full,val,Is any key damaged?,no damage,True,Is anything written on it?,I think initials on the cover,True,What is the model number?,I think fx-570ES,True,3,approve
C00183,F0139,U0407,impostor,val,How is the cable wrapped?,I think no wrap,False,What kind of charger is it?,a usb cable with adapter,True,Is there any marking?,I think a name written in marker,True,2,manual_review
C00184,F0140,U0696,genuine_full,train,Is a cable attached?,I think a type-C cable,True,Is there a sticker on it?,a price sticker,True,Is there any damage?,dent on one corner,True,3,approve
C00185,F0141,U0785,genuine_full,train,Is there a sticker on it?,price sticker,True,Is a cable attached?,short white cable attached,True,Is there any damage?,a dent on one corner,True,3,approve
C00186,F0142,U0463,genuine_partial,train,What is stuck to the back of the phone?,a ring holder,True,What kind of case does it have?,blue hard case,False,Is there any screen damage?,scratched tempered glass,True,2,manual_review
C00187,F0144,U0602,genuine_full,val,Is a cable attached?,a lightning cable,True,What capacity is printed on it?,20000 mah with display,True,Is there any damage?,a loose port,True,3,approve
C00188,F0145,U0601,genuine_full,val,What charm is on the keychain?,a bottle opener,True,What is written on the tag?,a red key cover,True,What kind of ring holds the keys?,a carabiner,True,3,approve
C00189,F0146,U0350,genuine_full,train,Was a charger with it?,I think no charger,True,What is the desktop wallpaper?,I think a cat photo,True,What sticker is on the lid?,I think a cartoon sticker,True,3,approve
C00190,F0146,U0182,impostor,train,Was a charger with it?,only the cable,False,What is the desktop wallpaper?,a cricket player photo,False,What sticker is on the lid?,a Python sticker,False,0,reject
C00191,F0147,U0735,genuine_full,train,Was a charger with it?,I think no charger,True,What sticker is on the lid?,band sticker,True,What marks does it have?,dent on the lid,True,3,approve
C00192,F0147,U0713,impostor,train,Was a charger with it?,no charger,True,What sticker is on the lid?,a GitHub sticker,False,What marks does it have?,worn keys near the touchpad,False,1,reject
C00193,F0148,U0214,genuine_partial,train,How many keys are there?,one key,True,What kind of ring holds the keys?,a plastic ring,True,What charm is on the keychain?,I don't remember,False,2,manual_review
C00194,F0149,U0656,genuine_full,val,What marks does it have?,no visible scratch,True,What sticker is on the lid?,a band sticker,True,What is the desktop wallpaper?,I think a cricket player photo,True,3,approve
C00195,F0150,U0590,genuine_full,train,Which earbuds are inside?,I think both buds present,True,What cover does the case have?,a glitter cover,True,Is there a charm attached?,a metal ring,True,3,approve
C00196,F0151,U0578,genuine_full,train,Is there any marking on it?,I think initial A,True,What cover does the case have?,glitter cover,True,Which earbuds are inside?,only the left bud,True,3,approve
C00197,F0152,U0763,genuine_full,val,Is a cable attached?,no cable,True,What capacity is printed on it?,10000 mah slim,True,Is there a sticker on it?,a cartoon sticker,True,3,approve
C00198,F0153,U0641,genuine_partial,val,What strap does it have?,a red strap,True,Is there any damage?,bent rib,True,What is inside the canopy?,I don't remember,False,2,manual_review
C00199,F0153,U0370,impostor,val,What strap does it have?,a red strap,True,Is there any damage?,no damage,False,What is inside the canopy?,floral print inside,False,1,reject
C00200,F0154,U0286,genuine_full,train,How is the cable wrapped?,no wrap,True,What kind of charger is it?,33W fast charger,True,Is there any damage?,I think a bent pin,True,3,approve
C00201,F0154,U0181,impostor,train,How is the cable wrapped?,velcro wrap,False,What kind of charger is it?,a 20W phone charger,False,Is there any damage?,a frayed cable near the pin,False,0,reject
C00202,F0155,U0155,genuine_full,train,How is the cable wrapped?,velcro wrap,True,What kind of charger is it?,I think a 20W phone charger,True,Is there any marking?,initials,True,3,approve
C00203,F0156,U0080,genuine_full,train,Is there any damage?,no damage,True,Is there any marking?,I think initials,True,How is the cable wrapped?,a rubber band around the cable,True,3,approve
C00204,F0156,U0650,impostor,train,Is there any damage?,no damage,True,Is there any marking?,coloured tape on the cable,False,How is the cable wrapped?,no wrap,False,1,reject
C00205,F0157,U0107,genuine_full,train,How is the cable wrapped?,no wrap,True,Is there any damage?,a frayed cable near the pin,True,Is there any marking?,no marking,True,3,approve
C00206,F0157,U0729,impostor,train,How is the cable wrapped?,no wrap,True,Is there any damage?,frayed cable near the pin,True,Is there any marking?,I think initials,False,2,manual_review
C00207,F0158,U0070,genuine_full,train,What watch face is set?,plain black face,True,What colour is the strap?,I think a pink strap,True,What else was with it?,no dock,True,3,approve
C00208,F0158,U0161,impostor,train,What watch face is set?,a plain black face,True,What colour is the strap?,a blue strap,False,What else was with it?,the charging dock in a pouch,False,1,reject
C00209,F0159,U0124,genuine_full,train,Roughly how much cash is inside?,100 to 500 rupees,True,Which card is in the first slot?,a metro card,True,Is there a photo inside?,family photo,True,3,approve
C00210,F0159,U0531,impostor,train,Roughly how much cash is inside?,over 2000 rupees,False,Which card is in the first slot?,a metro card,True,Is there a photo inside?,a polaroid,False,1,reject
C00211,F0160,U0327,genuine_full,train,What marks does it have?,dent on the lid,True,What sticker is on the lid?,I think a cartoon sticker,True,Was a charger with it?,only the cable,True,3,approve
C00212,F0160,U0600,impostor,train,What marks does it have?,scratch on the left corner,False,What sticker is on the lid?,a python sticker,False,Was a charger with it?,only the cable,True,1,reject
C00213,F0161,U0198,genuine_full,train,Is there any damage?,a scratch on the glass,True,What colour is the strap?,a blue strap,True,What else was with it?,I think no dock,True,3,approve
C00214,F0162,U0283,genuine_full,train,Is there a charm attached?,no charm,True,Which earbuds are inside?,no buds,True,Is there any marking on it?,a name label,True,3,approve
C00215,F0163,U0782,genuine_full,train,What is the lens condition?,no scratches,True,What colour is the frame inside?,brown frame,True,What else is inside the case?,a screwdriver kit,True,3,approve
C00216,F0164,U0638,genuine_full,train,Is a cable attached?,short white cable attached,True,Is there any damage?,scratched back,True,What capacity is printed on it?,20000 mAh,True,3,approve
C00217,F0165,U0283,genuine_full,val,What kind of charger is it?,a 33w fast charger,True,How is the cable wrapped?,I think a velcro wrap,True,Is there any damage?,no damage,True,3,approve
C00218,F0166,U0421,genuine_full,val,Is there any marking?,initials,True,What kind of charger is it?,a 33W fast charger,True,Is there any damage?,no damage,True,3,approve
C00219,F0166,U0731,impostor,val,Is there any marking?,no marking,False,What kind of charger is it?,a 33W fast charger,True,Is there any damage?,I think a bent pin,False,1,reject
C00220,F0167,U0730,genuine_full,test,Is there any screen damage?,I think crack at top-left corner,True,What is stuck to the back of the phone?,a small smiley sticker,True,What kind of case does it have?,green case with raised corners,True,3,approve
C00221,F0167,U0631,impostor,test,Is there any screen damage?,crack at top-left corner,True,What is stuck to the back of the phone?,I think no sticker,False,What kind of case does it have?,blue hard case,False,1,reject
C00222,F0168,U0375,genuine_full,train,Is there any damage?,a scuffed corner,True,What colour is the strap?,I think a pink strap,True,What else was with it?,a spare strap in a pouch,True,3,approve
C00223,F0169,U0258,genuine_full,test,What does the handle look like?,a straight handle,True,What is inside the canopy?,I think a checked pattern,True,What strap does it have?,a black Velcro strap,True,3,approve
C00224,F0169,U0557,impostor,test,What does the handle look like?,a handle with a rubber grip,False,What is inside the canopy?,polka dot pattern,False,What strap does it have?,I think a blue strap,False,0,reject
C00225,F0170,U0560,genuine_full,test,What is written on the tag?,a room number,True,What kind of ring holds the keys?,a split ring with a loop,True,How many keys are there?,I think two keys,True,3,approve
C00226,F0170,U0374,impostor,test,What is written on the tag?,a hostel name,False,What kind of ring holds the keys?,a steel ring,False,How many keys are there?,two keys,True,1,reject
C00227,F0171,U0173,impostor,train,Is there a charm attached?,a metal ring,True,Is there any marking on it?,name label,False,Which earbuds are inside?,only the right bud,True,2,manual_review
C00228,F0172,U0517,genuine_full,train,What kind of strap or handle does it have?,a rope handle,True,Where is the dent or scratch?,scratch on the side,True,What sticker is on the bottle?,an NGO logo sticker,True,3,approve
C00229,F0174,U0371,genuine_full,test,How is the cable wrapped?,a rubber band around the cable,True,What kind of charger is it?,I think a USB cable with adapter,True,Is there any marking?,a name written in marker,True,3,approve
C00230,F0175,U0084,genuine_full,test,Is there any damage?,I think no damage,True,How is the cable wrapped?,velcro wrap,True,Is there any marking?,initials,True,3,approve
C00231,F0176,U0139,genuine_full,train,Is any key damaged?,missing key cap,True,Is anything written on it?,initials on the cover,True,What cover does it have?,a black slide cover,True,3,approve
C00232,F0176,U0433,impostor,train,Is any key damaged?,I think a faded 7 key,False,Is anything written on it?,I think name written on the back,False,What cover does it have?,a black slide cover,True,1,reject
C00233,F0177,U0340,genuine_partial,train,How many keys are there?,one key,True,What charm is on the keychain?,I don't remember,False,What is written on the tag?,I think no tag,True,2,manual_review
C00234,F0178,U0510,genuine_full,train,What else was with it?,spare strap in a pouch,True,What colour is the strap?,blue strap,True,What watch face is set?,I think a family photo face,True,3,approve
C00235,F0179,U0452,genuine_full,train,What kind of ring holds the keys?,a carabiner,True,What charm is on the keychain?,a plastic football,True,What is written on the tag?,I think a hostel name,True,3,approve
C00236,F0180,U0620,genuine_full,train,What watch face is set?,an analog face,True,What colour is the strap?,a metal strap,True,Is there any damage?,a scuffed corner,True,3,approve
C00237,F0180,U0391,impostor,train,What watch face is set?,an analog face,True,What colour is the strap?,a blue strap,False,Is there any damage?,scratch on the glass,False,1,reject
C00238,F0181,U0683,genuine_full,train,Is any key damaged?,a faded 7 key,True,Is anything written on it?,no marking,True,What cover does it have?,no cover,True,3,approve
C00239,F0181,U0193,impostor,train,Is any key damaged?,a missing key cap,False,Is anything written on it?,I think a sticker with a roll number,False,What cover does it have?,black slide cover,False,0,reject
C00240,F0182,U0249,genuine_partial,train,Is there any screen damage?,I don't remember,False,What is stuck to the back of the phone?,a band logo sticker,True,What wallpaper is on the phone?,an anime character,True,2,manual_review
C00241,F0182,U0757,impostor,train,Is there any screen damage?,small chip on the bottom edge,True,What is stuck to the back of the phone?,I think a small smiley sticker,False,What wallpaper is on the phone?,a cat photo,False,1,reject
C00242,F0183,U0579,genuine_full,test,How many keys are there?,I think two keys,True,What charm is on the keychain?,I think a bottle opener,True,What kind of ring holds the keys?,split ring with a loop,True,3,approve
C00243,F0184,U0190,genuine_full,train,Is any key damaged?,faded 7 key,True,What is the model number?,fx-82MS,True,Is anything written on it?,a sticker with a roll number,True,3,approve
C00244,F0184,U0266,impostor,train,Is any key damaged?,cracked corner,False,What is the model number?,fx-82MS,True,Is anything written on it?,no marking,False,1,reject
C00245,F0185,U0254,genuine_partial,train,What strap does it have?,I think no strap,True,What does the handle look like?,I don't remember,False,Is there any damage?,a bent rib,True,2,manual_review
C00246,F0185,U0328,impostor,train,What strap does it have?,no strap,True,What does the handle look like?,curved wooden handle,True,Is there any damage?,I think a missing button,False,2,manual_review
C00247,F0186,U0605,genuine_full,val,Roughly how much cash is inside?,I think 100 to 500 rupees,True,Which card is in the first slot?,a college id,True,What other small item is inside?,library slip,True,3,approve
C00248,F0186,U0071,impostor,val,Roughly how much cash is inside?,500 to 2000 rupees,False,Which card is in the first slot?,a college ID,True,What other small item is inside?,I think a library slip,True,2,manual_review
C00249,F0187,U0580,genuine_full,train,What wallpaper is on the phone?,an anime character,True,Is there any screen damage?,a dead pixel line,True,What is stuck to the back of the phone?,no sticker,True,3,approve
C00250,F0188,U0292,genuine_partial,train,How is the cable wrapped?,I don't remember,False,Is there any damage?,I think a bent pin,True,Is there any marking?,a name written in marker,True,2,manual_review
C00251,F0188,U0710,impostor,train,How is the cable wrapped?,I think a rubber band around the cable,False,Is there any damage?,a bent pin,True,Is there any marking?,coloured tape on the cable,False,1,reject
C00252,F0189,U0728,genuine_partial,train,What is inside the front pocket?,a lunch box,True,Describe the keychain attached to it.,I don't remember,False,Is there any tag or sticker on it?,I think a yellow ribbon on the zip,True,2,manual_review
C00253,F0190,U0358,genuine_full,train,What other small item is inside?,a folded receipt,True,Is there a photo inside?,I think a small deity picture,True,Roughly how much cash is inside?,no cash,True,3,approve
C00254,F0190,U0639,impostor,train,What other small item is inside?,a small key,False,Is there a photo inside?,a family photo,False,Roughly how much cash is inside?,I think over 2000 rupees,False,0,reject
C00255,F0191,U0261,genuine_full,train,What is the lens condition?,I think a slightly loose screw,True,What colour is the frame inside?,brown frame,True,What else is inside the case?,spare nose pad,True,3,approve
C00256,F0192,U0280,genuine_full,test,Is there any marking?,a name written in marker,True,Is there any damage?,I think a cracked adapter body,True,What kind of charger is it?,a USB cable with adapter,True,3,approve
C00257,F0193,U0458,genuine_partial,val,What is printed on the case?,a floral print,False,What is the lens condition?,slightly loose screw,True,What colour is the frame inside?,silver frame,True,2,manual_review
C00258,F0193,U0121,impostor,val,What is printed on the case?,a floral print,False,What is the lens condition?,no scratches,False,What colour is the frame inside?,transparent frame,False,0,reject
C00259,F0195,U0087,genuine_partial,train,Is there any damage?,I don't remember,False,Is there a sticker on it?,cartoon sticker,True,Is a cable attached?,a lightning cable,True,2,manual_review
C00260,F0196,U0384,genuine_full,train,Is there any marking on it?,I think a heart drawn with marker,True,What cover does the case have?,a plain case,True,Which earbuds are inside?,only the right bud,True,3,approve
C00261,F0196,U0795,impostor,train,Is there any marking on it?,name label,False,What cover does the case have?,silicone cover with a hook,False,Which earbuds are inside?,no buds,False,0,reject
C00262,F0197,U0589,genuine_full,train,Describe the keychain attached to it.,no keychain,True,What is the colour of the inner lining?,orange,True,Is there any tag or sticker on it?,a bus pass holder,True,3,approve
C00263,F0197,U0588,impostor,train,Describe the keychain attached to it.,a red heart keychain,False,What is the colour of the inner lining?,blue,False,Is there any tag or sticker on it?,I think no sticker,False,0,reject
C00264,F0198,U0080,genuine_full,train,What is stuck to the back of the phone?,no sticker,True,What wallpaper is on the phone?,plain black,True,What kind of case does it have?,I think no case,True,3,approve
C00265,F0198,U0526,impostor,train,What is stuck to the back of the phone?,a band logo sticker,False,What wallpaper is on the phone?,a cricket player photo,False,What kind of case does it have?,flip cover,False,0,reject
C00266,F0199,U0343,genuine_partial,train,What cover does the case have?,I think a cartoon silicone cover,True,Is there any marking on it?,heart drawn with marker,True,Which earbuds are inside?,I don't remember,False,2,manual_review
C00267,F0199,U0463,impostor,train,What cover does the case have?,a silicone cover with a hook,False,Is there any marking on it?,initial A,False,Which earbuds are inside?,only the left bud,True,1,reject
C00268,F0200,U0404,genuine_full,train,What cover does the case have?,a silicone cover with a hook,True,Which earbuds are inside?,only the left bud,True,Is there any marking on it?,no marking,True,3,approve
C00269,F0200,U0698,impostor,train,What cover does the case have?,cartoon silicone cover,False,Which earbuds are inside?,only the right bud,False,Is there any marking on it?,initial S,False,0,reject
C00270,F0201,U0126,genuine_full,val,What marks does it have?,I think dent on the lid,True,What is the desktop wallpaper?,a mountain sunset,True,What sticker is on the lid?,no sticker,True,3,approve
C00271,F0202,U0299,genuine_full,train,Which earbuds are inside?,only the right bud,True,Is there a charm attached?,a tiny bear charm,True,Is there any marking on it?,no marking,True,3,approve
C00272,F0203,U0496,genuine_full,train,Which earbuds are inside?,only the right bud,True,Is there a charm attached?,no charm,True,Is there any marking on it?,initial R,True,3,approve
C00273,F0204,U0627,genuine_full,train,What else is inside the case?,no cloth,True,What is printed on the case?,I think a floral print,True,What is the lens condition?,a scratch on the right lens,True,3,approve
C00274,F0205,U0259,genuine_partial,train,What sticker is on the lid?,a band sticker,True,What is the desktop wallpaper?,I don't remember,False,What marks does it have?,dent on the lid,True,2,manual_review
C00275,F0205,U0239,impostor,train,What sticker is on the lid?,a GitHub sticker,False,What is the desktop wallpaper?,I think a car photo,False,What marks does it have?,no visible scratch,False,0,reject
C00276,F0206,U0213,genuine_full,train,What else is inside the case?,visiting card,True,What is printed on the case?,no logo,True,What colour is the frame inside?,brown frame,True,3,approve
C00277,F0206,U0466,impostor,train,What else is inside the case?,a spare nose pad,False,What is printed on the case?,no logo,True,What colour is the frame inside?,I think transparent frame,False,1,reject
C00278,F0207,U0759,genuine_full,val,What kind of ring holds the keys?,split ring with a loop,True,How many keys are there?,one key,True,What is written on the tag?,I think a hostel name,True,3,approve
C00279,F0208,U0104,genuine_partial,train,What is on the cover?,coffee stain,True,What is on the first page?,an empty first page,True,Is there anything loose inside?,a sticky note inside,False,2,manual_review
C00280,F0209,U0117,genuine_full,train,What charm is on the keychain?,a cartoon figure,True,What is written on the tag?,a room number,True,How many keys are there?,three keys,True,3,approve
C00281,F0210,U0335,genuine_full,val,What capacity is printed on it?,10000 mAh slim,True,Is there a sticker on it?,a cartoon sticker,True,Is there any damage?,no damage,True,3,approve
C00282,F0210,U0354,impostor,val,What capacity is printed on it?,10000 mAh slim,True,Is there a sticker on it?,no sticker,False,Is there any damage?,no damage,True,2,manual_review
C00283,F0211,U0301,genuine_partial,train,What colour is the strap?,a black strap,True,What watch face is set?,family photo face,False,What else was with it?,a spare strap in a pouch,True,2,manual_review
C00284,F0213,U0430,genuine_full,train,What is inside the canopy?,plain inside,True,Is there any damage?,a bent rib,True,What strap does it have?,I think a red strap,True,3,approve
C00285,F0213,U0757,impostor,train,What is inside the canopy?,floral print inside,False,Is there any damage?,torn edge,False,What strap does it have?,black Velcro strap,False,0,reject
C00286,F0214,U0019,genuine_full,test,What watch face is set?,an analog face,True,What colour is the strap?,blue strap,True,What else was with it?,I think a spare strap in a pouch,True,3,approve
C00287,F0215,U0027,genuine_full,train,Is there a sticker on it?,no sticker,True,What capacity is printed on it?,I think 10000 mAh slim,True,Is a cable attached?,no cable,True,3,approve
C00288,F0216,U0671,genuine_partial,train,Is there any damage?,no damage,True,Is a cable attached?,I don't remember,False,Is there a sticker on it?,price sticker,True,2,manual_review
C00289,F0217,U0408,genuine_partial,train,What other small item is inside?,library slip,False,Roughly how much cash is inside?,no cash,True,Which card is in the first slot?,a library card,True,2,manual_review
C00290,F0217,U0613,impostor,train,What other small item is inside?,a visiting card,False,Roughly how much cash is inside?,under 100 rupees,False,Which card is in the first slot?,a bus pass,False,0,reject
C00291,F0219,U0768,genuine_full,train,What kind of strap or handle does it have?,a loop on the cap,True,What is inside the bottle?,empty,True,What sticker is on the bottle?,a cartoon sticker,True,3,approve
C00292,F0219,U0555,impostor,train,What kind of strap or handle does it have?,rope handle,False,What is inside the bottle?,empty,True,What sticker is on the bottle?,cartoon sticker,True,2,manual_review
C00293,F0220,U0793,genuine_full,train,What colour is the strap?,an olive strap,True,Is there any damage?,loose strap,True,What else was with it?,I think a spare strap in a pouch,True,3,approve
C00294,F0220,U0076,impostor,train,What colour is the strap?,a blue strap,False,Is there any damage?,no damage,False,What else was with it?,no dock,False,0,reject
C00295,F0221,U0185,genuine_full,val,What else is inside the case?,I think a visiting card,True,What colour is the frame inside?,silver frame,True,What is the lens condition?,a slightly loose screw,True,3,approve
C00296,F0222,U0677,genuine_partial,val,What is printed on the case?,a name label,False,What colour is the frame inside?,brown frame,True,What is the lens condition?,no scratches,True,2,manual_review
C00297,F0222,U0409,impostor,val,What is printed on the case?,a logo of an optical shop,False,What colour is the frame inside?,transparent frame,False,What is the lens condition?,a scratch on the right lens,False,0,reject
C00298,F0223,U0119,genuine_full,val,Is there any damage?,I think a bent rib,True,What strap does it have?,I think a red strap,True,What is inside the canopy?,a company logo,True,3,approve
C00299,F0224,U0392,genuine_full,val,What does the handle look like?,straight handle,True,Is there any damage?,a bent rib,True,What is inside the canopy?,I think floral print inside,True,3,approve
C00300,F0225,U0182,genuine_full,train,What is the model number?,fx-82MS,True,Is anything written on it?,a sticker with a roll number,True,Is any key damaged?,a missing key cap,True,3,approve
C00301,F0225,U0517,impostor,train,What is the model number?,fx-991ES Plus,False,Is anything written on it?,initials on the cover,False,Is any key damaged?,a missing key cap,True,1,reject
C00302,F0226,U0361,genuine_full,train,Is there any damage?,a scratched back,True,What capacity is printed on it?,10000 mAh,True,Is there a sticker on it?,no sticker,True,3,approve
C00303,F0226,U0260,impostor,train,Is there any damage?,a scratched back,True,What capacity is printed on it?,I think 10000 mAh,True,Is there a sticker on it?,a price sticker,False,2,manual_review
C00304,F0227,U0295,genuine_partial,test,What is on the cover?,sticker of a planet,True,Is there anything loose inside?,a sticky note inside,True,Which subject is it for?,I think DBMS,False,2,manual_review
C00305,F0227,U0019,impostor,test,What is on the cover?,a sticker of a planet,True,Is there anything loose inside?,a loose sheet inside,False,Which subject is it for?,Engineering Maths,False,1,reject
C00306,F0228,U0164,genuine_full,train,What is stuck to the back of the phone?,metro card in the cover,True,Is there any screen damage?,crack at top-left corner,True,What kind of case does it have?,flip cover,True,3,approve
C00307,F0228,U0190,impostor,train,What is stuck to the back of the phone?,band logo sticker,False,Is there any screen damage?,no cracks,False,What kind of case does it have?,black silicone case,False,0,reject
C00308,F0229,U0044,genuine_full,train,What is written on the tag?,no tag,True,What charm is on the keychain?,a leather tag,True,What kind of ring holds the keys?,steel ring,True,3,approve
C00309,F0230,U0669,genuine_partial,test,Roughly how much cash is inside?,100 to 500 rupees,True,What other small item is inside?,I don't remember,False,Which card is in the first slot?,a bus pass,True,2,manual_review
C00310,F0230,U0731,impostor,test,Roughly how much cash is inside?,over 2000 rupees,False,What other small item is inside?,a small key,False,Which card is in the first slot?,a metro card,False,0,reject
C00311,F0231,U0060,genuine_full,train,What is the desktop wallpaper?,an anime character,True,What marks does it have?,I think worn keys near the touchpad,True,What sticker is on the lid?,I think a GitHub sticker,True,3,approve
C00312,F0232,U0689,genuine_partial,train,What sticker is on the lid?,a college club sticker,False,What is the desktop wallpaper?,a family photo,True,Was a charger with it?,no charger,True,2,manual_review
C00313,F0233,U0283,genuine_full,test,What is inside the bottle?,a lemon slice inside,True,What kind of strap or handle does it have?,no strap,True,Where is the dent or scratch?,dent near the bottom,True,3,approve
C00314,F0233,U0771,impostor,test,What is inside the bottle?,a tea bag inside,False,What kind of strap or handle does it have?,I think a black strap,False,Where is the dent or scratch?,I think no dent,False,0,reject
C00315,F0234,U0278,genuine_full,train,What is the desktop wallpaper?,an anime character,True,What marks does it have?,I think dent on the lid,True,What sticker is on the lid?,a band sticker,True,3,approve
C00316,F0234,U0377,impostor,train,What is the desktop wallpaper?,I think a cat photo,False,What marks does it have?,dent on the lid,True,What sticker is on the lid?,no sticker,False,1,reject
C00317,F0235,U0293,genuine_full,val,What else was with it?,I think the charging dock in a pouch,True,Is there any damage?,a scratch on the glass,True,What colour is the strap?,an olive strap,True,3,approve
C00318,F0235,U0654,impostor,val,What else was with it?,no dock,False,Is there any damage?,a scuffed corner,False,What colour is the strap?,an olive strap,True,1,reject
C00319,F0236,U0410,genuine_full,val,Is there any damage?,a scuffed corner,True,What colour is the strap?,metal strap,True,What else was with it?,the charging dock in a pouch,True,3,approve
C00320,F0236,U0757,impostor,val,Is there any damage?,no damage,False,What colour is the strap?,a blue strap,False,What else was with it?,the charging dock in a pouch,True,1,reject
C00321,F0237,U0169,impostor,train,What is the desktop wallpaper?,family photo,False,Was a charger with it?,no charger,False,What marks does it have?,I think no visible scratch,True,1,reject
C00322,F0238,U0317,genuine_full,train,What kind of case does it have?,I think black silicone case,True,Is there any screen damage?,a dead pixel line,True,What is stuck to the back of the phone?,a band logo sticker,True,3,approve
C00323,F0238,U0395,impostor,train,What kind of case does it have?,green case with raised corners,False,Is there any screen damage?,I think small chip on the bottom edge,False,What is stuck to the back of the phone?,a metro card in the cover,False,0,reject
C00324,F0239,U0607,genuine_full,train,What wallpaper is on the phone?,a car photo,True,Is there any screen damage?,no cracks,True,What kind of case does it have?,transparent case,True,3,approve
C00325,F0240,U0328,genuine_full,train,What other small item is inside?,a movie ticket,True,Roughly how much cash is inside?,under 100 rupees,True,Is there a photo inside?,I think no photo,True,3,approve
C00326,F0240,U0419,impostor,train,What other small item is inside?,a movie ticket,True,Roughly how much cash is inside?,I think 500 to 2000 rupees,False,Is there a photo inside?,I think a passport-size photo,False,1,reject
C00327,F0241,U0637,genuine_full,train,Roughly how much cash is inside?,under 100 rupees,True,Which card is in the first slot?,a library card,True,Is there a photo inside?,a passport-size photo,True,3,approve
C00328,F0241,U0238,impostor,train,Roughly how much cash is inside?,no cash,False,Which card is in the first slot?,a debit card,False,Is there a photo inside?,a polaroid,False,0,reject
C00329,F0243,U0221,genuine_full,train,How many keys are there?,three keys,True,What is written on the tag?,I think no tag,True,What charm is on the keychain?,a bell charm,True,3,approve
C00330,F0243,U0337,impostor,train,How many keys are there?,three keys,True,What is written on the tag?,a cycle lock key attached,False,What charm is on the keychain?,a bottle opener,False,1,reject
C00331,F0244,U0007,genuine_full,train,Is there any damage?,a loose strap,True,What colour is the strap?,a pink strap,True,What watch face is set?,a family photo face,True,3,approve
C00332,F0244,U0597,impostor,train,Is there any damage?,a scratch on the glass,False,What colour is the strap?,a black strap,False,What watch face is set?,I think an analog face,False,0,reject
C00333,F0245,U0430,genuine_full,train,What marks does it have?,I think scratch on the left corner,True,Was a charger with it?,"I think yes, with a black adapter",True,What sticker is on the lid?,Python sticker,True,3,approve
C00334,F0246,U0064,genuine_full,train,What is the desktop wallpaper?,I think plain black,True,What marks does it have?,no visible scratch,True,What sticker is on the lid?,no sticker,True,3,approve
C00335,F0247,U0713,genuine_full,train,Was a charger with it?,no charger,True,What marks does it have?,dent on the lid,True,What is the desktop wallpaper?,I think a family photo,True,3,approve
C00336,F0247,U0687,impostor,train,Was a charger with it?,only the cable,False,What marks does it have?,no visible scratch,False,What is the desktop wallpaper?,beach photo,False,0,reject
C00337,F0248,U0109,genuine_full,test,Is there a photo inside?,passport-size photo,True,Which card is in the first slot?,a college ID,True,Roughly how much cash is inside?,100 to 500 rupees,True,3,approve
C00338,F0249,U0489,genuine_full,train,Is there a charm attached?,no charm,True,Is there any marking on it?,I think a heart drawn with marker,True,Which earbuds are inside?,no buds,True,3,approve
C00339,F0250,U0039,genuine_partial,test,What kind of case does it have?,blue hard case,True,What wallpaper is on the phone?,an anime character,True,Is there any screen damage?,I don't remember,False,2,manual_review
C00340,F0250,U0134,impostor,test,What kind of case does it have?,I think no case,False,What wallpaper is on the phone?,a mountain sunset,False,Is there any screen damage?,small chip on the bottom edge,True,1,reject
C00341,F0251,U0517,genuine_full,train,Is a cable attached?,a lightning cable,True,Is there a sticker on it?,name sticker,True,What capacity is printed on it?,20000 mAh,True,3,approve
C00342,F0251,U0469,impostor,train,Is a cable attached?,a short white cable attached,False,Is there a sticker on it?,a name sticker,True,What capacity is printed on it?,5000 mah,False,1,reject
C00343,F0252,U0390,genuine_full,train,Is there a sticker on it?,a price sticker,True,What capacity is printed on it?,I think 20000 mAh with display,True,Is there any damage?,no damage,True,3,approve
C00344,F0252,U0269,impostor,train,Is there a sticker on it?,price sticker,True,What capacity is printed on it?,20000 mah with display,True,Is there any damage?,a dent on one corner,False,2,manual_review
C00345,F0253,U0339,genuine_full,val,Is there a charm attached?,a tiny bear charm,True,Which earbuds are inside?,no buds,True,What cover does the case have?,plain case,True,3,approve
C00346,F0253,U0702,impostor,val,Is there a charm attached?,a beaded charm,False,Which earbuds are inside?,no buds,True,What cover does the case have?,I think a leather pouch,False,1,reject
C00347,F0254,U0220,genuine_full,test,Which subject is it for?,Operating Systems,True,What is on the first page?,an empty first page,True,What is on the cover?,no marking,True,3,approve
C00348,F0254,U0744,impostor,test,Which subject is it for?,Engineering Maths,False,What is on the first page?,a timetable,False,What is on the cover?,a coffee stain,False,0,reject
C00349,F0255,U0048,genuine_full,test,Which subject is it for?,Physics,True,Is there anything loose inside?,nothing inside,True,What is on the first page?,a name and roll number,True,3,approve
C00350,F0255,U0150,impostor,test,Which subject is it for?,DBMS,False,Is there anything loose inside?,I think a loose sheet inside,False,What is on the first page?,a cartoon,False,0,reject
C00351,F0256,U0268,genuine_full,test,Is there any damage?,dent on one corner,True,What capacity is printed on it?,5000 mAh,True,Is a cable attached?,a short white cable attached,True,3,approve
C00352,F0257,U0702,genuine_full,test,Is there any damage?,scratched back,True,Is a cable attached?,short white cable attached,True,What capacity is printed on it?,20000 mAh with display,True,3,approve
C00353,F0258,U0699,genuine_full,train,Is there any screen damage?,small chip on the bottom edge,True,What kind of case does it have?,black silicone case,True,What is stuck to the back of the phone?,no sticker,True,3,approve
C00354,F0258,U0319,impostor,train,Is there any screen damage?,I think crack at top-left corner,False,What kind of case does it have?,transparent case,False,What is stuck to the back of the phone?,a band logo sticker,False,0,reject
C00355,F0259,U0291,genuine_full,test,What does the handle look like?,a curved wooden handle,True,What is inside the canopy?,I think a company logo,True,Is there any damage?,bent rib,True,3,approve
C00356,F0260,U0608,genuine_full,test,Is there any damage?,a bent rib,True,What strap does it have?,black Velcro strap,True,What does the handle look like?,a straight handle,True,3,approve
C00357,F0260,U0138,impostor,test,Is there any damage?,I think a torn edge,False,What strap does it have?,a black Velcro strap,True,What does the handle look like?,I think a straight handle,True,2,manual_review
C00358,F0261,U0457,genuine_full,train,What is the desktop wallpaper?,a mountain sunset,True,What marks does it have?,scratch on the left corner,True,Was a charger with it?,"yes, with an extension cord",True,3,approve
C00359,F0261,U0606,impostor,train,What is the desktop wallpaper?,a cricket player photo,False,What marks does it have?,worn keys near the touchpad,False,Was a charger with it?,"yes, with a black adapter",False,0,reject
C00360,F0262,U0110,genuine_full,train,What marks does it have?,dent on the lid,True,What is the desktop wallpaper?,an anime character,True,What sticker is on the lid?,a cartoon sticker,True,3,approve
C00361,F0262,U0271,impostor,train,What marks does it have?,worn keys near the touchpad,False,What is the desktop wallpaper?,I think an anime character,True,What sticker is on the lid?,a Python sticker,False,1,reject
C00362,F0263,U0552,impostor,val,What is on the cover?,a sticker of a planet,False,Which subject is it for?,I think Engineering Maths,True,Is there anything loose inside?,nothing inside,False,1,reject
C00363,F0264,U0763,genuine_partial,train,Which card is in the first slot?,a debit card,False,Is there a photo inside?,a family photo,True,Roughly how much cash is inside?,500 to 2000 rupees,True,2,manual_review
C00364,F0264,U0063,impostor,train,Which card is in the first slot?,a metro card,False,Is there a photo inside?,passport-size photo,False,Roughly how much cash is inside?,500 to 2000 rupees,True,1,reject
C00365,F0265,U0244,genuine_full,train,Is any key damaged?,no damage,True,What is the model number?,fx-991EX,True,What cover does it have?,I think a blue flip cover,True,3,approve
C00366,F0265,U0780,impostor,train,Is any key damaged?,missing key cap,False,What is the model number?,fx-991EX,True,What cover does it have?,a scratched cover,False,1,reject
C00367,F0266,U0020,genuine_partial,train,Is anything written on it?,I don't remember,False,What is the model number?,fx-991ES Plus,True,Is any key damaged?,a cracked corner,True,2,manual_review
C00368,F0267,U0207,genuine_full,train,What cover does the case have?,silicone cover with a hook,True,Is there a charm attached?,a metal ring,True,Is there any marking on it?,initial S,True,3,approve
C00369,F0267,U0607,impostor,train,What cover does the case have?,I think a leather pouch,False,Is there a charm attached?,no charm,False,Is there any marking on it?,a name label,False,0,reject
C00370,F0268,U0229,genuine_partial,train,What is on the cover?,no marking,True,Which subject is it for?,I don't remember,False,What is on the first page?,timetable,True,2,manual_review
C00371,F0268,U0653,impostor,train,What is on the cover?,a name label,False,Which subject is it for?,Engineering Maths,False,What is on the first page?,an empty first page,False,0,reject
C00372,F0269,U0576,genuine_full,test,Is there any damage?,I think a dent on one corner,True,Is a cable attached?,a type-C cable,True,What capacity is printed on it?,20000 mAh,True,3,approve
C00373,F0269,U0049,impostor,test,Is there any damage?,a loose port,False,Is a cable attached?,a short white cable attached,False,What capacity is printed on it?,20000 mAh,True,1,reject
C00374,F0270,U0732,genuine_full,train,What is inside the front pocket?,a calculator and a ruler,True,Describe the keychain attached to it.,a red heart keychain,True,Is there any tag or sticker on it?,a bus pass holder,True,3,approve
C00375,F0270,U0684,impostor,train,What is inside the front pocket?,a calculator and a ruler,True,Describe the keychain attached to it.,I think a metal bottle-opener keychain,False,Is there any tag or sticker on it?,a yellow ribbon on the zip,False,1,reject
C00376,F0271,U0424,genuine_full,train,What is inside the front pocket?,a pair of earphones,True,Describe the keychain attached to it.,I think a red heart keychain,True,What is the colour of the inner lining?,black,True,3,approve
C00377,F0273,U0021,genuine_full,train,What is inside the canopy?,floral print inside,True,What strap does it have?,a red strap,True,Is there any damage?,a missing button,True,3,approve
C00378,F0274,U0242,genuine_partial,train,Is there a charm attached?,metal ring,False,Which earbuds are inside?,I think both buds present,True,What cover does the case have?,a silicone cover with a hook,True,2,manual_review
C00379,F0274,U0523,impostor,train,Is there a charm attached?,no charm,False,Which earbuds are inside?,no buds,False,What cover does the case have?,cartoon silicone cover,False,0,reject
C00380,F0275,U0040,genuine_partial,train,What capacity is printed on it?,20000 mAh with display,True,Is there a sticker on it?,name sticker,True,Is there any damage?,a loose port,False,2,manual_review
C00381,F0275,U0439,impostor,train,What capacity is printed on it?,10000 mAh slim,False,Is there a sticker on it?,no sticker,False,Is there any damage?,a dent on one corner,True,1,reject
C00382,F0276,U0109,genuine_full,val,Is there any damage?,a scratched back,True,What capacity is printed on it?,I think 5000 mAh,True,Is a cable attached?,a type-C cable,True,3,approve
C00383,F0276,U0648,impostor,val,Is there any damage?,dent on one corner,False,What capacity is printed on it?,I think 10000 mAh,False,Is a cable attached?,a type-C cable,True,1,reject
C00384,F0277,U0581,genuine_full,val,What capacity is printed on it?,20000 mAh with display,True,Is there any damage?,a loose port,True,Is there a sticker on it?,a cartoon sticker,True,3,approve
C00385,F0277,U0725,impostor,val,What capacity is printed on it?,5000 mAh,False,Is there any damage?,no damage,False,Is there a sticker on it?,no sticker,False,0,reject
C00386,F0278,U0324,genuine_full,train,What else is inside the case?,a screwdriver kit,True,What is the lens condition?,a slightly loose screw,True,What is printed on the case?,floral print,True,3,approve
C00387,F0278,U0280,impostor,train,What else is inside the case?,no cloth,False,What is the lens condition?,a scratch on the right lens,False,What is printed on the case?,no logo,False,0,reject
C00388,F0279,U0667,genuine_partial,val,What sticker is on the bottle?,football sticker,True,What kind of strap or handle does it have?,I don't remember,False,Where is the dent or scratch?,dent on the cap,True,2,manual_review
C00389,F0279,U0427,impostor,val,What sticker is on the bottle?,I think a name label,False,What kind of strap or handle does it have?,no strap,True,Where is the dent or scratch?,I think no dent,False,1,reject
C00390,F0280,U0753,genuine_full,train,What cover does the case have?,a cartoon silicone cover,True,Is there any marking on it?,name label,True,Which earbuds are inside?,only the left bud,True,3,approve
C00391,F0281,U0596,genuine_partial,train,What watch face is set?,an analog face,True,Is there any damage?,scuffed corner,False,What colour is the strap?,a black strap,True,2,manual_review
C00392,F0282,U0576,genuine_full,train,Is there any damage?,I think a loose strap,True,What else was with it?,the charging dock in a pouch,True,What watch face is set?,cricket watch face,True,3,approve
C00393,F0283,U0056,impostor,train,Where is the dent or scratch?,dent near the bottom,False,What sticker is on the bottle?,I think a fest sticker,False,What is inside the bottle?,a lemon slice inside,True,1,reject
C00394,F0285,U0465,genuine_partial,val,What cover does it have?,no cover,True,Is anything written on it?,a sticker with a roll number,True,What is the model number?,I don't remember,False,2,manual_review
C00395,F0286,U0223,genuine_partial,train,Is there any damage?,a bent rib,False,What strap does it have?,a red strap,True,What does the handle look like?,a handle with a rubber grip,True,2,manual_review
C00396,F0286,U0528,impostor,train,Is there any damage?,I think a missing button,False,What strap does it have?,I think a red strap,True,What does the handle look like?,I think a black plastic handle,False,1,reject
C00397,F0287,U0095,genuine_full,train,What strap does it have?,no strap,True,Is there any damage?,a bent rib,True,What is inside the canopy?,I think a polka dot pattern,True,3,approve
C00398,F0287,U0192,impostor,train,What strap does it have?,red strap,False,Is there any damage?,I think a missing button,False,What is inside the canopy?,floral print inside,False,0,reject
C00399,F0288,U0165,genuine_partial,test,Which card is in the first slot?,a bus pass,False,Roughly how much cash is inside?,500 to 2000 rupees,True,Is there a photo inside?,a small deity picture,True,2,manual_review
C00400,F0289,U0205,genuine_full,train,Is there a sticker on it?,no sticker,True,What capacity is printed on it?,5000 mAh,True,Is a cable attached?,a lightning cable,True,3,approve
C00401,F0289,U0062,impostor,train,Is there a sticker on it?,a cartoon sticker,False,What capacity is printed on it?,I think 10000 mAh slim,False,Is a cable attached?,short white cable attached,False,0,reject
C00402,F0290,U0449,genuine_full,val,Is there a sticker on it?,I think a price sticker,True,Is there any damage?,I think a dent on one corner,True,Is a cable attached?,no cable,True,3,approve
C00403,F0290,U0514,impostor,val,Is there a sticker on it?,no sticker,False,Is there any damage?,a loose port,False,Is a cable attached?,a short white cable attached,False,0,reject
C00404,F0291,U0727,genuine_full,val,Is there a charm attached?,no charm,True,What cover does the case have?,silicone cover with a hook,True,Which earbuds are inside?,I think no buds,True,3,approve
C00405,F0291,U0156,impostor,val,Is there a charm attached?,a beaded charm,False,What cover does the case have?,glitter cover,False,Which earbuds are inside?,no buds,True,1,reject
C00406,F0292,U0278,genuine_full,train,What is on the first page?,a cartoon,True,Is there anything loose inside?,a sticky note inside,True,What is on the cover?,a sticker of a planet,True,3,approve
C00407,F0293,U0551,genuine_full,train,What is on the first page?,an empty first page,True,What is on the cover?,I think a name label,True,Which subject is it for?,Operating Systems,True,3,approve
C00408,F0293,U0153,impostor,train,What is on the first page?,a cartoon,False,What is on the cover?,subject name only,False,Which subject is it for?,machine learning,False,0,reject
C00409,F0294,U0203,impostor,train,Is there any screen damage?,crack at top-left corner,True,What wallpaper is on the phone?,a cat photo,False,What kind of case does it have?,no case,False,1,reject
C00410,F0295,U0213,genuine_partial,test,What strap does it have?,I don't remember,False,What is inside the canopy?,I think a company logo,True,What does the handle look like?,a curved wooden handle,True,2,manual_review
C00411,F0297,U0586,genuine_partial,train,What cover does it have?,a black slide cover,False,Is anything written on it?,name written on the back,True,What is the model number?,fx-570es,True,2,manual_review
C00412,F0298,U0600,genuine_full,train,What capacity is printed on it?,I think 10000 mAh,True,Is there any damage?,a loose port,True,Is a cable attached?,lightning cable,True,3,approve
C00413,F0299,U0471,genuine_full,train,What wallpaper is on the phone?,I think a car photo,True,What kind of case does it have?,flip cover,True,Is there any screen damage?,small chip on the bottom edge,True,3,approve
C00414,F0299,U0082,impostor,train,What wallpaper is on the phone?,a family photo,False,What kind of case does it have?,no case,False,Is there any screen damage?,I think a dead pixel line,False,0,reject
C00415,F0300,U0248,genuine_full,test,What colour is the strap?,a blue strap,True,What else was with it?,no dock,True,What watch face is set?,digital face with steps,True,3,approve
C00416,F0301,U0003,genuine_full,test,What sticker is on the lid?,a cartoon sticker,True,What is the desktop wallpaper?,I think a cricket player photo,True,What marks does it have?,I think scratch on the left corner,True,3,approve
C00417,F0301,U0141,impostor,test,What sticker is on the lid?,a GitHub sticker,False,What is the desktop wallpaper?,a family photo,False,What marks does it have?,I think scratch on the left corner,True,1,reject
C00418,F0302,U0275,genuine_partial,test,What sticker is on the lid?,a college club sticker,False,What marks does it have?,dent on the lid,True,What is the desktop wallpaper?,a cricket player photo,True,2,manual_review
C00419,F0303,U0766,genuine_partial,train,What marks does it have?,I think dent on the lid,False,Was a charger with it?,only the cable,True,What sticker is on the lid?,no sticker,True,2,manual_review
C00420,F0304,U0175,genuine_full,train,Was a charger with it?,"yes, with an extension cord",True,What sticker is on the lid?,no sticker,True,What is the desktop wallpaper?,an anime character,True,3,approve
C00421,F0304,U0523,impostor,train,Was a charger with it?,I think only the cable,False,What sticker is on the lid?,a college club sticker,False,What is the desktop wallpaper?,I think an anime character,True,1,reject
C00422,F0305,U0324,impostor,train,What other small item is inside?,I think a folded receipt,False,Is there a photo inside?,a small deity picture,False,Roughly how much cash is inside?,under 100 rupees,False,0,reject
C00423,F0306,U0609,genuine_partial,train,Is any key damaged?,no damage,False,Is anything written on it?,name written on the back,True,What is the model number?,fx-570ES,True,2,manual_review
C00424,F0306,U0639,impostor,train,Is any key damaged?,cracked corner,True,Is anything written on it?,no marking,False,What is the model number?,fx-991ES Plus,False,1,reject
C00425,F0307,U0597,genuine_partial,train,What is the model number?,fx-991ES Plus,False,Is anything written on it?,name written on the back,True,Is any key damaged?,a faded 7 key,True,2,manual_review
C00426,F0309,U0663,genuine_full,train,What other small item is inside?,a library slip,True,Roughly how much cash is inside?,under 100 rupees,True,Is there a photo inside?,no photo,True,3,approve
C00427,F0310,U0239,genuine_full,test,What charm is on the keychain?,a bell charm,True,How many keys are there?,four keys,True,What kind of ring holds the keys?,a carabiner,True,3,approve
C00428,F0311,U0061,genuine_partial,test,What charm is on the keychain?,a small torch,True,How many keys are there?,I think five keys,True,What kind of ring holds the keys?,I don't remember,False,2,manual_review
C00429,F0311,U0093,impostor,test,What charm is on the keychain?,I think a leather tag,False,How many keys are there?,four keys,False,What kind of ring holds the keys?,I think a plastic ring,False,0,reject
C00430,F0312,U0743,genuine_partial,train,What else is inside the case?,I think a spare nose pad,True,What colour is the frame inside?,gold frame,True,What is the lens condition?,I don't remember,False,2,manual_review
C00431,F0313,U0725,genuine_full,train,Is there anything loose inside?,a loose sheet inside,True,What is on the cover?,a name label,True,Which subject is it for?,DBMS,True,3,approve
C00432,F0314,U0012,genuine_full,train,What cover does the case have?,a plain case,True,Which earbuds are inside?,no buds,True,Is there any marking on it?,initial S,True,3,approve
C00433,F0315,U0794,genuine_full,train,Is there a charm attached?,I think a metal ring,True,Is there any marking on it?,initial R,True,Which earbuds are inside?,I think both buds present,True,3,approve
C00434,F0315,U0058,impostor,train,Is there a charm attached?,a tiny bear charm,False,Is there any marking on it?,no marking,False,Which earbuds are inside?,I think only the right bud,False,0,reject
C00435,F0316,U0716,genuine_full,train,Is there any damage?,a bent pin,True,What kind of charger is it?,a 20w phone charger,True,Is there any marking?,initials,True,3,approve
C00436,F0316,U0281,impostor,train,Is there any damage?,no damage,False,What kind of charger is it?,a USB cable with adapter,False,Is there any marking?,no marking,False,0,reject
C00437,F0317,U0377,genuine_full,train,Is there any damage?,bent pin,True,How is the cable wrapped?,no wrap,True,Is there any marking?,initials,True,3,approve
C00438,F0317,U0232,impostor,train,Is there any damage?,bent pin,True,How is the cable wrapped?,a velcro wrap,False,Is there any marking?,a name written in marker,False,1,reject
C00439,F0318,U0129,genuine_full,train,Is there a charm attached?,a beaded charm,True,Is there any marking on it?,name label,True,What cover does the case have?,a cartoon silicone cover,True,3,approve
C00440,F0319,U0038,genuine_full,train,Roughly how much cash is inside?,500 to 2000 rupees,True,Is there a photo inside?,a polaroid,True,What other small item is inside?,small key,True,3,approve
C00441,F0320,U0018,genuine_full,train,What sticker is on the lid?,band sticker,True,What marks does it have?,worn keys near the touchpad,True,What is the desktop wallpaper?,an anime character,True,3,approve
C00442,F0320,U0326,impostor,train,What sticker is on the lid?,a GitHub sticker,False,What marks does it have?,worn keys near the touchpad,True,What is the desktop wallpaper?,a car photo,False,1,reject
C00443,F0321,U0223,genuine_full,train,Is there a sticker on it?,I think a price sticker,True,Is there any damage?,a scratched back,True,Is a cable attached?,a type-c cable,True,3,approve
C00444,F0321,U0147,impostor,train,Is there a sticker on it?,a cartoon sticker,False,Is there any damage?,I think a scratched back,True,Is a cable attached?,type-C cable,True,2,manual_review
C00445,F0322,U0305,genuine_full,train,What is written on the tag?,a hostel name,True,What charm is on the keychain?,a plastic football,True,How many keys are there?,one key,True,3,approve
C00446,F0322,U0573,impostor,train,What is written on the tag?,a hostel name,True,What charm is on the keychain?,I think a bottle opener,False,How many keys are there?,three keys,False,1,reject
C00447,F0323,U0665,genuine_full,train,What strap does it have?,a black Velcro strap,True,What does the handle look like?,I think a curved wooden handle,True,Is there any damage?,a bent rib,True,3,approve
C00448,F0323,U0705,impostor,train,What strap does it have?,a red strap,False,What does the handle look like?,handle with a rubber grip,False,Is there any damage?,torn edge,False,0,reject
C00449,F0324,U0044,genuine_full,train,What is on the first page?,I think a cartoon,True,What is on the cover?,subject name only,True,Which subject is it for?,Operating Systems,True,3,approve
C00450,F0324,U0508,impostor,train,What is on the first page?,a name and roll number,False,What is on the cover?,name label,False,Which subject is it for?,I think DBMS,False,0,reject
C00451,F0325,U0684,genuine_full,train,Is there any damage?,a loose port,True,Is a cable attached?,I think a lightning cable,True,What capacity is printed on it?,20000 mAh,True,3,approve
C00452,F0325,U0356,impostor,train,Is there any damage?,a scratched back,False,Is a cable attached?,short white cable attached,False,What capacity is printed on it?,I think 20000 mAh,True,1,reject
C00453,F0326,U0201,genuine_partial,test,What sticker is on the bottle?,I don't remember,False,Where is the dent or scratch?,dent near the bottom,True,What kind of strap or handle does it have?,a rope handle,True,2,manual_review
C00454,F0326,U0095,impostor,test,What sticker is on the bottle?,a fest sticker,False,Where is the dent or scratch?,dent on the cap,False,What kind of strap or handle does it have?,no strap,False,0,reject
C00455,F0327,U0218,genuine_full,test,What is inside the bottle?,half filled with water,True,What kind of strap or handle does it have?,no strap,True,What sticker is on the bottle?,football sticker,True,3,approve
C00456,F0328,U0600,impostor,train,What is the lens condition?,I think no scratches,False,What else is inside the case?,no cloth,False,What is printed on the case?,I think no logo,False,0,reject
C00457,F0330,U0201,genuine_full,val,What is stuck to the back of the phone?,a metro card in the cover,True,What wallpaper is on the phone?,an anime character,True,Is there any screen damage?,crack at top-left corner,True,3,approve
C00458,F0331,U0204,genuine_full,train,Is there any damage?,I think no damage,True,Is there a sticker on it?,a cartoon sticker,True,Is a cable attached?,no cable,True,3,approve
C00459,F0331,U0024,impostor,train,Is there any damage?,I think a scratched back,False,Is there a sticker on it?,price sticker,False,Is a cable attached?,a type-c cable,False,0,reject
C00460,F0332,U0023,genuine_full,train,Is any key damaged?,a faded 7 key,True,What is the model number?,fx-570es,True,What cover does it have?,no cover,True,3,approve
C00461,F0332,U0601,impostor,train,Is any key damaged?,no damage,False,What is the model number?,fx-991EX,False,What cover does it have?,no cover,True,1,reject
C00462,F0333,U0442,genuine_partial,train,Is there a sticker on it?,a price sticker,True,What capacity is printed on it?,5000 mAh,True,Is a cable attached?,I don't remember,False,2,manual_review
C00463,F0333,U0418,impostor,train,Is there a sticker on it?,price sticker,True,What capacity is printed on it?,I think 10000 mAh slim,False,Is a cable attached?,no cable,False,1,reject
C00464,F0334,U0126,genuine_full,train,What colour is the strap?,a metal strap,True,Is there any damage?,I think a loose strap,True,What else was with it?,no dock,True,3,approve
C00465,F0335,U0781,genuine_full,train,What else was with it?,no dock,True,Is there any damage?,a scratch on the glass,True,What watch face is set?,I think a family photo face,True,3,approve
C00466,F0335,U0727,impostor,train,What else was with it?,no dock,True,Is there any damage?,I think a scratch on the glass,True,What watch face is set?,a cricket watch face,False,2,manual_review
C00467,F0336,U0458,genuine_full,val,What cover does it have?,a scratched cover,True,Is anything written on it?,I think initials on the cover,True,Is any key damaged?,cracked corner,True,3,approve
C00468,F0337,U0465,genuine_partial,test,What kind of ring holds the keys?,a steel ring,False,What is written on the tag?,hostel name,True,What charm is on the keychain?,I think a leather tag,True,2,manual_review
C00469,F0338,U0175,genuine_full,train,What is inside the bottle?,tea bag inside,True,Where is the dent or scratch?,dent near the neck,True,What kind of strap or handle does it have?,I think a black strap,True,3,approve
C00470,F0338,U0413,impostor,train,What is inside the bottle?,a tea bag inside,True,Where is the dent or scratch?,I think dent near the neck,True,What kind of strap or handle does it have?,a loop on the cap,False,2,manual_review
C00471,F0339,U0317,genuine_partial,train,What does the handle look like?,handle with a rubber grip,True,What strap does it have?,no strap,True,What is inside the canopy?,I think a company logo,False,2,manual_review
C00472,F0340,U0708,impostor,train,Which card is in the first slot?,a college id,False,Roughly how much cash is inside?,I think under 100 rupees,False,What other small item is inside?,I think a small key,False,0,reject
C00473,F0341,U0184,genuine_full,train,What other small item is inside?,small key,True,Is there a photo inside?,passport-size photo,True,Roughly how much cash is inside?,no cash,True,3,approve
C00474,F0342,U0177,genuine_full,train,Is there any screen damage?,crack at top-left corner,True,What kind of case does it have?,transparent case,True,What is stuck to the back of the phone?,I think a metro card in the cover,True,3,approve
C00475,F0343,U0272,genuine_full,train,How many keys are there?,five keys,True,What kind of ring holds the keys?,a plastic ring,True,What charm is on the keychain?,a plastic football,True,3,approve
C00476,F0344,U0416,genuine_full,train,What charm is on the keychain?,a leather tag,True,What kind of ring holds the keys?,a steel ring,True,How many keys are there?,two keys,True,3,approve
C00477,F0345,U0660,genuine_full,test,Is there any damage?,I think a torn edge,True,What strap does it have?,a red strap,True,What is inside the canopy?,I think plain inside,True,3,approve
C00478,F0346,U0496,genuine_full,train,Is there any marking?,no marking,True,How is the cable wrapped?,tape on the cable,True,Is there any damage?,a cracked adapter body,True,3,approve
C00479,F0346,U0738,impostor,train,Is there any marking?,a name written in marker,False,How is the cable wrapped?,no wrap,False,Is there any damage?,a bent pin,False,0,reject
C00480,F0347,U0218,genuine_full,train,Is there a photo inside?,a family photo,True,What other small item is inside?,a library slip,True,Which card is in the first slot?,a gym membership card,True,3,approve
C00481,F0347,U0778,impostor,train,Is there a photo inside?,a polaroid,False,What other small item is inside?,a coin,False,Which card is in the first slot?,bus pass,False,0,reject
C00482,F0348,U0622,genuine_partial,val,Where is the dent or scratch?,I don't remember,False,What sticker is on the bottle?,no sticker,True,What is inside the bottle?,I think a lemon slice inside,True,2,manual_review
C00483,F0348,U0540,impostor,val,Where is the dent or scratch?,no dent,False,What sticker is on the bottle?,a name label,False,What is inside the bottle?,empty,False,0,reject
C00484,F0349,U0207,genuine_full,train,What kind of charger is it?,I think a USB cable with adapter,True,Is there any damage?,I think a bent pin,True,How is the cable wrapped?,a rubber band around the cable,True,3,approve
C00485,F0349,U0166,impostor,train,What kind of charger is it?,33W fast charger,False,Is there any damage?,a cracked adapter body,False,How is the cable wrapped?,tape on the cable,False,0,reject
C00486,F0350,U0201,genuine_partial,train,What kind of strap or handle does it have?,black strap,True,What is inside the bottle?,I think a lemon slice inside,True,Where is the dent or scratch?,I don't remember,False,2,manual_review
C00487,F0350,U0304,impostor,train,What kind of strap or handle does it have?,no strap,False,What is inside the bottle?,half filled with water,False,Where is the dent or scratch?,I think dent on the cap,False,0,reject
C00488,F0351,U0067,genuine_full,train,What else is inside the case?,a screwdriver kit,True,What is printed on the case?,a floral print,True,What colour is the frame inside?,brown frame,True,3,approve
C00489,F0351,U0160,impostor,train,What else is inside the case?,a visiting card,False,What is printed on the case?,a logo of an optical shop,False,What colour is the frame inside?,black frame,False,0,reject
C00490,F0352,U0774,genuine_partial,train,Is there any marking?,I don't remember,False,Is there any damage?,frayed cable near the pin,True,How is the cable wrapped?,a velcro wrap,True,2,manual_review
C00491,F0352,U0478,impostor,train,Is there any marking?,I think no marking,False,Is there any damage?,a cracked adapter body,False,How is the cable wrapped?,rubber band around the cable,False,0,reject
C00492,F0353,U0798,genuine_full,train,What sticker is on the bottle?,a fest sticker,True,Where is the dent or scratch?,dent on the cap,True,What kind of strap or handle does it have?,a rope handle,True,3,approve
C00493,F0354,U0390,genuine_full,val,What is the lens condition?,I think an anti-glare coating,True,What else is inside the case?,a screwdriver kit,True,What is printed on the case?,no logo,True,3,approve
C00494,F0355,U0711,genuine_full,val,What is printed on the case?,a name label,True,What is the lens condition?,a slightly loose screw,True,What colour is the frame inside?,brown frame,True,3,approve
C00495,F0356,U0103,genuine_full,train,Is there a charm attached?,I think no charm,True,Which earbuds are inside?,only the left bud,True,What cover does the case have?,leather pouch,True,3,approve
C00496,F0356,U0474,impostor,train,Is there a charm attached?,metal ring,False,Which earbuds are inside?,only the right bud,False,What cover does the case have?,I think a glitter cover,False,0,reject
C00497,F0357,U0720,genuine_full,val,Is there any damage?,a loose strap,True,What else was with it?,the charging dock in a pouch,True,What watch face is set?,an analog face,True,3,approve
C00498,F0357,U0582,impostor,val,Is there any damage?,I think a loose strap,True,What else was with it?,I think the charging dock in a pouch,True,What watch face is set?,a cricket watch face,False,2,manual_review
C00499,F0358,U0281,genuine_full,train,Is anything written on it?,I think a sticker with a roll number,True,What is the model number?,fx-991ES Plus,True,What cover does it have?,I think no cover,True,3,approve
C00500,F0359,U0214,genuine_partial,train,What strap does it have?,a blue strap,True,Is there any damage?,I don't remember,False,What is inside the canopy?,a polka dot pattern,True,2,manual_review
C00501,F0359,U0433,impostor,train,What strap does it have?,a blue strap,True,Is there any damage?,a bent rib,False,What is inside the canopy?,company logo,False,1,reject
C00502,F0360,U0226,genuine_partial,train,What is inside the canopy?,I don't remember,False,Is there any damage?,bent rib,True,What strap does it have?,blue strap,True,2,manual_review
C00503,F0361,U0513,genuine_full,train,What cover does it have?,a blue flip cover,True,Is any key damaged?,a faded 7 key,True,Is anything written on it?,name written on the back,True,3,approve
C00504,F0361,U0096,impostor,train,What cover does it have?,I think no cover,False,Is any key damaged?,no damage,False,Is anything written on it?,name written on the back,True,1,reject
C00505,F0362,U0376,genuine_full,train,Is any key damaged?,missing key cap,True,What is the model number?,fx-570ES,True,Is anything written on it?,name written on the back,True,3,approve
C00506,F0363,U0616,genuine_full,val,Which earbuds are inside?,only the right bud,True,Is there a charm attached?,metal ring,True,Is there any marking on it?,initial R,True,3,approve
C00507,F0363,U0279,impostor,val,Which earbuds are inside?,only the right bud,True,Is there a charm attached?,no charm,False,Is there any marking on it?,I think initial A,False,1,reject
C00508,F0364,U0724,genuine_full,val,Is there a sticker on it?,no sticker,True,Is there any damage?,loose port,True,Is a cable attached?,I think no cable,True,3,approve
C00509,F0364,U0487,impostor,val,Is there a sticker on it?,no sticker,True,Is there any damage?,a loose port,True,Is a cable attached?,no cable,True,3,approve
C00510,F0365,U0115,genuine_full,train,Is there a charm attached?,no charm,True,Which earbuds are inside?,no buds,True,Is there any marking on it?,a heart drawn with marker,True,3,approve
C00511,F0366,U0141,genuine_full,test,What is the lens condition?,I think an anti-glare coating,True,What else is inside the case?,no cloth,True,What is printed on the case?,no logo,True,3,approve
C00512,F0366,U0261,impostor,test,What is the lens condition?,no scratches,False,What else is inside the case?,a screwdriver kit,False,What is printed on the case?,no logo,True,1,reject
C00513,F0367,U0129,genuine_full,train,Is there anything loose inside?,nothing inside,True,What is on the first page?,an empty first page,True,Which subject is it for?,Engineering Maths,True,3,approve
C00514,F0367,U0748,impostor,train,Is there anything loose inside?,a sticky note inside,False,What is on the first page?,a timetable,False,Which subject is it for?,Engineering Maths,True,1,reject
C00515,F0368,U0202,impostor,train,Is there any damage?,no damage,False,Is a cable attached?,a short white cable attached,False,What capacity is printed on it?,10000 mAh,False,0,reject
C00516,F0369,U0560,genuine_partial,val,What strap does it have?,red strap,True,What does the handle look like?,I don't remember,False,Is there any damage?,I think a missing button,True,2,manual_review
C00517,F0369,U0796,impostor,val,What strap does it have?,a black Velcro strap,False,What does the handle look like?,a black plastic handle,False,Is there any damage?,a missing button,True,1,reject
C00518,F0370,U0221,genuine_full,val,Is there any damage?,a missing button,True,What is inside the canopy?,I think a polka dot pattern,True,What strap does it have?,a red strap,True,3,approve
C00519,F0371,U0793,genuine_full,train,What is the model number?,I think fx-570ES,True,Is any key damaged?,no damage,True,What cover does it have?,black slide cover,True,3,approve
C00520,F0372,U0417,genuine_full,train,What is the model number?,fx-991EX,True,Is any key damaged?,a cracked corner,True,Is anything written on it?,a sticker with a roll number,True,3,approve
C00521,F0373,U0463,genuine_partial,test,What is on the cover?,a doodle of a cat,True,Which subject is it for?,operating systems,True,What is on the first page?,cartoon,False,2,manual_review
C00522,F0373,U0073,impostor,test,What is on the cover?,a doodle of a cat,True,Which subject is it for?,Physics,False,What is on the first page?,a name and roll number,True,2,manual_review
C00523,F0374,U0760,genuine_full,train,What else was with it?,I think no dock,True,Is there any damage?,a scratch on the glass,True,What colour is the strap?,I think an olive strap,True,3,approve
C00524,F0375,U0009,genuine_full,train,Is there any damage?,a scuffed corner,True,What colour is the strap?,I think a black strap,True,What else was with it?,I think a spare strap in a pouch,True,3,approve
C00525,F0376,U0422,genuine_full,train,Is a cable attached?,I think a type-C cable,True,Is there any damage?,loose port,True,What capacity is printed on it?,I think 10000 mAh slim,True,3,approve
C00526,F0377,U0406,genuine_full,val,What marks does it have?,dent on the lid,True,What is the desktop wallpaper?,a mountain sunset,True,What sticker is on the lid?,a GitHub sticker,True,3,approve
C00527,F0377,U0371,impostor,val,What marks does it have?,no visible scratch,False,What is the desktop wallpaper?,a beach photo,False,What sticker is on the lid?,a github sticker,True,1,reject
C00528,F0378,U0160,genuine_partial,val,What sticker is on the lid?,no sticker,True,What marks does it have?,I don't remember,False,Was a charger with it?,only the cable,True,2,manual_review
C00529,F0378,U0113,impostor,val,What sticker is on the lid?,a Python sticker,False,What marks does it have?,dent on the lid,False,Was a charger with it?,I think no charger,False,0,reject
C00530,F0379,U0750,genuine_full,val,What is inside the front pocket?,two notebooks,True,Is there any tag or sticker on it?,I think a college fest tag,True,Describe the keychain attached to it.,football keychain,True,3,approve
C00531,F0379,U0268,impostor,val,What is inside the front pocket?,a water bottle,False,Is there any tag or sticker on it?,a college fest tag,True,Describe the keychain attached to it.,small panda keychain,False,1,reject
C00532,F0380,U0308,genuine_partial,train,What colour is the frame inside?,transparent frame,True,What is printed on the case?,I don't remember,False,What is the lens condition?,slightly loose screw,True,2,manual_review
C00533,F0380,U0557,impostor,train,What colour is the frame inside?,silver frame,False,What is printed on the case?,no logo,False,What is the lens condition?,I think a slightly loose screw,True,1,reject
C00534,F0381,U0009,genuine_partial,test,Was a charger with it?,"yes, with an extension cord",True,What is the desktop wallpaper?,I don't remember,False,What marks does it have?,worn keys near the touchpad,True,2,manual_review
C00535,F0382,U0539,impostor,train,Roughly how much cash is inside?,over 2000 rupees,False,Which card is in the first slot?,a college id,False,What other small item is inside?,a visiting card,False,0,reject
C00536,F0384,U0669,impostor,train,What colour is the frame inside?,black frame,False,What is the lens condition?,a slightly loose screw,True,What else is inside the case?,no cloth,False,1,reject
C00537,F0385,U0581,genuine_full,train,Is there any marking?,initials,True,Is there any damage?,no damage,True,What kind of charger is it?,I think a USB cable with adapter,True,3,approve
C00538,F0386,U0072,genuine_full,train,What kind of strap or handle does it have?,a rope handle,True,What is inside the bottle?,a tea bag inside,True,Where is the dent or scratch?,I think dent near the neck,True,3,approve
C00539,F0386,U0100,impostor,train,What kind of strap or handle does it have?,I think a rope handle,True,What is inside the bottle?,empty,False,Where is the dent or scratch?,I think no dent,False,1,reject
C00540,F0387,U0520,impostor,test,What sticker is on the lid?,I think no sticker,True,Was a charger with it?,I think no charger,False,What marks does it have?,I think dent on the lid,True,2,manual_review
C00541,F0388,U0675,genuine_partial,test,Describe the keychain attached to it.,a metal bottle-opener keychain,True,What is the colour of the inner lining?,orange,True,Is there any tag or sticker on it?,I think a college fest tag,False,2,manual_review
C00542,F0388,U0141,impostor,test,Describe the keychain attached to it.,no keychain,False,What is the colour of the inner lining?,red,False,Is there any tag or sticker on it?,college fest tag,False,0,reject
C00543,F0389,U0345,genuine_full,train,What is stuck to the back of the phone?,no sticker,True,What kind of case does it have?,no case,True,What wallpaper is on the phone?,an anime character,True,3,approve
C00544,F0390,U0226,genuine_full,train,Is there any screen damage?,no cracks,True,What kind of case does it have?,no case,True,What is stuck to the back of the phone?,band logo sticker,True,3,approve
C00545,F0390,U0404,impostor,train,Is there any screen damage?,small chip on the bottom edge,False,What kind of case does it have?,blue hard case,False,What is stuck to the back of the phone?,metro card in the cover,False,0,reject
C00546,F0391,U0532,genuine_full,train,What else was with it?,a spare strap in a pouch,True,What colour is the strap?,I think a metal strap,True,Is there any damage?,a scuffed corner,True,3,approve
C00547,F0391,U0123,impostor,train,What else was with it?,no dock,False,What colour is the strap?,a metal strap,True,Is there any damage?,no damage,False,1,reject
C00548,F0392,U0788,genuine_full,train,Is there any damage?,no damage,True,What watch face is set?,I think an analog face,True,What colour is the strap?,I think a black strap,True,3,approve
C00549,F0393,U0713,impostor,train,What is inside the bottle?,empty,False,What sticker is on the bottle?,a football sticker,True,What kind of strap or handle does it have?,I think a rope handle,False,1,reject
C00550,F0394,U0055,genuine_full,train,What is stuck to the back of the phone?,a metro card in the cover,True,What kind of case does it have?,I think black silicone case,True,Is there any screen damage?,crack at top-left corner,True,3,approve
C00551,F0395,U0436,genuine_full,train,What wallpaper is on the phone?,a mountain sunset,True,Is there any screen damage?,crack at top-left corner,True,What is stuck to the back of the phone?,a ring holder,True,3,approve
C00552,F0395,U0425,impostor,train,What wallpaper is on the phone?,mountain sunset,True,Is there any screen damage?,a dead pixel line,False,What is stuck to the back of the phone?,ring holder,True,2,manual_review
C00553,F0396,U0288,genuine_partial,train,Is there anything loose inside?,I don't remember,False,What is on the cover?,a doodle of a cat,True,What is on the first page?,a cartoon,True,2,manual_review
C00554,F0396,U0606,impostor,train,Is there anything loose inside?,a pen clipped inside,False,What is on the cover?,subject name only,False,What is on the first page?,name and roll number,False,0,reject
C00555,F0397,U0036,genuine_full,train,Is there anything loose inside?,a loose sheet inside,True,What is on the first page?,a name and roll number,True,Which subject is it for?,Data Structures,True,3,approve
C00556,F0398,U0372,impostor,train,Which subject is it for?,Physics,False,What is on the cover?,a doodle of a cat,False,Is there anything loose inside?,I think a sticky note inside,False,0,reject
C00557,F0399,U0201,genuine_partial,train,What is on the first page?,I think a timetable,False,Which subject is it for?,Operating Systems,True,Is there anything loose inside?,nothing inside,True,2,manual_review
C00558,F0400,U0594,genuine_full,train,What kind of ring holds the keys?,I think a plastic ring,True,What charm is on the keychain?,cartoon figure,True,What is written on the tag?,no tag,True,3,approve
C00559,F0401,U0737,genuine_partial,train,Is any key damaged?,I think a faded 7 key,True,Is anything written on it?,initials on the cover,True,What cover does it have?,black slide cover,False,2,manual_review
C00560,F0401,U0247,impostor,train,Is any key damaged?,I think a missing key cap,False,Is anything written on it?,initials on the cover,True,What cover does it have?,a blue flip cover,False,1,reject
C00561,F0402,U0621,genuine_full,train,What kind of ring holds the keys?,carabiner,True,What charm is on the keychain?,a bottle opener,True,How many keys are there?,two keys,True,3,approve
C00562,F0402,U0337,impostor,train,What kind of ring holds the keys?,steel ring,False,What charm is on the keychain?,a small torch,False,How many keys are there?,four keys,False,0,reject
C00563,F0403,U0577,genuine_full,val,Was a charger with it?,"yes, with an extension cord",True,What marks does it have?,dent on the lid,True,What is the desktop wallpaper?,plain black,True,3,approve
C00564,F0404,U0054,genuine_partial,val,Is there anything loose inside?,nothing inside,True,What is on the cover?,subject name only,True,What is on the first page?,I don't remember,False,2,manual_review
C00565,F0405,U0393,genuine_full,val,What is inside the front pocket?,tissues and a comb,True,Describe the keychain attached to it.,a metal bottle-opener keychain,True,What is the colour of the inner lining?,red,True,3,approve
C00566,F0405,U0482,impostor,val,What is inside the front pocket?,a pair of earphones,False,Describe the keychain attached to it.,a metal bottle-opener keychain,True,What is the colour of the inner lining?,black,False,1,reject
C00567,F0406,U0369,impostor,train,Is there a sticker on it?,a cartoon sticker,False,What capacity is printed on it?,20000 mah,False,Is a cable attached?,a type-C cable,False,0,reject
C00568,F0407,U0649,genuine_full,train,Is there any marking?,I think a name written in marker,True,Is there any damage?,bent pin,True,What kind of charger is it?,a 33W fast charger,True,3,approve
C00569,F0407,U0062,impostor,train,Is there any marking?,a name written in marker,True,Is there any damage?,frayed cable near the pin,False,What kind of charger is it?,a 33W fast charger,True,2,manual_review
C00570,F0408,U0350,genuine_full,train,What marks does it have?,no visible scratch,True,What sticker is on the lid?,I think a band sticker,True,What is the desktop wallpaper?,I think a family photo,True,3,approve
C00571,F0409,U0384,genuine_full,train,Is there a charm attached?,a tiny bear charm,True,Is there any marking on it?,I think a heart drawn with marker,True,Which earbuds are inside?,only the left bud,True,3,approve
C00572,F0410,U0156,genuine_full,train,What is inside the bottle?,I think a tea bag inside,True,Where is the dent or scratch?,no dent,True,What kind of strap or handle does it have?,no strap,True,3,approve
C00573,F0410,U0045,impostor,train,What is inside the bottle?,a tea bag inside,True,Where is the dent or scratch?,no dent,True,What kind of strap or handle does it have?,a loop on the cap,False,2,manual_review
C00574,F0411,U0283,genuine_full,val,What kind of charger is it?,a 20w phone charger,True,How is the cable wrapped?,a rubber band around the cable,True,Is there any marking?,a name written in marker,True,3,approve
C00575,F0411,U0609,impostor,val,What kind of charger is it?,a 33W fast charger,False,How is the cable wrapped?,I think tape on the cable,False,Is there any marking?,I think a name written in marker,True,1,reject
C00576,F0412,U0212,genuine_full,train,What sticker is on the bottle?,I think a name label,True,What is inside the bottle?,lemon slice inside,True,Where is the dent or scratch?,no dent,True,3,approve
C00577,F0412,U0201,impostor,train,What sticker is on the bottle?,football sticker,False,What is inside the bottle?,a lemon slice inside,True,Where is the dent or scratch?,no dent,True,2,manual_review
C00578,F0413,U0671,genuine_full,train,What marks does it have?,scratch on the left corner,True,What is the desktop wallpaper?,I think a car photo,True,Was a charger with it?,only the cable,True,3,approve
C00579,F0414,U0356,genuine_full,train,What is the desktop wallpaper?,an anime character,True,What marks does it have?,worn keys near the touchpad,True,What sticker is on the lid?,cartoon sticker,True,3,approve
C00580,F0415,U0373,genuine_partial,test,Is there a photo inside?,no photo,True,Which card is in the first slot?,I think a bus pass,True,What other small item is inside?,I don't remember,False,2,manual_review
C00581,F0415,U0154,impostor,test,Is there a photo inside?,I think no photo,True,Which card is in the first slot?,I think a metro card,False,What other small item is inside?,I think a visiting card,False,1,reject
C00582,F0417,U0576,genuine_partial,train,What capacity is printed on it?,5000 mAh,True,Is a cable attached?,a type-c cable,True,Is there a sticker on it?,no sticker,False,2,manual_review
C00583,F0417,U0544,impostor,train,What capacity is printed on it?,10000 mah,False,Is a cable attached?,a lightning cable,False,Is there a sticker on it?,a cartoon sticker,False,0,reject
C00584,F0418,U0508,genuine_full,train,Which card is in the first slot?,a debit card,True,Roughly how much cash is inside?,under 100 rupees,True,What other small item is inside?,a coin,True,3,approve
C00585,F0419,U0082,genuine_full,train,What is the desktop wallpaper?,a car photo,True,What marks does it have?,no visible scratch,True,Was a charger with it?,"yes, with an extension cord",True,3,approve
C00586,F0419,U0184,impostor,train,What is the desktop wallpaper?,a mountain sunset,False,What marks does it have?,scratch on the left corner,False,Was a charger with it?,no charger,False,0,reject
C00587,F0420,U0400,genuine_full,train,Was a charger with it?,"yes, with a black adapter",True,What sticker is on the lid?,GitHub sticker,True,What marks does it have?,worn keys near the touchpad,True,3,approve
C00588,F0420,U0648,impostor,train,Was a charger with it?,no charger,False,What sticker is on the lid?,no sticker,False,What marks does it have?,dent on the lid,False,0,reject
C00589,F0421,U0566,impostor,train,What is inside the front pocket?,blue pen and a charger,False,What is the colour of the inner lining?,orange,False,Is there any tag or sticker on it?,a bus pass holder,False,0,reject
C00590,F0422,U0727,genuine_full,train,Describe the keychain attached to it.,red heart keychain,True,What is the colour of the inner lining?,grey,True,What is inside the front pocket?,an umbrella,True,3,approve
C00591,F0423,U0097,impostor,train,Where is the dent or scratch?,no dent,True,What is inside the bottle?,empty,False,What sticker is on the bottle?,an NGO logo sticker,False,1,reject
C00592,F0424,U0292,genuine_full,train,What is the colour of the inner lining?,grey,True,What is inside the front pocket?,I think a lunch box,True,Describe the keychain attached to it.,a small panda keychain,True,3,approve
C00593,F0424,U0660,impostor,train,What is the colour of the inner lining?,blue,False,What is inside the front pocket?,a water bottle,False,Describe the keychain attached to it.,no keychain,False,0,reject
C00594,F0425,U0708,genuine_full,train,What wallpaper is on the phone?,I think a cat photo,True,Is there any screen damage?,small chip on the bottom edge,True,What kind of case does it have?,no case,True,3,approve
C00595,F0426,U0247,genuine_full,test,What sticker is on the bottle?,an ngo logo sticker,True,What is inside the bottle?,tea bag inside,True,Where is the dent or scratch?,dent near the neck,True,3,approve
C00596,F0426,U0143,impostor,test,What sticker is on the bottle?,fest sticker,False,What is inside the bottle?,I think a lemon slice inside,False,Where is the dent or scratch?,dent on the cap,False,0,reject
C00597,F0427,U0663,genuine_full,train,What is inside the front pocket?,I think a pair of earphones,True,What is the colour of the inner lining?,orange,True,Describe the keychain attached to it.,a metal bottle-opener keychain,True,3,approve
C00598,F0427,U0461,impostor,train,What is inside the front pocket?,I think two notebooks,False,What is the colour of the inner lining?,grey,False,Describe the keychain attached to it.,no keychain,False,0,reject
C00599,F0428,U0239,genuine_full,test,Is there any marking on it?,initial S,True,What cover does the case have?,a cartoon silicone cover,True,Which earbuds are inside?,both buds present,True,3,approve
C00600,F0428,U0130,impostor,test,Is there any marking on it?,a heart drawn with marker,False,What cover does the case have?,a cartoon silicone cover,True,Which earbuds are inside?,I think both buds present,True,2,manual_review
C00601,F0429,U0646,impostor,train,What is printed on the case?,a floral print,False,What is the lens condition?,a scratch on the right lens,False,What colour is the frame inside?,brown frame,False,0,reject
C00602,F0430,U0234,genuine_full,test,Which earbuds are inside?,only the right bud,True,Is there a charm attached?,no charm,True,What cover does the case have?,glitter cover,True,3,approve
C00603,F0431,U0308,genuine_partial,test,Is there any marking on it?,a name label,False,Which earbuds are inside?,only the right bud,True,Is there a charm attached?,a beaded charm,True,2,manual_review
C00604,F0432,U0548,genuine_partial,val,What cover does the case have?,a glitter cover,True,Which earbuds are inside?,no buds,False,Is there any marking on it?,initial R,True,2,manual_review
C00605,F0432,U0204,impostor,val,What cover does the case have?,I think a silicone cover with a hook,False,Which earbuds are inside?,only the right bud,False,Is there any marking on it?,a name label,False,0,reject
C00606,F0433,U0431,impostor,test,What sticker is on the lid?,cartoon sticker,False,What marks does it have?,dent on the lid,False,Was a charger with it?,"yes, with a black adapter",True,1,reject
C00607,F0434,U0377,genuine_full,train,What does the handle look like?,black plastic handle,True,Is there any damage?,bent rib,True,What strap does it have?,black Velcro strap,True,3,approve
C00608,F0434,U0342,impostor,train,What does the handle look like?,a black plastic handle,True,Is there any damage?,bent rib,True,What strap does it have?,a black velcro strap,True,3,approve
C00609,F0435,U0502,genuine_full,train,What is inside the canopy?,plain inside,True,Is there any damage?,missing button,True,What strap does it have?,no strap,True,3,approve
C00610,F0436,U0718,genuine_full,train,What is printed on the case?,a logo of an optical shop,True,What else is inside the case?,no cloth,True,What is the lens condition?,I think no scratches,True,3,approve
C00611,F0437,U0314,genuine_full,train,What is the model number?,fx-570ES,True,Is any key damaged?,I think a missing key cap,True,What cover does it have?,I think no cover,True,3,approve
C00612,F0437,U0718,impostor,train,What is the model number?,fx-991EX,False,Is any key damaged?,a missing key cap,True,What cover does it have?,no cover,True,2,manual_review
C00613,F0438,U0490,genuine_full,train,What capacity is printed on it?,10000 mAh,True,Is a cable attached?,no cable,True,Is there a sticker on it?,cartoon sticker,True,3,approve
C00614,F0439,U0353,genuine_full,train,What kind of charger is it?,a 20w phone charger,True,Is there any damage?,a cracked adapter body,True,Is there any marking?,initials,True,3,approve
C00615,F0439,U0431,impostor,train,What kind of charger is it?,a 20W phone charger,True,Is there any damage?,frayed cable near the pin,False,Is there any marking?,I think no marking,False,1,reject
C00616,F0440,U0518,genuine_full,val,Is there a photo inside?,a small deity picture,True,Roughly how much cash is inside?,500 to 2000 rupees,True,What other small item is inside?,small key,True,3,approve
C00617,F0441,U0110,genuine_full,train,Is there any marking on it?,name label,True,Which earbuds are inside?,I think only the right bud,True,What cover does the case have?,a plain case,True,3,approve
C00618,F0441,U0020,impostor,train,Is there any marking on it?,initial S,False,Which earbuds are inside?,I think no buds,False,What cover does the case have?,cartoon silicone cover,False,0,reject
C00619,F0442,U0650,genuine_partial,train,What cover does the case have?,a plain case,True,Is there any marking on it?,I don't remember,False,Is there a charm attached?,a beaded charm,True,2,manual_review
C00620,F0442,U0364,impostor,train,What cover does the case have?,glitter cover,False,Is there any marking on it?,initial A,False,Is there a charm attached?,a beaded charm,True,1,reject
C00621,F0444,U0170,genuine_full,train,Is there any screen damage?,scratched tempered glass,True,What is stuck to the back of the phone?,no sticker,True,What wallpaper is on the phone?,I think a beach photo,True,3,approve
C00622,F0445,U0628,genuine_partial,val,Is there any damage?,a bent pin,True,What kind of charger is it?,a USB cable with adapter,False,Is there any marking?,name written in marker,True,2,manual_review
C00623,F0446,U0393,genuine_full,test,Is there any damage?,a torn edge,True,What strap does it have?,red strap,True,What is inside the canopy?,I think floral print inside,True,3,approve
C00624,F0447,U0729,genuine_full,val,What kind of strap or handle does it have?,a rope handle,True,Where is the dent or scratch?,I think dent on the cap,True,What sticker is on the bottle?,a fest sticker,True,3,approve
C00625,F0448,U0750,genuine_full,val,What is inside the bottle?,a tea bag inside,True,Where is the dent or scratch?,I think dent on the cap,True,What kind of strap or handle does it have?,no strap,True,3,approve
C00626,F0449,U0684,genuine_full,train,Is there any damage?,no damage,True,What kind of charger is it?,USB cable with adapter,True,Is there any marking?,I think no marking,True,3,approve
C00627,F0450,U0133,genuine_full,test,Describe the keychain attached to it.,a football keychain,True,What is inside the front pocket?,two notebooks,True,Is there any tag or sticker on it?,yellow ribbon on the zip,True,3,approve
C00628,F0451,U0359,genuine_full,train,Is any key damaged?,I think a missing key cap,True,What is the model number?,fx-991EX,True,Is anything written on it?,initials on the cover,True,3,approve
C00629,F0452,U0225,genuine_full,train,Which subject is it for?,I think Engineering Maths,True,Is there anything loose inside?,loose sheet inside,True,What is on the first page?,name and roll number,True,3,approve
C00630,F0453,U0585,impostor,train,How many keys are there?,I think five keys,False,What is written on the tag?,a red key cover,False,What kind of ring holds the keys?,a plastic ring,False,0,reject
C00631,F0455,U0552,genuine_full,train,What marks does it have?,worn keys near the touchpad,True,What is the desktop wallpaper?,I think a cricket player photo,True,Was a charger with it?,only the cable,True,3,approve
C00632,F0456,U0084,genuine_full,train,Is there any damage?,I think a torn edge,True,What does the handle look like?,I think a black plastic handle,True,What is inside the canopy?,a company logo,True,3,approve
C00633,F0456,U0586,impostor,train,Is there any damage?,no damage,False,What does the handle look like?,I think a handle with a rubber grip,False,What is inside the canopy?,a company logo,True,1,reject
C00634,F0458,U0574,genuine_partial,train,What wallpaper is on the phone?,cat photo,True,What kind of case does it have?,no case,True,Is there any screen damage?,I don't remember,False,2,manual_review
C00635,F0458,U0370,impostor,train,What wallpaper is on the phone?,an anime character,False,What kind of case does it have?,transparent case,False,Is there any screen damage?,a dead pixel line,False,0,reject
C00636,F0459,U0336,genuine_full,train,Is there any damage?,a loose port,True,Is a cable attached?,a type-C cable,True,What capacity is printed on it?,5000 mah,True,3,approve
C00637,F0459,U0593,impostor,train,Is there any damage?,no damage,False,Is a cable attached?,type-C cable,True,What capacity is printed on it?,10000 mah slim,False,1,reject
C00638,F0460,U0444,genuine_full,train,Is a cable attached?,lightning cable,True,Is there a sticker on it?,no sticker,True,What capacity is printed on it?,10000 mAh,True,3,approve
C00639,F0460,U0237,impostor,train,Is a cable attached?,I think a lightning cable,True,Is there a sticker on it?,name sticker,False,What capacity is printed on it?,I think 10000 mAh,True,2,manual_review
C00640,F0461,U0597,genuine_full,train,What colour is the strap?,white strap,True,What else was with it?,I think the charging dock in a pouch,True,What watch face is set?,digital face with steps,True,3,approve
C00641,F0461,U0085,impostor,train,What colour is the strap?,a pink strap,False,What else was with it?,I think a spare strap in a pouch,False,What watch face is set?,I think a family photo face,False,0,reject
C00642,F0462,U0721,genuine_full,val,What kind of strap or handle does it have?,I think a loop on the cap,True,What sticker is on the bottle?,a football sticker,True,What is inside the bottle?,empty,True,3,approve
C00643,F0463,U0714,genuine_full,val,What is inside the bottle?,a tea bag inside,True,Where is the dent or scratch?,dent on the cap,True,What kind of strap or handle does it have?,I think a loop on the cap,True,3,approve
C00644,F0464,U0275,genuine_full,train,Is a cable attached?,a short white cable attached,True,What capacity is printed on it?,5000 mAh,True,Is there any damage?,dent on one corner,True,3,approve
C00645,F0465,U0482,impostor,train,What charm is on the keychain?,small torch,False,How many keys are there?,four keys,False,What is written on the tag?,a room number,False,0,reject
C00646,F0466,U0493,genuine_full,train,What other small item is inside?,a library slip,True,Which card is in the first slot?,a library card,True,Roughly how much cash is inside?,I think over 2000 rupees,True,3,approve
C00647,F0466,U0367,impostor,train,What other small item is inside?,a folded receipt,False,Which card is in the first slot?,I think a bus pass,False,Roughly how much cash is inside?,no cash,False,0,reject
C00648,F0467,U0534,genuine_full,train,What else was with it?,no dock,True,What colour is the strap?,a pink strap,True,Is there any damage?,scratch on the glass,True,3,approve
C00649,F0468,U0329,genuine_full,train,What capacity is printed on it?,5000 mah,True,Is there a sticker on it?,no sticker,True,Is there any damage?,loose port,True,3,approve
C00650,F0468,U0440,impostor,train,What capacity is printed on it?,10000 mAh slim,False,Is there a sticker on it?,no sticker,True,Is there any damage?,a dent on one corner,False,1,reject
C00651,F0469,U0538,genuine_full,test,How many keys are there?,three keys,True,What kind of ring holds the keys?,carabiner,True,What charm is on the keychain?,a plastic football,True,3,approve
C00652,F0470,U0337,genuine_full,val,Describe the keychain attached to it.,I think a metal bottle-opener keychain,True,What is inside the front pocket?,a water bottle,True,What is the colour of the inner lining?,I think green,True,3,approve
C00653,F0471,U0663,genuine_full,train,What is the lens condition?,no scratches,True,What colour is the frame inside?,transparent frame,True,What is printed on the case?,a name label,True,3,approve
C00654,F0471,U0676,impostor,train,What is the lens condition?,an anti-glare coating,False,What colour is the frame inside?,black frame,False,What is printed on the case?,I think no logo,False,0,reject
C00655,F0472,U0586,genuine_full,train,Describe the keychain attached to it.,I think a small panda keychain,True,What is inside the front pocket?,calculator and a ruler,True,Is there any tag or sticker on it?,a college fest tag,True,3,approve
C00656,F0472,U0045,impostor,train,Describe the keychain attached to it.,a brass ring with a bell,False,What is inside the front pocket?,tissues and a comb,False,Is there any tag or sticker on it?,I think no sticker,False,0,reject
C00657,F0473,U0473,genuine_full,test,What is printed on the case?,I think a floral print,True,What colour is the frame inside?,I think silver frame,True,What else is inside the case?,a spare nose pad,True,3,approve
C00658,F0474,U0114,genuine_partial,val,Is there any marking on it?,no marking,True,Is there a charm attached?,no charm,False,What cover does the case have?,a silicone cover with a hook,True,2,manual_review
C00659,F0474,U0512,impostor,val,Is there any marking on it?,initial R,False,Is there a charm attached?,a tiny bear charm,True,What cover does the case have?,plain case,False,1,reject
C00660,F0475,U0485,genuine_full,val,Is there a charm attached?,I think a metal ring,True,Which earbuds are inside?,both buds present,True,What cover does the case have?,a glitter cover,True,3,approve
C00661,F0475,U0005,impostor,val,Is there a charm attached?,a tiny bear charm,False,Which earbuds are inside?,I think both buds present,True,What cover does the case have?,leather pouch,False,1,reject
C00662,F0476,U0005,impostor,train,What is inside the bottle?,empty,False,Where is the dent or scratch?,dent near the bottom,False,What sticker is on the bottle?,no sticker,False,0,reject
C00663,F0477,U0411,genuine_full,test,Roughly how much cash is inside?,I think no cash,True,Which card is in the first slot?,a metro card,True,Is there a photo inside?,a passport-size photo,True,3,approve
C00664,F0477,U0655,impostor,test,Roughly how much cash is inside?,I think 500 to 2000 rupees,False,Which card is in the first slot?,a library card,False,Is there a photo inside?,a passport-size photo,True,1,reject
C00665,F0478,U0068,genuine_partial,train,What cover does the case have?,a silicone cover with a hook,True,Is there any marking on it?,initial A,True,Is there a charm attached?,beaded charm,False,2,manual_review
C00666,F0479,U0331,genuine_full,train,What is inside the canopy?,a checked pattern,True,Is there any damage?,torn edge,True,What does the handle look like?,a curved wooden handle,True,3,approve
C00667,F0479,U0065,impostor,train,What is inside the canopy?,plain inside,False,Is there any damage?,I think a missing button,False,What does the handle look like?,a straight handle,False,0,reject
C00668,F0480,U0654,genuine_full,train,Is there any damage?,I think a missing button,True,What does the handle look like?,a black plastic handle,True,What strap does it have?,black Velcro strap,True,3,approve
C00669,F0480,U0376,impostor,train,Is there any damage?,I think no damage,False,What does the handle look like?,a curved wooden handle,False,What strap does it have?,I think a blue strap,False,0,reject
C00670,F0482,U0008,genuine_full,train,What is written on the tag?,I think a room number,True,What charm is on the keychain?,I think a leather tag,True,What kind of ring holds the keys?,a steel ring,True,3,approve
C00671,F0482,U0657,impostor,train,What is written on the tag?,a room number,True,What charm is on the keychain?,a cartoon figure,False,What kind of ring holds the keys?,plastic ring,False,1,reject
C00672,F0483,U0233,genuine_partial,train,Is there a photo inside?,I think a family photo,True,Roughly how much cash is inside?,100 to 500 rupees,False,What other small item is inside?,a folded receipt,True,2,manual_review
C00673,F0484,U0379,genuine_full,train,Which earbuds are inside?,I think only the right bud,True,Is there a charm attached?,a tiny bear charm,True,What cover does the case have?,I think a cartoon silicone cover,True,3,approve
C00674,F0485,U0175,impostor,train,What other small item is inside?,I think a library slip,False,Roughly how much cash is inside?,no cash,False,Is there a photo inside?,no photo,False,0,reject
C00675,F0486,U0070,genuine_partial,train,What is inside the bottle?,a lemon slice inside,False,Where is the dent or scratch?,I think scratch on the side,True,What kind of strap or handle does it have?,no strap,True,2,manual_review
C00676,F0486,U0031,impostor,train,What is inside the bottle?,empty,False,Where is the dent or scratch?,dent near the bottom,False,What kind of strap or handle does it have?,a rope handle,False,0,reject
C00677,F0487,U0133,genuine_full,train,Where is the dent or scratch?,dent near the neck,True,What is inside the bottle?,a lemon slice inside,True,What kind of strap or handle does it have?,a rope handle,True,3,approve
C00678,F0487,U0602,impostor,train,Where is the dent or scratch?,I think dent near the neck,True,What is inside the bottle?,empty,False,What kind of strap or handle does it have?,black strap,False,1,reject
C00679,F0488,U0214,genuine_full,train,Is a cable attached?,no cable,True,Is there any damage?,I think no damage,True,What capacity is printed on it?,5000 mAh,True,3,approve
C00680,F0489,U0652,genuine_full,test,Is any key damaged?,a cracked corner,True,What is the model number?,fx-991ES Plus,True,What cover does it have?,no cover,True,3,approve
C00681,F0489,U0439,impostor,test,Is any key damaged?,cracked corner,True,What is the model number?,fx-991ES Plus,True,What cover does it have?,a scratched cover,False,2,manual_review
C00682,F0490,U0776,genuine_full,test,What is the model number?,fx-991EX,True,Is anything written on it?,I think no marking,True,What cover does it have?,a black slide cover,True,3,approve
C00683,F0490,U0370,impostor,test,What is the model number?,fx-991ES Plus,False,Is anything written on it?,I think name written on the back,False,What cover does it have?,scratched cover,False,0,reject
C00684,F0491,U0374,genuine_partial,train,What is written on the tag?,no tag,True,What kind of ring holds the keys?,I don't remember,False,How many keys are there?,three keys,True,2,manual_review
C00685,F0493,U0757,genuine_full,train,What kind of case does it have?,no case,True,Is there any screen damage?,small chip on the bottom edge,True,What wallpaper is on the phone?,a cricket player photo,True,3,approve
C00686,F0494,U0142,genuine_full,test,Where is the dent or scratch?,dent on the cap,True,What kind of strap or handle does it have?,a rope handle,True,What is inside the bottle?,a lemon slice inside,True,3,approve
C00687,F0495,U0230,genuine_partial,val,What kind of strap or handle does it have?,I think a rope handle,True,Where is the dent or scratch?,no dent,True,What sticker is on the bottle?,I don't remember,False,2,manual_review
C00688,F0496,U0696,genuine_full,train,What is the desktop wallpaper?,I think a beach photo,True,What sticker is on the lid?,a college club sticker,True,What marks does it have?,worn keys near the touchpad,True,3,approve
C00689,F0497,U0738,genuine_full,train,What is inside the canopy?,company logo,True,What strap does it have?,a blue strap,True,What does the handle look like?,a straight handle,True,3,approve
C00690,F0498,U0494,genuine_full,test,Was a charger with it?,"yes, with a black adapter",True,What marks does it have?,worn keys near the touchpad,True,What is the desktop wallpaper?,a family photo,True,3,approve
C00691,F0499,U0700,genuine_partial,train,What strap does it have?,a red strap,False,What does the handle look like?,handle with a rubber grip,True,Is there any damage?,missing button,True,2,manual_review
C00692,F0500,U0207,genuine_full,train,Which earbuds are inside?,only the left bud,True,Is there a charm attached?,a tiny bear charm,True,Is there any marking on it?,a heart drawn with marker,True,3,approve
C00693,F0500,U0226,impostor,train,Which earbuds are inside?,no buds,False,Is there a charm attached?,a beaded charm,False,Is there any marking on it?,no marking,False,0,reject
C00694,F0501,U0524,genuine_full,train,Is there a charm attached?,a beaded charm,True,Is there any marking on it?,a name label,True,What cover does the case have?,a glitter cover,True,3,approve
C00695,F0503,U0756,genuine_full,val,Is there anything loose inside?,I think a loose sheet inside,True,What is on the cover?,a name label,True,Which subject is it for?,Physics,True,3,approve
C00696,F0504,U0022,genuine_partial,train,What cover does it have?,a black slide cover,True,Is any key damaged?,I don't remember,False,What is the model number?,I think fx-82MS,True,2,manual_review
C00697,F0505,U0154,impostor,test,Is any key damaged?,I think no damage,False,Is anything written on it?,no marking,False,What is the model number?,I think fx-570ES,False,0,reject
C00698,F0506,U0327,genuine_full,test,What is inside the front pocket?,tissues and a comb,True,Describe the keychain attached to it.,a metal bottle-opener keychain,True,What is the colour of the inner lining?,black,True,3,approve
C00699,F0506,U0590,impostor,test,What is inside the front pocket?,a lunch box,False,Describe the keychain attached to it.,a brass ring with a bell,False,What is the colour of the inner lining?,red,False,0,reject
C00700,F0507,U0279,genuine_full,train,What marks does it have?,dent on the lid,True,What is the desktop wallpaper?,cat photo,True,Was a charger with it?,only the cable,True,3,approve
C00701,F0508,U0644,impostor,test,What other small item is inside?,I think a small key,False,Which card is in the first slot?,a gym membership card,False,Is there a photo inside?,no photo,False,0,reject
C00702,F0509,U0476,genuine_full,train,What cover does the case have?,a silicone cover with a hook,True,Is there a charm attached?,I think a metal ring,True,Which earbuds are inside?,only the right bud,True,3,approve
C00703,F0509,U0394,impostor,train,What cover does the case have?,a leather pouch,False,Is there a charm attached?,metal ring,True,Which earbuds are inside?,both buds present,False,1,reject
C00704,F0511,U0167,genuine_full,train,What is stuck to the back of the phone?,heart sticker,True,What wallpaper is on the phone?,I think a family photo,True,What kind of case does it have?,blue hard case,True,3,approve
C00705,F0511,U0372,impostor,train,What is stuck to the back of the phone?,I think a metro card in the cover,False,What wallpaper is on the phone?,a mountain sunset,False,What kind of case does it have?,I think transparent case,False,0,reject
C00706,F0512,U0503,genuine_full,val,Which card is in the first slot?,a bus pass,True,Roughly how much cash is inside?,under 100 rupees,True,Is there a photo inside?,I think a passport-size photo,True,3,approve
C00707,F0512,U0342,impostor,val,Which card is in the first slot?,bus pass,True,Roughly how much cash is inside?,over 2000 rupees,False,Is there a photo inside?,a passport-size photo,True,2,manual_review
C00708,F0513,U0025,genuine_full,train,What colour is the strap?,a blue strap,True,What else was with it?,no dock,True,What watch face is set?,a digital face with steps,True,3,approve
C00709,F0513,U0055,impostor,train,What colour is the strap?,I think a metal strap,False,What else was with it?,no dock,True,What watch face is set?,a family photo face,False,1,reject
C00710,F0514,U0352,genuine_full,train,What is stuck to the back of the phone?,ring holder,True,What wallpaper is on the phone?,a mountain sunset,True,Is there any screen damage?,scratched tempered glass,True,3,approve
C00711,F0514,U0288,impostor,train,What is stuck to the back of the phone?,ring holder,True,What wallpaper is on the phone?,I think plain black,False,Is there any screen damage?,crack at top-left corner,False,1,reject
C00712,F0515,U0287,genuine_partial,val,Is there a photo inside?,a polaroid,True,Roughly how much cash is inside?,I don't remember,False,Which card is in the first slot?,library card,True,2,manual_review
C00713,F0516,U0646,genuine_full,train,Roughly how much cash is inside?,no cash,True,Which card is in the first slot?,I think a metro card,True,Is there a photo inside?,no photo,True,3,approve
C00714,F0517,U0214,genuine_partial,train,What sticker is on the bottle?,cartoon sticker,True,What kind of strap or handle does it have?,a black strap,True,What is inside the bottle?,empty,False,2,manual_review
C00715,F0517,U0086,impostor,train,What sticker is on the bottle?,I think a football sticker,False,What kind of strap or handle does it have?,no strap,False,What is inside the bottle?,I think half filled with water,True,1,reject
C00716,F0518,U0623,impostor,train,What is the model number?,I think fx-570ES,False,Is any key damaged?,a cracked corner,True,What cover does it have?,blue flip cover,True,2,manual_review
C00717,F0519,U0034,genuine_full,train,What is the lens condition?,a scratch on the right lens,True,What colour is the frame inside?,silver frame,True,What is printed on the case?,a floral print,True,3,approve
C00718,F0519,U0465,impostor,train,What is the lens condition?,no scratches,False,What colour is the frame inside?,transparent frame,False,What is printed on the case?,floral print,True,1,reject
C00719,F0520,U0236,genuine_full,train,What is the lens condition?,I think a scratch on the right lens,True,What else is inside the case?,a screwdriver kit,True,What colour is the frame inside?,black frame,True,3,approve
C00720,F0521,U0159,genuine_full,train,What colour is the strap?,a black strap,True,Is there any damage?,I think a scuffed corner,True,What else was with it?,no dock,True,3,approve
C00721,F0522,U0597,genuine_full,train,Where is the dent or scratch?,dent on the cap,True,What is inside the bottle?,lemon slice inside,True,What kind of strap or handle does it have?,I think a black strap,True,3,approve
C00722,F0523,U0054,genuine_full,train,Where is the dent or scratch?,scratch on the side,True,What kind of strap or handle does it have?,a loop on the cap,True,What sticker is on the bottle?,an NGO logo sticker,True,3,approve
C00723,F0524,U0516,genuine_partial,train,What marks does it have?,scratch on the left corner,False,What sticker is on the lid?,cartoon sticker,True,What is the desktop wallpaper?,an anime character,True,2,manual_review
C00724,F0524,U0339,impostor,train,What marks does it have?,dent on the lid,True,What sticker is on the lid?,a college club sticker,False,What is the desktop wallpaper?,an anime character,True,2,manual_review
C00725,F0525,U0413,genuine_full,val,Is there any damage?,I think no damage,True,What strap does it have?,no strap,True,What does the handle look like?,a curved wooden handle,True,3,approve
C00726,F0526,U0763,genuine_full,train,What is inside the bottle?,I think empty,True,Where is the dent or scratch?,scratch on the side,True,What sticker is on the bottle?,an NGO logo sticker,True,3,approve
C00727,F0526,U0669,impostor,train,What is inside the bottle?,a tea bag inside,False,Where is the dent or scratch?,scratch on the side,True,What sticker is on the bottle?,a name label,False,1,reject
C00728,F0527,U0678,genuine_full,train,What is inside the bottle?,empty,True,Where is the dent or scratch?,dent near the bottom,True,What kind of strap or handle does it have?,no strap,True,3,approve
C00729,F0528,U0270,genuine_full,val,Is there any damage?,no damage,True,What kind of charger is it?,20W phone charger,True,How is the cable wrapped?,I think tape on the cable,True,3,approve
C00730,F0529,U0505,genuine_full,val,Is there any damage?,I think a bent pin,True,Is there any marking?,no marking,True,What kind of charger is it?,a 65W laptop charger,True,3,approve
C00731,F0529,U0223,impostor,val,Is there any damage?,no damage,False,Is there any marking?,initials,False,What kind of charger is it?,a usb cable with adapter,False,0,reject
C00732,F0530,U0023,genuine_partial,val,How is the cable wrapped?,a rubber band around the cable,True,Is there any marking?,I don't remember,False,Is there any damage?,no damage,True,2,manual_review
C00733,F0531,U0294,genuine_full,train,What charm is on the keychain?,a cartoon figure,True,What is written on the tag?,I think a hostel name,True,What kind of ring holds the keys?,split ring with a loop,True,3,approve
C00734,F0532,U0565,genuine_full,train,What kind of ring holds the keys?,I think a split ring with a loop,True,What charm is on the keychain?,a bell charm,True,How many keys are there?,three keys,True,3,approve
C00735,F0532,U0459,impostor,train,What kind of ring holds the keys?,a carabiner,False,What charm is on the keychain?,a leather tag,False,How many keys are there?,I think one key,False,0,reject
C00736,F0533,U0721,genuine_full,test,What is inside the bottle?,empty,True,What kind of strap or handle does it have?,black strap,True,What sticker is on the bottle?,fest sticker,True,3,approve
C00737,F0534,U0524,genuine_full,test,What is inside the bottle?,empty,True,Where is the dent or scratch?,no dent,True,What kind of strap or handle does it have?,no strap,True,3,approve
C00738,F0534,U0254,impostor,test,What is inside the bottle?,a tea bag inside,False,Where is the dent or scratch?,dent near the bottom,False,What kind of strap or handle does it have?,a rope handle,False,0,reject
C00739,F0535,U0404,genuine_full,test,Is there a photo inside?,a polaroid,True,Roughly how much cash is inside?,no cash,True,Which card is in the first slot?,I think a bus pass,True,3,approve
C00740,F0535,U0078,impostor,test,Is there a photo inside?,a family photo,False,Roughly how much cash is inside?,over 2000 rupees,False,Which card is in the first slot?,metro card,False,0,reject
C00741,F0536,U0748,genuine_partial,test,Is there a photo inside?,I think a small deity picture,True,What other small item is inside?,a coin,True,Which card is in the first slot?,a metro card,False,2,manual_review
C00742,F0536,U0413,impostor,test,Is there a photo inside?,a passport-size photo,False,What other small item is inside?,a visiting card,False,Which card is in the first slot?,a gym membership card,False,0,reject
C00743,F0537,U0466,genuine_full,test,Is there any tag or sticker on it?,no sticker,True,Describe the keychain attached to it.,a small panda keychain,True,What is inside the front pocket?,blue pen and a charger,True,3,approve
C00744,F0537,U0131,impostor,test,Is there any tag or sticker on it?,a spiderman sticker,False,Describe the keychain attached to it.,a brass ring with a bell,False,What is inside the front pocket?,a lunch box,False,0,reject
C00745,F0538,U0101,genuine_full,test,What is inside the front pocket?,tissues and a comb,True,What is the colour of the inner lining?,I think orange,True,Is there any tag or sticker on it?,no sticker,True,3,approve
C00746,F0538,U0587,impostor,test,What is inside the front pocket?,a blue pen and a charger,False,What is the colour of the inner lining?,blue,False,Is there any tag or sticker on it?,a spiderman sticker,False,0,reject
C00747,F0540,U0499,genuine_full,test,What is on the cover?,no marking,True,What is on the first page?,cartoon,True,Which subject is it for?,Physics,True,3,approve
C00748,F0541,U0050,genuine_full,train,Is there any damage?,I think a dent on one corner,True,Is a cable attached?,no cable,True,Is there a sticker on it?,a price sticker,True,3,approve
C00749,F0541,U0158,impostor,train,Is there any damage?,a loose port,False,Is a cable attached?,a short white cable attached,False,Is there a sticker on it?,price sticker,True,1,reject
C00750,F0542,U0053,genuine_full,train,What is stuck to the back of the phone?,no sticker,True,Is there any screen damage?,I think small chip on the bottom edge,True,What kind of case does it have?,black silicone case,True,3,approve
C00751,F0544,U0412,genuine_partial,val,What else is inside the case?,no cloth,True,What is the lens condition?,an anti-glare coating,True,What colour is the frame inside?,gold frame,False,2,manual_review
C00752,F0544,U0103,impostor,val,What else is inside the case?,a cleaning cloth,False,What is the lens condition?,I think a slightly loose screw,False,What colour is the frame inside?,silver frame,True,1,reject
C00753,F0545,U0531,impostor,train,What kind of charger is it?,I think a USB cable with adapter,True,Is there any damage?,a bent pin,False,How is the cable wrapped?,tape on the cable,False,1,reject
C00754,F0546,U0614,genuine_full,val,What is on the first page?,name and roll number,True,What is on the cover?,doodle of a cat,True,Is there anything loose inside?,nothing inside,True,3,approve
C00755,F0548,U0325,genuine_partial,train,Which card is in the first slot?,I don't remember,False,Roughly how much cash is inside?,100 to 500 rupees,True,What other small item is inside?,a coin,True,2,manual_review
C00756,F0549,U0629,genuine_full,train,What kind of case does it have?,blue hard case,True,Is there any screen damage?,scratched tempered glass,True,What is stuck to the back of the phone?,ring holder,True,3,approve
C00757,F0550,U0128,genuine_full,train,What is inside the front pocket?,an umbrella,True,Describe the keychain attached to it.,a small panda keychain,True,Is there any tag or sticker on it?,a Spiderman sticker,True,3,approve
C00758,F0550,U0125,impostor,train,What is inside the front pocket?,a pair of earphones,False,Describe the keychain attached to it.,I think no keychain,False,Is there any tag or sticker on it?,no sticker,False,0,reject
C00759,F0551,U0150,genuine_full,train,Describe the keychain attached to it.,a small panda keychain,True,What is inside the front pocket?,a blue pen and a charger,True,Is there any tag or sticker on it?,bus pass holder,True,3,approve
C00760,F0552,U0182,genuine_full,train,What is the colour of the inner lining?,grey,True,Describe the keychain attached to it.,I think a football keychain,True,What is inside the front pocket?,tissues and a comb,True,3,approve
C00761,F0553,U0072,genuine_partial,train,Is there any damage?,a scratched back,True,Is there a sticker on it?,I don't remember,False,What capacity is printed on it?,10000 mAh,True,2,manual_review
C00762,F0554,U0162,genuine_full,test,What is inside the front pocket?,an umbrella,True,Describe the keychain attached to it.,a football keychain,True,What is the colour of the inner lining?,green,True,3,approve
C00763,F0554,U0428,impostor,test,What is inside the front pocket?,blue pen and a charger,False,Describe the keychain attached to it.,red heart keychain,False,What is the colour of the inner lining?,grey,False,0,reject
C00764,F0555,U0622,impostor,train,Is there any damage?,no damage,True,How is the cable wrapped?,rubber band around the cable,False,Is there any marking?,a name written in marker,False,1,reject
C00765,F0556,U0165,genuine_full,train,Is there any damage?,I think a cracked adapter body,True,What kind of charger is it?,I think a 65W laptop charger,True,Is there any marking?,I think coloured tape on the cable,True,3,approve
C00766,F0556,U0294,impostor,train,Is there any damage?,a cracked adapter body,True,What kind of charger is it?,I think a 33W fast charger,False,Is there any marking?,a name written in marker,False,1,reject
C00767,F0557,U0597,genuine_full,train,Is there a photo inside?,no photo,True,Roughly how much cash is inside?,over 2000 rupees,True,What other small item is inside?,movie ticket,True,3,approve
C00768,F0557,U0307,impostor,train,Is there a photo inside?,a small deity picture,False,Roughly how much cash is inside?,over 2000 rupees,True,What other small item is inside?,a library slip,False,1,reject
C00769,F0558,U0129,genuine_full,val,What does the handle look like?,a handle with a rubber grip,True,Is there any damage?,a missing button,True,What is inside the canopy?,plain inside,True,3,approve
C00770,F0559,U0217,genuine_full,val,Is there any damage?,a missing button,True,What is inside the canopy?,polka dot pattern,True,What does the handle look like?,a handle with a rubber grip,True,3,approve
C00771,F0559,U0333,impostor,val,Is there any damage?,a bent rib,False,What is inside the canopy?,a checked pattern,False,What does the handle look like?,a handle with a rubber grip,True,1,reject
C00772,F0560,U0781,genuine_full,train,Is there any damage?,bent rib,True,What strap does it have?,I think a blue strap,True,What is inside the canopy?,plain inside,True,3,approve
C00773,F0560,U0634,impostor,train,Is there any damage?,I think a missing button,False,What strap does it have?,a black Velcro strap,False,What is inside the canopy?,I think floral print inside,False,0,reject
C00774,F0561,U0576,genuine_full,train,Is there a photo inside?,I think a passport-size photo,True,What other small item is inside?,a coin,True,Roughly how much cash is inside?,no cash,True,3,approve
C00775,F0561,U0081,impostor,train,Is there a photo inside?,a polaroid,False,What other small item is inside?,a coin,True,Roughly how much cash is inside?,500 to 2000 rupees,False,1,reject
C00776,F0562,U0419,genuine_full,train,Which subject is it for?,Operating Systems,True,Is there anything loose inside?,sticky note inside,True,What is on the cover?,no marking,True,3,approve
C00777,F0563,U0130,genuine_full,train,Where is the dent or scratch?,scratch on the side,True,What sticker is on the bottle?,I think a cartoon sticker,True,What is inside the bottle?,empty,True,3,approve
C00778,F0564,U0358,impostor,train,What watch face is set?,a family photo face,False,What colour is the strap?,pink strap,False,What else was with it?,spare strap in a pouch,True,1,reject
C00779,F0565,U0484,genuine_full,train,What colour is the strap?,a white strap,True,Is there any damage?,no damage,True,What watch face is set?,a cricket watch face,True,3,approve
C00780,F0565,U0324,impostor,train,What colour is the strap?,a white strap,True,Is there any damage?,a scratch on the glass,False,What watch face is set?,a family photo face,False,1,reject
C00781,F0567,U0185,genuine_full,test,Is there a photo inside?,I think a family photo,True,Which card is in the first slot?,a gym membership card,True,Roughly how much cash is inside?,I think no cash,True,3,approve
C00782,F0568,U0282,genuine_full,train,Is there a photo inside?,a family photo,True,What other small item is inside?,a coin,True,Which card is in the first slot?,a bus pass,True,3,approve
C00783,F0569,U0353,genuine_partial,train,What wallpaper is on the phone?,a cricket player photo,True,What kind of case does it have?,I don't remember,False,What is stuck to the back of the phone?,a small smiley sticker,True,2,manual_review
C00784,F0569,U0702,impostor,train,What wallpaper is on the phone?,I think an anime character,False,What kind of case does it have?,blue hard case,False,What is stuck to the back of the phone?,a heart sticker,False,0,reject
C00785,F0570,U0186,genuine_full,train,Is there a charm attached?,no charm,True,Is there any marking on it?,I think a name label,True,What cover does the case have?,a glitter cover,True,3,approve
C00786,F0570,U0674,impostor,train,Is there a charm attached?,beaded charm,False,Is there any marking on it?,name label,True,What cover does the case have?,a silicone cover with a hook,False,1,reject
C00787,F0571,U0238,genuine_full,train,What is inside the bottle?,tea bag inside,True,What sticker is on the bottle?,I think an NGO logo sticker,True,What kind of strap or handle does it have?,black strap,True,3,approve
C00788,F0572,U0649,genuine_partial,train,What charm is on the keychain?,I think a leather tag,True,What kind of ring holds the keys?,I think a steel ring,True,How many keys are there?,I don't remember,False,2,manual_review
C00789,F0572,U0116,impostor,train,What charm is on the keychain?,a small torch,False,What kind of ring holds the keys?,a plastic ring,False,How many keys are there?,two keys,False,0,reject
C00790,F0573,U0623,genuine_full,val,Is there any damage?,a cracked adapter body,True,How is the cable wrapped?,velcro wrap,True,What kind of charger is it?,USB cable with adapter,True,3,approve
C00791,F0573,U0153,impostor,val,Is there any damage?,a frayed cable near the pin,False,How is the cable wrapped?,I think a rubber band around the cable,False,What kind of charger is it?,a 33W fast charger,False,0,reject
C00792,F0574,U0198,genuine_partial,train,What kind of case does it have?,blue hard case,False,What wallpaper is on the phone?,a cricket player photo,True,What is stuck to the back of the phone?,a ring holder,True,2,manual_review
C00793,F0574,U0580,impostor,train,What kind of case does it have?,no case,False,What wallpaper is on the phone?,I think a family photo,False,What is stuck to the back of the phone?,I think no sticker,False,0,reject
C00794,F0575,U0180,genuine_full,train,Roughly how much cash is inside?,I think over 2000 rupees,True,Which card is in the first slot?,metro card,True,Is there a photo inside?,no photo,True,3,approve
C00795,F0575,U0119,impostor,train,Roughly how much cash is inside?,100 to 500 rupees,False,Which card is in the first slot?,a gym membership card,False,Is there a photo inside?,a family photo,False,0,reject
C00796,F0576,U0189,genuine_full,train,What is the colour of the inner lining?,red,True,Is there any tag or sticker on it?,a bus pass holder,True,What is inside the front pocket?,an umbrella,True,3,approve
C00797,F0577,U0279,genuine_full,train,Describe the keychain attached to it.,a brass ring with a bell,True,Is there any tag or sticker on it?,I think a name tag with initials,True,What is the colour of the inner lining?,I think blue,True,3,approve
C00798,F0577,U0398,impostor,train,Describe the keychain attached to it.,small panda keychain,False,Is there any tag or sticker on it?,I think a yellow ribbon on the zip,False,What is the colour of the inner lining?,blue,True,1,reject
C00799,F0578,U0727,genuine_full,train,What is the model number?,fx-570ES,True,Is any key damaged?,missing key cap,True,Is anything written on it?,name written on the back,True,3,approve
C00800,F0579,U0277,genuine_partial,train,Is anything written on it?,I don't remember,False,Is any key damaged?,I think no damage,True,What cover does it have?,no cover,True,2,manual_review
C00801,F0579,U0054,impostor,train,Is anything written on it?,initials on the cover,False,Is any key damaged?,a cracked corner,False,What cover does it have?,no cover,True,1,reject
C00802,F0580,U0634,genuine_full,train,Describe the keychain attached to it.,I think a brass ring with a bell,True,What is the colour of the inner lining?,I think orange,True,Is there any tag or sticker on it?,a name tag with initials,True,3,approve
C00803,F0581,U0495,genuine_full,test,What is on the cover?,a name label,True,What is on the first page?,a name and roll number,True,Which subject is it for?,I think Physics,True,3,approve
C00804,F0581,U0504,impostor,test,What is on the cover?,no marking,False,What is on the first page?,I think a timetable,False,Which subject is it for?,Engineering Maths,False,0,reject
C00805,F0582,U0203,genuine_partial,train,What is printed on the case?,I think a logo of an optical shop,True,What else is inside the case?,visiting card,True,What is the lens condition?,I don't remember,False,2,manual_review
C00806,F0582,U0458,impostor,train,What is printed on the case?,a name label,False,What else is inside the case?,a visiting card,True,What is the lens condition?,no scratches,True,2,manual_review
C00807,F0583,U0546,genuine_full,train,How is the cable wrapped?,a velcro wrap,True,Is there any damage?,cracked adapter body,True,Is there any marking?,name written in marker,True,3,approve
C00808,F0584,U0095,genuine_full,train,What kind of charger is it?,I think a 33W fast charger,True,Is there any damage?,frayed cable near the pin,True,How is the cable wrapped?,a velcro wrap,True,3,approve
C00809,F0585,U0264,genuine_full,val,What is inside the bottle?,empty,True,Where is the dent or scratch?,dent near the bottom,True,What sticker is on the bottle?,no sticker,True,3,approve
C00810,F0585,U0490,impostor,val,What is inside the bottle?,empty,True,Where is the dent or scratch?,dent near the bottom,True,What sticker is on the bottle?,a name label,False,2,manual_review
C00811,F0586,U0768,genuine_full,train,What is inside the bottle?,I think half filled with water,True,What kind of strap or handle does it have?,loop on the cap,True,What sticker is on the bottle?,no sticker,True,3,approve
C00812,F0586,U0610,impostor,train,What is inside the bottle?,a lemon slice inside,False,What kind of strap or handle does it have?,no strap,False,What sticker is on the bottle?,a name label,False,0,reject
C00813,F0587,U0096,genuine_partial,train,What charm is on the keychain?,I don't remember,False,How many keys are there?,one key,True,What kind of ring holds the keys?,a carabiner,True,2,manual_review
C00814,F0588,U0777,genuine_full,train,What kind of strap or handle does it have?,no strap,True,What is inside the bottle?,half filled with water,True,Where is the dent or scratch?,dent near the neck,True,3,approve
C00815,F0588,U0769,impostor,train,What kind of strap or handle does it have?,a rope handle,False,What is inside the bottle?,half filled with water,True,Where is the dent or scratch?,dent near the neck,True,2,manual_review
C00816,F0589,U0231,genuine_full,train,What kind of strap or handle does it have?,I think a rope handle,True,Where is the dent or scratch?,scratch on the side,True,What is inside the bottle?,a lemon slice inside,True,3,approve
C00817,F0590,U0307,genuine_full,test,What does the handle look like?,I think a curved wooden handle,True,What strap does it have?,no strap,True,What is inside the canopy?,a company logo,True,3,approve
C00818,F0591,U0646,genuine_partial,train,Describe the keychain attached to it.,red heart keychain,True,What is inside the front pocket?,a pair of earphones,True,What is the colour of the inner lining?,red,False,2,manual_review
C00819,F0592,U0005,genuine_partial,test,What strap does it have?,a red strap,False,What does the handle look like?,black plastic handle,True,Is there any damage?,no damage,True,2,manual_review
C00820,F0592,U0067,impostor,test,What strap does it have?,I think a blue strap,False,What does the handle look like?,a curved wooden handle,False,Is there any damage?,torn edge,False,0,reject
C00821,F0593,U0130,genuine_full,train,Is there a charm attached?,I think a metal ring,True,Which earbuds are inside?,I think both buds present,True,Is there any marking on it?,no marking,True,3,approve
C00822,F0594,U0358,impostor,train,Is there any tag or sticker on it?,I think a Spiderman sticker,False,Describe the keychain attached to it.,a brass ring with a bell,False,What is inside the front pocket?,a blue pen and a charger,False,0,reject
C00823,F0595,U0118,genuine_full,train,Is any key damaged?,faded 7 key,True,What is the model number?,fx-991EX,True,Is anything written on it?,name written on the back,True,3,approve
C00824,F0595,U0432,impostor,train,Is any key damaged?,no damage,False,What is the model number?,fx-570ES,False,Is anything written on it?,I think a sticker with a roll number,False,0,reject
C00825,F0596,U0018,genuine_full,train,Which card is in the first slot?,metro card,True,Roughly how much cash is inside?,no cash,True,Is there a photo inside?,a polaroid,True,3,approve
C00826,F0597,U0298,genuine_full,train,What is the colour of the inner lining?,black,True,Describe the keychain attached to it.,a metal bottle-opener keychain,True,Is there any tag or sticker on it?,yellow ribbon on the zip,True,3,approve
C00827,F0597,U0164,impostor,train,What is the colour of the inner lining?,green,False,Describe the keychain attached to it.,I think a brass ring with a bell,False,Is there any tag or sticker on it?,I think a bus pass holder,False,0,reject
C00828,F0598,U0589,genuine_full,train,What is the colour of the inner lining?,grey,True,Describe the keychain attached to it.,a small panda keychain,True,What is inside the front pocket?,water bottle,True,3,approve
C00829,F0599,U0034,genuine_full,train,What is the lens condition?,a slightly loose screw,True,What colour is the frame inside?,black frame,True,What else is inside the case?,I think a spare nose pad,True,3,approve
C00830,F0600,U0001,genuine_full,val,Was a charger with it?,"yes, with a black adapter",True,What marks does it have?,no visible scratch,True,What is the desktop wallpaper?,plain black,True,3,approve
C00831,F0601,U0572,genuine_full,train,What is the colour of the inner lining?,red,True,Describe the keychain attached to it.,I think a football keychain,True,What is inside the front pocket?,a pair of earphones,True,3,approve
C00832,F0601,U0691,impostor,train,What is the colour of the inner lining?,orange,False,Describe the keychain attached to it.,a metal bottle-opener keychain,False,What is inside the front pocket?,two notebooks,False,0,reject
C00833,F0602,U0210,genuine_partial,train,Is anything written on it?,I think initials on the cover,False,What cover does it have?,no cover,True,What is the model number?,fx-991ES Plus,True,2,manual_review
C00834,F0603,U0607,genuine_full,train,What charm is on the keychain?,a small torch,True,What kind of ring holds the keys?,plastic ring,True,What is written on the tag?,a red key cover,True,3,approve
C00835,F0604,U0423,genuine_full,train,What kind of ring holds the keys?,a plastic ring,True,What is written on the tag?,a room number,True,How many keys are there?,four keys,True,3,approve
C00836,F0605,U0529,genuine_full,train,What watch face is set?,a cricket watch face,True,What else was with it?,the charging dock in a pouch,True,What colour is the strap?,black strap,True,3,approve
C00837,F0606,U0706,genuine_full,val,What kind of strap or handle does it have?,a rope handle,True,What sticker is on the bottle?,an NGO logo sticker,True,Where is the dent or scratch?,dent on the cap,True,3,approve
C00838,F0606,U0704,impostor,val,What kind of strap or handle does it have?,a black strap,False,What sticker is on the bottle?,I think a football sticker,False,Where is the dent or scratch?,no dent,False,0,reject
C00839,F0607,U0021,genuine_partial,train,Is there any damage?,a scratch on the glass,True,What colour is the strap?,I don't remember,False,What watch face is set?,I think an analog face,True,2,manual_review
C00840,F0608,U0333,genuine_full,train,What marks does it have?,I think worn keys near the touchpad,True,What is the desktop wallpaper?,a cricket player photo,True,What sticker is on the lid?,a college club sticker,True,3,approve
C00841,F0608,U0251,impostor,train,What marks does it have?,dent on the lid,False,What is the desktop wallpaper?,a car photo,False,What sticker is on the lid?,no sticker,False,0,reject
C00842,F0609,U0743,genuine_full,train,Was a charger with it?,"yes, with an extension cord",True,What is the desktop wallpaper?,a mountain sunset,True,What sticker is on the lid?,a Python sticker,True,3,approve
C00843,F0610,U0766,genuine_partial,train,Which card is in the first slot?,I think a bus pass,False,Is there a photo inside?,no photo,True,What other small item is inside?,a visiting card,True,2,manual_review
C00844,F0611,U0715,genuine_full,train,What else was with it?,I think the charging dock in a pouch,True,What watch face is set?,a family photo face,True,What colour is the strap?,a white strap,True,3,approve
C00845,F0611,U0505,impostor,train,What else was with it?,a spare strap in a pouch,False,What watch face is set?,I think a digital face with steps,False,What colour is the strap?,I think a pink strap,False,0,reject
C00846,F0612,U0637,impostor,train,What wallpaper is on the phone?,I think an anime character,False,Is there any screen damage?,scratched tempered glass,False,What is stuck to the back of the phone?,no sticker,False,0,reject
C00847,F0613,U0273,impostor,train,Which subject is it for?,DBMS,False,What is on the cover?,a coffee stain,False,Is there anything loose inside?,a loose sheet inside,False,0,reject
C00848,F0614,U0084,genuine_full,train,Is there anything loose inside?,a loose sheet inside,True,What is on the cover?,a name label,True,Which subject is it for?,Operating Systems,True,3,approve
C00849,F0614,U0418,impostor,train,Is there anything loose inside?,nothing inside,False,What is on the cover?,a name label,True,Which subject is it for?,dbms,False,1,reject
C00850,F0615,U0758,genuine_partial,train,What other small item is inside?,small key,True,Is there a photo inside?,a family photo,False,Roughly how much cash is inside?,over 2000 rupees,True,2,manual_review
C00851,F0616,U0041,genuine_partial,train,What is the colour of the inner lining?,orange,False,Is there any tag or sticker on it?,I think no sticker,True,What is inside the front pocket?,I think two notebooks,True,2,manual_review
C00852,F0616,U0642,impostor,train,What is the colour of the inner lining?,black,False,Is there any tag or sticker on it?,a Spiderman sticker,False,What is inside the front pocket?,tissues and a comb,False,0,reject
C00853,F0617,U0448,genuine_full,train,What capacity is printed on it?,I think 10000 mAh slim,True,Is there a sticker on it?,no sticker,True,Is a cable attached?,type-C cable,True,3,approve
C00854,F0617,U0039,impostor,train,What capacity is printed on it?,I think 20000 mAh,False,Is there a sticker on it?,a price sticker,False,Is a cable attached?,a lightning cable,False,0,reject
C00855,F0618,U0552,genuine_full,train,What is inside the canopy?,plain inside,True,Is there any damage?,a missing button,True,What strap does it have?,a red strap,True,3,approve
C00856,F0619,U0760,genuine_full,train,Is there any damage?,a dent on one corner,True,What capacity is printed on it?,I think 20000 mAh with display,True,Is there a sticker on it?,I think no sticker,True,3,approve
C00857,F0620,U0233,genuine_full,val,How many keys are there?,five keys,True,What is written on the tag?,a red key cover,True,What charm is on the keychain?,a cartoon figure,True,3,approve
C00858,F0621,U0209,genuine_full,test,Is there any damage?,a torn edge,True,What strap does it have?,I think a blue strap,True,What does the handle look like?,I think a black plastic handle,True,3,approve
C00859,F0622,U0361,genuine_partial,train,What sticker is on the bottle?,a football sticker,True,Where is the dent or scratch?,I don't remember,False,What is inside the bottle?,I think a tea bag inside,True,2,manual_review
C00860,F0622,U0132,impostor,train,What sticker is on the bottle?,a cartoon sticker,False,Where is the dent or scratch?,I think dent on the cap,False,What is inside the bottle?,I think empty,False,0,reject
C00861,F0623,U0055,genuine_partial,train,What cover does it have?,I think a black slide cover,True,Is anything written on it?,I think initials on the cover,False,What is the model number?,fx-991EX,True,2,manual_review
C00862,F0623,U0452,impostor,train,What cover does it have?,a scratched cover,False,Is anything written on it?,a sticker with a roll number,False,What is the model number?,I think fx-82MS,False,0,reject
C00863,F0624,U0714,genuine_full,val,What sticker is on the lid?,a GitHub sticker,True,Was a charger with it?,no charger,True,What is the desktop wallpaper?,mountain sunset,True,3,approve
C00864,F0624,U0614,impostor,val,What sticker is on the lid?,I think a cartoon sticker,False,Was a charger with it?,"yes, with a black adapter",False,What is the desktop wallpaper?,a family photo,False,0,reject
C00865,F0625,U0319,genuine_full,train,What is inside the bottle?,a lemon slice inside,True,What sticker is on the bottle?,fest sticker,True,What kind of strap or handle does it have?,a loop on the cap,True,3,approve
C00866,F0626,U0348,genuine_partial,test,Is there any marking on it?,no marking,True,Which earbuds are inside?,both buds present,False,What cover does the case have?,a silicone cover with a hook,True,2,manual_review
C00867,F0626,U0172,impostor,test,Is there any marking on it?,initial A,False,Which earbuds are inside?,only the left bud,False,What cover does the case have?,a plain case,False,0,reject
C00868,F0627,U0138,impostor,test,What charm is on the keychain?,I think a bell charm,False,What is written on the tag?,room number,False,How many keys are there?,three keys,False,0,reject
C00869,F0628,U0535,genuine_partial,train,What is written on the tag?,a red key cover,True,How many keys are there?,I think three keys,True,What charm is on the keychain?,a bell charm,False,2,manual_review
C00870,F0630,U0551,genuine_full,train,What is the model number?,fx-82MS,True,Is any key damaged?,a faded 7 key,True,What cover does it have?,a black slide cover,True,3,approve
C00871,F0630,U0201,impostor,train,What is the model number?,fx-82MS,True,Is any key damaged?,no damage,False,What cover does it have?,a scratched cover,False,1,reject
C00872,F0631,U0758,genuine_full,train,What charm is on the keychain?,I think a leather tag,True,What is written on the tag?,a room number,True,What kind of ring holds the keys?,a carabiner,True,3,approve
C00873,F0631,U0042,impostor,train,What charm is on the keychain?,a small torch,False,What is written on the tag?,a red key cover,False,What kind of ring holds the keys?,a split ring with a loop,False,0,reject
C00874,F0632,U0089,genuine_full,train,What charm is on the keychain?,cartoon figure,True,What is written on the tag?,hostel name,True,How many keys are there?,one key,True,3,approve
C00875,F0632,U0609,impostor,train,What charm is on the keychain?,I think a small torch,False,What is written on the tag?,red key cover,False,How many keys are there?,two keys,False,0,reject
C00876,F0633,U0749,genuine_full,train,Roughly how much cash is inside?,500 to 2000 rupees,True,Is there a photo inside?,I think no photo,True,What other small item is inside?,I think a small key,True,3,approve
C00877,F0634,U0262,genuine_full,test,What is the desktop wallpaper?,a beach photo,True,What sticker is on the lid?,a cartoon sticker,True,Was a charger with it?,only the cable,True,3,approve
C00878,F0635,U0537,genuine_full,train,Which earbuds are inside?,both buds present,True,Is there a charm attached?,a beaded charm,True,Is there any marking on it?,initial S,True,3,approve
C00879,F0637,U0578,genuine_partial,train,What strap does it have?,a red strap,True,What does the handle look like?,I think a handle with a rubber grip,True,What is inside the canopy?,plain inside,False,2,manual_review
C00880,F0638,U0740,genuine_partial,test,Is there any damage?,I don't remember,False,What capacity is printed on it?,I think 20000 mAh,True,Is there a sticker on it?,a price sticker,True,2,manual_review
C00881,F0639,U0425,genuine_full,train,What is inside the bottle?,empty,True,Where is the dent or scratch?,dent near the neck,True,What kind of strap or handle does it have?,I think no strap,True,3,approve
C00882,F0639,U0054,impostor,train,What is inside the bottle?,tea bag inside,False,Where is the dent or scratch?,dent near the bottom,False,What kind of strap or handle does it have?,I think a loop on the cap,False,0,reject
C00883,F0640,U0799,genuine_full,val,What kind of case does it have?,I think no case,True,Is there any screen damage?,crack at top-left corner,True,What is stuck to the back of the phone?,ring holder,True,3,approve
C00884,F0640,U0010,impostor,val,What kind of case does it have?,black silicone case,False,Is there any screen damage?,no cracks,False,What is stuck to the back of the phone?,a metro card in the cover,False,0,reject
C00885,F0641,U0736,genuine_partial,val,What is stuck to the back of the phone?,I don't remember,False,Is there any screen damage?,I think no cracks,True,What kind of case does it have?,transparent case,True,2,manual_review
C00886,F0642,U0368,genuine_partial,train,How is the cable wrapped?,a velcro wrap,True,Is there any marking?,I don't remember,False,Is there any damage?,no damage,True,2,manual_review
C00887,F0643,U0775,genuine_full,train,What is written on the tag?,a red key cover,True,What charm is on the keychain?,a cartoon figure,True,How many keys are there?,four keys,True,3,approve
C00888,F0644,U0035,genuine_partial,train,Which subject is it for?,Data Structures,True,What is on the cover?,I don't remember,False,What is on the first page?,an empty first page,True,2,manual_review
C00889,F0644,U0448,impostor,train,Which subject is it for?,Operating Systems,False,What is on the cover?,doodle of a cat,True,What is on the first page?,timetable,False,1,reject
C00890,F0645,U0563,genuine_full,test,What is inside the front pocket?,a water bottle,True,What is the colour of the inner lining?,black,True,Is there any tag or sticker on it?,bus pass holder,True,3,approve
C00891,F0645,U0768,impostor,test,What is inside the front pocket?,a calculator and a ruler,False,What is the colour of the inner lining?,black,True,Is there any tag or sticker on it?,a bus pass holder,True,2,manual_review
C00892,F0646,U0213,genuine_partial,train,What colour is the frame inside?,I don't remember,False,What is the lens condition?,I think a scratch on the right lens,True,What else is inside the case?,I think a visiting card,True,2,manual_review
C00893,F0646,U0673,impostor,train,What colour is the frame inside?,silver frame,True,What is the lens condition?,I think a scratch on the right lens,True,What else is inside the case?,a screwdriver kit,False,2,manual_review
C00894,F0647,U0520,genuine_full,train,What is printed on the case?,floral print,True,What else is inside the case?,I think no cloth,True,What colour is the frame inside?,I think brown frame,True,3,approve
C00895,F0648,U0508,genuine_full,test,What is on the cover?,no marking,True,What is on the first page?,a name and roll number,True,Which subject is it for?,data structures,True,3,approve
C00896,F0650,U0592,genuine_full,train,Is there any damage?,a cracked adapter body,True,Is there any marking?,initials,True,How is the cable wrapped?,a velcro wrap,True,3,approve
C00897,F0651,U0324,genuine_full,train,What colour is the strap?,I think a blue strap,True,What watch face is set?,I think a plain black face,True,Is there any damage?,no damage,True,3,approve
C00898,F0652,U0398,genuine_partial,train,What watch face is set?,a cricket watch face,True,What colour is the strap?,a blue strap,True,What else was with it?,no dock,False,2,manual_review
C00899,F0653,U0425,genuine_partial,val,Is there a sticker on it?,I don't remember,False,Is there any damage?,a dent on one corner,True,What capacity is printed on it?,10000 mAh slim,True,2,manual_review
C00900,F0653,U0731,impostor,val,Is there a sticker on it?,no sticker,False,Is there any damage?,a dent on one corner,True,What capacity is printed on it?,10000 mAh,False,1,reject
C00901,F0654,U0516,genuine_full,train,What is the desktop wallpaper?,a cricket player photo,True,What marks does it have?,no visible scratch,True,Was a charger with it?,"yes, with a black adapter",True,3,approve
C00902,F0655,U0380,genuine_full,train,Was a charger with it?,only the cable,True,What is the desktop wallpaper?,beach photo,True,What sticker is on the lid?,a GitHub sticker,True,3,approve
C00903,F0656,U0781,genuine_full,train,Is there any tag or sticker on it?,a Spiderman sticker,True,What is inside the front pocket?,a water bottle,True,What is the colour of the inner lining?,grey,True,3,approve
C00904,F0657,U0220,genuine_partial,train,Is there any tag or sticker on it?,a college fest tag,True,What is inside the front pocket?,a lunch box,True,Describe the keychain attached to it.,a small panda keychain,False,2,manual_review
C00905,F0658,U0228,genuine_full,test,What is the lens condition?,an anti-glare coating,True,What colour is the frame inside?,I think transparent frame,True,What else is inside the case?,a screwdriver kit,True,3,approve
C00906,F0659,U0766,genuine_full,train,What kind of charger is it?,I think a USB cable with adapter,True,How is the cable wrapped?,a rubber band around the cable,True,Is there any marking?,coloured tape on the cable,True,3,approve
C00907,F0659,U0082,impostor,train,What kind of charger is it?,20W phone charger,False,How is the cable wrapped?,tape on the cable,False,Is there any marking?,no marking,False,0,reject
C00908,F0660,U0183,genuine_full,test,Is there any marking on it?,heart drawn with marker,True,What cover does the case have?,a leather pouch,True,Is there a charm attached?,a metal ring,True,3,approve
C00909,F0660,U0492,impostor,test,Is there any marking on it?,a name label,False,What cover does the case have?,a silicone cover with a hook,False,Is there a charm attached?,a tiny bear charm,False,0,reject
C00910,F0661,U0218,genuine_full,test,Which earbuds are inside?,only the left bud,True,What cover does the case have?,a glitter cover,True,Is there a charm attached?,I think no charm,True,3,approve
C00911,F0661,U0142,impostor,test,Which earbuds are inside?,both buds present,False,What cover does the case have?,I think a leather pouch,False,Is there a charm attached?,a metal ring,False,0,reject
C00912,F0662,U0233,genuine_full,train,Was a charger with it?,"yes, with a black adapter",True,What is the desktop wallpaper?,a mountain sunset,True,What marks does it have?,scratch on the left corner,True,3,approve
C00913,F0663,U0135,genuine_partial,train,What sticker is on the lid?,I think a GitHub sticker,True,What is the desktop wallpaper?,I think a mountain sunset,False,Was a charger with it?,"yes, with a black adapter",True,2,manual_review
C00914,F0664,U0353,genuine_full,train,Was a charger with it?,"yes, with an extension cord",True,What sticker is on the lid?,a Python sticker,True,What marks does it have?,worn keys near the touchpad,True,3,approve
C00915,F0665,U0394,genuine_partial,train,What is stuck to the back of the phone?,a small smiley sticker,True,Is there any screen damage?,a dead pixel line,True,What wallpaper is on the phone?,I don't remember,False,2,manual_review
C00916,F0665,U0110,impostor,train,What is stuck to the back of the phone?,a small smiley sticker,True,Is there any screen damage?,small chip on the bottom edge,False,What wallpaper is on the phone?,a cat photo,False,1,reject
C00917,F0666,U0047,genuine_full,train,Is there any screen damage?,crack at top-left corner,True,What kind of case does it have?,green case with raised corners,True,What is stuck to the back of the phone?,a heart sticker,True,3,approve
C00918,F0666,U0048,impostor,train,Is there any screen damage?,no cracks,False,What kind of case does it have?,transparent case,False,What is stuck to the back of the phone?,no sticker,False,0,reject
C00919,F0667,U0377,genuine_full,train,What is printed on the case?,a name label,True,What else is inside the case?,a screwdriver kit,True,What is the lens condition?,no scratches,True,3,approve
C00920,F0669,U0435,genuine_full,train,What charm is on the keychain?,I think a leather tag,True,How many keys are there?,two keys,True,What is written on the tag?,a room number,True,3,approve
C00921,F0670,U0010,genuine_full,test,What is stuck to the back of the phone?,a small smiley sticker,True,What kind of case does it have?,transparent case,True,Is there any screen damage?,a dead pixel line,True,3,approve
C00922,F0671,U0444,genuine_partial,train,What other small item is inside?,folded receipt,True,Which card is in the first slot?,a gym membership card,True,Roughly how much cash is inside?,I don't remember,False,2,manual_review
C00923,F0672,U0294,genuine_full,train,Roughly how much cash is inside?,no cash,True,Is there a photo inside?,polaroid,True,Which card is in the first slot?,a library card,True,3,approve
C00924,F0672,U0247,impostor,train,Roughly how much cash is inside?,500 to 2000 rupees,False,Is there a photo inside?,small deity picture,False,Which card is in the first slot?,gym membership card,False,0,reject
C00925,F0673,U0733,genuine_full,train,What sticker is on the bottle?,no sticker,True,What kind of strap or handle does it have?,I think a loop on the cap,True,Where is the dent or scratch?,dent near the neck,True,3,approve
C00926,F0674,U0682,genuine_full,train,Is there a charm attached?,a tiny bear charm,True,Is there any marking on it?,a name label,True,What cover does the case have?,leather pouch,True,3,approve
C00927,F0674,U0565,impostor,train,Is there a charm attached?,I think a tiny bear charm,True,Is there any marking on it?,initial S,False,What cover does the case have?,I think a silicone cover with a hook,False,1,reject
C00928,F0675,U0142,genuine_full,train,What cover does the case have?,I think a plain case,True,Which earbuds are inside?,both buds present,True,Is there a charm attached?,no charm,True,3,approve
C00929,F0676,U0232,genuine_full,train,What kind of case does it have?,no case,True,Is there any screen damage?,scratched tempered glass,True,What wallpaper is on the phone?,I think an anime character,True,3,approve
C00930,F0676,U0122,impostor,train,What kind of case does it have?,no case,True,Is there any screen damage?,a dead pixel line,False,What wallpaper is on the phone?,plain black,False,1,reject
C00931,F0677,U0079,genuine_full,train,How is the cable wrapped?,a rubber band around the cable,True,What kind of charger is it?,a USB cable with adapter,True,Is there any marking?,initials,True,3,approve
C00932,F0679,U0539,genuine_full,train,Is there any marking?,no marking,True,How is the cable wrapped?,tape on the cable,True,Is there any damage?,no damage,True,3,approve
C00933,F0680,U0540,genuine_full,train,What is inside the canopy?,I think floral print inside,True,Is there any damage?,a missing button,True,What does the handle look like?,I think a curved wooden handle,True,3,approve
C00934,F0680,U0011,impostor,train,What is inside the canopy?,I think a polka dot pattern,False,Is there any damage?,a bent rib,False,What does the handle look like?,a straight handle,False,0,reject
C00935,F0681,U0100,genuine_partial,train,What strap does it have?,I think a black Velcro strap,True,What is inside the canopy?,I think plain inside,True,What does the handle look like?,a handle with a rubber grip,False,2,manual_review
C00936,F0681,U0039,impostor,train,What strap does it have?,I think a black Velcro strap,True,What is inside the canopy?,a company logo,False,What does the handle look like?,a black plastic handle,False,1,reject
C00937,F0682,U0157,genuine_partial,val,Roughly how much cash is inside?,no cash,True,Is there a photo inside?,small deity picture,True,What other small item is inside?,I don't remember,False,2,manual_review
C00938,F0683,U0571,impostor,train,What is the model number?,fx-991ex,False,Is anything written on it?,a sticker with a roll number,False,What cover does it have?,a scratched cover,True,1,reject
C00939,F0684,U0155,genuine_full,train,Is there anything loose inside?,loose sheet inside,True,Which subject is it for?,Data Structures,True,What is on the first page?,a cartoon,True,3,approve
C00940,F0685,U0466,genuine_full,train,What else was with it?,the charging dock in a pouch,True,Is there any damage?,loose strap,True,What colour is the strap?,a white strap,True,3,approve
C00941,F0686,U0611,genuine_partial,train,What kind of charger is it?,I don't remember,False,Is there any marking?,initials,True,How is the cable wrapped?,tape on the cable,True,2,manual_review
C00942,F0686,U0748,impostor,train,What kind of charger is it?,a 65w laptop charger,True,Is there any marking?,I think no marking,False,How is the cable wrapped?,tape on the cable,True,2,manual_review
C00943,F0687,U0528,genuine_full,val,What watch face is set?,digital face with steps,True,What else was with it?,the charging dock in a pouch,True,Is there any damage?,I think a scratch on the glass,True,3,approve
C00944,F0687,U0066,impostor,val,What watch face is set?,a digital face with steps,True,What else was with it?,I think a spare strap in a pouch,False,Is there any damage?,no damage,False,1,reject
C00945,F0688,U0716,genuine_full,train,Was a charger with it?,"yes, with a black adapter",True,What is the desktop wallpaper?,a family photo,True,What sticker is on the lid?,a band sticker,True,3,approve
C00946,F0688,U0438,impostor,train,Was a charger with it?,"yes, with an extension cord",False,What is the desktop wallpaper?,I think a beach photo,False,What sticker is on the lid?,a GitHub sticker,False,0,reject
C00947,F0689,U0565,genuine_full,train,What strap does it have?,a black velcro strap,True,Is there any damage?,I think no damage,True,What is inside the canopy?,floral print inside,True,3,approve
C00948,F0690,U0414,genuine_full,train,What is the model number?,fx-82MS,True,Is anything written on it?,I think name written on the back,True,Is any key damaged?,a cracked corner,True,3,approve
C00949,F0690,U0118,impostor,train,What is the model number?,fx-991ES Plus,False,Is anything written on it?,no marking,False,Is any key damaged?,a faded 7 key,False,0,reject
C00950,F0691,U0070,genuine_full,train,Is anything written on it?,name written on the back,True,What is the model number?,fx-570ES,True,What cover does it have?,black slide cover,True,3,approve
C00951,F0692,U0114,impostor,train,What other small item is inside?,a folded receipt,True,Roughly how much cash is inside?,no cash,False,Is there a photo inside?,a family photo,False,1,reject
C00952,F0693,U0797,genuine_full,train,Is there any tag or sticker on it?,I think a bus pass holder,True,Describe the keychain attached to it.,a football keychain,True,What is the colour of the inner lining?,blue,True,3,approve
C00953,F0693,U0303,impostor,train,Is there any tag or sticker on it?,I think a bus pass holder,True,Describe the keychain attached to it.,I think a football keychain,True,What is the colour of the inner lining?,red,False,2,manual_review
C00954,F0694,U0439,genuine_full,train,How is the cable wrapped?,a rubber band around the cable,True,Is there any damage?,a cracked adapter body,True,Is there any marking?,no marking,True,3,approve
C00955,F0694,U0774,impostor,train,How is the cable wrapped?,tape on the cable,False,Is there any damage?,a cracked adapter body,True,Is there any marking?,a name written in marker,False,1,reject
C00956,F0695,U0071,genuine_full,test,What sticker is on the lid?,I think a college club sticker,True,Was a charger with it?,only the cable,True,What marks does it have?,I think scratch on the left corner,True,3,approve
C00957,F0696,U0689,genuine_full,test,Was a charger with it?,"I think yes, with a black adapter",True,What is the desktop wallpaper?,mountain sunset,True,What marks does it have?,dent on the lid,True,3,approve
C00958,F0697,U0045,genuine_full,train,Is anything written on it?,name written on the back,True,What cover does it have?,a blue flip cover,True,What is the model number?,fx-991ex,True,3,approve
C00959,F0698,U0534,genuine_full,test,Is there any damage?,a bent pin,True,How is the cable wrapped?,I think a rubber band around the cable,True,What kind of charger is it?,65W laptop charger,True,3,approve
C00960,F0699,U0785,genuine_full,val,What is inside the canopy?,polka dot pattern,True,Is there any damage?,torn edge,True,What does the handle look like?,a handle with a rubber grip,True,3,approve
C00961,F0699,U0332,impostor,val,What is inside the canopy?,a company logo,False,Is there any damage?,a torn edge,True,What does the handle look like?,a handle with a rubber grip,True,2,manual_review
C00962,F0700,U0678,genuine_full,test,What is on the cover?,a name label,True,Which subject is it for?,I think Data Structures,True,Is there anything loose inside?,a pen clipped inside,True,3,approve
C00963,F0701,U0256,genuine_full,train,Describe the keychain attached to it.,I think a brass ring with a bell,True,What is inside the front pocket?,an umbrella,True,What is the colour of the inner lining?,green,True,3,approve
C00964,F0703,U0109,genuine_partial,train,What cover does it have?,I don't remember,False,What is the model number?,fx-991EX,True,Is any key damaged?,a cracked corner,True,2,manual_review
C00965,F0703,U0228,impostor,train,What cover does it have?,a scratched cover,False,What is the model number?,fx-82MS,False,Is any key damaged?,no damage,False,0,reject
C00966,F0704,U0166,genuine_full,train,Is any key damaged?,missing key cap,True,What is the model number?,I think fx-570ES,True,Is anything written on it?,no marking,True,3,approve
C00967,F0705,U0412,genuine_full,train,What is inside the bottle?,empty,True,What sticker is on the bottle?,a cartoon sticker,True,Where is the dent or scratch?,scratch on the side,True,3,approve
C00968,F0706,U0280,genuine_full,train,What sticker is on the bottle?,a cartoon sticker,True,What is inside the bottle?,empty,True,What kind of strap or handle does it have?,I think no strap,True,3,approve
C00969,F0707,U0138,genuine_full,train,Is there anything loose inside?,a sticky note inside,True,What is on the cover?,a sticker of a planet,True,Which subject is it for?,Operating Systems,True,3,approve
C00970,F0708,U0750,genuine_full,train,What is on the first page?,a cartoon,True,What is on the cover?,subject name only,True,Is there anything loose inside?,a pen clipped inside,True,3,approve
C00971,F0709,U0053,impostor,val,What is on the cover?,no marking,True,What is on the first page?,a name and roll number,False,Is there anything loose inside?,nothing inside,True,2,manual_review
C00972,F0711,U0509,genuine_full,test,What charm is on the keychain?,I think a plastic football,True,What kind of ring holds the keys?,a plastic ring,True,What is written on the tag?,a hostel name,True,3,approve
C00973,F0712,U0255,genuine_full,train,Where is the dent or scratch?,no dent,True,What is inside the bottle?,empty,True,What sticker is on the bottle?,a cartoon sticker,True,3,approve
C00974,F0712,U0740,impostor,train,Where is the dent or scratch?,dent on the cap,False,What is inside the bottle?,empty,True,What sticker is on the bottle?,a fest sticker,False,1,reject
C00975,F0713,U0500,genuine_full,train,What is the desktop wallpaper?,cricket player photo,True,What marks does it have?,dent on the lid,True,Was a charger with it?,"yes, with a black adapter",True,3,approve
C00976,F0713,U0157,impostor,train,What is the desktop wallpaper?,a cricket player photo,True,What marks does it have?,no visible scratch,False,Was a charger with it?,"yes, with a black adapter",True,2,manual_review
C00977,F0714,U0014,impostor,train,What is on the first page?,a timetable,True,What is on the cover?,a coffee stain,False,Is there anything loose inside?,a sticky note inside,False,1,reject
C00978,F0715,U0482,genuine_full,train,What is on the first page?,an empty first page,True,What is on the cover?,a coffee stain,True,Is there anything loose inside?,I think a loose sheet inside,True,3,approve
C00979,F0715,U0008,impostor,train,What is on the first page?,an empty first page,True,What is on the cover?,a name label,False,Is there anything loose inside?,I think a loose sheet inside,True,2,manual_review
C00980,F0716,U0261,genuine_full,train,What is stuck to the back of the phone?,a metro card in the cover,True,What kind of case does it have?,green case with raised corners,True,Is there any screen damage?,scratched tempered glass,True,3,approve
C00981,F0716,U0192,impostor,train,What is stuck to the back of the phone?,a band logo sticker,False,What kind of case does it have?,transparent case,False,Is there any screen damage?,no cracks,False,0,reject
C00982,F0717,U0271,genuine_full,train,Is there any screen damage?,no cracks,True,What is stuck to the back of the phone?,I think a heart sticker,True,What kind of case does it have?,black silicone case,True,3,approve
C00983,F0717,U0524,impostor,train,Is there any screen damage?,crack at top-left corner,False,What is stuck to the back of the phone?,a metro card in the cover,False,What kind of case does it have?,black silicone case,True,1,reject
C00984,F0718,U0248,genuine_full,train,What else is inside the case?,screwdriver kit,True,What is printed on the case?,a floral print,True,What colour is the frame inside?,silver frame,True,3,approve
C00985,F0718,U0408,impostor,train,What else is inside the case?,cleaning cloth,False,What is printed on the case?,a logo of an optical shop,False,What colour is the frame inside?,I think gold frame,False,0,reject
C00986,F0719,U0165,genuine_full,train,What kind of case does it have?,I think no case,True,Is there any screen damage?,scratched tempered glass,True,What is stuck to the back of the phone?,no sticker,True,3,approve
C00987,F0719,U0463,impostor,train,What kind of case does it have?,flip cover,False,Is there any screen damage?,a dead pixel line,False,What is stuck to the back of the phone?,no sticker,True,1,reject
C00988,F0720,U0320,genuine_partial,train,Was a charger with it?,no charger,True,What sticker is on the lid?,I think a GitHub sticker,False,What is the desktop wallpaper?,a beach photo,True,2,manual_review
C00989,F0721,U0679,genuine_full,train,What colour is the frame inside?,brown frame,True,What is the lens condition?,an anti-glare coating,True,What is printed on the case?,a floral print,True,3,approve
C00990,F0721,U0747,impostor,train,What colour is the frame inside?,silver frame,False,What is the lens condition?,an anti-glare coating,True,What is printed on the case?,a logo of an optical shop,False,1,reject
C00991,F0722,U0417,genuine_full,train,What else is inside the case?,a cleaning cloth,True,What colour is the frame inside?,gold frame,True,What is the lens condition?,no scratches,True,3,approve
C00992,F0722,U0437,impostor,train,What else is inside the case?,spare nose pad,False,What colour is the frame inside?,brown frame,False,What is the lens condition?,I think an anti-glare coating,False,0,reject
C00993,F0723,U0658,genuine_full,val,What is the colour of the inner lining?,I think red,True,What is inside the front pocket?,a calculator and a ruler,True,Describe the keychain attached to it.,a metal bottle-opener keychain,True,3,approve
C00994,F0724,U0165,genuine_partial,test,What watch face is set?,plain black face,True,What colour is the strap?,I think a metal strap,True,What else was with it?,no dock,False,2,manual_review
C00995,F0725,U0125,genuine_partial,train,Which card is in the first slot?,I think a college ID,True,Is there a photo inside?,a passport-size photo,False,Roughly how much cash is inside?,500 to 2000 rupees,True,2,manual_review
C00996,F0725,U0148,impostor,train,Which card is in the first slot?,a metro card,False,Is there a photo inside?,a polaroid,False,Roughly how much cash is inside?,no cash,False,0,reject
C00997,F0726,U0547,genuine_full,train,What cover does the case have?,a plain case,True,Is there any marking on it?,I think initial A,True,Is there a charm attached?,metal ring,True,3,approve
C00998,F0726,U0274,impostor,train,What cover does the case have?,a cartoon silicone cover,False,Is there any marking on it?,I think initial A,True,Is there a charm attached?,metal ring,True,2,manual_review
C00999,F0727,U0546,genuine_partial,train,What cover does it have?,a black slide cover,True,Is any key damaged?,no damage,True,Is anything written on it?,I think a sticker with a roll number,False,2,manual_review
C01000,F0728,U0643,genuine_full,train,Is there any marking on it?,I think initial S,True,What cover does the case have?,plain case,True,Which earbuds are inside?,only the right bud,True,3,approve
C01001,F0729,U0072,genuine_full,train,Which earbuds are inside?,both buds present,True,Is there any marking on it?,initial S,True,Is there a charm attached?,a beaded charm,True,3,approve
C01002,F0730,U0250,genuine_full,train,Was a charger with it?,"yes, with an extension cord",True,What is the desktop wallpaper?,plain black,True,What sticker is on the lid?,a band sticker,True,3,approve
C01003,F0731,U0773,genuine_partial,test,Which earbuds are inside?,only the right bud,True,Is there a charm attached?,a beaded charm,False,What cover does the case have?,a glitter cover,True,2,manual_review
C01004,F0732,U0309,genuine_full,val,What colour is the frame inside?,transparent frame,True,What else is inside the case?,a visiting card,True,What is printed on the case?,I think a logo of an optical shop,True,3,approve
C01005,F0732,U0023,impostor,val,What colour is the frame inside?,I think brown frame,False,What else is inside the case?,a cleaning cloth,False,What is printed on the case?,a name label,False,0,reject
C01006,F0733,U0222,genuine_full,train,What strap does it have?,no strap,True,What does the handle look like?,curved wooden handle,True,What is inside the canopy?,a checked pattern,True,3,approve
C01007,F0733,U0683,impostor,train,What strap does it have?,a red strap,False,What does the handle look like?,I think a black plastic handle,False,What is inside the canopy?,floral print inside,False,0,reject
C01008,F0734,U0521,genuine_partial,train,Is there any marking on it?,initial A,True,Which earbuds are inside?,only the right bud,True,What cover does the case have?,I don't remember,False,2,manual_review
C01009,F0734,U0265,impostor,train,Is there any marking on it?,no marking,False,Which earbuds are inside?,I think only the left bud,False,What cover does the case have?,plain case,True,1,reject
C01010,F0735,U0269,genuine_partial,train,What colour is the frame inside?,black frame,True,What else is inside the case?,visiting card,False,What is printed on the case?,no logo,True,2,manual_review
C01011,F0736,U0324,genuine_full,train,Is there anything loose inside?,sticky note inside,True,What is on the first page?,a timetable,True,What is on the cover?,I think no marking,True,3,approve
C01012,F0736,U0367,impostor,train,Is there anything loose inside?,I think a loose sheet inside,False,What is on the first page?,a name and roll number,False,What is on the cover?,I think no marking,True,1,reject
C01013,F0737,U0123,genuine_partial,train,What is on the cover?,coffee stain,True,What is on the first page?,timetable,True,Is there anything loose inside?,I don't remember,False,2,manual_review
C01014,F0738,U0564,genuine_full,train,What is inside the canopy?,floral print inside,True,Is there any damage?,a bent rib,True,What does the handle look like?,handle with a rubber grip,True,3,approve
C01015,F0738,U0275,impostor,train,What is inside the canopy?,a checked pattern,False,Is there any damage?,I think a bent rib,True,What does the handle look like?,black plastic handle,False,1,reject
C01016,F0739,U0193,genuine_full,train,Is there any screen damage?,I think no cracks,True,What is stuck to the back of the phone?,a heart sticker,True,What wallpaper is on the phone?,plain black,True,3,approve
C01017,F0740,U0605,genuine_full,train,What marks does it have?,no visible scratch,True,What is the desktop wallpaper?,I think plain black,True,What sticker is on the lid?,a Python sticker,True,3,approve
C01018,F0741,U0546,genuine_full,train,Was a charger with it?,only the cable,True,What is the desktop wallpaper?,a cat photo,True,What marks does it have?,worn keys near the touchpad,True,3,approve
C01019,F0742,U0012,genuine_partial,train,What is inside the canopy?,I don't remember,False,What does the handle look like?,a curved wooden handle,True,Is there any damage?,missing button,True,2,manual_review
C01020,F0743,U0083,genuine_full,train,Is there any marking?,a name written in marker,True,What kind of charger is it?,65W laptop charger,True,Is there any damage?,bent pin,True,3,approve
C01021,F0744,U0537,genuine_full,train,What kind of ring holds the keys?,a steel ring,True,What is written on the tag?,I think a hostel name,True,How many keys are there?,three keys,True,3,approve
C01022,F0745,U0233,genuine_full,train,What kind of ring holds the keys?,I think a plastic ring,True,What charm is on the keychain?,a bell charm,True,How many keys are there?,two keys,True,3,approve
C01023,F0745,U0740,impostor,train,What kind of ring holds the keys?,steel ring,False,What charm is on the keychain?,a bottle opener,False,How many keys are there?,two keys,True,1,reject
C01024,F0746,U0718,impostor,train,Is any key damaged?,I think a missing key cap,False,What cover does it have?,no cover,False,Is anything written on it?,name written on the back,False,0,reject
C01025,F0747,U0488,genuine_full,train,What is stuck to the back of the phone?,no sticker,True,Is there any screen damage?,a dead pixel line,True,What kind of case does it have?,transparent case,True,3,approve
C01026,F0748,U0143,genuine_full,train,Is there any marking on it?,initial S,True,What cover does the case have?,a cartoon silicone cover,True,Which earbuds are inside?,only the left bud,True,3,approve
C01027,F0748,U0504,impostor,train,Is there any marking on it?,a heart drawn with marker,False,What cover does the case have?,a glitter cover,False,Which earbuds are inside?,I think no buds,False,0,reject
C01028,F0749,U0376,impostor,train,What colour is the strap?,I think a black strap,False,Is there any damage?,I think a scuffed corner,True,What else was with it?,I think a spare strap in a pouch,True,2,manual_review
C01029,F0750,U0233,genuine_full,train,What else was with it?,I think no dock,True,What watch face is set?,cricket watch face,True,Is there any damage?,no damage,True,3,approve
C01030,F0750,U0504,impostor,train,What else was with it?,a spare strap in a pouch,False,What watch face is set?,a cricket watch face,True,Is there any damage?,scuffed corner,False,1,reject
C01031,F0751,U0555,impostor,train,Is a cable attached?,a lightning cable,True,What capacity is printed on it?,20000 mAh with display,False,Is there any damage?,no damage,False,1,reject
C01032,F0752,U0651,genuine_full,train,Is there any damage?,a loose strap,True,What watch face is set?,a cricket watch face,True,What colour is the strap?,black strap,True,3,approve
C01033,F0752,U0501,impostor,train,Is there any damage?,I think a scuffed corner,False,What watch face is set?,family photo face,False,What colour is the strap?,a pink strap,False,0,reject
C01034,F0754,U0689,impostor,train,What is the colour of the inner lining?,blue,True,What is inside the front pocket?,tissues and a comb,False,Is there any tag or sticker on it?,Spiderman sticker,False,1,reject
C01035,F0755,U0556,genuine_full,val,Is there a photo inside?,small deity picture,True,What other small item is inside?,a movie ticket,True,Roughly how much cash is inside?,100 to 500 rupees,True,3,approve
C01036,F0755,U0274,impostor,val,Is there a photo inside?,a family photo,False,What other small item is inside?,coin,False,Roughly how much cash is inside?,500 to 2000 rupees,False,0,reject
C01037,F0756,U0666,genuine_full,val,Which card is in the first slot?,a library card,True,Roughly how much cash is inside?,over 2000 rupees,True,Is there a photo inside?,no photo,True,3,approve
C01038,F0757,U0029,impostor,train,Is there a sticker on it?,a cartoon sticker,False,Is there any damage?,a dent on one corner,True,What capacity is printed on it?,20000 mAh,False,1,reject
C01039,F0759,U0648,genuine_full,train,What kind of charger is it?,33W fast charger,True,How is the cable wrapped?,no wrap,True,Is there any marking?,name written in marker,True,3,approve
C01040,F0759,U0119,impostor,train,What kind of charger is it?,a 33W fast charger,True,How is the cable wrapped?,I think a rubber band around the cable,False,Is there any marking?,no marking,False,1,reject
C01041,F0760,U0645,genuine_full,train,What else is inside the case?,a visiting card,True,What colour is the frame inside?,I think black frame,True,What is printed on the case?,floral print,True,3,approve
C01042,F0761,U0354,genuine_full,test,What capacity is printed on it?,20000 mAh with display,True,Is there any damage?,a dent on one corner,True,Is a cable attached?,a type-C cable,True,3,approve
C01043,F0762,U0543,genuine_full,test,Is there a sticker on it?,a cartoon sticker,True,What capacity is printed on it?,10000 mAh,True,Is there any damage?,loose port,True,3,approve
C01044,F0762,U0019,impostor,test,Is there a sticker on it?,cartoon sticker,True,What capacity is printed on it?,20000 mah with display,False,Is there any damage?,a loose port,True,2,manual_review
C01045,F0763,U0661,genuine_full,train,What kind of strap or handle does it have?,no strap,True,Where is the dent or scratch?,dent near the bottom,True,What sticker is on the bottle?,no sticker,True,3,approve
C01046,F0764,U0729,genuine_full,train,What is inside the front pocket?,an umbrella,True,What is the colour of the inner lining?,I think red,True,Is there any tag or sticker on it?,a Spiderman sticker,True,3,approve
C01047,F0764,U0543,impostor,train,What is inside the front pocket?,a pair of earphones,False,What is the colour of the inner lining?,orange,False,Is there any tag or sticker on it?,I think a yellow ribbon on the zip,False,0,reject
C01048,F0765,U0124,genuine_full,train,Is there anything loose inside?,I think a loose sheet inside,True,Which subject is it for?,Machine Learning,True,What is on the first page?,an empty first page,True,3,approve
C01049,F0765,U0494,impostor,train,Is there anything loose inside?,a sticky note inside,False,Which subject is it for?,data structures,False,What is on the first page?,a cartoon,False,0,reject
C01050,F0766,U0427,genuine_full,train,What is on the cover?,a name label,True,What is on the first page?,a cartoon,True,Which subject is it for?,I think Operating Systems,True,3,approve
C01051,F0767,U0179,genuine_full,val,Roughly how much cash is inside?,under 100 rupees,True,Which card is in the first slot?,college ID,True,Is there a photo inside?,polaroid,True,3,approve
C01052,F0769,U0031,genuine_full,train,What is inside the canopy?,a company logo,True,What does the handle look like?,a handle with a rubber grip,True,What strap does it have?,a black Velcro strap,True,3,approve
